event_id,origin_time,magnitude,magnitude_type,rake,source_latitude,source_longitude,depth_source,depth_label,source_depth_km,location_id,receiver_latitude,receiver_longitude,vs30,repi_km,rhypo_km,source_within_30_km,within_200_km,imt,unit,median_pga_g,sigma_total_ln,structural_loss_ratio_mean,structural_loss_ratio_cov,vulnerability_function_id,vulnerability_model_version,vulnerability_distribution,asset_category,loss_category
2020024175513,2020-01-24 17:55:13,6.7,Mww,-12.0,38.3897,39.0883,wilber3_usgs,Wilber3 / USGS,10.0,1,36.72096108226829,27.69836368910688,249.61154174804688,1020.3407968161225,1020.3897988746064,True,False,PGA,g,0.0011529577001052416,0.7347136108716102,0.0,0.0,MUR+CLBRS/LWAL/CDN+ERN/H:1/RES,v2026.0.0,BT,buildings,structural
2020024175513,2020-01-24 17:55:13,6.7,Mww,-12.0,38.3897,39.0883,wilber3_usgs,Wilber3 / USGS,10.0,2,36.39455464027055,29.327564169136853,512.3291015625,889.8970303755772,889.9532148777658,True,False,PGA,g,0.0010479665301644547,0.7347136108716102,0.0,0.0,MUR+CLBRS/LWAL/CDN+ERN/H:1/RES,v2026.0.0,BT,buildings,structural
2020024175513,2020-01-24 17:55:13,6.7,Mww,-12.0,38.3897,39.0883,wilber3_usgs,Wilber3 / USGS,10.0,3,36.27950272914779,29.867739251599968,444.1215515136719,847.8726055496242,847.9315746223327,True,False,PGA,g,0.001195737650571718,0.7347136108716102,0.0,0.0,MUR+CLBRS/LWAL/CDN+ERN/H:1/RES,v2026.0.0,BT,buildings,structural
2020024175513,2020-01-24 17:55:13,6.7,Mww,-12.0,38.3897,39.0883,wilber3_usgs,Wilber3 / USGS,10.0,4,37.16167480728152,27.812520356913147,416.2839050292969,999.7458333571514,999.7958448178233,True,False,PGA,g,0.0009609858708979775,0.7347136108716102,0.0,0.0,MUR+CLBRS/LWAL/CDN+ERN/H:1/RES,v2026.0.0,BT,buildings,structural
2020024175513,2020-01-24 17:55:13,6.7,Mww,-12.0,38.3897,39.0883,wilber3_usgs,Wilber3 / USGS,10.0,5,37.05523302606474,28.36015699826684,419.6947937011719,954.6042492052758,954.6566254946164,True,False,PGA,g,0.0010260022984193457,0.7347136108716102,0.0,0.0,MUR+CLBRS/LWAL/CDN+ERN/H:1/RES,v2026.0.0,BT,buildings,structural
2020024175513,2020-01-24 17:55:13,6.7,Mww,-12.0,38.3897,39.0883,wilber3_usgs,Wilber3 / USGS,10.0,6,36.94562940880127,28.90634871473881,537.6055297851562,909.9724195020747,910.0273645635388,True,False,PGA,g,0.0009934335165237478,0.7347136108716102,0.0,0.0,MUR+CLBRS/LWAL/CDN+ERN/H:1/RES,v2026.0.0,BT,buildings,structural
2020024175513,2020-01-24 17:55:13,6.7,Mww,-12.0,38.3897,39.0883,wilber3_usgs,Wilber3 / USGS,10.0,7,36.8328772139447,29.45106411136452,600.7100219726562,865.9331831127646,865.9909223633956,True,False,PGA,g,0.0010210813356423935,0.7347136108716102,0.0,0.0,MUR+CLBRS/LWAL/CDN+ERN/H:1/RES,v2026.0.0,BT,buildings,structural
2020024175513,2020-01-24 17:55:13,6.7,Mww,-12.0,38.3897,39.0883,wilber3_usgs,Wilber3 / USGS,10.0,8,36.71698994271946,29.994272814771403,421.3836364746094,822.5861586957478,822.6469403564485,True,False,PGA,g,0.0012787120870466704,0.7347136108716102,0.0,0.0,MUR+CLBRS/LWAL/CDN+ERN/H:1/RES,v2026.0.0,BT,buildings,structural
2020024175513,2020-01-24 17:55:13,6.7,Mww,-12.0,38.3897,39.0883,wilber3_usgs,Wilber3 / USGS,10.0,9,36.59798132724053,30.535945483414405,361.19775390625,780.0516517257657,780.1157474119435,True,False,PGA,g,0.0014758039535932035,0.7347136108716102,0.0,0.0,MUR+CLBRS/LWAL/CDN+ERN/H:1/RES,v2026.0.0,BT,buildings,structural
2020024175513,2020-01-24 17:55:13,6.7,Mww,-12.0,38.3897,39.0883,wilber3_usgs,Wilber3 / USGS,10.0,10,36.0910154761869,32.68672555867665,576.5399780273438,621.4699222477883,621.5503714572714,True,False,PGA,g,0.0017034699543013322,0.7347136108716102,0.0,0.0,MUR+CLBRS/LWAL/CDN+ERN/H:1/RES,v2026.0.0,BT,buildings,structural
2020024175513,2020-01-24 17:55:13,6.7,Mww,-12.0,38.3897,39.0883,wilber3_usgs,Wilber3 / USGS,10.0,11,37.70594421844185,27.37647198696236,365.6109924316406,1027.67420643284,1027.7228588327534,True,False,PGA,g,0.0009737121266204809,0.7347136108716102,0.0,0.0,MUR+CLBRS/LWAL/CDN+ERN/H:1/RES,v2026.0.0,BT,buildings,structural
2020024175513,2020-01-24 17:55:13,6.7,Mww,-12.0,38.3897,39.0883,wilber3_usgs,Wilber3 / USGS,10.0,12,37.60190569498504,27.9287659737952,460.6383056640625,981.1961689049944,981.2471257913769,True,False,PGA,g,0.0009472100187608868,0.7347136108716102,0.0,0.0,MUR+CLBRS/LWAL/CDN+ERN/H:1/RES,v2026.0.0,BT,buildings,structural
2020024175513,2020-01-24 17:55:13,6.7,Mww,-12.0,38.3897,39.0883,wilber3_usgs,Wilber3 / USGS,10.0,13,37.49467199987921,28.479607457505445,576.5399780273438,935.0781479561834,935.1316178940621,True,False,PGA,g,0.0009263720521239477,0.7347136108716102,0.0,0.0,MUR+CLBRS/LWAL/CDN+ERN/H:1/RES,v2026.0.0,BT,buildings,structural
2020024175513,2020-01-24 17:55:13,6.7,Mww,-12.0,38.3897,39.0883,wilber3_usgs,Wilber3 / USGS,10.0,14,37.384256519078185,29.028963277033085,420.2082214355469,889.3798575407538,889.4360747120681,True,False,PGA,g,0.0011395743226139772,0.7347136108716102,0.0,0.0,MUR+CLBRS/LWAL/CDN+ERN/H:1/RES,v2026.0.0,BT,buildings,structural
2020024175513,2020-01-24 17:55:13,6.7,Mww,-12.0,38.3897,39.0883,wilber3_usgs,Wilber3 / USGS,10.0,15,37.27067289867793,29.5768013203776,413.7246398925781,844.1735734382289,844.2328008857918,True,False,PGA,g,0.001239743107243666,0.7347136108716102,0.0,0.0,MUR+CLBRS/LWAL/CDN+ERN/H:1/RES,v2026.0.0,BT,buildings,structural
2020024175513,2020-01-24 17:55:13,6.7,Mww,-12.0,38.3897,39.0883,wilber3_usgs,Wilber3 / USGS,10.0,16,37.15393503266164,30.12309053619455,520.7107543945312,799.5473067231943,799.6098396645165,True,False,PGA,g,0.0012210126991250255,0.7347136108716102,0.0,0.0,MUR+CLBRS/LWAL/CDN+ERN/H:1/RES,v2026.0.0,BT,buildings,structural
2020024175513,2020-01-24 17:55:13,6.7,Mww,-12.0,38.3897,39.0883,wilber3_usgs,Wilber3 / USGS,10.0,17,37.03405705056574,30.66780094401345,319.2999572753906,755.6088788080881,755.675047711393,True,False,PGA,g,0.0016286446216567526,0.7347136108716102,0.0,0.0,MUR+CLBRS/LWAL/CDN+ERN/H:1/RES,v2026.0.0,BT,buildings,structural
2020024175513,2020-01-24 17:55:13,6.7,Mww,-12.0,38.3897,39.0883,wilber3_usgs,Wilber3 / USGS,10.0,18,36.91105330508504,31.21090364309496,346.513671875,712.4911528224218,712.5613256767614,True,False,PGA,g,0.0017183293530848806,0.7347136108716102,0.0,0.0,MUR+CLBRS/LWAL/CDN+ERN/H:1/RES,v2026.0.0,BT,buildings,structural
2020024175513,2020-01-24 17:55:13,6.7,Mww,-12.0,38.3897,39.0883,wilber3_usgs,Wilber3 / USGS,10.0,19,36.78493835963457,31.75237081994863,433.9440307617188,670.3587224746395,670.4333052570038,True,False,PGA,g,0.0017135397252828713,0.7347136108716102,0.0,0.0,MUR+CLBRS/LWAL/CDN+ERN/H:1/RES,v2026.0.0,BT,buildings,structural
2020024175513,2020-01-24 17:55:13,6.7,Mww,-12.0,38.3897,39.0883,wilber3_usgs,Wilber3 / USGS,10.0,20,36.65572697588564,32.292175754535066,576.5399780273438,629.4163796953695,629.4958133528972,True,False,PGA,g,0.0016715085115347398,0.7347136108716102,0.0,0.0,MUR+CLBRS/LWAL/CDN+ERN/H:1/RES,v2026.0.0,BT,buildings,structural
2020024175513,2020-01-24 17:55:13,6.7,Mww,-12.0,38.3897,39.0883,wilber3_usgs,Wilber3 / USGS,10.0,21,36.52343410129269,32.830292825178866,459.2327575683594,589.9196261727487,590.0043773937576,True,False,PGA,g,0.002024658169614012,0.7347136108716102,0.0,0.0,MUR+CLBRS/LWAL/CDN+ERN/H:1/RES,v2026.0.0,BT,buildings,structural
2020024175513,2020-01-24 17:55:13,6.7,Mww,-12.0,38.3897,39.0883,wilber3_usgs,Wilber3 / USGS,10.0,22,36.38807485662762,33.36669751222091,445.5190734863281,552.1872604909015,552.2778020602011,True,False,PGA,g,0.0022625860465843735,0.7347136108716102,0.0,0.0,MUR+CLBRS/LWAL/CDN+ERN/H:1/RES,v2026.0.0,BT,buildings,structural
2020024175513,2020-01-24 17:55:13,6.7,Mww,-12.0,38.3897,39.0883,wilber3_usgs,Wilber3 / USGS,10.0,23,38.34642733343527,26.37603488009032,289.8257141113281,1107.4044405649101,1107.4495902671515,True,False,PGA,g,0.0009595739780380932,0.7347136108716102,0.0,0.0,MUR+CLBRS/LWAL/CDN+ERN/H:1/RES,v2026.0.0,BT,buildings,structural
2020024175513,2020-01-24 17:55:13,6.7,Mww,-12.0,38.3897,39.0883,wilber3_usgs,Wilber3 / USGS,10.0,24,38.24807464160599,26.93450807089659,600.7100219726562,1059.653525417077,1059.700709600989,True,False,PGA,g,0.0007556213234550218,0.7347136108716102,0.0,0.0,MUR+CLBRS/LWAL/CDN+ERN/H:1/RES,v2026.0.0,BT,buildings,structural
2020024175513,2020-01-24 17:55:13,6.7,Mww,-12.0,38.3897,39.0883,wilber3_usgs,Wilber3 / USGS,10.0,25,38.14647942535193,27.491558562072004,264.477294921875,1012.1093446609871,1012.1587452322352,True,False,PGA,g,0.0011394718290648287,0.7347136108716102,0.0,0.0,MUR+CLBRS/LWAL/CDN+ERN/H:1/RES,v2026.0.0,BT,buildings,structural
2020024175513,2020-01-24 17:55:13,6.7,Mww,-12.0,38.3897,39.0883,wilber3_usgs,Wilber3 / USGS,10.0,26,38.041654895825566,28.04715028256068,576.5399780273438,964.8055201702917,964.85734269428,True,False,PGA,g,0.0008841308183090904,0.7347136108716102,0.0,0.0,MUR+CLBRS/LWAL/CDN+ERN/H:1/RES,v2026.0.0,BT,buildings,structural
2020024175513,2020-01-24 17:55:13,6.7,Mww,-12.0,38.3897,39.0883,wilber3_usgs,Wilber3 / USGS,10.0,27,37.93361455511884,28.601248223537706,435.82220458984375,917.7826168955581,917.8370944103636,True,False,PGA,g,0.0010709465944067163,0.7347136108716102,0.0,0.0,MUR+CLBRS/LWAL/CDN+ERN/H:1/RES,v2026.0.0,BT,buildings,structural
2020024175513,2020-01-24 17:55:13,6.7,Mww,-12.0,38.3897,39.0883,wilber3_usgs,Wilber3 / USGS,10.0,28,37.82237218374227,29.15381845299078,398.863037109375,871.0899062048985,871.1473036703144,True,False,PGA,g,0.0012012928799473646,0.7347136108716102,0.0,0.0,MUR+CLBRS/LWAL/CDN+ERN/H:1/RES,v2026.0.0,BT,buildings,structural
2020024175513,2020-01-24 17:55:13,6.7,Mww,-12.0,38.3897,39.0883,wilber3_usgs,Wilber3 / USGS,10.0,29,37.70794182798869,29.70482812881885,600.7100219726562,824.787663867502,824.8482833030639,True,False,PGA,g,0.0010979626376082284,0.7347136108716102,0.0,0.0,MUR+CLBRS/LWAL/CDN+ERN/H:1/RES,v2026.0.0,BT,buildings,structural
2020024175513,2020-01-24 17:55:13,6.7,Mww,-12.0,38.3897,39.0883,wilber3_usgs,Wilber3 / USGS,10.0,30,37.59033778720124,30.25424551046159,457.3770446777344,778.9501865574205,779.0143728698722,True,False,PGA,g,0.001340239608457028,0.7347136108716102,0.0,0.0,MUR+CLBRS/LWAL/CDN+ERN/H:1/RES,v2026.0.0,BT,buildings,structural
2020024175513,2020-01-24 17:55:13,6.7,Mww,-12.0,38.3897,39.0883,wilber3_usgs,Wilber3 / USGS,10.0,31,37.46957460096505,30.80203996907684,451.2735595703125,733.6697775993226,733.7379249859173,True,False,PGA,g,0.0014736261401549248,0.7347136108716102,0.0,0.0,MUR+CLBRS/LWAL/CDN+ERN/H:1/RES,v2026.0.0,BT,buildings,structural
2020024175513,2020-01-24 17:55:13,6.7,Mww,-12.0,38.3897,39.0883,wilber3_usgs,Wilber3 / USGS,10.0,32,37.34566703624191,31.34818199628632,600.7100219726562,689.0620413904036,689.1345999767464,True,False,PGA,g,0.0014355446631307254,0.7347136108716102,0.0,0.0,MUR+CLBRS/LWAL/CDN+ERN/H:1/RES,v2026.0.0,BT,buildings,structural
2020024175513,2020-01-24 17:55:13,6.7,Mww,-12.0,38.3897,39.0883,wilber3_usgs,Wilber3 / USGS,10.0,33,37.21863007446594,31.89264321151313,600.7100219726562,645.2729383606201,645.3504202993506,True,False,PGA,g,0.0015831799768247765,0.7347136108716102,0.0,0.0,MUR+CLBRS/LWAL/CDN+ERN/H:1/RES,v2026.0.0,BT,buildings,structural
2020024175513,2020-01-24 17:55:13,6.7,Mww,-12.0,38.3897,39.0883,wilber3_usgs,Wilber3 / USGS,10.0,34,37.08847889861916,32.43539636793712,572.5615234375,602.4881816314696,602.5711650963683,True,False,PGA,g,0.0017892689414516774,0.7347136108716102,0.0,0.0,MUR+CLBRS/LWAL/CDN+ERN/H:1/RES,v2026.0.0,BT,buildings,structural
2020024175513,2020-01-24 17:55:13,6.7,Mww,-12.0,38.3897,39.0883,wilber3_usgs,Wilber3 / USGS,10.0,35,36.95522888030389,32.976415357097224,600.7100219726562,560.9456720988311,561.0348002097636,True,False,PGA,g,0.0019507540760720146,0.7347136108716102,0.0,0.0,MUR+CLBRS/LWAL/CDN+ERN/H:1/RES,v2026.0.0,BT,buildings,structural
2020024175513,2020-01-24 17:55:13,6.7,Mww,-12.0,38.3897,39.0883,wilber3_usgs,Wilber3 / USGS,10.0,36,36.81889556682967,33.51567521217214,438.1084899902344,520.9516828535916,521.0476522046607,True,False,PGA,g,0.002484866522415686,0.7347136108716102,0.0,0.0,MUR+CLBRS/LWAL/CDN+ERN/H:1/RES,v2026.0.0,BT,buildings,structural
2020024175513,2020-01-24 17:55:13,6.7,Mww,-12.0,38.3897,39.0883,wilber3_usgs,Wilber3 / USGS,10.0,37,36.67949466833073,34.05315210997315,458.8939208984375,482.9012049751502,483.0047347246733,True,False,PGA,g,0.002728880451490194,0.7347136108716102,0.0,0.0,MUR+CLBRS/LWAL/CDN+ERN/H:1/RES,v2026.0.0,BT,buildings,structural
2020024175513,2020-01-24 17:55:13,6.7,Mww,-12.0,38.3897,39.0883,wilber3_usgs,Wilber3 / USGS,10.0,38,36.09153440869359,36.18479369961207,449.1417846679688,362.4029859786793,362.5409276843965,True,False,PGA,g,0.004220996893709683,0.7347136108716102,0.0,0.0,MUR+CLBRS/LWAL/CDN+ERN/H:1/RES,v2026.0.0,BT,buildings,structural
2020024175513,2020-01-24 17:55:13,6.7,Mww,-12.0,38.3897,39.0883,wilber3_usgs,Wilber3 / USGS,10.0,39,38.68892326225698,27.04833743448202,537.5999755859375,1046.9472665607632,1046.9950233688094,True,False,PGA,g,0.0008059944183692601,0.7347136108716102,0.0,0.0,MUR+CLBRS/LWAL/CDN+ERN/H:1/RES,v2026.0.0,BT,buildings,structural
2020024175513,2020-01-24 17:55:13,6.7,Mww,-12.0,38.3897,39.0883,wilber3_usgs,Wilber3 / USGS,10.0,40,38.58654862739613,27.60878134728513,273.7044372558594,998.7271022416444,998.7771647129264,True,False,PGA,g,0.0011459339788706684,0.7347136108716102,0.0,0.0,MUR+CLBRS/LWAL/CDN+ERN/H:1/RES,v2026.0.0,BT,buildings,structural
2020024175513,2020-01-24 17:55:13,6.7,Mww,-12.0,38.3897,39.0883,wilber3_usgs,Wilber3 / USGS,10.0,41,38.48092332630997,28.16772469576237,297.7670288085937,950.6814015478155,950.7339939483172,True,False,PGA,g,0.0011909572933030711,0.7347136108716102,0.0,0.0,MUR+CLBRS/LWAL/CDN+ERN/H:1/RES,v2026.0.0,BT,buildings,structural
2020024175513,2020-01-24 17:55:13,6.7,Mww,-12.0,38.3897,39.0883,wilber3_usgs,Wilber3 / USGS,10.0,42,38.37206126242352,28.725131642390245,553.3207397460938,902.84146540443,902.896844414476,True,False,PGA,g,0.0009930922654362191,0.7347136108716102,0.0,0.0,MUR+CLBRS/LWAL/CDN+ERN/H:1/RES,v2026.0.0,BT,buildings,structural
2020024175513,2020-01-24 17:55:13,6.7,Mww,-12.0,38.3897,39.0883,wilber3_usgs,Wilber3 / USGS,10.0,43,38.25997662378592,29.28096746915477,453.71917724609375,855.2456619239114,855.3041226602788,True,False,PGA,g,0.0011698975301171078,0.7347136108716102,0.0,0.0,MUR+CLBRS/LWAL/CDN+ERN/H:1/RES,v2026.0.0,BT,buildings,structural
2020024175513,2020-01-24 17:55:13,6.7,Mww,-12.0,38.3897,39.0883,wilber3_usgs,Wilber3 / USGS,10.0,44,38.14468386993303,29.83519859074117,530.4912719726562,807.9414115020296,808.0032948075719,True,False,PGA,g,0.0011928154276972121,0.7347136108716102,0.0,0.0,MUR+CLBRS/LWAL/CDN+ERN/H:1/RES,v2026.0.0,BT,buildings,structural
2020024175513,2020-01-24 17:55:13,6.7,Mww,-12.0,38.3897,39.0883,wilber3_usgs,Wilber3 / USGS,10.0,45,38.02619771865637,30.387792566174863,511.5866394042969,760.9878493822154,761.0535506174117,True,False,PGA,g,0.0013241529827276932,0.7347136108716102,0.0,0.0,MUR+CLBRS/LWAL/CDN+ERN/H:1/RES,v2026.0.0,BT,buildings,structural
2020024175513,2020-01-24 17:55:13,6.7,Mww,-12.0,38.3897,39.0883,wilber3_usgs,Wilber3 / USGS,10.0,46,37.90453313269919,30.93871810893301,600.7100219726562,714.4594347962936,714.5294143486602,True,False,PGA,g,0.0013601267504152572,0.7347136108716102,0.0,0.0,MUR+CLBRS/LWAL/CDN+ERN/H:1/RES,v2026.0.0,BT,buildings,structural
2020024175513,2020-01-24 17:55:13,6.7,Mww,-12.0,38.3897,39.0883,wilber3_usgs,Wilber3 / USGS,10.0,47,37.77970530639941,31.48794509554942,174.0323028564453,668.4508940648566,668.5256896904607,True,False,PGA,g,0.002486764675397593,0.7347136108716102,0.0,0.0,MUR+CLBRS/LWAL/CDN+ERN/H:1/RES,v2026.0.0,BT,buildings,structural
2020024175513,2020-01-24 17:55:13,6.7,Mww,-12.0,38.3897,39.0883,wilber3_usgs,Wilber3 / USGS,10.0,48,37.65172965229903,32.03544457273861,483.4779052734375,623.0840560023934,623.164296830614,True,False,PGA,g,0.001826541631625818,0.7347136108716102,0.0,0.0,MUR+CLBRS/LWAL/CDN+ERN/H:1/RES,v2026.0.0,BT,buildings,structural
2020024175513,2020-01-24 17:55:13,6.7,Mww,-12.0,38.3897,39.0883,wilber3_usgs,Wilber3 / USGS,10.0,49,37.52062178773912,32.581188763067985,600.7100219726562,578.5173796700012,578.6038010419949,True,False,PGA,g,0.0018630911869122158,0.7347136108716102,0.0,0.0,MUR+CLBRS/LWAL/CDN+ERN/H:1/RES,v2026.0.0,BT,buildings,structural
2020024175513,2020-01-24 17:55:13,6.7,Mww,-12.0,38.3897,39.0883,wilber3_usgs,Wilber3 / USGS,10.0,50,37.38639752145882,33.125151069209814,537.5999755859375,534.959299311266,535.0527562022279,True,False,PGA,g,0.0021931630776476805,0.7347136108716102,0.0,0.0,MUR+CLBRS/LWAL/CDN+ERN/H:1/RES,v2026.0.0,BT,buildings,structural
2020024175513,2020-01-24 17:55:13,6.7,Mww,-12.0,38.3897,39.0883,wilber3_usgs,Wilber3 / USGS,10.0,51,37.24907284021617,33.66730607680735,406.625,492.6868986186104,492.7883724992148,True,False,PGA,g,0.002784967560651466,0.7347136108716102,0.0,0.0,MUR+CLBRS/LWAL/CDN+ERN/H:1/RES,v2026.0.0,BT,buildings,structural
2020024175513,2020-01-24 17:55:13,6.7,Mww,-12.0,38.3897,39.0883,wilber3_usgs,Wilber3 / USGS,10.0,52,37.108663895448274,34.20762955599211,413.3904724121094,452.0717458074654,452.1823341943044,True,False,PGA,g,0.0031438485185458945,0.7347136108716102,0.0,0.0,MUR+CLBRS/LWAL/CDN+ERN/H:1/RES,v2026.0.0,BT,buildings,structural
2020024175513,2020-01-24 17:55:13,6.7,Mww,-12.0,38.3897,39.0883,wilber3_usgs,Wilber3 / USGS,10.0,53,36.96518698998718,34.74609846159084,435.5585021972656,413.6145381527521,413.7354059919388,True,False,PGA,g,0.0035117860460844763,0.7347136108716102,0.0,0.0,MUR+CLBRS/LWAL/CDN+ERN/H:1/RES,v2026.0.0,BT,buildings,structural
2020024175513,2020-01-24 17:55:13,6.7,Mww,-12.0,38.3897,39.0883,wilber3_usgs,Wilber3 / USGS,10.0,54,36.81865856484759,35.28269093206378,254.17575073242188,377.9883596419532,378.12061570987447,True,False,PGA,g,0.004987207220684493,0.7347136108716102,0.0,0.0,MUR+CLBRS/LWAL/CDN+ERN/H:1/RES,v2026.0.0,BT,buildings,structural
2020024175513,2020-01-24 17:55:13,6.7,Mww,-12.0,38.3897,39.0883,wilber3_usgs,Wilber3 / USGS,10.0,55,36.51651353185552,36.3501650247302,574.7426147460938,319.0384954957483,319.1951779212691,True,False,PGA,g,0.004605988324789491,0.7347136108716102,0.0,0.0,MUR+CLBRS/LWAL/CDN+ERN/H:1/RES,v2026.0.0,BT,buildings,structural
2020024175513,2020-01-24 17:55:13,6.7,Mww,-12.0,38.3897,39.0883,wilber3_usgs,Wilber3 / USGS,10.0,56,39.12932169354253,27.16429886150565,537.5999755859375,1036.4175421787168,1036.4657841606602,True,False,PGA,g,0.0008182362133134598,0.7347136108716102,0.0,0.0,MUR+CLBRS/LWAL/CDN+ERN/H:1/RES,v2026.0.0,BT,buildings,structural
2020024175513,2020-01-24 17:55:13,6.7,Mww,-12.0,38.3897,39.0883,wilber3_usgs,Wilber3 / USGS,10.0,57,39.02615285189753,27.728192482780084,457.6072692871094,987.6123624428058,987.6629882960382,True,False,PGA,g,0.0009406457333970734,0.7347136108716102,0.0,0.0,MUR+CLBRS/LWAL/CDN+ERN/H:1/RES,v2026.0.0,BT,buildings,structural
2020024175513,2020-01-24 17:55:13,6.7,Mww,-12.0,38.3897,39.0883,wilber3_usgs,Wilber3 / USGS,10.0,58,38.91971166128295,28.290542362066432,450.2194519042969,938.9220526274149,938.9753036742118,True,False,PGA,g,0.0010212216882445797,0.7347136108716102,0.0,0.0,MUR+CLBRS/LWAL/CDN+ERN/H:1/RES,v2026.0.0,BT,buildings,structural
2020024175513,2020-01-24 17:55:13,6.7,Mww,-12.0,38.3897,39.0883,wilber3_usgs,Wilber3 / USGS,10.0,59,38.810012439872,28.851311815912176,438.607421875,890.3689463330788,890.4251010580716,True,False,PGA,g,0.0011174893678982125,0.7347136108716102,0.0,0.0,MUR+CLBRS/LWAL/CDN+ERN/H:1/RES,v2026.0.0,BT,buildings,structural
2020024175513,2020-01-24 17:55:13,6.7,Mww,-12.0,38.3897,39.0883,wilber3_usgs,Wilber3 / USGS,10.0,60,38.69706979675155,29.41046532512941,448.17181396484375,841.9806694414353,842.0400511335833,True,False,PGA,g,0.0012036547196120238,0.7347136108716102,0.0,0.0,MUR+CLBRS/LWAL/CDN+ERN/H:1/RES,v2026.0.0,BT,buildings,structural
2020024175513,2020-01-24 17:55:13,6.7,Mww,-12.0,38.3897,39.0883,wilber3_usgs,Wilber3 / USGS,10.0,61,38.580898618260015,29.96796854805596,447.7120666503906,793.7917064782022,793.8546927955873,True,False,PGA,g,0.0013147445350315218,0.7347136108716102,0.0,0.0,MUR+CLBRS/LWAL/CDN+ERN/H:1/RES,v2026.0.0,BT,buildings,structural
2020024175513,2020-01-24 17:55:13,6.7,Mww,-12.0,38.3897,39.0883,wilber3_usgs,Wilber3 / USGS,10.0,62,38.46151405423436,30.52378833218374,537.5999755859375,745.8455411376259,745.9125761340118,True,False,PGA,g,0.0013363925937461129,0.7347136108716102,0.0,0.0,MUR+CLBRS/LWAL/CDN+ERN/H:1/RES,v2026.0.0,BT,buildings,structural
2020024175513,2020-01-24 17:55:13,6.7,Mww,-12.0,38.3897,39.0883,wilber3_usgs,Wilber3 / USGS,10.0,63,38.33893150418781,31.07789272417605,425.9591369628906,698.1976229949427,698.2692322849318,True,False,PGA,g,0.0016252753121714935,0.7347136108716102,0.0,0.0,MUR+CLBRS/LWAL/CDN+ERN/H:1/RES,v2026.0.0,BT,buildings,structural
2020024175513,2020-01-24 17:55:13,6.7,Mww,-12.0,38.3897,39.0883,wilber3_usgs,Wilber3 / USGS,10.0,64,38.21316660343932,31.63025097829894,357.7516784667969,650.9195407553696,650.9963506327675,True,False,PGA,g,0.0019400023024857373,0.7347136108716102,0.0,0.0,MUR+CLBRS/LWAL/CDN+ERN/H:1/RES,v2026.0.0,BT,buildings,structural
2020024175513,2020-01-24 17:55:13,6.7,Mww,-12.0,38.3897,39.0883,wilber3_usgs,Wilber3 / USGS,10.0,65,38.08423520921518,32.180833563295366,576.5399780273438,604.1049836410341,604.1877450428253,True,False,PGA,g,0.0017769770554659757,0.7347136108716102,0.0,0.0,MUR+CLBRS/LWAL/CDN+ERN/H:1/RES,v2026.0.0,BT,buildings,structural
2020024175513,2020-01-24 17:55:13,6.7,Mww,-12.0,38.3897,39.0883,wilber3_usgs,Wilber3 / USGS,10.0,66,37.95215338674287,32.729612167733904,352.16064453125,557.8783900817539,557.9680081511927,True,False,PGA,g,0.002456579471568238,0.7347136108716102,0.0,0.0,MUR+CLBRS/LWAL/CDN+ERN/H:1/RES,v2026.0.0,BT,buildings,structural
2020024175513,2020-01-24 17:55:13,6.7,Mww,-12.0,38.3897,39.0883,wilber3_usgs,Wilber3 / USGS,10.0,67,37.816937395356426,33.27655970386688,412.3872375488281,512.407682869524,512.5052521328096,True,False,PGA,g,0.002611637058963633,0.7347136108716102,0.0,0.0,MUR+CLBRS/LWAL/CDN+ERN/H:1/RES,v2026.0.0,BT,buildings,structural
2020024175513,2020-01-24 17:55:13,6.7,Mww,-12.0,38.3897,39.0883,wilber3_usgs,Wilber3 / USGS,10.0,68,37.67860367463222,33.821650310035366,351.2305908203125,467.92326242735214,468.0301053571839,True,False,PGA,g,0.003194287601636091,0.7347136108716102,0.0,0.0,MUR+CLBRS/LWAL/CDN+ERN/H:1/RES,v2026.0.0,BT,buildings,structural
2020024175513,2020-01-24 17:55:13,6.7,Mww,-12.0,38.3897,39.0883,wilber3_usgs,Wilber3 / USGS,10.0,69,37.53716883057294,34.36485935166117,433.042724609375,424.7465588361977,424.86425978563034,True,False,PGA,g,0.0033838074608929874,0.7347136108716102,0.0,0.0,MUR+CLBRS/LWAL/CDN+ERN/H:1/RES,v2026.0.0,BT,buildings,structural
2020024175513,2020-01-24 17:55:13,6.7,Mww,-12.0,38.3897,39.0883,wilber3_usgs,Wilber3 / USGS,10.0,70,37.39264962185748,34.90616342086814,600.1805419921875,383.33285698883765,383.4632697498219,True,False,PGA,g,0.003441539687415447,0.7347136108716102,0.0,0.0,MUR+CLBRS/LWAL/CDN+ERN/H:1/RES,v2026.0.0,BT,buildings,structural
2020024175513,2020-01-24 17:55:13,6.7,Mww,-12.0,38.3897,39.0883,wilber3_usgs,Wilber3 / USGS,10.0,71,37.24506294617298,35.445540334777355,435.8032836914063,344.334042552454,344.47921978040296,True,False,PGA,g,0.00461162676873032,0.7347136108716102,0.0,0.0,MUR+CLBRS/LWAL/CDN+ERN/H:1/RES,v2026.0.0,BT,buildings,structural
2020024175513,2020-01-24 17:55:13,6.7,Mww,-12.0,38.3897,39.0883,wilber3_usgs,Wilber3 / USGS,10.0,72,37.09442582664533,35.982969132522314,264.1910400390625,308.68431006304695,308.846245369924,True,False,PGA,g,0.006621388564567039,0.7347136108716102,0.0,0.0,MUR+CLBRS/LWAL/CDN+ERN/H:1/RES,v2026.0.0,BT,buildings,structural
2020024175513,2020-01-24 17:55:13,6.7,Mww,-12.0,38.3897,39.0883,wilber3_usgs,Wilber3 / USGS,10.0,73,36.94075539838291,36.51843007103232,600.6758422851562,277.6967173629084,277.87671157211975,True,False,PGA,g,0.005559519440569522,0.7347136108716102,0.0,0.0,MUR+CLBRS/LWAL/CDN+ERN/H:1/RES,v2026.0.0,BT,buildings,structural
2020024175513,2020-01-24 17:55:13,6.7,Mww,-12.0,38.3897,39.0883,wilber3_usgs,Wilber3 / USGS,10.0,74,36.78406889514814,37.05190461963332,597.0223999023438,253.11237893741037,253.30984262628883,True,False,PGA,g,0.0063976140023880275,0.7347136108716102,0.0,0.0,MUR+CLBRS/LWAL/CDN+ERN/H:1/RES,v2026.0.0,BT,buildings,structural
2020024175513,2020-01-24 17:55:13,6.7,Mww,-12.0,38.3897,39.0883,wilber3_usgs,Wilber3 / USGS,10.0,75,39.66994047687324,26.71349486296508,576.5399780273438,1077.4689573535077,1077.515361403472,True,False,PGA,g,0.000749870243312919,0.7347136108716102,0.0,0.0,MUR+CLBRS/LWAL/CDN+ERN/H:1/RES,v2026.0.0,BT,buildings,structural
2020024175513,2020-01-24 17:55:13,6.7,Mww,-12.0,38.3897,39.0883,wilber3_usgs,Wilber3 / USGS,10.0,76,39.569271083172126,27.282445186661697,537.5999755859375,1028.1276894340956,1028.176320375592,True,False,PGA,g,0.0008280941205901669,0.7347136108716102,0.0,0.0,MUR+CLBRS/LWAL/CDN+ERN/H:1/RES,v2026.0.0,BT,buildings,structural
2020024175513,2020-01-24 17:55:13,6.7,Mww,-12.0,38.3897,39.0883,wilber3_usgs,Wilber3 / USGS,10.0,77,39.46529288763372,27.849845891918065,537.5999755859375,978.8386471610663,978.8897267701335,True,False,PGA,g,0.0008910380955732796,0.7347136108716102,0.0,0.0,MUR+CLBRS/LWAL/CDN+ERN/H:1/RES,v2026.0.0,BT,buildings,structural
2020024175513,2020-01-24 17:55:13,6.7,Mww,-12.0,38.3897,39.0883,wilber3_usgs,Wilber3 / USGS,10.0,78,39.3580203257534,28.41565823577763,595.5006103515625,929.6132905482215,929.667074798227,True,False,PGA,g,0.0009219117110453313,0.7347136108716102,0.0,0.0,MUR+CLBRS/LWAL/CDN+ERN/H:1/RES,v2026.0.0,BT,buildings,structural
2020024175513,2020-01-24 17:55:13,6.7,Mww,-12.0,38.3897,39.0883,wilber3_usgs,Wilber3 / USGS,10.0,79,39.24746814441138,28.979844671420302,295.7789306640625,880.4658212033737,880.5226074936016,True,False,PGA,g,0.0013387761390906518,0.7347136108716102,0.0,0.0,MUR+CLBRS/LWAL/CDN+ERN/H:1/RES,v2026.0.0,BT,buildings,structural
2020024175513,2020-01-24 17:55:13,6.7,Mww,-12.0,38.3897,39.0883,wilber3_usgs,Wilber3 / USGS,10.0,80,39.13365138777182,29.5423688632149,418.7412414550781,831.413982792184,831.4741191296107,True,False,PGA,g,0.0012618396082883167,0.7347136108716102,0.0,0.0,MUR+CLBRS/LWAL/CDN+ERN/H:1/RES,v2026.0.0,BT,buildings,structural
2020024175513,2020-01-24 17:55:13,6.7,Mww,-12.0,38.3897,39.0883,wilber3_usgs,Wilber3 / USGS,10.0,81,39.01658538307148,30.10319570002948,421.0323486328125,782.4801546598031,782.5440514350802,True,False,PGA,g,0.0013780888965942311,0.7347136108716102,0.0,0.0,MUR+CLBRS/LWAL/CDN+ERN/H:1/RES,v2026.0.0,BT,buildings,structural
2020024175513,2020-01-24 17:55:13,6.7,Mww,-12.0,38.3897,39.0883,wilber3_usgs,Wilber3 / USGS,10.0,82,38.89628572632051,30.66229130681988,576.5399780273438,733.6928696247029,733.7610148666466,True,False,PGA,g,0.0013299981830411146,0.7347136108716102,0.0,0.0,MUR+CLBRS/LWAL/CDN+ERN/H:1/RES,v2026.0.0,BT,buildings,structural
2020024175513,2020-01-24 17:55:13,6.7,Mww,-12.0,38.3897,39.0883,wilber3_usgs,Wilber3 / USGS,10.0,83,38.772768267938105,31.21962305452092,576.5399780273438,685.0889568657683,685.1619362015279,True,False,PGA,g,0.001473101089123597,0.7347136108716102,0.0,0.0,MUR+CLBRS/LWAL/CDN+ERN/H:1/RES,v2026.0.0,BT,buildings,structural
2020024175513,2020-01-24 17:55:13,6.7,Mww,-12.0,38.3897,39.0883,wilber3_usgs,Wilber3 / USGS,10.0,84,38.64604909834551,31.77515956826793,574.7212524414062,636.716624419297,636.7951474468882,True,False,PGA,g,0.001645193909192648,0.7347136108716102,0.0,0.0,MUR+CLBRS/LWAL/CDN+ERN/H:1/RES,v2026.0.0,BT,buildings,structural
2020024175513,2020-01-24 17:55:13,6.7,Mww,-12.0,38.3897,39.0883,wilber3_usgs,Wilber3 / USGS,10.0,85,38.51614453353741,32.32887073398079,400.47369384765625,588.6399844374872,588.7249198722313,True,False,PGA,g,0.0021503527019078807,0.7347136108716102,0.0,0.0,MUR+CLBRS/LWAL/CDN+ERN/H:1/RES,v2026.0.0,BT,buildings,structural
2020024175513,2020-01-24 17:55:13,6.7,Mww,-12.0,38.3897,39.0883,wilber3_usgs,Wilber3 / USGS,10.0,86,38.38307110065308,32.88072770334502,334.0492553710937,540.9458445563184,541.0382673552293,True,False,PGA,g,0.0026283454423103587,0.7347136108716102,0.0,0.0,MUR+CLBRS/LWAL/CDN+ERN/H:1/RES,v2026.0.0,BT,buildings,structural
2020024175513,2020-01-24 17:55:13,6.7,Mww,-12.0,38.3897,39.0883,wilber3_usgs,Wilber3 / USGS,10.0,87,38.24684552356719,33.43070289722835,403.3796691894531,493.7541437960903,493.8553983868256,True,False,PGA,g,0.0027852433338610514,0.7347136108716102,0.0,0.0,MUR+CLBRS/LWAL/CDN+ERN/H:1/RES,v2026.0.0,BT,buildings,structural
2020024175513,2020-01-24 17:55:13,6.7,Mww,-12.0,38.3897,39.0883,wilber3_usgs,Wilber3 / USGS,10.0,88,38.107484708520346,33.97877000757363,426.2925109863281,447.234390924144,447.3461751544212,True,False,PGA,g,0.0031541847763656666,0.7347136108716102,0.0,0.0,MUR+CLBRS/LWAL/CDN+ERN/H:1/RES,v2026.0.0,BT,buildings,structural
2020024175513,2020-01-24 17:55:13,6.7,Mww,-12.0,38.3897,39.0883,wilber3_usgs,Wilber3 / USGS,10.0,89,37.96500572980777,34.52490399781175,535.904052734375,401.6322081772724,401.7566808969726,True,False,PGA,g,0.0033659985560030355,0.7347136108716102,0.0,0.0,MUR+CLBRS/LWAL/CDN+ERN/H:1/RES,v2026.0.0,BT,buildings,structural
2020024175513,2020-01-24 17:55:13,6.7,Mww,-12.0,38.3897,39.0883,wilber3_usgs,Wilber3 / USGS,10.0,90,37.81942581554456,35.06908110184059,519.6965942382812,357.3131604508158,357.4530663336803,True,False,PGA,g,0.00405764382998834,0.7347136108716102,0.0,0.0,MUR+CLBRS/LWAL/CDN+ERN/H:1/RES,v2026.0.0,BT,buildings,structural
2020024175513,2020-01-24 17:55:13,6.7,Mww,-12.0,38.3897,39.0883,wilber3_usgs,Wilber3 / USGS,10.0,91,37.67076233352466,35.611278821618285,600.7100219726562,314.8361608209344,314.9949335472958,True,False,PGA,g,0.004612101952914028,0.7347136108716102,0.0,0.0,MUR+CLBRS/LWAL/CDN+ERN/H:1/RES,v2026.0.0,BT,buildings,structural
2020024175513,2020-01-24 17:55:13,6.7,Mww,-12.0,38.3897,39.0883,wilber3_usgs,Wilber3 / USGS,10.0,92,37.51903277719032,36.15147592342068,463.2667541503906,275.0755468601683,275.2572550913429,True,False,PGA,g,0.006278656312098354,0.7347136108716102,0.0,0.0,MUR+CLBRS/LWAL/CDN+ERN/H:1/RES,v2026.0.0,BT,buildings,structural
2020024175513,2020-01-24 17:55:13,6.7,Mww,-12.0,38.3897,39.0883,wilber3_usgs,Wilber3 / USGS,10.0,93,37.36425475172738,36.68965243281496,600.7100219726562,239.4119829256306,239.62073693314284,True,False,PGA,g,0.006931681686495239,0.7347136108716102,0.0,0.0,MUR+CLBRS/LWAL/CDN+ERN/H:1/RES,v2026.0.0,BT,buildings,structural
2020024175513,2020-01-24 17:55:13,6.7,Mww,-12.0,38.3897,39.0883,wilber3_usgs,Wilber3 / USGS,10.0,94,37.20644596030164,37.22578962840265,488.2951354980469,209.97134447872003,210.20933733352882,True,False,PGA,g,0.009174238270254964,0.7347136108716102,0.0,0.0,MUR+CLBRS/LWAL/CDN+ERN/H:1/RES,v2026.0.0,BT,buildings,structural
2020024175513,2020-01-24 17:55:13,6.7,Mww,-12.0,38.3897,39.0883,wilber3_usgs,Wilber3 / USGS,10.0,95,37.04562419045001,37.75987003438628,478.5408935546875,189.70522909578784,189.96861305564494,True,True,PGA,g,0.010751030351573859,0.7347136108716102,0.0,0.0,MUR+CLBRS/LWAL/CDN+ERN/H:1/RES,v2026.0.0,BT,buildings,structural
2020024175513,2020-01-24 17:55:13,6.7,Mww,-12.0,38.3897,39.0883,wilber3_usgs,Wilber3 / USGS,10.0,96,36.71501320700875,38.821796749967135,346.2952880859375,187.69279872192865,187.9590026896036,True,True,PGA,g,0.01241431332876691,0.7347136108716102,0.0,0.0,MUR+CLBRS/LWAL/CDN+ERN/H:1/RES,v2026.0.0,BT,buildings,structural
2020024175513,2020-01-24 17:55:13,6.7,Mww,-12.0,38.3897,39.0883,wilber3_usgs,Wilber3 / USGS,10.0,97,40.11024381602152,26.830269986054727,537.5999755859375,1071.8087861076692,1071.855435204578,True,False,PGA,g,0.0007782736692612444,0.7347136108716102,0.0,0.0,MUR+CLBRS/LWAL/CDN+ERN/H:1/RES,v2026.0.0,BT,buildings,structural
2020024175513,2020-01-24 17:55:13,6.7,Mww,-12.0,38.3897,39.0883,wilber3_usgs,Wilber3 / USGS,10.0,98,40.00877234376844,27.40283107497407,537.5999755859375,1022.1287966761666,1022.1777130199368,True,False,PGA,g,0.0008353521169985742,0.7347136108716102,0.0,0.0,MUR+CLBRS/LWAL/CDN+ERN/H:1/RES,v2026.0.0,BT,buildings,structural
2020024175513,2020-01-24 17:55:13,6.7,Mww,-12.0,38.3897,39.0883,wilber3_usgs,Wilber3 / USGS,10.0,99,39.903969276608166,27.97379735386537,537.5999755859375,972.4657290876793,972.5171434221772,True,False,PGA,g,0.000899759623400814,0.7347136108716102,0.0,0.0,MUR+CLBRS/LWAL/CDN+ERN/H:1/RES,v2026.0.0,BT,buildings,structural
2020024175513,2020-01-24 17:55:13,6.7,Mww,-12.0,38.3897,39.0883,wilber3_usgs,Wilber3 / USGS,10.0,100,39.795849486245295,28.543129149689825,600.7100219726562,922.825484505278,922.8796643400489,True,False,PGA,g,0.0009286444739911035,0.7347136108716102,0.0,0.0,MUR+CLBRS/LWAL/CDN+ERN/H:1/RES,v2026.0.0,BT,buildings,structural
2020024175513,2020-01-24 17:55:13,6.7,Mww,-12.0,38.3897,39.0883,wilber3_usgs,Wilber3 / USGS,10.0,101,39.68442816279457,29.11078803463584,619.1500244140625,873.215496917911,873.2727546749608,True,False,PGA,g,0.000995704988796024,0.7347136108716102,0.0,0.0,MUR+CLBRS/LWAL/CDN+ERN/H:1/RES,v2026.0.0,BT,buildings,structural
2020024175513,2020-01-24 17:55:13,6.7,Mww,-12.0,38.3897,39.0883,wilber3_usgs,Wilber3 / USGS,10.0,102,39.569720800102296,29.676736841292104,419.533203125,823.645193777061,823.705897291049,True,False,PGA,g,0.0012786101965904394,0.7347136108716102,0.0,0.0,MUR+CLBRS/LWAL/CDN+ERN/H:1/RES,v2026.0.0,BT,buildings,structural
2020024175513,2020-01-24 17:55:13,6.7,Mww,-12.0,38.3897,39.0883,wilber3_usgs,Wilber3 / USGS,10.0,103,39.45174318095948,30.24093967598165,576.5399780273438,774.1266316992944,774.1912179210605,True,False,PGA,g,0.0012277602890051074,0.7347136108716102,0.0,0.0,MUR+CLBRS/LWAL/CDN+ERN/H:1/RES,v2026.0.0,BT,buildings,structural
2020024175513,2020-01-24 17:55:13,6.7,Mww,-12.0,38.3897,39.0883,wilber3_usgs,Wilber3 / USGS,10.0,104,39.33051136223099,30.80336193028008,576.5399780273438,724.6753893421308,724.7443824674799,True,False,PGA,g,0.0013547488901568146,0.7347136108716102,0.0,0.0,MUR+CLBRS/LWAL/CDN+ERN/H:1/RES,v2026.0.0,BT,buildings,structural
2020024175513,2020-01-24 17:55:13,6.7,Mww,-12.0,38.3897,39.0883,wilber3_usgs,Wilber3 / USGS,10.0,105,39.2060416599246,31.36397029074492,412.9768981933594,675.3118462247756,675.3858820344966,True,False,PGA,g,0.0017302002500516587,0.7347136108716102,0.0,0.0,MUR+CLBRS/LWAL/CDN+ERN/H:1/RES,v2026.0.0,BT,buildings,structural
2020024175513,2020-01-24 17:55:13,6.7,Mww,-12.0,38.3897,39.0883,wilber3_usgs,Wilber3 / USGS,10.0,106,39.078350634223085,31.92273274688748,425.2662658691406,626.0630546236332,626.1429136903765,True,False,PGA,g,0.0019133105984286928,0.7347136108716102,0.0,0.0,MUR+CLBRS/LWAL/CDN+ERN/H:1/RES,v2026.0.0,BT,buildings,structural
2020024175513,2020-01-24 17:55:13,6.7,Mww,-12.0,38.3897,39.0883,wilber3_usgs,Wilber3 / USGS,10.0,107,38.94745507450225,32.479618597422046,517.856689453125,576.9655471666849,577.052200946632,True,False,PGA,g,0.0019903841082854683,0.7347136108716102,0.0,0.0,MUR+CLBRS/LWAL/CDN+ERN/H:1/RES,v2026.0.0,BT,buildings,structural
2020024175513,2020-01-24 17:55:13,6.7,Mww,-12.0,38.3897,39.0883,wilber3_usgs,Wilber3 / USGS,10.0,108,38.81337198435645,33.034598454831034,340.7968139648437,528.0696647159377,528.16434070581,True,False,PGA,g,0.002701911744525475,0.7347136108716102,0.0,0.0,MUR+CLBRS/LWAL/CDN+ERN/H:1/RES,v2026.0.0,BT,buildings,structural
2020024175513,2020-01-24 17:55:13,6.7,Mww,-12.0,38.3897,39.0883,wilber3_usgs,Wilber3 / USGS,10.0,109,38.67611856665329,33.587644248287745,285.192626953125,479.446436759305,479.55071235604925,True,False,PGA,g,0.0033532384422648464,0.7347136108716102,0.0,0.0,MUR+CLBRS/LWAL/CDN+ERN/H:1/RES,v2026.0.0,BT,buildings,structural
2020024175513,2020-01-24 17:55:13,6.7,Mww,-12.0,38.3897,39.0883,wilber3_usgs,Wilber3 / USGS,10.0,110,38.53571220863781,34.13872922498166,619.1500244140625,431.19890699912327,431.3148471792254,True,False,PGA,g,0.0028508416785249587,0.7347136108716102,0.0,0.0,MUR+CLBRS/LWAL/CDN+ERN/H:1/RES,v2026.0.0,BT,buildings,structural
2020024175513,2020-01-24 17:55:13,6.7,Mww,-12.0,38.3897,39.0883,wilber3_usgs,Wilber3 / USGS,10.0,111,38.392170467105785,34.687827949893595,360.6438293457031,383.48151951286593,383.6118817345164,True,False,PGA,g,0.004247137894296689,0.7347136108716102,0.0,0.0,MUR+CLBRS/LWAL/CDN+ERN/H:1/RES,v2026.0.0,BT,buildings,structural
2020024175513,2020-01-24 17:55:13,6.7,Mww,-12.0,38.3897,39.0883,wilber3_usgs,Wilber3 / USGS,10.0,112,38.24551105366531,35.234916304070964,339.58758544921875,336.5347736237446,336.6833138989591,True,False,PGA,g,0.005282507292798121,0.7347136108716102,0.0,0.0,MUR+CLBRS/LWAL/CDN+ERN/H:1/RES,v2026.0.0,BT,buildings,structural
2020024175513,2020-01-24 17:55:13,6.7,Mww,-12.0,38.3897,39.0883,wilber3_usgs,Wilber3 / USGS,10.0,113,38.09575182010447,35.779971481455135,600.7100219726562,290.7501167739054,290.9220349235163,True,False,PGA,g,0.00519210754077162,0.7347136108716102,0.0,0.0,MUR+CLBRS/LWAL/CDN+ERN/H:1/RES,v2026.0.0,BT,buildings,structural
2020024175513,2020-01-24 17:55:13,6.7,Mww,-12.0,38.3897,39.0883,wilber3_usgs,Wilber3 / USGS,10.0,114,37.94291074388236,36.32297198431528,576.5399780273438,246.79702874148447,246.99954128626456,True,False,PGA,g,0.006739500817075278,0.7347136108716102,0.0,0.0,MUR+CLBRS/LWAL/CDN+ERN/H:1/RES,v2026.0.0,BT,buildings,structural
2020024175513,2020-01-24 17:55:13,6.7,Mww,-12.0,38.3897,39.0883,wilber3_usgs,Wilber3 / USGS,10.0,115,37.787005913759856,36.86389761734446,469.52392578125,205.8791468959175,206.12186474653961,True,False,PGA,g,0.009598091653941163,0.7347136108716102,0.0,0.0,MUR+CLBRS/LWAL/CDN+ERN/H:1/RES,v2026.0.0,BT,buildings,structural
2020024175513,2020-01-24 17:55:13,6.7,Mww,-12.0,38.3897,39.0883,wilber3_usgs,Wilber3 / USGS,10.0,116,37.628055515585366,37.40272948047536,464.0740661621094,170.2336500179644,170.52711103645308,True,True,PGA,g,0.012776171182937276,0.7347136108716102,0.0,0.0,MUR+CLBRS/LWAL/CDN+ERN/H:1/RES,v2026.0.0,BT,buildings,structural
2020024175513,2020-01-24 17:55:13,6.7,Mww,-12.0,38.3897,39.0883,wilber3_usgs,Wilber3 / USGS,10.0,117,37.46607781825019,37.93944996047414,458.1355895996094,143.8766346494802,144.223735903838,True,True,PGA,g,0.016457913394183638,0.7347136108716102,0.0,0.0,MUR+CLBRS/LWAL/CDN+ERN/H:1/RES,v2026.0.0,BT,buildings,structural
2020024175513,2020-01-24 17:55:13,6.7,Mww,-12.0,38.3897,39.0883,wilber3_usgs,Wilber3 / USGS,10.0,118,37.30109115982695,38.4740427213721,451.1153564453125,132.5197052976767,132.89647208328398,True,True,PGA,g,0.018686170161593005,0.7347136108716102,0.0,0.0,MUR+CLBRS/LWAL/CDN+ERN/H:1/RES,v2026.0.0,BT,buildings,structural
2020024175513,2020-01-24 17:55:13,6.7,Mww,-12.0,38.3897,39.0883,wilber3_usgs,Wilber3 / USGS,10.0,119,37.13311393390367,39.006492693795046,325.7251281738281,139.91111085605667,140.26802536920442,True,True,PGA,g,0.019501126945390124,0.7347136108716102,0.0,0.0,MUR+CLBRS/LWAL/CDN+ERN/H:1/RES,v2026.0.0,BT,buildings,structural
2020024175513,2020-01-24 17:55:13,6.7,Mww,-12.0,38.3897,39.0883,wilber3_usgs,Wilber3 / USGS,10.0,120,36.96216457612552,39.5367860632515,418.7761840820313,163.56796976583263,163.87336798063419,True,True,PGA,g,0.014117820068422106,0.7347136108716102,0.0,0.0,MUR+CLBRS/LWAL/CDN+ERN/H:1/RES,v2026.0.0,BT,buildings,structural
2020024175513,2020-01-24 17:55:13,6.7,Mww,-12.0,38.3897,39.0883,wilber3_usgs,Wilber3 / USGS,10.0,121,40.64903459878373,26.371447394800388,407.2633056640625,1118.2736599165403,1118.3183707974817,True,False,PGA,g,0.0008206468831448784,0.7347136108716102,0.0,0.0,MUR+CLBRS/LWAL/CDN+ERN/H:1/RES,v2026.0.0,BT,buildings,structural
2020024175513,2020-01-24 17:55:13,6.7,Mww,-12.0,38.3897,39.0883,wilber3_usgs,Wilber3 / USGS,10.0,122,40.3421823053369,28.100104579748663,576.5399780273438,968.5375492915593,968.5891721404383,True,False,PGA,g,0.0008790552016802927,0.7347136108716102,0.0,0.0,MUR+CLBRS/LWAL/CDN+ERN/H:1/RES,v2026.0.0,BT,buildings,structural
2020024175513,2020-01-24 17:55:13,6.7,Mww,-12.0,38.3897,39.0883,wilber3_usgs,Wilber3 / USGS,10.0,123,40.23319904164602,28.67301389143944,434.624755859375,918.6108740022612,918.6653024008244,True,False,PGA,g,0.0010707386807873658,0.7347136108716102,0.0,0.0,MUR+CLBRS/LWAL/CDN+ERN/H:1/RES,v2026.0.0,BT,buildings,structural
2020024175513,2020-01-24 17:55:13,6.7,Mww,-12.0,38.3897,39.0883,wilber3_usgs,Wilber3 / USGS,10.0,124,40.120892001998726,29.244201706086056,576.5399780273438,868.6805370011847,868.7380936534707,True,False,PGA,g,0.0010339176760463,0.7347136108716102,0.0,0.0,MUR+CLBRS/LWAL/CDN+ERN/H:1/RES,v2026.0.0,BT,buildings,structural
2020024175513,2020-01-24 17:55:13,6.7,Mww,-12.0,38.3897,39.0883,wilber3_usgs,Wilber3 / USGS,10.0,125,40.00527714511901,29.81363000912616,425.595458984375,818.749844308481,818.8109107450645,True,False,PGA,g,0.0012823147078956,0.7347136108716102,0.0,0.0,MUR+CLBRS/LWAL/CDN+ERN/H:1/RES,v2026.0.0,BT,buildings,structural
2020024175513,2020-01-24 17:55:13,6.7,Mww,-12.0,38.3897,39.0883,wilber3_usgs,Wilber3 / USGS,10.0,126,39.88637072459324,30.38126211134988,608.7828369140625,768.8231817910635,768.8882135000736,True,False,PGA,g,0.0012124411307911282,0.7347136108716102,0.0,0.0,MUR+CLBRS/LWAL/CDN+ERN/H:1/RES,v2026.0.0,BT,buildings,structural
2020024175513,2020-01-24 17:55:13,6.7,Mww,-12.0,38.3897,39.0883,wilber3_usgs,Wilber3 / USGS,10.0,127,39.76418927340092,30.94706266031314,343.2217102050781,718.9063915020622,718.9759382222164,True,False,PGA,g,0.0017022710265487072,0.7347136108716102,0.0,0.0,MUR+CLBRS/LWAL/CDN+ERN/H:1/RES,v2026.0.0,BT,buildings,structural
2020024175513,2020-01-24 17:55:13,6.7,Mww,-12.0,38.3897,39.0883,wilber3_usgs,Wilber3 / USGS,10.0,128,39.638749588390894,31.51099764986585,619.1500244140625,669.0073160392388,669.082049463312,True,False,PGA,g,0.0014812898188491584,0.7347136108716102,0.0,0.0,MUR+CLBRS/LWAL/CDN+ERN/H:1/RES,v2026.0.0,BT,buildings,structural
2020024175513,2020-01-24 17:55:13,6.7,Mww,-12.0,38.3897,39.0883,wilber3_usgs,Wilber3 / USGS,10.0,129,39.510068714727474,32.073034427829406,428.2435302734375,619.1366050009933,619.2173573569753,True,False,PGA,g,0.001939640719758604,0.7347136108716102,0.0,0.0,MUR+CLBRS/LWAL/CDN+ERN/H:1/RES,v2026.0.0,BT,buildings,structural
2020024175513,2020-01-24 17:55:13,6.7,Mww,-12.0,38.3897,39.0883,wilber3_usgs,Wilber3 / USGS,10.0,130,39.37816393033035,32.63314170186223,499.3263854980469,569.3089426878257,569.3967616911165,True,False,PGA,g,0.0020615525430044915,0.7347136108716102,0.0,0.0,MUR+CLBRS/LWAL/CDN+ERN/H:1/RES,v2026.0.0,BT,buildings,structural
2020024175513,2020-01-24 17:55:13,6.7,Mww,-12.0,38.3897,39.0883,wilber3_usgs,Wilber3 / USGS,10.0,131,39.24305273033106,33.1912895435556,442.8170776367188,519.5449763052335,519.6412054523829,True,False,PGA,g,0.0024838238883508846,0.7347136108716102,0.0,0.0,MUR+CLBRS/LWAL/CDN+ERN/H:1/RES,v2026.0.0,BT,buildings,structural
2020024175513,2020-01-24 17:55:13,6.7,Mww,-12.0,38.3897,39.0883,wilber3_usgs,Wilber3 / USGS,10.0,132,39.10475281156865,33.747449390805635,191.27317810058597,469.87445566444,469.98085502066334,True,False,PGA,g,0.004026911917345375,0.7347136108716102,0.0,0.0,MUR+CLBRS/LWAL/CDN+ERN/H:1/RES,v2026.0.0,BT,buildings,structural
2020024175513,2020-01-24 17:55:13,6.7,Mww,-12.0,38.3897,39.0883,wilber3_usgs,Wilber3 / USGS,10.0,133,38.96328205714568,34.30159404851024,500.1455078125,420.3415658742574,420.460499930282,True,False,PGA,g,0.003237124969414889,0.7347136108716102,0.0,0.0,MUR+CLBRS/LWAL/CDN+ERN/H:1/RES,v2026.0.0,BT,buildings,structural
2020024175513,2020-01-24 17:55:13,6.7,Mww,-12.0,38.3897,39.0883,wilber3_usgs,Wilber3 / USGS,10.0,134,38.81865852106536,34.85369768764283,534.3407592773438,371.01444788088963,371.14918905523876,True,False,PGA,g,0.0037924825566627114,0.7347136108716102,0.0,0.0,MUR+CLBRS/LWAL/CDN+ERN/H:1/RES,v2026.0.0,BT,buildings,structural
2020024175513,2020-01-24 17:55:13,6.7,Mww,-12.0,38.3897,39.0883,wilber3_usgs,Wilber3 / USGS,10.0,135,38.67090041296952,35.40373584275705,537.5999755859375,322.003240124009,322.158480643239,True,False,PGA,g,0.004671056392146326,0.7347136108716102,0.0,0.0,MUR+CLBRS/LWAL/CDN+ERN/H:1/RES,v2026.0.0,BT,buildings,structural
2020024175513,2020-01-24 17:55:13,6.7,Mww,-12.0,38.3897,39.0883,wilber3_usgs,Wilber3 / USGS,10.0,136,38.52002608299594,35.951685407979305,537.5999755859375,273.4968243055379,273.6795807239084,True,False,PGA,g,0.005955169273445071,0.7347136108716102,0.0,0.0,MUR+CLBRS/LWAL/CDN+ERN/H:1/RES,v2026.0.0,BT,buildings,structural
2020024175513,2020-01-24 17:55:13,6.7,Mww,-12.0,38.3897,39.0883,wilber3_usgs,Wilber3 / USGS,10.0,137,38.36605400677348,36.49752463154753,600.7100219726562,225.84452749210055,226.06581032551156,True,False,PGA,g,0.007559520288267092,0.7347136108716102,0.0,0.0,MUR+CLBRS/LWAL/CDN+ERN/H:1/RES,v2026.0.0,BT,buildings,structural
2020024175513,2020-01-24 17:55:13,6.7,Mww,-12.0,38.3897,39.0883,wilber3_usgs,Wilber3 / USGS,10.0,138,38.20900277057115,37.04123310895654,576.5294799804688,179.75795672473362,180.0358936597122,True,True,PGA,g,0.010789339226045379,0.7347136108716102,0.0,0.0,MUR+CLBRS/LWAL/CDN+ERN/H:1/RES,v2026.0.0,BT,buildings,structural
2020024175513,2020-01-24 17:55:13,6.7,Mww,-12.0,38.3897,39.0883,wilber3_usgs,Wilber3 / USGS,10.0,139,38.0488910566178,37.58279177477196,576.5399780273438,136.8704816257338,137.23530427867433,True,True,PGA,g,0.016148582435303958,0.7347136108716102,0.0,0.0,MUR+CLBRS/LWAL/CDN+ERN/H:1/RES,v2026.0.0,BT,buildings,structural
2020024175513,2020-01-24 17:55:13,6.7,Mww,-12.0,38.3897,39.0883,wilber3_usgs,Wilber3 / USGS,10.0,140,37.88573762860676,38.122182893175335,619.1500244140625,101.38759894248017,101.87956232395781,True,True,PGA,g,0.024397356292182343,0.7347136108716102,0.0,0.0,MUR+CLBRS/LWAL/CDN+ERN/H:1/RES,v2026.0.0,BT,buildings,structural
2020024175513,2020-01-24 17:55:13,6.7,Mww,-12.0,38.3897,39.0883,wilber3_usgs,Wilber3 / USGS,10.0,141,37.71956131739987,38.65939004730469,420.077880859375,83.44418644508869,84.04125327172794,True,True,PGA,g,0.03759707186299764,0.7347136108716102,0.0,0.0,MUR+CLBRS/LWAL/CDN+ERN/H:1/RES,v2026.0.0,BT,buildings,structural
2020024175513,2020-01-24 17:55:13,6.7,Mww,-12.0,38.3897,39.0883,wilber3_usgs,Wilber3 / USGS,10.0,142,37.55038100694362,39.194398127454846,537.5999755859375,93.79038193217254,94.32197910870401,True,True,PGA,g,0.0289284947363887,0.7347136108716102,0.0,0.0,MUR+CLBRS/LWAL/CDN+ERN/H:1/RES,v2026.0.0,BT,buildings,structural
2020024175513,2020-01-24 17:55:13,6.7,Mww,-12.0,38.3897,39.0883,wilber3_usgs,Wilber3 / USGS,10.0,143,37.3782156204095,39.72719331820265,530.8634643554688,125.67255676386615,126.06978830618841,True,True,PGA,g,0.01893618492867301,0.7347136108716102,0.0,0.0,MUR+CLBRS/LWAL/CDN+ERN/H:1/RES,v2026.0.0,BT,buildings,structural
2020024175513,2020-01-24 17:55:13,6.7,Mww,-12.0,38.3897,39.0883,wilber3_usgs,Wilber3 / USGS,10.0,144,37.20308410656944,40.2577630845222,528.6494140625,167.2340554356296,167.53277081648008,True,True,PGA,g,0.012441809352192728,0.7347136108716102,0.0,0.0,MUR+CLBRS/LWAL/CDN+ERN/H:1/RES,v2026.0.0,BT,buildings,structural
2020024175513,2020-01-24 17:55:13,6.7,Mww,-12.0,38.3897,39.0883,wilber3_usgs,Wilber3 / USGS,10.0,145,41.08928448177223,26.488968088567013,243.0297088623047,1117.186720521723,1117.2314749012767,True,False,PGA,g,0.0010186060914453478,0.7347136108716102,0.0,0.0,MUR+CLBRS/LWAL/CDN+ERN/H:1/RES,v2026.0.0,BT,buildings,structural
2020024175513,2020-01-24 17:55:13,6.7,Mww,-12.0,38.3897,39.0883,wilber3_usgs,Wilber3 / USGS,10.0,146,40.98955554528828,27.07058243420781,324.740478515625,1067.1728041841761,1067.2196559238955,True,False,PGA,g,0.0009671272621393332,0.7347136108716102,0.0,0.0,MUR+CLBRS/LWAL/CDN+ERN/H:1/RES,v2026.0.0,BT,buildings,structural
2020024175513,2020-01-24 17:55:13,6.7,Mww,-12.0,38.3897,39.0883,wilber3_usgs,Wilber3 / USGS,10.0,147,40.556858879095685,29.380147541154155,537.5999755859375,866.8998596612262,866.9575345313366,True,False,PGA,g,0.0010679289134878618,0.7347136108716102,0.0,0.0,MUR+CLBRS/LWAL/CDN+ERN/H:1/RES,v2026.0.0,BT,buildings,structural
2020024175513,2020-01-24 17:55:13,6.7,Mww,-12.0,38.3897,39.0883,wilber3_usgs,Wilber3 / USGS,10.0,148,40.44031923175131,29.953111188266483,383.7698059082031,816.7756703195415,816.8368843446875,True,False,PGA,g,0.0013437019647715529,0.7347136108716102,0.0,0.0,MUR+CLBRS/LWAL/CDN+ERN/H:1/RES,v2026.0.0,BT,buildings,structural
2020024175513,2020-01-24 17:55:13,6.7,Mww,-12.0,38.3897,39.0883,wilber3_usgs,Wilber3 / USGS,10.0,149,40.32046641172607,30.5242267272893,600.7100219726562,766.6289104380157,766.6941282671853,True,False,PGA,g,0.0012244514915775646,0.7347136108716102,0.0,0.0,MUR+CLBRS/LWAL/CDN+ERN/H:1/RES,v2026.0.0,BT,buildings,structural
2020024175513,2020-01-24 17:55:13,6.7,Mww,-12.0,38.3897,39.0883,wilber3_usgs,Wilber3 / USGS,10.0,150,40.19731744397758,31.09345805137606,535.0223999023438,716.4598511480647,716.5296353306728,True,False,PGA,g,0.001421785262170789,0.7347136108716102,0.0,0.0,MUR+CLBRS/LWAL/CDN+ERN/H:1/RES,v2026.0.0,BT,buildings,structural
2020024175513,2020-01-24 17:55:13,6.7,Mww,-12.0,38.3897,39.0883,wilber3_usgs,Wilber3 / USGS,10.0,151,40.07088962204292,31.660770453715006,304.8576965332031,666.2691011116335,666.3441416386162,True,False,PGA,g,0.0020018181237165165,0.7347136108716102,0.0,0.0,MUR+CLBRS/LWAL/CDN+ERN/H:1/RES,v2026.0.0,BT,buildings,structural
2020024175513,2020-01-24 17:55:13,6.7,Mww,-12.0,38.3897,39.0883,wilber3_usgs,Wilber3 / USGS,10.0,152,39.94120049187214,32.22613063486308,600.7100219726562,616.0577460546243,616.1389019319458,True,False,PGA,g,0.001696403196156682,0.7347136108716102,0.0,0.0,MUR+CLBRS/LWAL/CDN+ERN/H:1/RES,v2026.0.0,BT,buildings,structural
2020024175513,2020-01-24 17:55:13,6.7,Mww,-12.0,38.3897,39.0883,wilber3_usgs,Wilber3 / USGS,10.0,153,39.80826783566438,32.78950670817389,545.1306762695312,565.8275628875458,565.9159221326606,True,False,PGA,g,0.0020055589201608856,0.7347136108716102,0.0,0.0,MUR+CLBRS/LWAL/CDN+ERN/H:1/RES,v2026.0.0,BT,buildings,structural
2020024175513,2020-01-24 17:55:13,6.7,Mww,-12.0,38.3897,39.0883,wilber3_usgs,Wilber3 / USGS,10.0,154,39.67210965573072,33.350868203365806,449.58001708984375,515.5813593734792,515.6783281595269,True,False,PGA,g,0.002496521888844708,0.7347136108716102,0.0,0.0,MUR+CLBRS/LWAL/CDN+ERN/H:1/RES,v2026.0.0,BT,buildings,structural
2020024175513,2020-01-24 17:55:13,6.7,Mww,-12.0,38.3897,39.0883,wilber3_usgs,Wilber3 / USGS,10.0,155,39.53274415840682,33.91018606828075,476.3794555664063,465.3235343387343,465.43097405468325,True,False,PGA,g,0.0028392785593208,0.7347136108716102,0.0,0.0,MUR+CLBRS/LWAL/CDN+ERN/H:1/RES,v2026.0.0,BT,buildings,structural
2020024175513,2020-01-24 17:55:13,6.7,Mww,-12.0,38.3897,39.0883,wilber3_usgs,Wilber3 / USGS,10.0,156,39.3901897380382,34.467432668886644,402.7200012207031,415.06104536796175,415.18149209947353,True,False,PGA,g,0.0036086449247657863,0.7347136108716102,0.0,0.0,MUR+CLBRS/LWAL/CDN+ERN/H:1/RES,v2026.0.0,BT,buildings,structural
2020024175513,2020-01-24 17:55:13,6.7,Mww,-12.0,38.3897,39.0883,wilber3_usgs,Wilber3 / USGS,10.0,157,39.24446496105929,35.02258178758028,492.7139892578125,364.80517652231,364.94221024358603,True,False,PGA,g,0.004022367963249245,0.7347136108716102,0.0,0.0,MUR+CLBRS/LWAL/CDN+ERN/H:1/RES,v2026.0.0,BT,buildings,structural
2020024175513,2020-01-24 17:55:13,6.7,Mww,-12.0,38.3897,39.0883,wilber3_usgs,Wilber3 / USGS,10.0,158,39.09558855018729,35.575608619849234,430.0249938964844,314.57499826529346,314.733902739456,True,False,PGA,g,0.005303797369339222,0.7347136108716102,0.0,0.0,MUR+CLBRS/LWAL/CDN+ERN/H:1/RES,v2026.0.0,BT,buildings,structural
2020024175513,2020-01-24 17:55:13,6.7,Mww,-12.0,38.3897,39.0883,wilber3_usgs,Wilber3 / USGS,10.0,159,38.94357936874966,36.126489769354585,495.9154052734375,264.4047586914112,264.59379512502437,True,False,PGA,g,0.006474598821966479,0.7347136108716102,0.0,0.0,MUR+CLBRS/LWAL/CDN+ERN/H:1/RES,v2026.0.0,BT,buildings,structural
2020024175513,2020-01-24 17:55:13,6.7,Mww,-12.0,38.3897,39.0883,wilber3_usgs,Wilber3 / USGS,10.0,160,38.78845640516469,36.67520324149756,619.1500244140625,214.36159347962098,214.59471745390724,True,False,PGA,g,0.0080671016094171,0.7347136108716102,0.0,0.0,MUR+CLBRS/LWAL/CDN+ERN/H:1/RES,v2026.0.0,BT,buildings,structural
2020024175513,2020-01-24 17:55:13,6.7,Mww,-12.0,38.3897,39.0883,wilber3_usgs,Wilber3 / USGS,10.0,161,38.63023875759182,37.22172843553528,446.1104431152344,164.59521705246303,164.89871278014093,True,True,PGA,g,0.013641643102365831,0.7347136108716102,0.0,0.0,MUR+CLBRS/LWAL/CDN+ERN/H:1/RES,v2026.0.0,BT,buildings,structural
2020024175513,2020-01-24 17:55:13,6.7,Mww,-12.0,38.3897,39.0883,wilber3_usgs,Wilber3 / USGS,10.0,162,38.46894561876885,37.76604613531235,560.0208129882812,115.5137934453411,115.94583423363224,True,True,PGA,g,0.02097895079576471,0.7347136108716102,0.0,0.0,MUR+CLBRS/LWAL/CDN+ERN/H:1/RES,v2026.0.0,BT,buildings,structural
2020024175513,2020-01-24 17:55:13,6.7,Mww,-12.0,38.3897,39.0883,wilber3_usgs,Wilber3 / USGS,10.0,163,38.30459626105106,38.30813849867578,502.46868896484375,68.68992727595081,69.41401954342804,True,True,PGA,g,0.04655136344937318,0.7347136108716102,0.0,0.0,MUR+CLBRS/LWAL/CDN+ERN/H:1/RES,v2026.0.0,BT,buildings,structural
2020024175513,2020-01-24 17:55:13,6.7,Mww,-12.0,38.3897,39.0883,wilber3_usgs,Wilber3 / USGS,10.0,164,38.13721002166683,38.84798904564202,576.5399780273438,35.04906206699717,36.44772629089804,True,True,PGA,g,0.1120006646214626,0.7347136108716102,1e-08,1e-08,MUR+CLBRS/LWAL/CDN+ERN/H:1/RES,v2026.0.0,BT,buildings,structural
2020024175513,2020-01-24 17:55:13,6.7,Mww,-12.0,38.3897,39.0883,wilber3_usgs,Wilber3 / USGS,10.0,165,37.96680628820294,39.385582645385306,537.5999755859375,53.725752690869435,54.64848124331054,True,True,PGA,g,0.06428452102427137,0.7347136108716102,1e-08,1e-08,MUR+CLBRS/LWAL/CDN+ERN/H:1/RES,v2026.0.0,BT,buildings,structural
2020024175513,2020-01-24 17:55:13,6.7,Mww,-12.0,38.3897,39.0883,wilber3_usgs,Wilber3 / USGS,10.0,166,37.7934044843319,39.92090550211677,535.904052734375,98.51590226662836,99.02213388635832,True,True,PGA,g,0.02695968293967519,0.7347136108716102,0.0,0.0,MUR+CLBRS/LWAL/CDN+ERN/H:1/RES,v2026.0.0,BT,buildings,structural
2020024175513,2020-01-24 17:55:13,6.7,Mww,-12.0,38.3897,39.0883,wilber3_usgs,Wilber3 / USGS,10.0,167,37.61702405579266,40.45394513992413,505.2450866699219,147.304539527338,147.64358220173705,True,True,PGA,g,0.015286094157561008,0.7347136108716102,0.0,0.0,MUR+CLBRS/LWAL/CDN+ERN/H:1/RES,v2026.0.0,BT,buildings,structural
2020024175513,2020-01-24 17:55:13,6.7,Mww,-12.0,38.3897,39.0883,wilber3_usgs,Wilber3 / USGS,10.0,168,37.43768445663451,40.98469038664149,491.2444763183594,197.1801163247132,197.43352874784827,True,True,PGA,g,0.01004521461274003,0.7347136108716102,0.0,0.0,MUR+CLBRS/LWAL/CDN+ERN/H:1/RES,v2026.0.0,BT,buildings,structural
2020024175513,2020-01-24 17:55:13,6.7,Mww,-12.0,38.3897,39.0883,wilber3_usgs,Wilber3 / USGS,10.0,169,37.25540513573389,41.51313135681831,488.5272216796875,247.51506246787648,247.71698800945563,True,False,PGA,g,0.0071858789485863,0.7347136108716102,0.0,0.0,MUR+CLBRS/LWAL/CDN+ERN/H:1/RES,v2026.0.0,BT,buildings,structural
2020024175513,2020-01-24 17:55:13,6.7,Mww,-12.0,38.3897,39.0883,wilber3_usgs,Wilber3 / USGS,10.0,170,41.52911975891151,26.60877510208489,374.2494201660156,1118.2437066936507,1118.2884187721677,True,False,PGA,g,0.0008502034489059567,0.7347136108716102,0.0,0.0,MUR+CLBRS/LWAL/CDN+ERN/H:1/RES,v2026.0.0,BT,buildings,structural
2020024175513,2020-01-24 17:55:13,6.7,Mww,-12.0,38.3897,39.0883,wilber3_usgs,Wilber3 / USGS,10.0,171,41.42856530103737,27.19423644754487,393.7810974121094,1068.2201872001074,1068.2669930040113,True,False,PGA,g,0.0008910816163344465,0.7347136108716102,0.0,0.0,MUR+CLBRS/LWAL/CDN+ERN/H:1/RES,v2026.0.0,BT,buildings,structural
2020024175513,2020-01-24 17:55:13,6.7,Mww,-12.0,38.3897,39.0883,wilber3_usgs,Wilber3 / USGS,10.0,172,41.32459277417623,27.778001842368653,392.4464416503906,1018.1735017942569,1018.2226081540224,True,False,PGA,g,0.0009585112838286276,0.7347136108716102,0.0,0.0,MUR+CLBRS/LWAL/CDN+ERN/H:1/RES,v2026.0.0,BT,buildings,structural
2020024175513,2020-01-24 17:55:13,6.7,Mww,-12.0,38.3897,39.0883,wilber3_usgs,Wilber3 / USGS,10.0,173,41.21721809479402,28.360027310851105,349.6066589355469,968.1028880775536,968.1545341029502,True,False,PGA,g,0.001084385282593447,0.7347136108716102,0.0,0.0,MUR+CLBRS/LWAL/CDN+ERN/H:1/RES,v2026.0.0,BT,buildings,structural
2020024175513,2020-01-24 17:55:13,6.7,Mww,-12.0,38.3897,39.0883,wilber3_usgs,Wilber3 / USGS,10.0,174,41.1064575358912,28.94027026737205,594.7554321289062,918.007597126934,918.0620612914832,True,False,PGA,g,0.0009398396342178555,0.7347136108716102,0.0,0.0,MUR+CLBRS/LWAL/CDN+ERN/H:1/RES,v2026.0.0,BT,buildings,structural
2020024175513,2020-01-24 17:55:13,6.7,Mww,-12.0,38.3897,39.0883,wilber3_usgs,Wilber3 / USGS,10.0,175,40.99232771054403,29.51868953397133,600.7100219726562,867.8868982448051,867.9445075262523,True,False,PGA,g,0.0010176555528695111,0.7347136108716102,0.0,0.0,MUR+CLBRS/LWAL/CDN+ERN/H:1/RES,v2026.0.0,BT,buildings,structural
2020024175513,2020-01-24 17:55:13,6.7,Mww,-12.0,38.3897,39.0883,wilber3_usgs,Wilber3 / USGS,10.0,176,40.87484555531893,30.095245355730786,471.40081787109375,817.7400855099074,817.801227346689,True,False,PGA,g,0.0012309380258861632,0.7347136108716102,0.0,0.0,MUR+CLBRS/LWAL/CDN+ERN/H:1/RES,v2026.0.0,BT,buildings,structural
2020024175513,2020-01-24 17:55:13,6.7,Mww,-12.0,38.3897,39.0883,wilber3_usgs,Wilber3 / USGS,10.0,177,40.75402831358981,30.66989941399068,283.1601257324219,767.566486957842,767.6316251307022,True,False,PGA,g,0.0016718060876889703,0.7347136108716102,0.0,0.0,MUR+CLBRS/LWAL/CDN+ERN/H:1/RES,v2026.0.0,BT,buildings,structural
2020024175513,2020-01-24 17:55:13,6.7,Mww,-12.0,38.3897,39.0883,wilber3_usgs,Wilber3 / USGS,10.0,178,40.62989351878622,31.24261483743329,600.7100219726562,717.3654776862196,717.4351737794698,True,False,PGA,g,0.0013519196040547696,0.7347136108716102,0.0,0.0,MUR+CLBRS/LWAL/CDN+ERN/H:1/RES,v2026.0.0,BT,buildings,structural
2020024175513,2020-01-24 17:55:13,6.7,Mww,-12.0,38.3897,39.0883,wilber3_usgs,Wilber3 / USGS,10.0,179,40.50245897760074,31.81335621107146,537.5999755859375,667.1364989628722,667.2114419345927,True,False,PGA,g,0.0015781212750070187,0.7347136108716102,0.0,0.0,MUR+CLBRS/LWAL/CDN+ERN/H:1/RES,v2026.0.0,BT,buildings,structural
2020024175513,2020-01-24 17:55:13,6.7,Mww,-12.0,38.3897,39.0883,wilber3_usgs,Wilber3 / USGS,10.0,180,40.37174275318224,32.38208958318474,525.3312377929688,616.8790867757391,616.9601346126586,True,False,PGA,g,0.00179076201117708,0.7347136108716102,0.0,0.0,MUR+CLBRS/LWAL/CDN+ERN/H:1/RES,v2026.0.0,BT,buildings,structural
2020024175513,2020-01-24 17:55:13,6.7,Mww,-12.0,38.3897,39.0883,wilber3_usgs,Wilber3 / USGS,10.0,181,40.23776314834132,32.948782470250165,600.7100219726562,566.5929157136583,566.6811556218405,True,False,PGA,g,0.001921842073221948,0.7347136108716102,0.0,0.0,MUR+CLBRS/LWAL/CDN+ERN/H:1/RES,v2026.0.0,BT,buildings,structural
2020024175513,2020-01-24 17:55:13,6.7,Mww,-12.0,38.3897,39.0883,wilber3_usgs,Wilber3 / USGS,10.0,182,40.10053868879341,33.513403859918775,600.7100219726562,516.2778686743767,516.3747066646051,True,False,PGA,g,0.0022075881021144544,0.7347136108716102,0.0,0.0,MUR+CLBRS/LWAL/CDN+ERN/H:1/RES,v2026.0.0,BT,buildings,structural
2020024175513,2020-01-24 17:55:13,6.7,Mww,-12.0,38.3897,39.0883,wilber3_usgs,Wilber3 / USGS,10.0,183,39.96008810646402,34.075924212092694,498.0765686035156,465.9341519958438,466.04145094195866,True,False,PGA,g,0.0027816514570912104,0.7347136108716102,0.0,0.0,MUR+CLBRS/LWAL/CDN+ERN/H:1/RES,v2026.0.0,BT,buildings,structural
2020024175513,2020-01-24 17:55:13,6.7,Mww,-12.0,38.3897,39.0883,wilber3_usgs,Wilber3 / USGS,10.0,184,39.81643032287921,34.636315458161214,437.4578552246094,415.56249465702604,415.6827960904454,True,False,PGA,g,0.0034810379852883424,0.7347136108716102,0.0,0.0,MUR+CLBRS/LWAL/CDN+ERN/H:1/RES,v2026.0.0,BT,buildings,structural
2020024175513,2020-01-24 17:55:13,6.7,Mww,-12.0,38.3897,39.0883,wilber3_usgs,Wilber3 / USGS,10.0,185,39.66958443266434,35.194550998457146,616.9863891601562,365.16451295051576,365.3014118757104,True,False,PGA,g,0.0036572416465820525,0.7347136108716102,0.0,0.0,MUR+CLBRS/LWAL/CDN+ERN/H:1/RES,v2026.0.0,BT,buildings,structural
2020024175513,2020-01-24 17:55:13,6.7,Mww,-12.0,38.3897,39.0883,wilber3_usgs,Wilber3 / USGS,10.0,186,39.51956968717203,35.75060569799753,576.5399780273438,314.7434265042095,314.9022459869264,True,False,PGA,g,0.0046937473221981005,0.7347136108716102,0.0,0.0,MUR+CLBRS/LWAL/CDN+ERN/H:1/RES,v2026.0.0,BT,buildings,structural
2020024175513,2020-01-24 17:55:13,6.7,Mww,-12.0,38.3897,39.0883,wilber3_usgs,Wilber3 / USGS,10.0,187,39.366405478259885,36.30445588057545,448.3022155761719,264.30559552542155,264.49470283173486,True,False,PGA,g,0.006752696640901356,0.7347136108716102,0.0,0.0,MUR+CLBRS/LWAL/CDN+ERN/H:1/RES,v2026.0.0,BT,buildings,structural
2020024175513,2020-01-24 17:55:13,6.7,Mww,-12.0,38.3897,39.0883,wilber3_usgs,Wilber3 / USGS,10.0,188,39.21011132223724,36.85607932127117,441.9340515136719,213.86423573641056,214.09790126743184,True,False,PGA,g,0.0092979497669448,0.7347136108716102,0.0,0.0,MUR+CLBRS/LWAL/CDN+ERN/H:1/RES,v2026.0.0,BT,buildings,structural
2020024175513,2020-01-24 17:55:13,6.7,Mww,-12.0,38.3897,39.0883,wilber3_usgs,Wilber3 / USGS,10.0,189,39.050706843999045,37.4054552374532,464.6650695800781,163.45001148678676,163.7556296895796,True,True,PGA,g,0.013559993124490318,0.7347136108716102,0.0,0.0,MUR+CLBRS/LWAL/CDN+ERN/H:1/RES,v2026.0.0,BT,buildings,structural
2020024175513,2020-01-24 17:55:13,6.7,Mww,-12.0,38.3897,39.0883,wilber3_usgs,Wilber3 / USGS,10.0,190,38.88821176136395,37.95256427834092,619.1500244140625,113.14989388597557,113.59092607425794,True,True,PGA,g,0.02076497882817063,0.7347136108716102,0.0,0.0,MUR+CLBRS/LWAL/CDN+ERN/H:1/RES,v2026.0.0,BT,buildings,structural
2020024175513,2020-01-24 17:55:13,6.7,Mww,-12.0,38.3897,39.0883,wilber3_usgs,Wilber3 / USGS,10.0,191,38.72264586963246,38.497388513201685,463.3088073730469,63.330340324463144,64.11499049062023,True,True,PGA,g,0.053790670090157894,0.7347136108716102,1e-08,1e-08,MUR+CLBRS/LWAL/CDN+ERN/H:1/RES,v2026.0.0,BT,buildings,structural
2020024175513,2020-01-24 17:55:13,6.7,Mww,-12.0,38.3897,39.0883,wilber3_usgs,Wilber3 / USGS,10.0,192,38.55402902637986,39.03991141825595,357.75457763671875,18.751865936015694,21.251646432272153,True,True,PGA,g,0.2489657464479364,0.7347136108716102,0.002247825239241526,12.149058608299205,MUR+CLBRS/LWAL/CDN+ERN/H:1/RES,v2026.0.0,BT,buildings,structural
2020024175513,2020-01-24 17:55:13,6.7,Mww,-12.0,38.3897,39.0883,wilber3_usgs,Wilber3 / USGS,10.0,193,38.38238113649788,39.58011786236474,619.1500244140625,42.874362153810715,44.02511703671117,True,True,PGA,g,0.08340169956342608,0.7347136108716102,1e-08,1e-08,MUR+CLBRS/LWAL/CDN+ERN/H:1/RES,v2026.0.0,BT,buildings,structural
2020024175513,2020-01-24 17:55:13,6.7,Mww,-12.0,38.3897,39.0883,wilber3_usgs,Wilber3 / USGS,10.0,194,38.20772213749719,40.11799409157385,487.0408020019531,92.1057412948435,92.64700523747456,True,True,PGA,g,0.030864236574960784,0.7347136108716102,0.0,0.0,MUR+CLBRS/LWAL/CDN+ERN/H:1/RES,v2026.0.0,BT,buildings,structural
2020024175513,2020-01-24 17:55:13,6.7,Mww,-12.0,38.3897,39.0883,wilber3_usgs,Wilber3 / USGS,10.0,195,38.0300719850824,40.65352771258926,428.0439147949219,142.48086099476527,142.83135422521772,True,True,PGA,g,0.017148101253667215,0.7347136108716102,0.0,0.0,MUR+CLBRS/LWAL/CDN+ERN/H:1/RES,v2026.0.0,BT,buildings,structural
2020024175513,2020-01-24 17:55:13,6.7,Mww,-12.0,38.3897,39.0883,wilber3_usgs,Wilber3 / USGS,10.0,196,37.84945063900995,41.1867076752579,387.1775817871094,193.1423980926007,193.40110118859366,True,True,PGA,g,0.011397320594827913,0.7347136108716102,0.0,0.0,MUR+CLBRS/LWAL/CDN+ERN/H:1/RES,v2026.0.0,BT,buildings,structural
2020024175513,2020-01-24 17:55:13,6.7,Mww,-12.0,38.3897,39.0883,wilber3_usgs,Wilber3 / USGS,10.0,197,37.66587804923799,41.7175242541276,512.5012817382812,243.9410379918836,244.14591951650064,True,False,PGA,g,0.007199331038053238,0.7347136108716102,0.0,0.0,MUR+CLBRS/LWAL/CDN+ERN/H:1/RES,v2026.0.0,BT,buildings,structural
2020024175513,2020-01-24 17:55:13,6.7,Mww,-12.0,38.3897,39.0883,wilber3_usgs,Wilber3 / USGS,10.0,198,37.47937414237634,42.24596902915907,600.7100219726562,294.83067263344185,295.0002127549873,True,False,PGA,g,0.005085530200438717,0.7347136108716102,0.0,0.0,MUR+CLBRS/LWAL/CDN+ERN/H:1/RES,v2026.0.0,BT,buildings,structural
2020024175513,2020-01-24 17:55:13,6.7,Mww,-12.0,38.3897,39.0883,wilber3_usgs,Wilber3 / USGS,10.0,199,41.86714480472202,27.32030359889184,576.5399780273438,1071.5034441066678,1071.5501064964021,True,False,PGA,g,0.0007561048647810141,0.7347136108716102,0.0,0.0,MUR+CLBRS/LWAL/CDN+ERN/H:1/RES,v2026.0.0,BT,buildings,structural
2020024175513,2020-01-24 17:55:13,6.7,Mww,-12.0,38.3897,39.0883,wilber3_usgs,Wilber3 / USGS,10.0,200,41.76230564320424,27.90793197350734,576.5399780273438,1021.5558229126093,1021.6047666914335,True,False,PGA,g,0.0008118940167581595,0.7347136108716102,0.0,0.0,MUR+CLBRS/LWAL/CDN+ERN/H:1/RES,v2026.0.0,BT,buildings,structural
2020024175513,2020-01-24 17:55:13,6.7,Mww,-12.0,38.3897,39.0883,wilber3_usgs,Wilber3 / USGS,10.0,201,41.06191479063402,31.39460201858199,600.7100219726562,721.6065987765547,721.6758852822143,True,False,PGA,g,0.0013400894944532533,0.7347136108716102,0.0,0.0,MUR+CLBRS/LWAL/CDN+ERN/H:1/RES,v2026.0.0,BT,buildings,structural
2020024175513,2020-01-24 17:55:13,6.7,Mww,-12.0,38.3897,39.0883,wilber3_usgs,Wilber3 / USGS,10.0,202,40.93345450667417,31.96882470353246,594.1270141601562,671.5911768291402,671.6656227578939,True,False,PGA,g,0.0014984790311669133,0.7347136108716102,0.0,0.0,MUR+CLBRS/LWAL/CDN+ERN/H:1/RES,v2026.0.0,BT,buildings,structural
2020024175513,2020-01-24 17:55:13,6.7,Mww,-12.0,38.3897,39.0883,wilber3_usgs,Wilber3 / USGS,10.0,203,40.801691908159086,32.54098176438588,537.5999755859375,621.5804429706967,621.6608778776798,True,False,PGA,g,0.0017535958693337193,0.7347136108716102,0.0,0.0,MUR+CLBRS/LWAL/CDN+ERN/H:1/RES,v2026.0.0,BT,buildings,structural
2020024175513,2020-01-24 17:55:13,6.7,Mww,-12.0,38.3897,39.0883,wilber3_usgs,Wilber3 / USGS,10.0,204,40.666645835463534,33.11104011893139,354.2043762207031,571.5827942545997,571.670263952828,True,False,PGA,g,0.0023638032049641787,0.7347136108716102,0.0,0.0,MUR+CLBRS/LWAL/CDN+ERN/H:1/RES,v2026.0.0,BT,buildings,structural
2020024175513,2020-01-24 17:55:13,6.7,Mww,-12.0,38.3897,39.0883,wilber3_usgs,Wilber3 / USGS,10.0,205,40.52833535453819,33.67896821343401,448.244140625,521.6101826966991,521.7060309148092,True,False,PGA,g,0.002456707499776404,0.7347136108716102,0.0,0.0,MUR+CLBRS/LWAL/CDN+ERN/H:1/RES,v2026.0.0,BT,buildings,structural
2020024175513,2020-01-24 17:55:13,6.7,Mww,-12.0,38.3897,39.0883,wilber3_usgs,Wilber3 / USGS,10.0,206,40.38677973958139,34.24473602295546,452.1221618652344,471.67999686713785,471.785989029542,True,False,PGA,g,0.002843642717749736,0.7347136108716102,0.0,0.0,MUR+CLBRS/LWAL/CDN+ERN/H:1/RES,v2026.0.0,BT,buildings,structural
2020024175513,2020-01-24 17:55:13,6.7,Mww,-12.0,38.3897,39.0883,wilber3_usgs,Wilber3 / USGS,10.0,207,40.24199845581047,34.80831504974517,419.39495849609375,421.81827040517004,421.93678821312693,True,False,PGA,g,0.003464439067876801,0.7347136108716102,0.0,0.0,MUR+CLBRS/LWAL/CDN+ERN/H:1/RES,v2026.0.0,BT,buildings,structural
2020024175513,2020-01-24 17:55:13,6.7,Mww,-12.0,38.3897,39.0883,wilber3_usgs,Wilber3 / USGS,10.0,208,40.09401114235636,35.36967831976815,580.7123413085938,372.06544473332303,372.19980543332565,True,False,PGA,g,0.0036477815729621787,0.7347136108716102,0.0,0.0,MUR+CLBRS/LWAL/CDN+ERN/H:1/RES,v2026.0.0,BT,buildings,structural
2020024175513,2020-01-24 17:55:13,6.7,Mww,-12.0,38.3897,39.0883,wilber3_usgs,Wilber3 / USGS,10.0,209,39.94283759530382,35.928800377439245,535.7010498046875,322.48739187569913,322.64239944370416,True,False,PGA,g,0.004667483653519639,0.7347136108716102,0.0,0.0,MUR+CLBRS/LWAL/CDN+ERN/H:1/RES,v2026.0.0,BT,buildings,structural
2020024175513,2020-01-24 17:55:13,6.7,Mww,-12.0,38.3897,39.0883,wilber3_usgs,Wilber3 / USGS,10.0,210,39.78849775089813,36.48565727863619,429.4677429199219,273.19820442592254,273.3811604729707,True,False,PGA,g,0.00654292339843607,0.7347136108716102,0.0,0.0,MUR+CLBRS/LWAL/CDN+ERN/H:1/RES,v2026.0.0,BT,buildings,structural
2020024175513,2020-01-24 17:55:13,6.7,Mww,-12.0,38.3897,39.0883,wilber3_usgs,Wilber3 / USGS,10.0,211,39.63101166893865,37.04022658206525,457.5965576171875,224.41217276939233,224.6348665881581,True,False,PGA,g,0.00853605318661977,0.7347136108716102,0.0,0.0,MUR+CLBRS/LWAL/CDN+ERN/H:1/RES,v2026.0.0,BT,buildings,structural
2020024175513,2020-01-24 17:55:13,6.7,Mww,-12.0,38.3897,39.0883,wilber3_usgs,Wilber3 / USGS,10.0,212,39.47039951637768,37.59248733905582,476.6583251953125,176.57827515340912,176.86120902038712,True,True,PGA,g,0.011973553011469644,0.7347136108716102,0.0,0.0,MUR+CLBRS/LWAL/CDN+ERN/H:1/RES,v2026.0.0,BT,buildings,structural
2020024175513,2020-01-24 17:55:13,6.7,Mww,-12.0,38.3897,39.0883,wilber3_usgs,Wilber3 / USGS,10.0,213,39.30668155114245,38.14242008186092,476.82525634765625,130.7895306632625,131.17126717050684,True,True,PGA,g,0.01863862517059625,0.7347136108716102,0.0,0.0,MUR+CLBRS/LWAL/CDN+ERN/H:1/RES,v2026.0.0,BT,buildings,structural
2020024175513,2020-01-24 17:55:13,6.7,Mww,-12.0,38.3897,39.0883,wilber3_usgs,Wilber3 / USGS,10.0,214,39.13987810619656,38.69000681054206,459.8590087890625,90.28119308250534,90.83332992024793,True,True,PGA,g,0.032472454319054884,0.7347136108716102,0.0,0.0,MUR+CLBRS/LWAL/CDN+ERN/H:1/RES,v2026.0.0,BT,buildings,structural
2020024175513,2020-01-24 17:55:13,6.7,Mww,-12.0,38.3897,39.0883,wilber3_usgs,Wilber3 / USGS,10.0,215,38.97000957385584,39.23523097851778,537.5999755859375,65.7759409116821,66.5317548454653,True,True,PGA,g,0.048289055174008826,0.7347136108716102,0.0,0.0,MUR+CLBRS/LWAL/CDN+ERN/H:1/RES,v2026.0.0,BT,buildings,structural
2020024175513,2020-01-24 17:55:13,6.7,Mww,-12.0,38.3897,39.0883,wilber3_usgs,Wilber3 / USGS,10.0,216,38.79709639037304,39.77807747685498,523.709716796875,75.13879004935002,75.80130454075511,True,True,PGA,g,0.04029924290461262,0.7347136108716102,0.0,0.0,MUR+CLBRS/LWAL/CDN+ERN/H:1/RES,v2026.0.0,BT,buildings,structural
2020024175513,2020-01-24 17:55:13,6.7,Mww,-12.0,38.3897,39.0883,wilber3_usgs,Wilber3 / USGS,10.0,217,38.62115902080354,40.3185326173833,576.5399780273438,110.09889858682531,110.55210296521747,True,True,PGA,g,0.022249809530729997,0.7347136108716102,0.0,0.0,MUR+CLBRS/LWAL/CDN+ERN/H:1/RES,v2026.0.0,BT,buildings,structural
2020024175513,2020-01-24 17:55:13,6.7,Mww,-12.0,38.3897,39.0883,wilber3_usgs,Wilber3 / USGS,10.0,218,38.44221794416428,40.8565841147114,435.7065124511719,154.1675705626212,154.4915525625294,True,True,PGA,g,0.015164645770120836,0.7347136108716102,0.0,0.0,MUR+CLBRS/LWAL/CDN+ERN/H:1/RES,v2026.0.0,BT,buildings,structural
2020024175513,2020-01-24 17:55:13,6.7,Mww,-12.0,38.3897,39.0883,wilber3_usgs,Wilber3 / USGS,10.0,219,38.26029363889579,41.3922210672249,582.1966552734375,201.48753790058456,201.73553957902286,True,False,PGA,g,0.009072524653582317,0.7347136108716102,0.0,0.0,MUR+CLBRS/LWAL/CDN+ERN/H:1/RES,v2026.0.0,BT,buildings,structural
2020024175513,2020-01-24 17:55:13,6.7,Mww,-12.0,38.3897,39.0883,wilber3_usgs,Wilber3 / USGS,10.0,220,38.07540656863709,41.92543393714404,619.1500244140625,250.24928760830687,250.44900867934192,True,False,PGA,g,0.006409054144607971,0.7347136108716102,0.0,0.0,MUR+CLBRS/LWAL/CDN+ERN/H:1/RES,v2026.0.0,BT,buildings,structural
2020024175513,2020-01-24 17:55:13,6.7,Mww,-12.0,38.3897,39.0883,wilber3_usgs,Wilber3 / USGS,10.0,221,37.88757716832112,42.45621452971892,576.5399780273438,299.77433731842325,299.94108307249246,True,False,PGA,g,0.005046778541173616,0.7347136108716102,0.0,0.0,MUR+CLBRS/LWAL/CDN+ERN/H:1/RES,v2026.0.0,BT,buildings,structural
2020024175513,2020-01-24 17:55:13,6.7,Mww,-12.0,38.3897,39.0883,wilber3_usgs,Wilber3 / USGS,10.0,222,37.6968258305983,42.98455597163872,568.3587036132812,349.7600023346393,349.90292830030285,True,False,PGA,g,0.004035566374887042,0.7347136108716102,0.0,0.0,MUR+CLBRS/LWAL/CDN+ERN/H:1/RES,v2026.0.0,BT,buildings,structural
2020024175513,2020-01-24 17:55:13,6.7,Mww,-12.0,38.3897,39.0883,wilber3_usgs,Wilber3 / USGS,10.0,223,37.503172892593774,43.5104526887302,600.7100219726562,400.0529055710814,400.17786952287173,True,False,PGA,g,0.0032282926881457125,0.7347136108716102,0.0,0.0,MUR+CLBRS/LWAL/CDN+ERN/H:1/RES,v2026.0.0,BT,buildings,structural
2020024175513,2020-01-24 17:55:13,6.7,Mww,-12.0,38.3897,39.0883,wilber3_usgs,Wilber3 / USGS,10.0,224,41.36387268192554,32.12724807530359,537.5999755859375,679.5585011016841,679.632074301653,True,False,PGA,g,0.0015353109733106593,0.7347136108716102,0.0,0.0,MUR+CLBRS/LWAL/CDN+ERN/H:1/RES,v2026.0.0,BT,buildings,structural
2020024175513,2020-01-24 17:55:13,6.7,Mww,-12.0,38.3897,39.0883,wilber3_usgs,Wilber3 / USGS,10.0,225,41.23104397401816,32.70288003523498,450.1291809082031,630.0705453607966,630.1498965573601,True,False,PGA,g,0.0018508453007117108,0.7347136108716102,0.0,0.0,MUR+CLBRS/LWAL/CDN+ERN/H:1/RES,v2026.0.0,BT,buildings,structural
2020024175513,2020-01-24 17:55:13,6.7,Mww,-12.0,38.3897,39.0883,wilber3_usgs,Wilber3 / USGS,10.0,226,41.09491145873179,33.2763531496317,576.5399780273438,580.6834952677517,580.7695943111804,True,False,PGA,g,0.0018848674488903968,0.7347136108716102,0.0,0.0,MUR+CLBRS/LWAL/CDN+ERN/H:1/RES,v2026.0.0,BT,buildings,structural
2020024175513,2020-01-24 17:55:13,6.7,Mww,-12.0,38.3897,39.0883,wilber3_usgs,Wilber3 / USGS,10.0,227,40.95549475971331,33.847635325026566,537.5999755859375,531.4335100597516,531.5275868799549,True,False,PGA,g,0.0022148822076347675,0.7347136108716102,0.0,0.0,MUR+CLBRS/LWAL/CDN+ERN/H:1/RES,v2026.0.0,BT,buildings,structural
2020024175513,2020-01-24 17:55:13,6.7,Mww,-12.0,38.3897,39.0883,wilber3_usgs,Wilber3 / USGS,10.0,228,40.81281371072964,34.41669605582694,449.4459228515625,482.37178349831726,482.47542685130344,True,False,PGA,g,0.0027570937075274303,0.7347136108716102,0.0,0.0,MUR+CLBRS/LWAL/CDN+ERN/H:1/RES,v2026.0.0,BT,buildings,structural
2020024175513,2020-01-24 17:55:13,6.7,Mww,-12.0,38.3897,39.0883,wilber3_usgs,Wilber3 / USGS,10.0,229,40.66688833779436,34.98350642177497,537.5999755859375,433.5728850519917,433.68819058432706,True,False,PGA,g,0.0029994525009359838,0.7347136108716102,0.0,0.0,MUR+CLBRS/LWAL/CDN+ERN/H:1/RES,v2026.0.0,BT,buildings,structural
2020024175513,2020-01-24 17:55:13,6.7,Mww,-12.0,38.3897,39.0883,wilber3_usgs,Wilber3 / USGS,10.0,230,40.51773884143387,35.548039083457624,437.2521057128906,385.14919290540445,385.2789908568653,True,False,PGA,g,0.0038985725947229184,0.7347136108716102,0.0,0.0,MUR+CLBRS/LWAL/CDN+ERN/H:1/RES,v2026.0.0,BT,buildings,structural
2020024175513,2020-01-24 17:55:13,6.7,Mww,-12.0,38.3897,39.0883,wilber3_usgs,Wilber3 / USGS,10.0,231,40.3653855791167,36.110268275942175,364.2544250488281,337.2771250915251,337.42533857137084,True,False,PGA,g,0.005118073671899431,0.7347136108716102,0.0,0.0,MUR+CLBRS/LWAL/CDN+ERN/H:1/RES,v2026.0.0,BT,buildings,structural
2020024175513,2020-01-24 17:55:13,6.7,Mww,-12.0,38.3897,39.0883,wilber3_usgs,Wilber3 / USGS,10.0,232,40.20984904786767,36.67016980061532,619.1500244140625,290.2475583976128,290.41977404401314,True,False,PGA,g,0.0051403363535193055,0.7347136108716102,0.0,0.0,MUR+CLBRS/LWAL/CDN+ERN/H:1/RES,v2026.0.0,BT,buildings,structural
2020024175513,2020-01-24 17:55:13,6.7,Mww,-12.0,38.3897,39.0883,wilber3_usgs,Wilber3 / USGS,10.0,233,40.05114986708789,37.227721015306265,618.48388671875,244.56890644191296,244.77326242503116,True,False,PGA,g,0.006634625020622726,0.7347136108716102,0.0,0.0,MUR+CLBRS/LWAL/CDN+ERN/H:1/RES,v2026.0.0,BT,buildings,structural
2020024175513,2020-01-24 17:55:13,6.7,Mww,-12.0,38.3897,39.0883,wilber3_usgs,Wilber3 / USGS,10.0,234,39.88930876159981,37.782900822775545,438.1587829589844,201.19104210867064,201.43940881757194,True,False,PGA,g,0.010213322772353001,0.7347136108716102,0.0,0.0,MUR+CLBRS/LWAL/CDN+ERN/H:1/RES,v2026.0.0,BT,buildings,structural
2020024175513,2020-01-24 17:55:13,6.7,Mww,-12.0,38.3897,39.0883,wilber3_usgs,Wilber3 / USGS,10.0,235,39.72434654493565,38.33568965765315,447.51953125,162.00844815642222,162.31678062989096,True,True,PGA,g,0.013946607253562346,0.7347136108716102,0.0,0.0,MUR+CLBRS/LWAL/CDN+ERN/H:1/RES,v2026.0.0,BT,buildings,structural
2020024175513,2020-01-24 17:55:13,6.7,Mww,-12.0,38.3897,39.0883,wilber3_usgs,Wilber3 / USGS,10.0,236,39.55628410288591,38.88606947191002,537.5999755859375,130.89105728653774,131.27249855772422,True,True,PGA,g,0.017744708426250366,0.7347136108716102,0.0,0.0,MUR+CLBRS/LWAL/CDN+ERN/H:1/RES,v2026.0.0,BT,buildings,structural
2020024175513,2020-01-24 17:55:13,6.7,Mww,-12.0,38.3897,39.0883,wilber3_usgs,Wilber3 / USGS,10.0,237,39.38514237732356,39.43402371894801,619.1500244140625,114.66134753070834,115.09658820989384,True,True,PGA,g,0.020363515760764454,0.7347136108716102,0.0,0.0,MUR+CLBRS/LWAL/CDN+ERN/H:1/RES,v2026.0.0,BT,buildings,structural
2020024175513,2020-01-24 17:55:13,6.7,Mww,-12.0,38.3897,39.0883,wilber3_usgs,Wilber3 / USGS,10.0,238,39.210942350318334,39.97953733639344,537.5999755859375,119.59759028666144,120.01493074770379,True,True,PGA,g,0.020264749733896692,0.7347136108716102,0.0,0.0,MUR+CLBRS/LWAL/CDN+ERN/H:1/RES,v2026.0.0,BT,buildings,structural
2020024175513,2020-01-24 17:55:13,6.7,Mww,-12.0,38.3897,39.0883,wilber3_usgs,Wilber3 / USGS,10.0,239,39.03370502855385,40.522596727679726,537.5999755859375,143.57755208528255,143.9253746314458,True,True,PGA,g,0.015481644631746505,0.7347136108716102,0.0,0.0,MUR+CLBRS/LWAL/CDN+ERN/H:1/RES,v2026.0.0,BT,buildings,structural
2020024175513,2020-01-24 17:55:13,6.7,Mww,-12.0,38.3897,39.0883,wilber3_usgs,Wilber3 / USGS,10.0,240,38.85345142805938,41.063189742503695,537.5999755859375,179.14623711131176,179.42512162777635,True,True,PGA,g,0.011159890707362431,0.7347136108716102,0.0,0.0,MUR+CLBRS/LWAL/CDN+ERN/H:1/RES,v2026.0.0,BT,buildings,structural
2020024175513,2020-01-24 17:55:13,6.7,Mww,-12.0,38.3897,39.0883,wilber3_usgs,Wilber3 / USGS,10.0,241,38.67020255926717,41.60130565624036,576.5399780273438,220.8029043881365,221.02923468680916,True,False,PGA,g,0.007951537935625851,0.7347136108716102,0.0,0.0,MUR+CLBRS/LWAL/CDN+ERN/H:1/RES,v2026.0.0,BT,buildings,structural
2020024175513,2020-01-24 17:55:13,6.7,Mww,-12.0,38.3897,39.0883,wilber3_usgs,Wilber3 / USGS,10.0,242,38.48397941240376,42.136935148399466,552.7262573242188,265.72601608988754,265.91411325276283,True,False,PGA,g,0.006144851327431511,0.7347136108716102,0.0,0.0,MUR+CLBRS/LWAL/CDN+ERN/H:1/RES,v2026.0.0,BT,buildings,structural
2020024175513,2020-01-24 17:55:13,6.7,Mww,-12.0,38.3897,39.0883,wilber3_usgs,Wilber3 / USGS,10.0,243,38.29480294322424,42.67007028020628,576.5399780273438,312.5333831408248,312.6933251245533,True,False,PGA,g,0.004743233619076309,0.7347136108716102,0.0,0.0,MUR+CLBRS/LWAL/CDN+ERN/H:1/RES,v2026.0.0,BT,buildings,structural
2020024175513,2020-01-24 17:55:13,6.7,Mww,-12.0,38.3897,39.0883,wilber3_usgs,Wilber3 / USGS,10.0,244,38.10269405909594,43.20070447138824,576.5399780273438,360.51254350737986,360.6512082693755,True,False,PGA,g,0.003834739305827399,0.7347136108716102,0.0,0.0,MUR+CLBRS/LWAL/CDN+ERN/H:1/RES,v2026.0.0,BT,buildings,structural
2020024175513,2020-01-24 17:55:13,6.7,Mww,-12.0,38.3897,39.0883,wilber3_usgs,Wilber3 / USGS,10.0,245,37.90767360543753,43.728832476246495,537.9388427734375,409.2703709570907,409.3925213573822,True,False,PGA,g,0.0032677017938457556,0.7347136108716102,0.0,0.0,MUR+CLBRS/LWAL/CDN+ERN/H:1/RES,v2026.0.0,BT,buildings,structural
2020024175513,2020-01-24 17:55:13,6.7,Mww,-12.0,38.3897,39.0883,wilber3_usgs,Wilber3 / USGS,10.0,246,37.70976235251805,44.25445035909105,576.5399780273438,458.575781522291,458.68480179615716,True,False,PGA,g,0.002679688772491865,0.7347136108716102,0.0,0.0,MUR+CLBRS/LWAL/CDN+ERN/H:1/RES,v2026.0.0,BT,buildings,structural
2020024175513,2020-01-24 17:55:13,6.7,Mww,-12.0,38.3897,39.0883,wilber3_usgs,Wilber3 / USGS,10.0,247,41.65979456066122,32.86785971045566,600.7100219726562,642.195039745383,642.2728929929817,True,False,PGA,g,0.0015945057848263619,0.7347136108716102,0.0,0.0,MUR+CLBRS/LWAL/CDN+ERN/H:1/RES,v2026.0.0,BT,buildings,structural
2020024175513,2020-01-24 17:55:13,6.7,Mww,-12.0,38.3897,39.0883,wilber3_usgs,Wilber3 / USGS,10.0,248,41.52255515900016,33.444797513838466,449.5407409667969,593.7015575468477,593.7857689719019,True,False,PGA,g,0.002023389020863744,0.7347136108716102,0.0,0.0,MUR+CLBRS/LWAL/CDN+ERN/H:1/RES,v2026.0.0,BT,buildings,structural
2020024175513,2020-01-24 17:55:13,6.7,Mww,-12.0,38.3897,39.0883,wilber3_usgs,Wilber3 / USGS,10.0,249,41.38201157695592,34.01948170678295,576.5399780273438,545.5004295675669,545.592080824493,True,False,PGA,g,0.0020689076192370853,0.7347136108716102,0.0,0.0,MUR+CLBRS/LWAL/CDN+ERN/H:1/RES,v2026.0.0,BT,buildings,structural
2020024175513,2020-01-24 17:55:13,6.7,Mww,-12.0,38.3897,39.0883,wilber3_usgs,Wilber3 / USGS,10.0,250,41.238184225796175,34.59188130842567,576.5399780273438,497.6855212618185,497.7859761721377,True,False,PGA,g,0.002372019259590946,0.7347136108716102,0.0,0.0,MUR+CLBRS/LWAL/CDN+ERN/H:1/RES,v2026.0.0,BT,buildings,structural
2020024175513,2020-01-24 17:55:13,6.7,Mww,-12.0,38.3897,39.0883,wilber3_usgs,Wilber3 / USGS,10.0,251,41.09109371005216,35.16196698394322,600.7100219726562,450.39010254573867,450.501103740225,True,False,PGA,g,0.0027057306015382935,0.7347136108716102,0.0,0.0,MUR+CLBRS/LWAL/CDN+ERN/H:1/RES,v2026.0.0,BT,buildings,structural
2020024175513,2020-01-24 17:55:13,6.7,Mww,-12.0,38.3897,39.0883,wilber3_usgs,Wilber3 / USGS,10.0,252,40.9407608091312,35.729711038947386,416.62835693359375,403.80862162406106,403.93242367743164,True,False,PGA,g,0.0037069131334812977,0.7347136108716102,0.0,0.0,MUR+CLBRS/LWAL/CDN+ERN/H:1/RES,v2026.0.0,BT,buildings,structural
2020024175513,2020-01-24 17:55:13,6.7,Mww,-12.0,38.3897,39.0883,wilber3_usgs,Wilber3 / USGS,10.0,253,40.78720645911132,36.29508741192155,445.3791198730469,358.23358238398896,358.37312894198163,True,False,PGA,g,0.004309236778321,0.7347136108716102,0.0,0.0,MUR+CLBRS/LWAL/CDN+ERN/H:1/RES,v2026.0.0,BT,buildings,structural
2020024175513,2020-01-24 17:55:13,6.7,Mww,-12.0,38.3897,39.0883,wilber3_usgs,Wilber3 / USGS,10.0,254,40.63045173474038,36.85807166478312,512.1145629882812,314.1197936412144,314.27892827423085,True,False,PGA,g,0.004945262216777161,0.7347136108716102,0.0,0.0,MUR+CLBRS/LWAL/CDN+ERN/H:1/RES,v2026.0.0,BT,buildings,structural
2020024175513,2020-01-24 17:55:13,6.7,Mww,-12.0,38.3897,39.0883,wilber3_usgs,Wilber3 / USGS,10.0,255,40.47051783166179,37.41864097165869,618.8026123046875,272.1983029143935,272.3819305854849,True,False,PGA,g,0.00565697134351633,0.7347136108716102,0.0,0.0,MUR+CLBRS/LWAL/CDN+ERN/H:1/RES,v2026.0.0,BT,buildings,structural
2020024175513,2020-01-24 17:55:13,6.7,Mww,-12.0,38.3897,39.0883,wilber3_usgs,Wilber3 / USGS,10.0,256,40.30742604888621,37.97677410596052,619.12255859375,233.6757617841268,233.88963560917352,True,False,PGA,g,0.007096568882844369,0.7347136108716102,0.0,0.0,MUR+CLBRS/LWAL/CDN+ERN/H:1/RES,v2026.0.0,BT,buildings,structural
2020024175513,2020-01-24 17:55:13,6.7,Mww,-12.0,38.3897,39.0883,wilber3_usgs,Wilber3 / USGS,10.0,257,40.14119777152859,38.5324514258542,545.0187377929688,200.54925376696562,200.79841430271995,True,False,PGA,g,0.009387638914236144,0.7347136108716102,0.0,0.0,MUR+CLBRS/LWAL/CDN+ERN/H:1/RES,v2026.0.0,BT,buildings,structural
2020024175513,2020-01-24 17:55:13,6.7,Mww,-12.0,38.3897,39.0883,wilber3_usgs,Wilber3 / USGS,10.0,258,39.97185445382736,39.08565485820786,483.9147644042969,175.92793914201457,176.21191722115842,True,True,PGA,g,0.011965645062985591,0.7347136108716102,0.0,0.0,MUR+CLBRS/LWAL/CDN+ERN/H:1/RES,v2026.0.0,BT,buildings,structural
2020024175513,2020-01-24 17:55:13,6.7,Mww,-12.0,38.3897,39.0883,wilber3_usgs,Wilber3 / USGS,10.0,259,39.79941760246207,39.63636788111455,619.1500244140625,163.7328653749395,164.03795659507608,True,True,PGA,g,0.012031663252999574,0.7347136108716102,0.0,0.0,MUR+CLBRS/LWAL/CDN+ERN/H:1/RES,v2026.0.0,BT,buildings,structural
2020024175513,2020-01-24 17:55:13,6.7,Mww,-12.0,38.3897,39.0883,wilber3_usgs,Wilber3 / USGS,10.0,260,39.62390876018369,40.18457550507881,435.2808837890625,166.7513170211976,167.05089562257348,True,True,PGA,g,0.013513911754866232,0.7347136108716102,0.0,0.0,MUR+CLBRS/LWAL/CDN+ERN/H:1/RES,v2026.0.0,BT,buildings,structural
2020024175513,2020-01-24 17:55:13,6.7,Mww,-12.0,38.3897,39.0883,wilber3_usgs,Wilber3 / USGS,10.0,261,39.44534948977105,40.73026425295892,530.8173828125,184.2722003247135,184.5433385752825,True,True,PGA,g,0.01075888358288554,0.7347136108716102,0.0,0.0,MUR+CLBRS/LWAL/CDN+ERN/H:1/RES,v2026.0.0,BT,buildings,structural
2020024175513,2020-01-24 17:55:13,6.7,Mww,-12.0,38.3897,39.0883,wilber3_usgs,Wilber3 / USGS,10.0,262,39.263761358325205,41.27342213875534,403.1685791015625,212.77340544188672,213.0082675938601,True,False,PGA,g,0.009721509723714676,0.7347136108716102,0.0,0.0,MUR+CLBRS/LWAL/CDN+ERN/H:1/RES,v2026.0.0,BT,buildings,structural
2020024175513,2020-01-24 17:55:13,6.7,Mww,-12.0,38.3897,39.0883,wilber3_usgs,Wilber3 / USGS,10.0,263,39.07916592191211,41.81403864533565,356.8906555175781,248.5328494660801,248.73394875595335,True,False,PGA,g,0.008111273534690547,0.7347136108716102,0.0,0.0,MUR+CLBRS/LWAL/CDN+ERN/H:1/RES,v2026.0.0,BT,buildings,structural
2020024175513,2020-01-24 17:55:13,6.7,Mww,-12.0,38.3897,39.0883,wilber3_usgs,Wilber3 / USGS,10.0,264,38.891584710563,42.35210470118456,537.5999755859375,288.8919357457084,289.0649590298044,True,False,PGA,g,0.005489406297082346,0.7347136108716102,0.0,0.0,MUR+CLBRS/LWAL/CDN+ERN/H:1/RES,v2026.0.0,BT,buildings,structural
2020024175513,2020-01-24 17:55:13,6.7,Mww,-12.0,38.3897,39.0883,wilber3_usgs,Wilber3 / USGS,10.0,265,38.70103921364054,42.887612656266974,220.89083862304688,332.20022223612295,332.3506997942527,True,False,PGA,g,0.0063488264684959436,0.7347136108716102,0.0,0.0,MUR+CLBRS/LWAL/CDN+ERN/H:1/RES,v2026.0.0,BT,buildings,structural
2020024175513,2020-01-24 17:55:13,6.7,Mww,-12.0,38.3897,39.0883,wilber3_usgs,Wilber3 / USGS,10.0,266,38.5075508655773,43.420556257090176,406.5823364257813,377.46369818084975,377.59613801568946,True,False,PGA,g,0.004139586927387539,0.7347136108716102,0.0,0.0,MUR+CLBRS/LWAL/CDN+ERN/H:1/RES,v2026.0.0,BT,buildings,structural
2020024175513,2020-01-24 17:55:13,6.7,Mww,-12.0,38.3897,39.0883,wilber3_usgs,Wilber3 / USGS,10.0,267,38.31114103199241,43.9509306210494,521.9302978515625,424.07485941423835,424.1927467404482,True,False,PGA,g,0.003138538113755084,0.7347136108716102,0.0,0.0,MUR+CLBRS/LWAL/CDN+ERN/H:1/RES,v2026.0.0,BT,buildings,structural
2020024175513,2020-01-24 17:55:13,6.7,Mww,-12.0,38.3897,39.0883,wilber3_usgs,Wilber3 / USGS,10.0,268,41.949571640011015,33.61645171466469,578.09033203125,610.3823036019978,610.4642139802147,True,False,PGA,g,0.00174783741189351,0.7347136108716102,0.0,0.0,MUR+CLBRS/LWAL/CDN+ERN/H:1/RES,v2026.0.0,BT,buildings,structural
2020024175513,2020-01-24 17:55:13,6.7,Mww,-12.0,38.3897,39.0883,wilber3_usgs,Wilber3 / USGS,10.0,269,41.80788002812139,34.194586415748496,611.6973876953125,563.4887867732152,563.5775126982535,True,False,PGA,g,0.0019229961745018977,0.7347136108716102,0.0,0.0,MUR+CLBRS/LWAL/CDN+ERN/H:1/RES,v2026.0.0,BT,buildings,structural
2020024175513,2020-01-24 17:55:13,6.7,Mww,-12.0,38.3897,39.0883,wilber3_usgs,Wilber3 / USGS,10.0,270,41.662885026533125,34.77037131351163,600.7100219726562,517.2059844092354,517.3026486581392,True,False,PGA,g,0.0022016862612666698,0.7347136108716102,0.0,0.0,MUR+CLBRS/LWAL/CDN+ERN/H:1/RES,v2026.0.0,BT,buildings,structural
2020024175513,2020-01-24 17:55:13,6.7,Mww,-12.0,38.3897,39.0883,wilber3_usgs,Wilber3 / USGS,10.0,271,41.51460783665575,35.34377666794147,614.709716796875,471.72346123225947,471.8294436307923,True,False,PGA,g,0.0025012022576967963,0.7347136108716102,0.0,0.0,MUR+CLBRS/LWAL/CDN+ERN/H:1/RES,v2026.0.0,BT,buildings,structural
2020024175513,2020-01-24 17:55:13,6.7,Mww,-12.0,38.3897,39.0883,wilber3_usgs,Wilber3 / USGS,10.0,272,41.36306983487982,35.91477444162001,600.7100219726562,427.3080462772098,427.42504186494045,True,False,PGA,g,0.0029263643631898487,0.7347136108716102,0.0,0.0,MUR+CLBRS/LWAL/CDN+ERN/H:1/RES,v2026.0.0,BT,buildings,structural
2020024175513,2020-01-24 17:55:13,6.7,Mww,-12.0,38.3897,39.0883,wilber3_usgs,Wilber3 / USGS,10.0,273,41.20829255371199,36.48333829085251,261.2767333984375,384.34280496106965,384.4728751490056,True,False,PGA,g,0.004814659850292607,0.7347136108716102,0.0,0.0,MUR+CLBRS/LWAL/CDN+ERN/H:1/RES,v2026.0.0,BT,buildings,structural
2020024175513,2020-01-24 17:55:13,6.7,Mww,-12.0,38.3897,39.0883,wilber3_usgs,Wilber3 / USGS,10.0,274,41.05029766313624,37.04944355484163,619.1500244140625,343.3875325784844,343.5331098021553,True,False,PGA,g,0.004002116160868586,0.7347136108716102,0.0,0.0,MUR+CLBRS/LWAL/CDN+ERN/H:1/RES,v2026.0.0,BT,buildings,structural
2020024175513,2020-01-24 17:55:13,6.7,Mww,-12.0,38.3897,39.0883,wilber3_usgs,Wilber3 / USGS,10.0,275,40.88910695222355,37.61306724300135,600.7100219726562,305.26979633173465,305.4335419570332,True,False,PGA,g,0.004828876700196206,0.7347136108716102,0.0,0.0,MUR+CLBRS/LWAL/CDN+ERN/H:1/RES,v2026.0.0,BT,buildings,structural
2020024175513,2020-01-24 17:55:13,6.7,Mww,-12.0,38.3897,39.0883,wilber3_usgs,Wilber3 / USGS,10.0,276,40.72474231101067,38.17418802050582,619.1500244140625,271.2091070172914,271.3934039897002,True,False,PGA,g,0.0056863669323406986,0.7347136108716102,0.0,0.0,MUR+CLBRS/LWAL/CDN+ERN/H:1/RES,v2026.0.0,BT,buildings,structural
2020024175513,2020-01-24 17:55:13,6.7,Mww,-12.0,38.3897,39.0883,wilber3_usgs,Wilber3 / USGS,10.0,277,40.55722571266727,38.732786192170245,619.1500244140625,242.9415557872365,243.1472795001477,True,False,PGA,g,0.0066978148952611,0.7347136108716102,0.0,0.0,MUR+CLBRS/LWAL/CDN+ERN/H:1/RES,v2026.0.0,BT,buildings,structural
2020024175513,2020-01-24 17:55:13,6.7,Mww,-12.0,38.3897,39.0883,wilber3_usgs,Wilber3 / USGS,10.0,278,40.38657919596919,39.288843684761055,600.7100219726562,222.71078415341034,222.93517752527737,True,False,PGA,g,0.007718108029425662,0.7347136108716102,0.0,0.0,MUR+CLBRS/LWAL/CDN+ERN/H:1/RES,v2026.0.0,BT,buildings,structural
2020024175513,2020-01-24 17:55:13,6.7,Mww,-12.0,38.3897,39.0883,wilber3_usgs,Wilber3 / USGS,10.0,279,40.21282484809435,39.8423440278335,549.0767822265625,212.8497761626971,213.0845541387509,True,False,PGA,g,0.0085677395821942,0.7347136108716102,0.0,0.0,MUR+CLBRS/LWAL/CDN+ERN/H:1/RES,v2026.0.0,BT,buildings,structural
2020024175513,2020-01-24 17:55:13,6.7,Mww,-12.0,38.3897,39.0883,wilber3_usgs,Wilber3 / USGS,10.0,280,40.03598478775554,40.39327233319441,600.7100219726562,214.82074185971697,215.05336810466176,True,False,PGA,g,0.008142959968353007,0.7347136108716102,0.0,0.0,MUR+CLBRS/LWAL/CDN+ERN/H:1/RES,v2026.0.0,BT,buildings,structural
2020024175513,2020-01-24 17:55:13,6.7,Mww,-12.0,38.3897,39.0883,wilber3_usgs,Wilber3 / USGS,10.0,281,39.85608114868425,40.94161527308801,537.5999755859375,228.34579740693815,228.5646586710431,True,False,PGA,g,0.007786426384285546,0.7347136108716102,0.0,0.0,MUR+CLBRS/LWAL/CDN+ERN/H:1/RES,v2026.0.0,BT,buildings,structural
2020024175513,2020-01-24 17:55:13,6.7,Mww,-12.0,38.3897,39.0883,wilber3_usgs,Wilber3 / USGS,10.0,282,39.67313606347664,41.48736105720132,406.0848693847656,251.59474021403778,251.7933940820711,True,False,PGA,g,0.007563538315805307,0.7347136108716102,0.0,0.0,MUR+CLBRS/LWAL/CDN+ERN/H:1/RES,v2026.0.0,BT,buildings,structural
2020024175513,2020-01-24 17:55:13,6.7,Mww,-12.0,38.3897,39.0883,wilber3_usgs,Wilber3 / USGS,10.0,283,39.48717164781292,42.03049940858551,576.5399780273438,282.19852455498403,282.3756491998025,True,False,PGA,g,0.005521482553977969,0.7347136108716102,0.0,0.0,MUR+CLBRS/LWAL/CDN+ERN/H:1/RES,v2026.0.0,BT,buildings,structural
2020024175513,2020-01-24 17:55:13,6.7,Mww,-12.0,38.3897,39.0883,wilber3_usgs,Wilber3 / USGS,10.0,284,39.29820998505886,42.57102153858751,537.5999755859375,318.06321841940553,318.22038104324884,True,False,PGA,g,0.0047574213715841415,0.7347136108716102,0.0,0.0,MUR+CLBRS/LWAL/CDN+ERN/H:1/RES,v2026.0.0,BT,buildings,structural
2020024175513,2020-01-24 17:55:13,6.7,Mww,-12.0,38.3897,39.0883,wilber3_usgs,Wilber3 / USGS,10.0,285,39.106273111257465,43.108920120885394,537.5999755859375,357.6297728607365,357.76955493225245,True,False,PGA,g,0.003995595268168703,0.7347136108716102,0.0,0.0,MUR+CLBRS/LWAL/CDN+ERN/H:1/RES,v2026.0.0,BT,buildings,structural
2020024175513,2020-01-24 17:55:13,6.7,Mww,-12.0,38.3897,39.0883,wilber3_usgs,Wilber3 / USGS,10.0,286,38.91138300051731,43.64418926471844,535.6008911132812,399.8193051615195,399.9443421025484,True,False,PGA,g,0.003389553072896278,0.7347136108716102,0.0,0.0,MUR+CLBRS/LWAL/CDN+ERN/H:1/RES,v2026.0.0,BT,buildings,structural
2020024175513,2020-01-24 17:55:13,6.7,Mww,-12.0,38.3897,39.0883,wilber3_usgs,Wilber3 / USGS,10.0,287,38.71356155080296,44.17682448740173,420.6057739257813,443.90182496551,444.01444819702687,True,False,PGA,g,0.0032072847754151313,0.7347136108716102,0.0,0.0,MUR+CLBRS/LWAL/CDN+ERN/H:1/RES,v2026.0.0,BT,buildings,structural
2020024175513,2020-01-24 17:55:13,6.7,Mww,-12.0,38.3897,39.0883,wilber3_usgs,Wilber3 / USGS,10.0,288,40.972420283171616,38.93677722780187,619.1500244140625,287.47822422945706,287.65209786497644,True,False,PGA,g,0.005214202611174571,0.7347136108716102,0.0,0.0,MUR+CLBRS/LWAL/CDN+ERN/H:1/RES,v2026.0.0,BT,buildings,structural
2020024175513,2020-01-24 17:55:13,6.7,Mww,-12.0,38.3897,39.0883,wilber3_usgs,Wilber3 / USGS,10.0,289,40.80044778902895,39.49571909858484,619.1500244140625,270.3257662440676,270.51066503086764,True,False,PGA,g,0.005714033474675952,0.7347136108716102,0.0,0.0,MUR+CLBRS/LWAL/CDN+ERN/H:1/RES,v2026.0.0,BT,buildings,structural
2020024175513,2020-01-24 17:55:13,6.7,Mww,-12.0,38.3897,39.0883,wilber3_usgs,Wilber3 / USGS,10.0,290,40.62535312599842,40.05203511772502,609.095947265625,261.9773457913077,262.1681325177765,True,False,PGA,g,0.006027933863068137,0.7347136108716102,0.0,0.0,MUR+CLBRS/LWAL/CDN+ERN/H:1/RES,v2026.0.0,BT,buildings,structural
2020024175513,2020-01-24 17:55:13,6.7,Mww,-12.0,38.3897,39.0883,wilber3_usgs,Wilber3 / USGS,10.0,291,40.44715900445944,40.60571052901054,619.1500244140625,263.2956428179663,263.48547498282727,True,False,PGA,g,0.00594247138295161,0.7347136108716102,0.0,0.0,MUR+CLBRS/LWAL/CDN+ERN/H:1/RES,v2026.0.0,BT,buildings,structural
2020024175513,2020-01-24 17:55:13,6.7,Mww,-12.0,38.3897,39.0883,wilber3_usgs,Wilber3 / USGS,10.0,292,40.26588814434975,41.15673218632065,537.5999755859375,274.16480761383974,274.34711905528326,True,False,PGA,g,0.00593360788822383,0.7347136108716102,0.0,0.0,MUR+CLBRS/LWAL/CDN+ERN/H:1/RES,v2026.0.0,BT,buildings,structural
2020024175513,2020-01-24 17:55:13,6.7,Mww,-12.0,38.3897,39.0883,wilber3_usgs,Wilber3 / USGS,10.0,293,40.08156325855301,41.70508852872559,537.5999755859375,293.54843604979754,293.7187163040212,True,False,PGA,g,0.005360387794029024,0.7347136108716102,0.0,0.0,MUR+CLBRS/LWAL/CDN+ERN/H:1/RES,v2026.0.0,BT,buildings,structural
2020024175513,2020-01-24 17:55:13,6.7,Mww,-12.0,38.3897,39.0883,wilber3_usgs,Wilber3 / USGS,10.0,294,39.894207036685685,42.25076955448307,537.5999755859375,319.923951662026,320.080200648285,True,False,PGA,g,0.004716305019918917,0.7347136108716102,0.0,0.0,MUR+CLBRS/LWAL/CDN+ERN/H:1/RES,v2026.0.0,BT,buildings,structural
2020024175513,2020-01-24 17:55:13,6.7,Mww,-12.0,38.3897,39.0883,wilber3_usgs,Wilber3 / USGS,10.0,295,39.70384212929231,42.79376679403261,537.5999755859375,351.7419575875007,351.88407853650773,True,False,PGA,g,0.004095569080851642,0.7347136108716102,0.0,0.0,MUR+CLBRS/LWAL/CDN+ERN/H:1/RES,v2026.0.0,BT,buildings,structural
2020024175513,2020-01-24 17:55:13,6.7,Mww,-12.0,38.3897,39.0883,wilber3_usgs,Wilber3 / USGS,10.0,296,39.51049113245673,43.33407328208632,537.5999755859375,387.68338806349016,387.8123378393043,True,False,PGA,g,0.0035432638975143225,0.7347136108716102,0.0,0.0,MUR+CLBRS/LWAL/CDN+ERN/H:1/RES,v2026.0.0,BT,buildings,structural
2020024175513,2020-01-24 17:55:13,6.7,Mww,-12.0,38.3897,39.0883,wilber3_usgs,Wilber3 / USGS,10.0,297,39.31417657283573,43.87168352891327,537.5999755859375,426.7250551727699,426.84221055584874,True,False,PGA,g,0.003071431782071892,0.7347136108716102,0.0,0.0,MUR+CLBRS/LWAL/CDN+ERN/H:1/RES,v2026.0.0,BT,buildings,structural
2020024175513,2020-01-24 17:55:13,6.7,Mww,-12.0,38.3897,39.0883,wilber3_usgs,Wilber3 / USGS,10.0,298,40.85741936414967,40.82197523280503,619.1500244140625,311.9798109847615,312.1400366215259,True,False,PGA,g,0.004616535297678558,0.7347136108716102,0.0,0.0,MUR+CLBRS/LWAL/CDN+ERN/H:1/RES,v2026.0.0,BT,buildings,structural
2020024175513,2020-01-24 17:55:13,6.7,Mww,-12.0,38.3897,39.0883,wilber3_usgs,Wilber3 / USGS,10.0,299,40.67475798937051,41.37569978034522,560.1820068359375,320.97556624889785,321.131303564135,True,False,PGA,g,0.004613697861037876,0.7347136108716102,0.0,0.0,MUR+CLBRS/LWAL/CDN+ERN/H:1/RES,v2026.0.0,BT,buildings,structural
2020024175513,2020-01-24 17:55:13,6.7,Mww,-12.0,38.3897,39.0883,wilber3_usgs,Wilber3 / USGS,10.0,300,40.48903002379566,41.926688929415135,540.3002319335938,337.461518842995,337.6096513724409,True,False,PGA,g,0.004347131089843407,0.7347136108716102,0.0,0.0,MUR+CLBRS/LWAL/CDN+ERN/H:1/RES,v2026.0.0,BT,buildings,structural
2020024175513,2020-01-24 17:55:13,6.7,Mww,-12.0,38.3897,39.0883,wilber3_usgs,Wilber3 / USGS,10.0,301,40.30025874564381,42.47493299098696,537.5999755859375,360.4302822471586,360.5689786445395,True,False,PGA,g,0.003949463852876017,0.7347136108716102,0.0,0.0,MUR+CLBRS/LWAL/CDN+ERN/H:1/RES,v2026.0.0,BT,buildings,structural
2020024175513,2020-01-24 17:55:13,6.7,Mww,-12.0,38.3897,39.0883,wilber3_usgs,Wilber3 / USGS,10.0,302,40.10846738679795,43.02042385331604,426.7346801757813,388.75255217293335,388.8811474229231,True,False,PGA,g,0.00388382930852078,0.7347136108716102,0.0,0.0,MUR+CLBRS/LWAL/CDN+ERN/H:1/RES,v2026.0.0,BT,buildings,structural
2020024175513,2020-01-24 17:55:13,6.7,Mww,-12.0,38.3897,39.0883,wilber3_usgs,Wilber3 / USGS,10.0,303,39.91367911703061,43.56315495196356,537.5999755859375,421.3673618001096,421.4860063992451,True,False,PGA,g,0.0031297831563783926,0.7347136108716102,0.0,0.0,MUR+CLBRS/LWAL/CDN+ERN/H:1/RES,v2026.0.0,BT,buildings,structural
2020024175513,2020-01-24 17:55:13,6.7,Mww,-12.0,38.3897,39.0883,wilber3_usgs,Wilber3 / USGS,10.0,304,39.71591702867863,44.10312123901409,537.5999755859375,457.3736091972417,457.48291595436785,True,False,PGA,g,0.0027699217383239535,0.7347136108716102,0.0,0.0,MUR+CLBRS/LWAL/CDN+ERN/H:1/RES,v2026.0.0,BT,buildings,structural
2020024175513,2020-01-24 17:55:13,6.7,Mww,-12.0,38.3897,39.0883,wilber3_usgs,Wilber3 / USGS,10.0,305,41.08267754767554,41.598605305389576,619.1500244140625,368.3944609082393,368.5301599976212,True,False,PGA,g,0.0036043099195536663,0.7347136108716102,0.0,0.0,MUR+CLBRS/LWAL/CDN+ERN/H:1/RES,v2026.0.0,BT,buildings,structural
2020024175513,2020-01-24 17:55:13,6.7,Mww,-12.0,38.3897,39.0883,wilber3_usgs,Wilber3 / USGS,10.0,306,40.89552278239917,42.15224905047704,537.5999755859375,382.654461097443,382.7851049842124,True,False,PGA,g,0.003612828765081153,0.7347136108716102,0.0,0.0,MUR+CLBRS/LWAL/CDN+ERN/H:1/RES,v2026.0.0,BT,buildings,structural
2020024175513,2020-01-24 17:55:13,6.7,Mww,-12.0,38.3897,39.0883,wilber3_usgs,Wilber3 / USGS,10.0,307,40.70531276695041,42.70307599224188,537.5999755859375,402.87429973723033,402.99838881658536,True,False,PGA,g,0.0033461449186317016,0.7347136108716102,0.0,0.0,MUR+CLBRS/LWAL/CDN+ERN/H:1/RES,v2026.0.0,BT,buildings,structural
2020024175513,2020-01-24 17:55:13,6.7,Mww,-12.0,38.3897,39.0883,wilber3_usgs,Wilber3 / USGS,10.0,308,40.51207132902601,43.2510784181305,537.5999755859375,428.2269935998052,428.3437381911023,True,False,PGA,g,0.0030553992725259153,0.7347136108716102,0.0,0.0,MUR+CLBRS/LWAL/CDN+ERN/H:1/RES,v2026.0.0,BT,buildings,structural
2020024175513,2020-01-24 17:55:13,6.7,Mww,-12.0,38.3897,39.0883,wilber3_usgs,Wilber3 / USGS,10.0,309,41.30102727729793,42.38185817002582,506.8955383300781,428.71810536734,428.83471625996145,True,False,PGA,g,0.0031258865109253632,0.7347136108716102,0.0,0.0,MUR+CLBRS/LWAL/CDN+ERN/H:1/RES,v2026.0.0,BT,buildings,structural
2020024175513,2020-01-24 17:55:13,6.7,Mww,-12.0,38.3897,39.0883,wilber3_usgs,Wilber3 / USGS,10.0,310,41.10935440482272,42.935287266968686,537.5999755859375,446.69957691919103,446.8114949503697,True,False,PGA,g,0.0028691006114168393,0.7347136108716102,0.0,0.0,MUR+CLBRS/LWAL/CDN+ERN/H:1/RES,v2026.0.0,BT,buildings,structural
2020024175513,2020-01-24 17:55:13,6.7,Mww,-12.0,38.3897,39.0883,wilber3_usgs,Wilber3 / USGS,10.0,311,40.91463883219449,43.48581857106326,535.4801025390625,469.5400563681812,469.64653148323663,True,False,PGA,g,0.0026680709258104876,0.7347136108716102,0.0,0.0,MUR+CLBRS/LWAL/CDN+ERN/H:1/RES,v2026.0.0,BT,buildings,structural
2020024175513,2020-01-24 17:55:13,6.7,Mww,-12.0,38.3897,39.0883,global_cmt,gCMT,12.0,1,36.72096108226829,27.69836368910688,249.61154174804688,1020.3407968161225,1020.411359034855,True,False,PGA,g,0.0011529214626586487,0.7347136108716102,0.0,0.0,MUR+CLBRS/LWAL/CDN+ERN/H:1/RES,v2026.0.0,BT,buildings,structural
2020024175513,2020-01-24 17:55:13,6.7,Mww,-12.0,38.3897,39.0883,global_cmt,gCMT,12.0,2,36.39455464027055,29.327564169136853,512.3291015625,889.8970303755772,889.9779349350583,True,False,PGA,g,0.0010479231234160077,0.7347136108716102,0.0,0.0,MUR+CLBRS/LWAL/CDN+ERN/H:1/RES,v2026.0.0,BT,buildings,structural
2020024175513,2020-01-24 17:55:13,6.7,Mww,-12.0,38.3897,39.0883,global_cmt,gCMT,12.0,3,36.27950272914779,29.867739251599968,444.1215515136719,847.8726055496242,847.9575197151734,True,False,PGA,g,0.0011956831060508425,0.7347136108716102,0.0,0.0,MUR+CLBRS/LWAL/CDN+ERN/H:1/RES,v2026.0.0,BT,buildings,structural
2020024175513,2020-01-24 17:55:13,6.7,Mww,-12.0,38.3897,39.0883,global_cmt,gCMT,12.0,4,37.16167480728152,27.812520356913147,416.2839050292969,999.7458333571514,999.8178490680116,True,False,PGA,g,0.0009609543392648851,0.7347136108716102,0.0,0.0,MUR+CLBRS/LWAL/CDN+ERN/H:1/RES,v2026.0.0,BT,buildings,structural
2020024175513,2020-01-24 17:55:13,6.7,Mww,-12.0,38.3897,39.0883,global_cmt,gCMT,12.0,5,37.05523302606474,28.36015699826684,419.6947937011719,954.6042492052758,954.6796701516002,True,False,PGA,g,0.0010259653756738208,0.7347136108716102,0.0,0.0,MUR+CLBRS/LWAL/CDN+ERN/H:1/RES,v2026.0.0,BT,buildings,structural
2020024175513,2020-01-24 17:55:13,6.7,Mww,-12.0,38.3897,39.0883,global_cmt,gCMT,12.0,6,36.94562940880127,28.90634871473881,537.6055297851562,909.9724195020747,910.0515393396463,True,False,PGA,g,0.0009933941614491929,0.7347136108716102,0.0,0.0,MUR+CLBRS/LWAL/CDN+ERN/H:1/RES,v2026.0.0,BT,buildings,structural
2020024175513,2020-01-24 17:55:13,6.7,Mww,-12.0,38.3897,39.0883,global_cmt,gCMT,12.0,7,36.8328772139447,29.45106411136452,600.7100219726562,865.9331831127646,866.0163264141183,True,False,PGA,g,0.0010210366638493458,0.7347136108716102,0.0,0.0,MUR+CLBRS/LWAL/CDN+ERN/H:1/RES,v2026.0.0,BT,buildings,structural
2020024175513,2020-01-24 17:55:13,6.7,Mww,-12.0,38.3897,39.0883,global_cmt,gCMT,12.0,8,36.71698994271946,29.994272814771403,421.3836364746094,822.5861586957478,822.6736828644915,True,False,PGA,g,0.0012786501257690166,0.7347136108716102,0.0,0.0,MUR+CLBRS/LWAL/CDN+ERN/H:1/RES,v2026.0.0,BT,buildings,structural
2020024175513,2020-01-24 17:55:13,6.7,Mww,-12.0,38.3897,39.0883,global_cmt,gCMT,12.0,9,36.59798132724053,30.535945483414405,361.19775390625,780.0516517257657,780.1439478455853,True,False,PGA,g,0.00147572447722245,0.7347136108716102,0.0,0.0,MUR+CLBRS/LWAL/CDN+ERN/H:1/RES,v2026.0.0,BT,buildings,structural
2020024175513,2020-01-24 17:55:13,6.7,Mww,-12.0,38.3897,39.0883,global_cmt,gCMT,12.0,10,36.0910154761869,32.68672555867665,576.5399780273438,621.4699222477883,621.585765810859,True,False,PGA,g,0.0017033253179708813,0.7347136108716102,0.0,0.0,MUR+CLBRS/LWAL/CDN+ERN/H:1/RES,v2026.0.0,BT,buildings,structural
2020024175513,2020-01-24 17:55:13,6.7,Mww,-12.0,38.3897,39.0883,global_cmt,gCMT,12.0,11,37.70594421844185,27.37647198696236,365.6109924316406,1027.67420643284,1027.7442651590752,True,False,PGA,g,0.0009736818979203756,0.7347136108716102,0.0,0.0,MUR+CLBRS/LWAL/CDN+ERN/H:1/RES,v2026.0.0,BT,buildings,structural
2020024175513,2020-01-24 17:55:13,6.7,Mww,-12.0,38.3897,39.0883,global_cmt,gCMT,12.0,12,37.60190569498504,27.9287659737952,460.6383056640625,981.1961689049944,981.2695459830791,True,False,PGA,g,0.000947177748361724,0.7347136108716102,0.0,0.0,MUR+CLBRS/LWAL/CDN+ERN/H:1/RES,v2026.0.0,BT,buildings,structural
2020024175513,2020-01-24 17:55:13,6.7,Mww,-12.0,38.3897,39.0883,global_cmt,gCMT,12.0,13,37.49467199987921,28.479607457505445,576.5399780273438,935.0781479561834,935.1551436981813,True,False,PGA,g,0.0009263372952394348,0.7347136108716102,0.0,0.0,MUR+CLBRS/LWAL/CDN+ERN/H:1/RES,v2026.0.0,BT,buildings,structural
2020024175513,2020-01-24 17:55:13,6.7,Mww,-12.0,38.3897,39.0883,global_cmt,gCMT,12.0,14,37.384256519078185,29.028963277033085,420.2082214355469,889.3798575407538,889.4608091418146,True,False,PGA,g,0.0011395270811543844,0.7347136108716102,0.0,0.0,MUR+CLBRS/LWAL/CDN+ERN/H:1/RES,v2026.0.0,BT,buildings,structural
2020024175513,2020-01-24 17:55:13,6.7,Mww,-12.0,38.3897,39.0883,global_cmt,gCMT,12.0,15,37.27067289867793,29.5768013203776,413.7246398925781,844.1735734382289,844.2588596464172,True,False,PGA,g,0.001239686067631953,0.7347136108716102,0.0,0.0,MUR+CLBRS/LWAL/CDN+ERN/H:1/RES,v2026.0.0,BT,buildings,structural
2020024175513,2020-01-24 17:55:13,6.7,Mww,-12.0,38.3897,39.0883,global_cmt,gCMT,12.0,16,37.15393503266164,30.12309053619455,520.7107543945312,799.5473067231943,799.63735260949,True,False,PGA,g,0.00122095005414519,0.7347136108716102,0.0,0.0,MUR+CLBRS/LWAL/CDN+ERN/H:1/RES,v2026.0.0,BT,buildings,structural
2020024175513,2020-01-24 17:55:13,6.7,Mww,-12.0,38.3897,39.0883,global_cmt,gCMT,12.0,17,37.03405705056574,30.66780094401345,319.2999572753906,755.6088788080881,755.7041601934027,True,False,PGA,g,0.0016285512164233653,0.7347136108716102,0.0,0.0,MUR+CLBRS/LWAL/CDN+ERN/H:1/RES,v2026.0.0,BT,buildings,structural
2020024175513,2020-01-24 17:55:13,6.7,Mww,-12.0,38.3897,39.0883,global_cmt,gCMT,12.0,18,36.91105330508504,31.21090364309496,346.513671875,712.4911528224218,712.5921995434861,True,False,PGA,g,0.0017182184836097248,0.7347136108716102,0.0,0.0,MUR+CLBRS/LWAL/CDN+ERN/H:1/RES,v2026.0.0,BT,buildings,structural
2020024175513,2020-01-24 17:55:13,6.7,Mww,-12.0,38.3897,39.0883,global_cmt,gCMT,12.0,19,36.78493835963457,31.75237081994863,433.9440307617188,670.3587224746395,670.4661190528801,True,False,PGA,g,0.0017134147367031695,0.7347136108716102,0.0,0.0,MUR+CLBRS/LWAL/CDN+ERN/H:1/RES,v2026.0.0,BT,buildings,structural
2020024175513,2020-01-24 17:55:13,6.7,Mww,-12.0,38.3897,39.0883,global_cmt,gCMT,12.0,20,36.65572697588564,32.292175754535066,576.5399780273438,629.4163796953695,629.5307609869636,True,False,PGA,g,0.0016713701475587282,0.7347136108716102,0.0,0.0,MUR+CLBRS/LWAL/CDN+ERN/H:1/RES,v2026.0.0,BT,buildings,structural
2020024175513,2020-01-24 17:55:13,6.7,Mww,-12.0,38.3897,39.0883,global_cmt,gCMT,12.0,21,36.52343410129269,32.830292825178866,459.2327575683594,589.9196261727487,590.0416640744919,True,False,PGA,g,0.0020244674863421452,0.7347136108716102,0.0,0.0,MUR+CLBRS/LWAL/CDN+ERN/H:1/RES,v2026.0.0,BT,buildings,structural
2020024175513,2020-01-24 17:55:13,6.7,Mww,-12.0,38.3897,39.0883,global_cmt,gCMT,12.0,22,36.38807485662762,33.36669751222091,445.5190734863281,552.1872604909015,552.3176356485883,True,False,PGA,g,0.0022623429001314486,0.7347136108716102,0.0,0.0,MUR+CLBRS/LWAL/CDN+ERN/H:1/RES,v2026.0.0,BT,buildings,structural
2020024175513,2020-01-24 17:55:13,6.7,Mww,-12.0,38.3897,39.0883,global_cmt,gCMT,12.0,23,38.34642733343527,26.37603488009032,289.8257141113281,1107.4044405649101,1107.4694555530104,True,False,PGA,g,0.0009595483415698907,0.7347136108716102,0.0,0.0,MUR+CLBRS/LWAL/CDN+ERN/H:1/RES,v2026.0.0,BT,buildings,structural
2020024175513,2020-01-24 17:55:13,6.7,Mww,-12.0,38.3897,39.0883,global_cmt,gCMT,12.0,24,38.24807464160599,26.93450807089659,600.7100219726562,1059.653525417077,1059.7214699763517,True,False,PGA,g,0.0007555992450242234,0.7347136108716102,0.0,0.0,MUR+CLBRS/LWAL/CDN+ERN/H:1/RES,v2026.0.0,BT,buildings,structural
2020024175513,2020-01-24 17:55:13,6.7,Mww,-12.0,38.3897,39.0883,global_cmt,gCMT,12.0,25,38.14647942535193,27.491558562072004,264.477294921875,1012.1093446609871,1012.1804807197641,True,False,PGA,g,0.0011394354144630653,0.7347136108716102,0.0,0.0,MUR+CLBRS/LWAL/CDN+ERN/H:1/RES,v2026.0.0,BT,buildings,structural
2020024175513,2020-01-24 17:55:13,6.7,Mww,-12.0,38.3897,39.0883,global_cmt,gCMT,12.0,26,38.041654895825566,28.04715028256068,576.5399780273438,964.8055201702917,964.8801437230777,True,False,PGA,g,0.0008840996583739371,0.7347136108716102,0.0,0.0,MUR+CLBRS/LWAL/CDN+ERN/H:1/RES,v2026.0.0,BT,buildings,structural
2020024175513,2020-01-24 17:55:13,6.7,Mww,-12.0,38.3897,39.0883,global_cmt,gCMT,12.0,27,37.93361455511884,28.601248223537706,435.82220458984375,917.7826168955581,917.8610634925412,True,False,PGA,g,0.0010709048987462488,0.7347136108716102,0.0,0.0,MUR+CLBRS/LWAL/CDN+ERN/H:1/RES,v2026.0.0,BT,buildings,structural
2020024175513,2020-01-24 17:55:13,6.7,Mww,-12.0,38.3897,39.0883,global_cmt,gCMT,12.0,28,37.82237218374227,29.15381845299078,398.863037109375,871.0899062048985,871.1725573570709,True,False,PGA,g,0.0012012409745201585,0.7347136108716102,0.0,0.0,MUR+CLBRS/LWAL/CDN+ERN/H:1/RES,v2026.0.0,BT,buildings,structural
2020024175513,2020-01-24 17:55:13,6.7,Mww,-12.0,38.3897,39.0883,global_cmt,gCMT,12.0,29,37.70794182798869,29.70482812881885,600.7100219726562,824.787663867502,824.8749544434063,True,False,PGA,g,0.001097909692003781,0.7347136108716102,0.0,0.0,MUR+CLBRS/LWAL/CDN+ERN/H:1/RES,v2026.0.0,BT,buildings,structural
2020024175513,2020-01-24 17:55:13,6.7,Mww,-12.0,38.3897,39.0883,global_cmt,gCMT,12.0,30,37.59033778720124,30.25424551046159,457.3770446777344,778.9501865574205,779.0426131719883,True,False,PGA,g,0.0013401671788968053,0.7347136108716102,0.0,0.0,MUR+CLBRS/LWAL/CDN+ERN/H:1/RES,v2026.0.0,BT,buildings,structural
2020024175513,2020-01-24 17:55:13,6.7,Mww,-12.0,38.3897,39.0883,global_cmt,gCMT,12.0,31,37.46957460096505,30.80203996907684,451.2735595703125,733.6697775993226,733.7679078309704,True,False,PGA,g,0.0014735363789299578,0.7347136108716102,0.0,0.0,MUR+CLBRS/LWAL/CDN+ERN/H:1/RES,v2026.0.0,BT,buildings,structural
2020024175513,2020-01-24 17:55:13,6.7,Mww,-12.0,38.3897,39.0883,global_cmt,gCMT,12.0,32,37.34566703624191,31.34818199628632,600.7100219726562,689.0620413904036,689.1665233346076,True,False,PGA,g,0.0014354454984411955,0.7347136108716102,0.0,0.0,MUR+CLBRS/LWAL/CDN+ERN/H:1/RES,v2026.0.0,BT,buildings,structural
2020024175513,2020-01-24 17:55:13,6.7,Mww,-12.0,38.3897,39.0883,global_cmt,gCMT,12.0,33,37.21863007446594,31.89264321151313,600.7100219726562,645.2729383606201,645.3845094054773,True,False,PGA,g,0.0015830552762488481,0.7347136108716102,0.0,0.0,MUR+CLBRS/LWAL/CDN+ERN/H:1/RES,v2026.0.0,BT,buildings,structural
2020024175513,2020-01-24 17:55:13,6.7,Mww,-12.0,38.3897,39.0883,global_cmt,gCMT,12.0,34,37.08847889861916,32.43539636793712,572.5615234375,602.4881816314696,602.6076742007147,True,False,PGA,g,0.0017891073051915902,0.7347136108716102,0.0,0.0,MUR+CLBRS/LWAL/CDN+ERN/H:1/RES,v2026.0.0,BT,buildings,structural
2020024175513,2020-01-24 17:55:13,6.7,Mww,-12.0,38.3897,39.0883,global_cmt,gCMT,12.0,35,36.95522888030389,32.976415357097224,600.7100219726562,560.9456720988311,561.0740120932437,True,False,PGA,g,0.0019505507921183753,0.7347136108716102,0.0,0.0,MUR+CLBRS/LWAL/CDN+ERN/H:1/RES,v2026.0.0,BT,buildings,structural
2020024175513,2020-01-24 17:55:13,6.7,Mww,-12.0,38.3897,39.0883,global_cmt,gCMT,12.0,36,36.81889556682967,33.51567521217214,438.1084899902344,520.9516828535916,521.0898731197806,True,False,PGA,g,0.0024845665747139957,0.7347136108716102,0.0,0.0,MUR+CLBRS/LWAL/CDN+ERN/H:1/RES,v2026.0.0,BT,buildings,structural
2020024175513,2020-01-24 17:55:13,6.7,Mww,-12.0,38.3897,39.0883,global_cmt,gCMT,12.0,37,36.67949466833073,34.05315210997315,458.8939208984375,482.9012049751502,483.0502807849842,True,False,PGA,g,0.0027284971104507933,0.7347136108716102,0.0,0.0,MUR+CLBRS/LWAL/CDN+ERN/H:1/RES,v2026.0.0,BT,buildings,structural
2020024175513,2020-01-24 17:55:13,6.7,Mww,-12.0,38.3897,39.0883,global_cmt,gCMT,12.0,38,36.09153440869359,36.18479369961207,449.1417846679688,362.4029859786793,362.6016054104874,True,False,PGA,g,0.004219945449846442,0.7347136108716102,0.0,0.0,MUR+CLBRS/LWAL/CDN+ERN/H:1/RES,v2026.0.0,BT,buildings,structural
2020024175513,2020-01-24 17:55:13,6.7,Mww,-12.0,38.3897,39.0883,global_cmt,gCMT,12.0,39,38.68892326225698,27.04833743448202,537.5999755859375,1046.9472665607632,1047.016035674265,True,False,PGA,g,0.0008059702948163063,0.7347136108716102,0.0,0.0,MUR+CLBRS/LWAL/CDN+ERN/H:1/RES,v2026.0.0,BT,buildings,structural
2020024175513,2020-01-24 17:55:13,6.7,Mww,-12.0,38.3897,39.0883,global_cmt,gCMT,12.0,40,38.58654862739613,27.60878134728513,273.7044372558594,998.7271022416444,998.7991914053555,True,False,PGA,g,0.001145896362292841,0.7347136108716102,0.0,0.0,MUR+CLBRS/LWAL/CDN+ERN/H:1/RES,v2026.0.0,BT,buildings,structural
2020024175513,2020-01-24 17:55:13,6.7,Mww,-12.0,38.3897,39.0883,global_cmt,gCMT,12.0,41,38.48092332630997,28.16772469576237,297.7670288085937,950.6814015478155,950.7571336828975,True,False,PGA,g,0.0011909141314026895,0.7347136108716102,0.0,0.0,MUR+CLBRS/LWAL/CDN+ERN/H:1/RES,v2026.0.0,BT,buildings,structural
2020024175513,2020-01-24 17:55:13,6.7,Mww,-12.0,38.3897,39.0883,global_cmt,gCMT,12.0,42,38.37206126242352,28.725131642390245,553.3207397460938,902.84146540443,902.921210102863,True,False,PGA,g,0.0009930522991693212,0.7347136108716102,0.0,0.0,MUR+CLBRS/LWAL/CDN+ERN/H:1/RES,v2026.0.0,BT,buildings,structural
2020024175513,2020-01-24 17:55:13,6.7,Mww,-12.0,38.3897,39.0883,global_cmt,gCMT,12.0,43,38.25997662378592,29.28096746915477,453.71917724609375,855.2456619239114,855.3298441184368,True,False,PGA,g,0.001169845077891034,0.7347136108716102,0.0,0.0,MUR+CLBRS/LWAL/CDN+ERN/H:1/RES,v2026.0.0,BT,buildings,structural
2020024175513,2020-01-24 17:55:13,6.7,Mww,-12.0,38.3897,39.0883,global_cmt,gCMT,12.0,44,38.14468386993303,29.83519859074117,530.4912719726562,807.9414115020296,808.0305219605829,True,False,PGA,g,0.0011927554924861202,0.7347136108716102,0.0,0.0,MUR+CLBRS/LWAL/CDN+ERN/H:1/RES,v2026.0.0,BT,buildings,structural
2020024175513,2020-01-24 17:55:13,6.7,Mww,-12.0,38.3897,39.0883,global_cmt,gCMT,12.0,45,38.02619771865637,30.387792566174863,511.5866394042969,760.9878493822154,761.0824573640948,True,False,PGA,g,0.0013240779926167645,0.7347136108716102,0.0,0.0,MUR+CLBRS/LWAL/CDN+ERN/H:1/RES,v2026.0.0,BT,buildings,structural
2020024175513,2020-01-24 17:55:13,6.7,Mww,-12.0,38.3897,39.0883,global_cmt,gCMT,12.0,46,37.90453313269919,30.93871810893301,600.7100219726562,714.4594347962936,714.5602031805573,True,False,PGA,g,0.0013600393532771013,0.7347136108716102,0.0,0.0,MUR+CLBRS/LWAL/CDN+ERN/H:1/RES,v2026.0.0,BT,buildings,structural
2020024175513,2020-01-24 17:55:13,6.7,Mww,-12.0,38.3897,39.0883,global_cmt,gCMT,12.0,47,37.77970530639941,31.48794509554942,174.0323028564453,668.4508940648566,668.5585971147975,True,False,PGA,g,0.002486585003888493,0.7347136108716102,0.0,0.0,MUR+CLBRS/LWAL/CDN+ERN/H:1/RES,v2026.0.0,BT,buildings,structural
2020024175513,2020-01-24 17:55:13,6.7,Mww,-12.0,38.3897,39.0883,global_cmt,gCMT,12.0,48,37.65172965229903,32.03544457273861,483.4779052734375,623.0840560023934,623.19959952201,True,False,PGA,g,0.0018263873949118437,0.7347136108716102,0.0,0.0,MUR+CLBRS/LWAL/CDN+ERN/H:1/RES,v2026.0.0,BT,buildings,structural
2020024175513,2020-01-24 17:55:13,6.7,Mww,-12.0,38.3897,39.0883,global_cmt,gCMT,12.0,49,37.52062178773912,32.581188763067985,600.7100219726562,578.5173796700012,578.6418223566668,True,False,PGA,g,0.0018629086445538607,0.7347136108716102,0.0,0.0,MUR+CLBRS/LWAL/CDN+ERN/H:1/RES,v2026.0.0,BT,buildings,structural
2020024175513,2020-01-24 17:55:13,6.7,Mww,-12.0,38.3897,39.0883,global_cmt,gCMT,12.0,50,37.38639752145882,33.125151069209814,537.5999755859375,534.959299311266,535.0938720632116,True,False,PGA,g,0.002192911856885047,0.7347136108716102,0.0,0.0,MUR+CLBRS/LWAL/CDN+ERN/H:1/RES,v2026.0.0,BT,buildings,structural
2020024175513,2020-01-24 17:55:13,6.7,Mww,-12.0,38.3897,39.0883,global_cmt,gCMT,12.0,51,37.24907284021617,33.66730607680735,406.625,492.6868986186104,492.8330143876574,True,False,PGA,g,0.002784591914952552,0.7347136108716102,0.0,0.0,MUR+CLBRS/LWAL/CDN+ERN/H:1/RES,v2026.0.0,BT,buildings,structural
2020024175513,2020-01-24 17:55:13,6.7,Mww,-12.0,38.3897,39.0883,global_cmt,gCMT,12.0,52,37.108663895448274,34.20762955599211,413.3904724121094,452.0717458074654,452.23098451721506,True,False,PGA,g,0.0031433449747312755,0.7347136108716102,0.0,0.0,MUR+CLBRS/LWAL/CDN+ERN/H:1/RES,v2026.0.0,BT,buildings,structural
2020024175513,2020-01-24 17:55:13,6.7,Mww,-12.0,38.3897,39.0883,global_cmt,gCMT,12.0,53,36.96518698998718,34.74609846159084,435.5585021972656,413.6145381527521,413.7885766563819,True,False,PGA,g,0.0035111141661527665,0.7347136108716102,0.0,0.0,MUR+CLBRS/LWAL/CDN+ERN/H:1/RES,v2026.0.0,BT,buildings,structural
2020024175513,2020-01-24 17:55:13,6.7,Mww,-12.0,38.3897,39.0883,global_cmt,gCMT,12.0,54,36.81865856484759,35.28269093206378,254.17575073242188,377.9883596419532,378.1787937270076,True,False,PGA,g,0.004986075783553756,0.7347136108716102,0.0,0.0,MUR+CLBRS/LWAL/CDN+ERN/H:1/RES,v2026.0.0,BT,buildings,structural
2020024175513,2020-01-24 17:55:13,6.7,Mww,-12.0,38.3897,39.0883,global_cmt,gCMT,12.0,55,36.51651353185552,36.3501650247302,574.7426147460938,319.0384954957483,319.2640938285898,True,False,PGA,g,0.004604507056806292,0.7347136108716102,0.0,0.0,MUR+CLBRS/LWAL/CDN+ERN/H:1/RES,v2026.0.0,BT,buildings,structural
2020024175513,2020-01-24 17:55:13,6.7,Mww,-12.0,38.3897,39.0883,global_cmt,gCMT,12.0,56,39.12932169354253,27.16429886150565,537.5999755859375,1036.4175421787168,1036.4870099213845,True,False,PGA,g,0.0008182112233598037,0.7347136108716102,0.0,0.0,MUR+CLBRS/LWAL/CDN+ERN/H:1/RES,v2026.0.0,BT,buildings,structural
2020024175513,2020-01-24 17:55:13,6.7,Mww,-12.0,38.3897,39.0883,global_cmt,gCMT,12.0,57,39.02615285189753,27.728192482780084,457.6072692871094,987.6123624428058,987.6852628493856,True,False,PGA,g,0.0009406141017757006,0.7347136108716102,0.0,0.0,MUR+CLBRS/LWAL/CDN+ERN/H:1/RES,v2026.0.0,BT,buildings,structural
2020024175513,2020-01-24 17:55:13,6.7,Mww,-12.0,38.3897,39.0883,global_cmt,gCMT,12.0,58,38.91971166128295,28.290542362066432,450.2194519042969,938.9220526274149,938.9987331781008,True,False,PGA,g,0.0010211836957437488,0.7347136108716102,0.0,0.0,MUR+CLBRS/LWAL/CDN+ERN/H:1/RES,v2026.0.0,BT,buildings,structural
2020024175513,2020-01-24 17:55:13,6.7,Mww,-12.0,38.3897,39.0883,global_cmt,gCMT,12.0,59,38.810012439872,28.851311815912176,438.607421875,890.3689463330788,890.4498080151834,True,False,PGA,g,0.0011174431408985247,0.7347136108716102,0.0,0.0,MUR+CLBRS/LWAL/CDN+ERN/H:1/RES,v2026.0.0,BT,buildings,structural
2020024175513,2020-01-24 17:55:13,6.7,Mww,-12.0,38.3897,39.0883,global_cmt,gCMT,12.0,60,38.69706979675155,29.41046532512941,448.17181396484375,841.9806694414353,842.066177751516,True,False,PGA,g,0.0012035990423713365,0.7347136108716102,0.0,0.0,MUR+CLBRS/LWAL/CDN+ERN/H:1/RES,v2026.0.0,BT,buildings,structural
2020024175513,2020-01-24 17:55:13,6.7,Mww,-12.0,38.3897,39.0883,global_cmt,gCMT,12.0,61,38.580898618260015,29.96796854805596,447.7120666503906,793.7917064782022,793.8824051920891,True,False,PGA,g,0.001314676116488957,0.7347136108716102,0.0,0.0,MUR+CLBRS/LWAL/CDN+ERN/H:1/RES,v2026.0.0,BT,buildings,structural
2020024175513,2020-01-24 17:55:13,6.7,Mww,-12.0,38.3897,39.0883,global_cmt,gCMT,12.0,62,38.46151405423436,30.52378833218374,537.5999755859375,745.8455411376259,745.9420696239608,True,False,PGA,g,0.0013363138027777067,0.7347136108716102,0.0,0.0,MUR+CLBRS/LWAL/CDN+ERN/H:1/RES,v2026.0.0,BT,buildings,structural
2020024175513,2020-01-24 17:55:13,6.7,Mww,-12.0,38.3897,39.0883,global_cmt,gCMT,12.0,63,38.33893150418781,31.07789272417605,425.9591369628906,698.1976229949427,698.300738046143,True,False,PGA,g,0.0016251660242781777,0.7347136108716102,0.0,0.0,MUR+CLBRS/LWAL/CDN+ERN/H:1/RES,v2026.0.0,BT,buildings,structural
2020024175513,2020-01-24 17:55:13,6.7,Mww,-12.0,38.3897,39.0883,global_cmt,gCMT,12.0,64,38.21316660343932,31.63025097829894,357.7516784667969,650.9195407553696,651.0301441079216,True,False,PGA,g,0.0019398523464464216,0.7347136108716102,0.0,0.0,MUR+CLBRS/LWAL/CDN+ERN/H:1/RES,v2026.0.0,BT,buildings,structural
2020024175513,2020-01-24 17:55:13,6.7,Mww,-12.0,38.3897,39.0883,global_cmt,gCMT,12.0,65,38.08423520921518,32.180833563295366,576.5399780273438,604.1049836410341,604.2241564683872,True,False,PGA,g,0.0017768173855736177,0.7347136108716102,0.0,0.0,MUR+CLBRS/LWAL/CDN+ERN/H:1/RES,v2026.0.0,BT,buildings,structural
2020024175513,2020-01-24 17:55:13,6.7,Mww,-12.0,38.3897,39.0883,global_cmt,gCMT,12.0,66,37.95215338674287,32.729612167733904,352.16064453125,557.8783900817539,558.0074355420451,True,False,PGA,g,0.0024563211439794226,0.7347136108716102,0.0,0.0,MUR+CLBRS/LWAL/CDN+ERN/H:1/RES,v2026.0.0,BT,buildings,structural
2020024175513,2020-01-24 17:55:13,6.7,Mww,-12.0,38.3897,39.0883,global_cmt,gCMT,12.0,67,37.816937395356426,33.27655970386688,412.3872375488281,512.407682869524,512.5481767246029,True,False,PGA,g,0.0026113113148254125,0.7347136108716102,0.0,0.0,MUR+CLBRS/LWAL/CDN+ERN/H:1/RES,v2026.0.0,BT,buildings,structural
2020024175513,2020-01-24 17:55:13,6.7,Mww,-12.0,38.3897,39.0883,global_cmt,gCMT,12.0,68,37.67860367463222,33.821650310035366,351.2305908203125,467.92326242735214,468.07710852022734,True,False,PGA,g,0.0031938105692515847,0.7347136108716102,0.0,0.0,MUR+CLBRS/LWAL/CDN+ERN/H:1/RES,v2026.0.0,BT,buildings,structural
2020024175513,2020-01-24 17:55:13,6.7,Mww,-12.0,38.3897,39.0883,global_cmt,gCMT,12.0,69,37.53716883057294,34.36485935166117,433.042724609375,424.7465588361977,424.91603787476834,True,False,PGA,g,0.0033831935043288344,0.7347136108716102,0.0,0.0,MUR+CLBRS/LWAL/CDN+ERN/H:1/RES,v2026.0.0,BT,buildings,structural
2020024175513,2020-01-24 17:55:13,6.7,Mww,-12.0,38.3897,39.0883,global_cmt,gCMT,12.0,70,37.39264962185748,34.90616342086814,600.1805419921875,383.33285698883765,383.52063731593984,True,False,PGA,g,0.00344077238660229,0.7347136108716102,0.0,0.0,MUR+CLBRS/LWAL/CDN+ERN/H:1/RES,v2026.0.0,BT,buildings,structural
2020024175513,2020-01-24 17:55:13,6.7,Mww,-12.0,38.3897,39.0883,global_cmt,gCMT,12.0,71,37.24506294617298,35.445540334777355,435.8032836914063,344.334042552454,344.54307838137623,True,False,PGA,g,0.00461035493800275,0.7347136108716102,0.0,0.0,MUR+CLBRS/LWAL/CDN+ERN/H:1/RES,v2026.0.0,BT,buildings,structural
2020024175513,2020-01-24 17:55:13,6.7,Mww,-12.0,38.3897,39.0883,global_cmt,gCMT,12.0,72,37.09442582664533,35.982969132522314,264.1910400390625,308.68431006304695,308.917470012784,True,False,PGA,g,0.006619142159970074,0.7347136108716102,0.0,0.0,MUR+CLBRS/LWAL/CDN+ERN/H:1/RES,v2026.0.0,BT,buildings,structural
2020024175513,2020-01-24 17:55:13,6.7,Mww,-12.0,38.3897,39.0883,global_cmt,gCMT,12.0,73,36.94075539838291,36.51843007103232,600.6758422851562,277.6967173629084,277.95587209867506,True,False,PGA,g,0.005557160905023833,0.7347136108716102,0.0,0.0,MUR+CLBRS/LWAL/CDN+ERN/H:1/RES,v2026.0.0,BT,buildings,structural
2020024175513,2020-01-24 17:55:13,6.7,Mww,-12.0,38.3897,39.0883,global_cmt,gCMT,12.0,74,36.78406889514814,37.05190461963332,597.0223999023438,253.11237893741037,253.39667790118168,True,False,PGA,g,0.006394349136763003,0.7347136108716102,0.0,0.0,MUR+CLBRS/LWAL/CDN+ERN/H:1/RES,v2026.0.0,BT,buildings,structural
2020024175513,2020-01-24 17:55:13,6.7,Mww,-12.0,38.3897,39.0883,global_cmt,gCMT,12.0,75,39.66994047687324,26.71349486296508,576.5399780273438,1077.4689573535077,1077.5357785523668,True,False,PGA,g,0.0007498490517933851,0.7347136108716102,0.0,0.0,MUR+CLBRS/LWAL/CDN+ERN/H:1/RES,v2026.0.0,BT,buildings,structural
2020024175513,2020-01-24 17:55:13,6.7,Mww,-12.0,38.3897,39.0883,global_cmt,gCMT,12.0,76,39.569271083172126,27.282445186661697,537.5999755859375,1028.1276894340956,1028.1977172611755,True,False,PGA,g,0.0008280684201971475,0.7347136108716102,0.0,0.0,MUR+CLBRS/LWAL/CDN+ERN/H:1/RES,v2026.0.0,BT,buildings,structural
2020024175513,2020-01-24 17:55:13,6.7,Mww,-12.0,38.3897,39.0883,global_cmt,gCMT,12.0,77,39.46529288763372,27.849845891918065,537.5999755859375,978.8386471610663,978.9122009537457,True,False,PGA,g,0.0008910075875008631,0.7347136108716102,0.0,0.0,MUR+CLBRS/LWAL/CDN+ERN/H:1/RES,v2026.0.0,BT,buildings,structural
2020024175513,2020-01-24 17:55:13,6.7,Mww,-12.0,38.3897,39.0883,global_cmt,gCMT,12.0,78,39.3580203257534,28.41565823577763,595.5006103515625,929.6132905482215,929.6907388825017,True,False,PGA,g,0.0009218767129964516,0.7347136108716102,0.0,0.0,MUR+CLBRS/LWAL/CDN+ERN/H:1/RES,v2026.0.0,BT,buildings,structural
2020024175513,2020-01-24 17:55:13,6.7,Mww,-12.0,38.3897,39.0883,global_cmt,gCMT,12.0,79,39.24746814441138,28.979844671420302,295.7789306640625,880.4658212033737,880.547592301138,True,False,PGA,g,0.0013387195888332503,0.7347136108716102,0.0,0.0,MUR+CLBRS/LWAL/CDN+ERN/H:1/RES,v2026.0.0,BT,buildings,structural
2020024175513,2020-01-24 17:55:13,6.7,Mww,-12.0,38.3897,39.0883,global_cmt,gCMT,12.0,80,39.13365138777182,29.5423688632149,418.7412414550781,831.413982792184,831.5005777402455,True,False,PGA,g,0.0012617797560492364,0.7347136108716102,0.0,0.0,MUR+CLBRS/LWAL/CDN+ERN/H:1/RES,v2026.0.0,BT,buildings,structural
2020024175513,2020-01-24 17:55:13,6.7,Mww,-12.0,38.3897,39.0883,global_cmt,gCMT,12.0,81,39.01658538307148,30.10319570002948,421.0323486328125,782.4801546598031,782.5721643634083,True,False,PGA,g,0.0013780151051041693,0.7347136108716102,0.0,0.0,MUR+CLBRS/LWAL/CDN+ERN/H:1/RES,v2026.0.0,BT,buildings,structural
2020024175513,2020-01-24 17:55:13,6.7,Mww,-12.0,38.3897,39.0883,global_cmt,gCMT,12.0,82,38.89628572632051,30.66229130681988,576.5399780273438,733.6928696247029,733.7909967682427,True,False,PGA,g,0.0013299171449011424,0.7347136108716102,0.0,0.0,MUR+CLBRS/LWAL/CDN+ERN/H:1/RES,v2026.0.0,BT,buildings,structural
2020024175513,2020-01-24 17:55:13,6.7,Mww,-12.0,38.3897,39.0883,global_cmt,gCMT,12.0,83,38.772768267938105,31.21962305452092,576.5399780273438,685.0889568657683,685.1940446467895,True,False,PGA,g,0.001472998151506149,0.7347136108716102,0.0,0.0,MUR+CLBRS/LWAL/CDN+ERN/H:1/RES,v2026.0.0,BT,buildings,structural
2020024175513,2020-01-24 17:55:13,6.7,Mww,-12.0,38.3897,39.0883,global_cmt,gCMT,12.0,84,38.64604909834551,31.77515956826793,574.7212524414062,636.716624419297,636.8296945117306,True,False,PGA,g,0.0016450608269694322,0.7347136108716102,0.0,0.0,MUR+CLBRS/LWAL/CDN+ERN/H:1/RES,v2026.0.0,BT,buildings,structural
2020024175513,2020-01-24 17:55:13,6.7,Mww,-12.0,38.3897,39.0883,global_cmt,gCMT,12.0,85,38.51614453353741,32.32887073398079,400.47369384765625,588.6399844374872,588.7622875818093,True,False,PGA,g,0.0021501494019555544,0.7347136108716102,0.0,0.0,MUR+CLBRS/LWAL/CDN+ERN/H:1/RES,v2026.0.0,BT,buildings,structural
2020024175513,2020-01-24 17:55:13,6.7,Mww,-12.0,38.3897,39.0883,global_cmt,gCMT,12.0,86,38.38307110065308,32.88072770334502,334.0492553710937,540.9458445563184,541.0789283854516,True,False,PGA,g,0.002628051648437185,0.7347136108716102,0.0,0.0,MUR+CLBRS/LWAL/CDN+ERN/H:1/RES,v2026.0.0,BT,buildings,structural
2020024175513,2020-01-24 17:55:13,6.7,Mww,-12.0,38.3897,39.0883,global_cmt,gCMT,12.0,87,38.24684552356719,33.43070289722835,403.3796691894531,493.7541437960903,493.89994383053966,True,False,PGA,g,0.0027848692870894036,0.7347136108716102,0.0,0.0,MUR+CLBRS/LWAL/CDN+ERN/H:1/RES,v2026.0.0,BT,buildings,structural
2020024175513,2020-01-24 17:55:13,6.7,Mww,-12.0,38.3897,39.0883,global_cmt,gCMT,12.0,88,38.107484708520346,33.97877000757363,426.2925109863281,447.234390924144,447.39535136754614,True,False,PGA,g,0.0031536685208436383,0.7347136108716102,0.0,0.0,MUR+CLBRS/LWAL/CDN+ERN/H:1/RES,v2026.0.0,BT,buildings,structural
2020024175513,2020-01-24 17:55:13,6.7,Mww,-12.0,38.3897,39.0883,global_cmt,gCMT,12.0,89,37.96500572980777,34.52490399781175,535.904052734375,401.6322081772724,401.8114366781412,True,False,PGA,g,0.0033653150317035784,0.7347136108716102,0.0,0.0,MUR+CLBRS/LWAL/CDN+ERN/H:1/RES,v2026.0.0,BT,buildings,structural
2020024175513,2020-01-24 17:55:13,6.7,Mww,-12.0,38.3897,39.0883,global_cmt,gCMT,12.0,90,37.81942581554456,35.06908110184059,519.6965942382812,357.3131604508158,357.51460757757917,True,False,PGA,g,0.004056603360451826,0.7347136108716102,0.0,0.0,MUR+CLBRS/LWAL/CDN+ERN/H:1/RES,v2026.0.0,BT,buildings,structural
2020024175513,2020-01-24 17:55:13,6.7,Mww,-12.0,38.3897,39.0883,global_cmt,gCMT,12.0,91,37.67076233352466,35.611278821618285,600.7100219726562,314.8361608209344,315.06476819927883,True,False,PGA,g,0.004610578729691166,0.7347136108716102,0.0,0.0,MUR+CLBRS/LWAL/CDN+ERN/H:1/RES,v2026.0.0,BT,buildings,structural
2020024175513,2020-01-24 17:55:13,6.7,Mww,-12.0,38.3897,39.0883,global_cmt,gCMT,12.0,92,37.51903277719032,36.15147592342068,463.2667541503906,275.0755468601683,275.33716872304154,True,False,PGA,g,0.006275946032322028,0.7347136108716102,0.0,0.0,MUR+CLBRS/LWAL/CDN+ERN/H:1/RES,v2026.0.0,BT,buildings,structural
2020024175513,2020-01-24 17:55:13,6.7,Mww,-12.0,38.3897,39.0883,global_cmt,gCMT,12.0,93,37.36425475172738,36.68965243281496,600.7100219726562,239.4119829256306,239.71253110420082,True,False,PGA,g,0.006927729366485178,0.7347136108716102,0.0,0.0,MUR+CLBRS/LWAL/CDN+ERN/H:1/RES,v2026.0.0,BT,buildings,structural
2020024175513,2020-01-24 17:55:13,6.7,Mww,-12.0,38.3897,39.0883,global_cmt,gCMT,12.0,94,37.20644596030164,37.22578962840265,488.2951354980469,209.97134447872003,210.31396887083204,True,False,PGA,g,0.009167456844765417,0.7347136108716102,0.0,0.0,MUR+CLBRS/LWAL/CDN+ERN/H:1/RES,v2026.0.0,BT,buildings,structural
2020024175513,2020-01-24 17:55:13,6.7,Mww,-12.0,38.3897,39.0883,global_cmt,gCMT,12.0,95,37.04562419045001,37.75987003438628,478.5408935546875,189.70522909578784,190.08438638216805,True,True,PGA,g,0.010741310953484582,0.7347136108716102,0.0,0.0,MUR+CLBRS/LWAL/CDN+ERN/H:1/RES,v2026.0.0,BT,buildings,structural
2020024175513,2020-01-24 17:55:13,6.7,Mww,-12.0,38.3897,39.0883,global_cmt,gCMT,12.0,96,36.71501320700875,38.821796749967135,346.2952880859375,187.69279872192865,188.07601306937156,True,True,PGA,g,0.012402937061910986,0.7347136108716102,0.0,0.0,MUR+CLBRS/LWAL/CDN+ERN/H:1/RES,v2026.0.0,BT,buildings,structural
2020024175513,2020-01-24 17:55:13,6.7,Mww,-12.0,38.3897,39.0883,global_cmt,gCMT,12.0,97,40.11024381602152,26.830269986054727,537.5999755859375,1071.8087861076692,1071.8759601640459,True,False,PGA,g,0.0007782514432057957,0.7347136108716102,0.0,0.0,MUR+CLBRS/LWAL/CDN+ERN/H:1/RES,v2026.0.0,BT,buildings,structural
2020024175513,2020-01-24 17:55:13,6.7,Mww,-12.0,38.3897,39.0883,global_cmt,gCMT,12.0,98,40.00877234376844,27.40283107497407,537.5999755859375,1022.1287966761666,1022.1992354696165,True,False,PGA,g,0.0008353258862332,0.7347136108716102,0.0,0.0,MUR+CLBRS/LWAL/CDN+ERN/H:1/RES,v2026.0.0,BT,buildings,structural
2020024175513,2020-01-24 17:55:13,6.7,Mww,-12.0,38.3897,39.0883,global_cmt,gCMT,12.0,99,39.903969276608166,27.97379735386537,537.5999755859375,972.4657290876793,972.5397648682709,True,False,PGA,g,0.000899728411751327,0.7347136108716102,0.0,0.0,MUR+CLBRS/LWAL/CDN+ERN/H:1/RES,v2026.0.0,BT,buildings,structural
2020024175513,2020-01-24 17:55:13,6.7,Mww,-12.0,38.3897,39.0883,global_cmt,gCMT,12.0,100,39.795849486245295,28.543129149689825,600.7100219726562,922.825484505278,922.9035024597107,True,False,PGA,g,0.0009286086997888298,0.7347136108716102,0.0,0.0,MUR+CLBRS/LWAL/CDN+ERN/H:1/RES,v2026.0.0,BT,buildings,structural
2020024175513,2020-01-24 17:55:13,6.7,Mww,-12.0,38.3897,39.0883,global_cmt,gCMT,12.0,101,39.68442816279457,29.11078803463584,619.1500244140625,873.215496917911,873.2979468987627,True,False,PGA,g,0.0009956621496582155,0.7347136108716102,0.0,0.0,MUR+CLBRS/LWAL/CDN+ERN/H:1/RES,v2026.0.0,BT,buildings,structural
2020024175513,2020-01-24 17:55:13,6.7,Mww,-12.0,38.3897,39.0883,global_cmt,gCMT,12.0,102,39.569720800102296,29.676736841292104,419.533203125,823.645193777061,823.7326054200188,True,False,PGA,g,0.0012785483999934177,0.7347136108716102,0.0,0.0,MUR+CLBRS/LWAL/CDN+ERN/H:1/RES,v2026.0.0,BT,buildings,structural
2020024175513,2020-01-24 17:55:13,6.7,Mww,-12.0,38.3897,39.0883,global_cmt,gCMT,12.0,103,39.45174318095948,30.24093967598165,576.5399780273438,774.1266316992944,774.2196341517664,True,False,PGA,g,0.0012276930875632485,0.7347136108716102,0.0,0.0,MUR+CLBRS/LWAL/CDN+ERN/H:1/RES,v2026.0.0,BT,buildings,structural
2020024175513,2020-01-24 17:55:13,6.7,Mww,-12.0,38.3897,39.0883,global_cmt,gCMT,12.0,104,39.33051136223099,30.80336193028008,576.5399780273438,724.6753893421308,724.7747373620088,True,False,PGA,g,0.0013546642778766245,0.7347136108716102,0.0,0.0,MUR+CLBRS/LWAL/CDN+ERN/H:1/RES,v2026.0.0,BT,buildings,structural
2020024175513,2020-01-24 17:55:13,6.7,Mww,-12.0,38.3897,39.0883,global_cmt,gCMT,12.0,105,39.2060416599246,31.36397029074492,412.9768981933594,675.3118462247756,675.4184552198104,True,False,PGA,g,0.0017300759079556416,0.7347136108716102,0.0,0.0,MUR+CLBRS/LWAL/CDN+ERN/H:1/RES,v2026.0.0,BT,buildings,structural
2020024175513,2020-01-24 17:55:13,6.7,Mww,-12.0,38.3897,39.0883,global_cmt,gCMT,12.0,106,39.078350634223085,31.92273274688748,425.2662658691406,626.0630546236332,626.178048453213,True,False,PGA,g,0.0019131506246032784,0.7347136108716102,0.0,0.0,MUR+CLBRS/LWAL/CDN+ERN/H:1/RES,v2026.0.0,BT,buildings,structural
2020024175513,2020-01-24 17:55:13,6.7,Mww,-12.0,38.3897,39.0883,global_cmt,gCMT,12.0,107,38.94745507450225,32.479618597422046,517.856689453125,576.9655471666849,577.0903244877288,True,False,PGA,g,0.0019901880918384253,0.7347136108716102,0.0,0.0,MUR+CLBRS/LWAL/CDN+ERN/H:1/RES,v2026.0.0,BT,buildings,structural
2020024175513,2020-01-24 17:55:13,6.7,Mww,-12.0,38.3897,39.0883,global_cmt,gCMT,12.0,108,38.81337198435645,33.034598454831034,340.7968139648437,528.0696647159377,528.2059927653253,True,False,PGA,g,0.0027015948024973974,0.7347136108716102,0.0,0.0,MUR+CLBRS/LWAL/CDN+ERN/H:1/RES,v2026.0.0,BT,buildings,structural
2020024175513,2020-01-24 17:55:13,6.7,Mww,-12.0,38.3897,39.0883,global_cmt,gCMT,12.0,109,38.67611856665329,33.587644248287745,285.192626953125,479.446436759305,479.5965864361362,True,False,PGA,g,0.003352762679709954,0.7347136108716102,0.0,0.0,MUR+CLBRS/LWAL/CDN+ERN/H:1/RES,v2026.0.0,BT,buildings,structural
2020024175513,2020-01-24 17:55:13,6.7,Mww,-12.0,38.3897,39.0883,global_cmt,gCMT,12.0,110,38.53571220863781,34.13872922498166,619.1500244140625,431.19890699912327,431.3658509864203,True,False,PGA,g,0.002850339156900947,0.7347136108716102,0.0,0.0,MUR+CLBRS/LWAL/CDN+ERN/H:1/RES,v2026.0.0,BT,buildings,structural
2020024175513,2020-01-24 17:55:13,6.7,Mww,-12.0,38.3897,39.0883,global_cmt,gCMT,12.0,111,38.392170467105785,34.687827949893595,360.6438293457031,383.48151951286593,383.6692270796507,True,False,PGA,g,0.0042461945362658494,0.7347136108716102,0.0,0.0,MUR+CLBRS/LWAL/CDN+ERN/H:1/RES,v2026.0.0,BT,buildings,structural
2020024175513,2020-01-24 17:55:13,6.7,Mww,-12.0,38.3897,39.0883,global_cmt,gCMT,12.0,112,38.24551105366531,35.234916304070964,339.58758544921875,336.5347736237446,336.74865086290254,True,False,PGA,g,0.005280986883651002,0.7347136108716102,0.0,0.0,MUR+CLBRS/LWAL/CDN+ERN/H:1/RES,v2026.0.0,BT,buildings,structural
2020024175513,2020-01-24 17:55:13,6.7,Mww,-12.0,38.3897,39.0883,global_cmt,gCMT,12.0,113,38.09575182010447,35.779971481455135,600.7100219726562,290.7501167739054,290.9976467328209,True,False,PGA,g,0.005190097690110149,0.7347136108716102,0.0,0.0,MUR+CLBRS/LWAL/CDN+ERN/H:1/RES,v2026.0.0,BT,buildings,structural
2020024175513,2020-01-24 17:55:13,6.7,Mww,-12.0,38.3897,39.0883,global_cmt,gCMT,12.0,114,37.94291074388236,36.32297198431528,576.5399780273438,246.79702874148447,247.08859422406593,True,False,PGA,g,0.006735884483837009,0.7347136108716102,0.0,0.0,MUR+CLBRS/LWAL/CDN+ERN/H:1/RES,v2026.0.0,BT,buildings,structural
2020024175513,2020-01-24 17:55:13,6.7,Mww,-12.0,38.3897,39.0883,global_cmt,gCMT,12.0,115,37.787005913759856,36.86389761734446,469.52392578125,205.8791468959175,206.22857010266733,True,False,PGA,g,0.009590717405489245,0.7347136108716102,0.0,0.0,MUR+CLBRS/LWAL/CDN+ERN/H:1/RES,v2026.0.0,BT,buildings,structural
2020024175513,2020-01-24 17:55:13,6.7,Mww,-12.0,38.3897,39.0883,global_cmt,gCMT,12.0,116,37.628055515585366,37.40272948047536,464.0740661621094,170.2336500179644,170.6560740156611,True,True,PGA,g,0.012761861463448237,0.7347136108716102,0.0,0.0,MUR+CLBRS/LWAL/CDN+ERN/H:1/RES,v2026.0.0,BT,buildings,structural
2020024175513,2020-01-24 17:55:13,6.7,Mww,-12.0,38.3897,39.0883,global_cmt,gCMT,12.0,117,37.46607781825019,37.93944996047414,458.1355895996094,143.8766346494802,144.37619609222293,True,True,PGA,g,0.0164322143516299,0.7347136108716102,0.0,0.0,MUR+CLBRS/LWAL/CDN+ERN/H:1/RES,v2026.0.0,BT,buildings,structural
2020024175513,2020-01-24 17:55:13,6.7,Mww,-12.0,38.3897,39.0883,global_cmt,gCMT,12.0,118,37.30109115982695,38.4740427213721,451.1153564453125,132.5197052976767,133.06191150056083,True,True,PGA,g,0.018651872204732155,0.7347136108716102,0.0,0.0,MUR+CLBRS/LWAL/CDN+ERN/H:1/RES,v2026.0.0,BT,buildings,structural
2020024175513,2020-01-24 17:55:13,6.7,Mww,-12.0,38.3897,39.0883,global_cmt,gCMT,12.0,119,37.13311393390367,39.006492693795046,325.7251281738281,139.91111085605667,140.4247803664858,True,True,PGA,g,0.019469401628910667,0.7347136108716102,0.0,0.0,MUR+CLBRS/LWAL/CDN+ERN/H:1/RES,v2026.0.0,BT,buildings,structural
2020024175513,2020-01-24 17:55:13,6.7,Mww,-12.0,38.3897,39.0883,global_cmt,gCMT,12.0,120,36.96216457612552,39.5367860632515,418.7761840820313,163.56796976583263,164.0075630369415,True,True,PGA,g,0.014100744500435474,0.7347136108716102,0.0,0.0,MUR+CLBRS/LWAL/CDN+ERN/H:1/RES,v2026.0.0,BT,buildings,structural
2020024175513,2020-01-24 17:55:13,6.7,Mww,-12.0,38.3897,39.0883,global_cmt,gCMT,12.0,121,40.64903459878373,26.371447394800388,407.2633056640625,1118.2736599165403,1118.3380430188065,True,False,PGA,g,0.0008206253601454528,0.7347136108716102,0.0,0.0,MUR+CLBRS/LWAL/CDN+ERN/H:1/RES,v2026.0.0,BT,buildings,structural
2020024175513,2020-01-24 17:55:13,6.7,Mww,-12.0,38.3897,39.0883,global_cmt,gCMT,12.0,122,40.3421823053369,28.100104579748663,576.5399780273438,968.5375492915593,968.611885322341,True,False,PGA,g,0.0008790244588535918,0.7347136108716102,0.0,0.0,MUR+CLBRS/LWAL/CDN+ERN/H:1/RES,v2026.0.0,BT,buildings,structural
2020024175513,2020-01-24 17:55:13,6.7,Mww,-12.0,38.3897,39.0883,global_cmt,gCMT,12.0,123,40.23319904164602,28.67301389143944,434.624755859375,918.6108740022612,918.6892498746234,True,False,PGA,g,0.0010706970685239999,0.7347136108716102,0.0,0.0,MUR+CLBRS/LWAL/CDN+ERN/H:1/RES,v2026.0.0,BT,buildings,structural
2020024175513,2020-01-24 17:55:13,6.7,Mww,-12.0,38.3897,39.0883,global_cmt,gCMT,12.0,124,40.120892001998726,29.244201706086056,576.5399780273438,868.6805370011847,868.763417372455,True,False,PGA,g,0.0010338727296071593,0.7347136108716102,0.0,0.0,MUR+CLBRS/LWAL/CDN+ERN/H:1/RES,v2026.0.0,BT,buildings,structural
2020024175513,2020-01-24 17:55:13,6.7,Mww,-12.0,38.3897,39.0883,global_cmt,gCMT,12.0,125,40.00527714511901,29.81363000912616,425.595458984375,818.749844308481,818.8377785344065,True,False,PGA,g,0.0012822519873953715,0.7347136108716102,0.0,0.0,MUR+CLBRS/LWAL/CDN+ERN/H:1/RES,v2026.0.0,BT,buildings,structural
2020024175513,2020-01-24 17:55:13,6.7,Mww,-12.0,38.3897,39.0883,global_cmt,gCMT,12.0,126,39.88637072459324,30.38126211134988,608.7828369140625,768.8231817910635,768.9168257096047,True,False,PGA,g,0.0012123738463495736,0.7347136108716102,0.0,0.0,MUR+CLBRS/LWAL/CDN+ERN/H:1/RES,v2026.0.0,BT,buildings,structural
2020024175513,2020-01-24 17:55:13,6.7,Mww,-12.0,38.3897,39.0883,global_cmt,gCMT,12.0,127,39.76418927340092,30.94706266031314,343.2217102050781,718.9063915020622,719.0065366479754,True,False,PGA,g,0.001702163147271612,0.7347136108716102,0.0,0.0,MUR+CLBRS/LWAL/CDN+ERN/H:1/RES,v2026.0.0,BT,buildings,structural
2020024175513,2020-01-24 17:55:13,6.7,Mww,-12.0,38.3897,39.0883,global_cmt,gCMT,12.0,128,39.638749588390894,31.51099764986585,619.1500244140625,669.0073160392388,669.1149295255831,True,False,PGA,g,0.0014811812677424116,0.7347136108716102,0.0,0.0,MUR+CLBRS/LWAL/CDN+ERN/H:1/RES,v2026.0.0,BT,buildings,structural
2020024175513,2020-01-24 17:55:13,6.7,Mww,-12.0,38.3897,39.0883,global_cmt,gCMT,12.0,129,39.510068714727474,32.073034427829406,428.2435302734375,619.1366050009933,619.2528850575959,True,False,PGA,g,0.0019394748959103826,0.7347136108716102,0.0,0.0,MUR+CLBRS/LWAL/CDN+ERN/H:1/RES,v2026.0.0,BT,buildings,structural
2020024175513,2020-01-24 17:55:13,6.7,Mww,-12.0,38.3897,39.0883,global_cmt,gCMT,12.0,130,39.37816393033035,32.63314170186223,499.3263854980469,569.3089426878257,569.4353977619674,True,False,PGA,g,0.002061344042107615,0.7347136108716102,0.0,0.0,MUR+CLBRS/LWAL/CDN+ERN/H:1/RES,v2026.0.0,BT,buildings,structural
2020024175513,2020-01-24 17:55:13,6.7,Mww,-12.0,38.3897,39.0883,global_cmt,gCMT,12.0,131,39.24305273033106,33.1912895435556,442.8170776367188,519.5449763052335,519.6835406321867,True,False,PGA,g,0.0024835224302451903,0.7347136108716102,0.0,0.0,MUR+CLBRS/LWAL/CDN+ERN/H:1/RES,v2026.0.0,BT,buildings,structural
2020024175513,2020-01-24 17:55:13,6.7,Mww,-12.0,38.3897,39.0883,global_cmt,gCMT,12.0,132,39.10475281156865,33.747449390805635,191.27317810058597,469.87445566444,470.02766310713434,True,False,PGA,g,0.004026325509370922,0.7347136108716102,0.0,0.0,MUR+CLBRS/LWAL/CDN+ERN/H:1/RES,v2026.0.0,BT,buildings,structural
2020024175513,2020-01-24 17:55:13,6.7,Mww,-12.0,38.3897,39.0883,global_cmt,gCMT,12.0,133,38.96328205714568,34.30159404851024,500.1455078125,420.3415658742574,420.5128202583397,True,False,PGA,g,0.003236524878245081,0.7347136108716102,0.0,0.0,MUR+CLBRS/LWAL/CDN+ERN/H:1/RES,v2026.0.0,BT,buildings,structural
2020024175513,2020-01-24 17:55:13,6.7,Mww,-12.0,38.3897,39.0883,global_cmt,gCMT,12.0,134,38.81865852106536,34.85369768764283,534.3407592773438,371.01444788088963,371.2084596777953,True,False,PGA,g,0.0037915803429632924,0.7347136108716102,0.0,0.0,MUR+CLBRS/LWAL/CDN+ERN/H:1/RES,v2026.0.0,BT,buildings,structural
2020024175513,2020-01-24 17:55:13,6.7,Mww,-12.0,38.3897,39.0883,global_cmt,gCMT,12.0,135,38.67090041296952,35.40373584275705,537.5999755859375,322.003240124009,322.22676277795455,True,False,PGA,g,0.004669582052037507,0.7347136108716102,0.0,0.0,MUR+CLBRS/LWAL/CDN+ERN/H:1/RES,v2026.0.0,BT,buildings,structural
2020024175513,2020-01-24 17:55:13,6.7,Mww,-12.0,38.3897,39.0883,global_cmt,gCMT,12.0,136,38.52002608299594,35.951685407979305,537.5999755859375,273.4968243055379,273.75995489701245,True,False,PGA,g,0.0059525662786133185,0.7347136108716102,0.0,0.0,MUR+CLBRS/LWAL/CDN+ERN/H:1/RES,v2026.0.0,BT,buildings,structural
2020024175513,2020-01-24 17:55:13,6.7,Mww,-12.0,38.3897,39.0883,global_cmt,gCMT,12.0,137,38.36605400677348,36.49752463154753,600.7100219726562,225.84452749210055,226.16310618252962,True,False,PGA,g,0.007554678907165338,0.7347136108716102,0.0,0.0,MUR+CLBRS/LWAL/CDN+ERN/H:1/RES,v2026.0.0,BT,buildings,structural
2020024175513,2020-01-24 17:55:13,6.7,Mww,-12.0,38.3897,39.0883,global_cmt,gCMT,12.0,138,38.20900277057115,37.04123310895654,576.5294799804688,179.75795672473362,180.15805007229403,True,True,PGA,g,0.010778462928609227,0.7347136108716102,0.0,0.0,MUR+CLBRS/LWAL/CDN+ERN/H:1/RES,v2026.0.0,BT,buildings,structural
2020024175513,2020-01-24 17:55:13,6.7,Mww,-12.0,38.3897,39.0883,global_cmt,gCMT,12.0,139,38.0488910566178,37.58279177477196,576.5399780273438,136.8704816257338,137.39551936093233,True,True,PGA,g,0.016120644893162082,0.7347136108716102,0.0,0.0,MUR+CLBRS/LWAL/CDN+ERN/H:1/RES,v2026.0.0,BT,buildings,structural
2020024175513,2020-01-24 17:55:13,6.7,Mww,-12.0,38.3897,39.0883,global_cmt,gCMT,12.0,140,37.88573762860676,38.122182893175335,619.1500244140625,101.38759894248017,102.09527520566859,True,True,PGA,g,0.024321078609217096,0.7347136108716102,0.0,0.0,MUR+CLBRS/LWAL/CDN+ERN/H:1/RES,v2026.0.0,BT,buildings,structural
2020024175513,2020-01-24 17:55:13,6.7,Mww,-12.0,38.3897,39.0883,global_cmt,gCMT,12.0,141,37.71956131739987,38.65939004730469,420.077880859375,83.44418644508869,84.30262304034628,True,True,PGA,g,0.037427630097617695,0.7347136108716102,0.0,0.0,MUR+CLBRS/LWAL/CDN+ERN/H:1/RES,v2026.0.0,BT,buildings,structural
2020024175513,2020-01-24 17:55:13,6.7,Mww,-12.0,38.3897,39.0883,global_cmt,gCMT,12.0,142,37.55038100694362,39.194398127454846,537.5999755859375,93.79038193217254,94.55493505355919,True,True,PGA,g,0.028823470308080388,0.7347136108716102,0.0,0.0,MUR+CLBRS/LWAL/CDN+ERN/H:1/RES,v2026.0.0,BT,buildings,structural
2020024175513,2020-01-24 17:55:13,6.7,Mww,-12.0,38.3897,39.0883,global_cmt,gCMT,12.0,143,37.3782156204095,39.72719331820265,530.8634643554688,125.67255676386615,126.24417421634615,True,True,PGA,g,0.018897461640581984,0.7347136108716102,0.0,0.0,MUR+CLBRS/LWAL/CDN+ERN/H:1/RES,v2026.0.0,BT,buildings,structural
2020024175513,2020-01-24 17:55:13,6.7,Mww,-12.0,38.3897,39.0883,global_cmt,gCMT,12.0,144,37.20308410656944,40.2577630845222,528.6494140625,167.2340554356296,167.66403698303117,True,True,PGA,g,0.012427347276849923,0.7347136108716102,0.0,0.0,MUR+CLBRS/LWAL/CDN+ERN/H:1/RES,v2026.0.0,BT,buildings,structural
2020024175513,2020-01-24 17:55:13,6.7,Mww,-12.0,38.3897,39.0883,global_cmt,gCMT,12.0,145,41.08928448177223,26.488968088567013,243.0297088623047,1117.186720521723,1117.2511662603365,True,False,PGA,g,0.001018579382473643,0.7347136108716102,0.0,0.0,MUR+CLBRS/LWAL/CDN+ERN/H:1/RES,v2026.0.0,BT,buildings,structural
2020024175513,2020-01-24 17:55:13,6.7,Mww,-12.0,38.3897,39.0883,global_cmt,gCMT,12.0,146,40.98955554528828,27.07058243420781,324.740478515625,1067.1728041841761,1067.240270037782,True,False,PGA,g,0.0009670994277736348,0.7347136108716102,0.0,0.0,MUR+CLBRS/LWAL/CDN+ERN/H:1/RES,v2026.0.0,BT,buildings,structural
2020024175513,2020-01-24 17:55:13,6.7,Mww,-12.0,38.3897,39.0883,global_cmt,gCMT,12.0,147,40.556858879095685,29.380147541154155,537.5999755859375,866.8998596612262,866.9829102587049,True,False,PGA,g,0.0010678823005676823,0.7347136108716102,0.0,0.0,MUR+CLBRS/LWAL/CDN+ERN/H:1/RES,v2026.0.0,BT,buildings,structural
2020024175513,2020-01-24 17:55:13,6.7,Mww,-12.0,38.3897,39.0883,global_cmt,gCMT,12.0,148,40.44031923175131,29.953111188266483,383.7698059082031,816.7756703195415,816.8638170625117,True,False,PGA,g,0.0013436359423448499,0.7347136108716102,0.0,0.0,MUR+CLBRS/LWAL/CDN+ERN/H:1/RES,v2026.0.0,BT,buildings,structural
2020024175513,2020-01-24 17:55:13,6.7,Mww,-12.0,38.3897,39.0883,global_cmt,gCMT,12.0,149,40.32046641172607,30.5242267272893,600.7100219726562,766.6289104380157,766.7228223545842,True,False,PGA,g,0.0012243831519926642,0.7347136108716102,0.0,0.0,MUR+CLBRS/LWAL/CDN+ERN/H:1/RES,v2026.0.0,BT,buildings,structural
2020024175513,2020-01-24 17:55:13,6.7,Mww,-12.0,38.3897,39.0883,global_cmt,gCMT,12.0,150,40.19731744397758,31.09345805137606,535.0223999023438,716.4598511480647,716.5603382180087,True,False,PGA,g,0.0014216944240473112,0.7347136108716102,0.0,0.0,MUR+CLBRS/LWAL/CDN+ERN/H:1/RES,v2026.0.0,BT,buildings,structural
2020024175513,2020-01-24 17:55:13,6.7,Mww,-12.0,38.3897,39.0883,global_cmt,gCMT,12.0,151,40.07088962204292,31.660770453715006,304.8576965332031,666.2691011116335,666.3771567934364,True,False,PGA,g,0.002001670590982438,0.7347136108716102,0.0,0.0,MUR+CLBRS/LWAL/CDN+ERN/H:1/RES,v2026.0.0,BT,buildings,structural
2020024175513,2020-01-24 17:55:13,6.7,Mww,-12.0,38.3897,39.0883,global_cmt,gCMT,12.0,152,39.94120049187214,32.22613063486308,600.7100219726562,616.0577460546243,616.1746071316993,True,False,PGA,g,0.0016962566122548314,0.7347136108716102,0.0,0.0,MUR+CLBRS/LWAL/CDN+ERN/H:1/RES,v2026.0.0,BT,buildings,structural
2020024175513,2020-01-24 17:55:13,6.7,Mww,-12.0,38.3897,39.0883,global_cmt,gCMT,12.0,153,39.80826783566438,32.78950670817389,545.1306762695312,565.8275628875458,565.9547958302497,True,False,PGA,g,0.002005353543908755,0.7347136108716102,0.0,0.0,MUR+CLBRS/LWAL/CDN+ERN/H:1/RES,v2026.0.0,BT,buildings,structural
2020024175513,2020-01-24 17:55:13,6.7,Mww,-12.0,38.3897,39.0883,global_cmt,gCMT,12.0,154,39.67210965573072,33.350868203365806,449.58001708984375,515.5813593734792,515.7209886492935,True,False,PGA,g,0.002496214201790467,0.7347136108716102,0.0,0.0,MUR+CLBRS/LWAL/CDN+ERN/H:1/RES,v2026.0.0,BT,buildings,structural
2020024175513,2020-01-24 17:55:13,6.7,Mww,-12.0,38.3897,39.0883,global_cmt,gCMT,12.0,155,39.53274415840682,33.91018606828075,476.3794555664063,465.3235343387343,465.47823967344726,True,False,PGA,g,0.002838848996194336,0.7347136108716102,0.0,0.0,MUR+CLBRS/LWAL/CDN+ERN/H:1/RES,v2026.0.0,BT,buildings,structural
2020024175513,2020-01-24 17:55:13,6.7,Mww,-12.0,38.3897,39.0883,global_cmt,gCMT,12.0,156,39.3901897380382,34.467432668886644,402.7200012207031,415.06104536796175,415.2344775930164,True,False,PGA,g,0.00360795965960483,0.7347136108716102,0.0,0.0,MUR+CLBRS/LWAL/CDN+ERN/H:1/RES,v2026.0.0,BT,buildings,structural
2020024175513,2020-01-24 17:55:13,6.7,Mww,-12.0,38.3897,39.0883,global_cmt,gCMT,12.0,157,39.24446496105929,35.02258178758028,492.7139892578125,364.80517652231,365.0024887825749,True,False,PGA,g,0.004021378610852048,0.7347136108716102,0.0,0.0,MUR+CLBRS/LWAL/CDN+ERN/H:1/RES,v2026.0.0,BT,buildings,structural
2020024175513,2020-01-24 17:55:13,6.7,Mww,-12.0,38.3897,39.0883,global_cmt,gCMT,12.0,158,39.09558855018729,35.575608619849234,430.0249938964844,314.57499826529346,314.8037952973397,True,False,PGA,g,0.005302046074681243,0.7347136108716102,0.0,0.0,MUR+CLBRS/LWAL/CDN+ERN/H:1/RES,v2026.0.0,BT,buildings,structural
2020024175513,2020-01-24 17:55:13,6.7,Mww,-12.0,38.3897,39.0883,global_cmt,gCMT,12.0,159,38.94357936874966,36.126489769354585,495.9154052734375,264.4047586914112,264.6769283837626,True,False,PGA,g,0.0064715731373342,0.7347136108716102,0.0,0.0,MUR+CLBRS/LWAL/CDN+ERN/H:1/RES,v2026.0.0,BT,buildings,structural
2020024175513,2020-01-24 17:55:13,6.7,Mww,-12.0,38.3897,39.0883,global_cmt,gCMT,12.0,160,38.78845640516469,36.67520324149756,619.1500244140625,214.36159347962098,214.69721181031272,True,False,PGA,g,0.008061368673601124,0.7347136108716102,0.0,0.0,MUR+CLBRS/LWAL/CDN+ERN/H:1/RES,v2026.0.0,BT,buildings,structural
2020024175513,2020-01-24 17:55:13,6.7,Mww,-12.0,38.3897,39.0883,global_cmt,gCMT,12.0,161,38.63023875759182,37.22172843553528,446.1104431152344,164.59521705246303,165.03207408424404,True,True,PGA,g,0.013625322899190832,0.7347136108716102,0.0,0.0,MUR+CLBRS/LWAL/CDN+ERN/H:1/RES,v2026.0.0,BT,buildings,structural
2020024175513,2020-01-24 17:55:13,6.7,Mww,-12.0,38.3897,39.0883,global_cmt,gCMT,12.0,162,38.46894561876885,37.76604613531235,560.0208129882812,115.5137934453411,116.13542300320314,True,True,PGA,g,0.020928260516478923,0.7347136108716102,0.0,0.0,MUR+CLBRS/LWAL/CDN+ERN/H:1/RES,v2026.0.0,BT,buildings,structural
2020024175513,2020-01-24 17:55:13,6.7,Mww,-12.0,38.3897,39.0883,global_cmt,gCMT,12.0,163,38.30459626105106,38.30813849867578,502.46868896484375,68.68992727595081,69.73023812647861,True,True,PGA,g,0.046243849827704,0.7347136108716102,0.0,0.0,MUR+CLBRS/LWAL/CDN+ERN/H:1/RES,v2026.0.0,BT,buildings,structural
2020024175513,2020-01-24 17:55:13,6.7,Mww,-12.0,38.3897,39.0883,global_cmt,gCMT,12.0,164,38.13721002166683,38.84798904564202,576.5399780273438,35.04906206699717,37.04641348060862,True,True,PGA,g,0.10945217789961202,0.7347136108716102,1e-08,1e-08,MUR+CLBRS/LWAL/CDN+ERN/H:1/RES,v2026.0.0,BT,buildings,structural
2020024175513,2020-01-24 17:55:13,6.7,Mww,-12.0,38.3897,39.0883,global_cmt,gCMT,12.0,165,37.96680628820294,39.385582645385306,537.5999755859375,53.725752690869435,55.049582216402555,True,True,PGA,g,0.06360753557185403,0.7347136108716102,1e-08,1e-08,MUR+CLBRS/LWAL/CDN+ERN/H:1/RES,v2026.0.0,BT,buildings,structural
2020024175513,2020-01-24 17:55:13,6.7,Mww,-12.0,38.3897,39.0883,global_cmt,gCMT,12.0,166,37.7934044843319,39.92090550211677,535.904052734375,98.51590226662836,99.2440577536402,True,True,PGA,g,0.026870765604883984,0.7347136108716102,0.0,0.0,MUR+CLBRS/LWAL/CDN+ERN/H:1/RES,v2026.0.0,BT,buildings,structural
2020024175513,2020-01-24 17:55:13,6.7,Mww,-12.0,38.3897,39.0883,global_cmt,gCMT,12.0,167,37.61702405579266,40.45394513992413,505.2450866699219,147.304539527338,147.79251457824608,True,True,PGA,g,0.015263265955982463,0.7347136108716102,0.0,0.0,MUR+CLBRS/LWAL/CDN+ERN/H:1/RES,v2026.0.0,BT,buildings,structural
2020024175513,2020-01-24 17:55:13,6.7,Mww,-12.0,38.3897,39.0883,global_cmt,gCMT,12.0,168,37.43768445663451,40.98469038664149,491.2444763183594,197.1801163247132,197.5449272287887,True,True,PGA,g,0.01003680120890168,0.7347136108716102,0.0,0.0,MUR+CLBRS/LWAL/CDN+ERN/H:1/RES,v2026.0.0,BT,buildings,structural
2020024175513,2020-01-24 17:55:13,6.7,Mww,-12.0,38.3897,39.0883,global_cmt,gCMT,12.0,169,37.25540513573389,41.51313135681831,488.5272216796875,247.51506246787648,247.8057831215341,True,False,PGA,g,0.007182049600001123,0.7347136108716102,0.0,0.0,MUR+CLBRS/LWAL/CDN+ERN/H:1/RES,v2026.0.0,BT,buildings,structural
2020024175513,2020-01-24 17:55:13,6.7,Mww,-12.0,38.3897,39.0883,global_cmt,gCMT,12.0,170,41.52911975891151,26.60877510208489,374.2494201660156,1118.2437066936507,1118.3080915203802,True,False,PGA,g,0.0008501811531063992,0.7347136108716102,0.0,0.0,MUR+CLBRS/LWAL/CDN+ERN/H:1/RES,v2026.0.0,BT,buildings,structural
2020024175513,2020-01-24 17:55:13,6.7,Mww,-12.0,38.3897,39.0883,global_cmt,gCMT,12.0,171,41.42856530103737,27.19423644754487,393.7810974121094,1068.2201872001074,1068.2875869080538,True,False,PGA,g,0.0008910560074145087,0.7347136108716102,0.0,0.0,MUR+CLBRS/LWAL/CDN+ERN/H:1/RES,v2026.0.0,BT,buildings,structural
2020024175513,2020-01-24 17:55:13,6.7,Mww,-12.0,38.3897,39.0883,global_cmt,gCMT,12.0,172,41.32459277417623,27.778001842368653,392.4464416503906,1018.1735017942569,1018.2442142020644,True,False,PGA,g,0.0009584809643917516,0.7347136108716102,0.0,0.0,MUR+CLBRS/LWAL/CDN+ERN/H:1/RES,v2026.0.0,BT,buildings,structural
2020024175513,2020-01-24 17:55:13,6.7,Mww,-12.0,38.3897,39.0883,global_cmt,gCMT,12.0,173,41.21721809479402,28.360027310851105,349.6066589355469,968.1028880775536,968.1772574813459,True,False,PGA,g,0.0010843473563328433,0.7347136108716102,0.0,0.0,MUR+CLBRS/LWAL/CDN+ERN/H:1/RES,v2026.0.0,BT,buildings,structural
2020024175513,2020-01-24 17:55:13,6.7,Mww,-12.0,38.3897,39.0883,global_cmt,gCMT,12.0,174,41.1064575358912,28.94027026737205,594.7554321289062,918.007597126934,918.0860245003009,True,False,PGA,g,0.0009398030480734929,0.7347136108716102,0.0,0.0,MUR+CLBRS/LWAL/CDN+ERN/H:1/RES,v2026.0.0,BT,buildings,structural
2020024175513,2020-01-24 17:55:13,6.7,Mww,-12.0,38.3897,39.0883,global_cmt,gCMT,12.0,175,40.99232771054403,29.51868953397133,600.7100219726562,867.8868982448051,867.9698543987508,True,False,PGA,g,0.0010176112311070132,0.7347136108716102,0.0,0.0,MUR+CLBRS/LWAL/CDN+ERN/H:1/RES,v2026.0.0,BT,buildings,structural
2020024175513,2020-01-24 17:55:13,6.7,Mww,-12.0,38.3897,39.0883,global_cmt,gCMT,12.0,176,40.87484555531893,30.095245355730786,471.40081787109375,817.7400855099074,817.8281283067677,True,False,PGA,g,0.0012308776576247214,0.7347136108716102,0.0,0.0,MUR+CLBRS/LWAL/CDN+ERN/H:1/RES,v2026.0.0,BT,buildings,structural
2020024175513,2020-01-24 17:55:13,6.7,Mww,-12.0,38.3897,39.0883,global_cmt,gCMT,12.0,177,40.75402831358981,30.66989941399068,283.1601257324219,767.566486957842,767.6602841757564,True,False,PGA,g,0.001671713250932484,0.7347136108716102,0.0,0.0,MUR+CLBRS/LWAL/CDN+ERN/H:1/RES,v2026.0.0,BT,buildings,structural
2020024175513,2020-01-24 17:55:13,6.7,Mww,-12.0,38.3897,39.0883,global_cmt,gCMT,12.0,178,40.62989351878622,31.24261483743329,600.7100219726562,717.3654776862196,717.4658379156307,True,False,PGA,g,0.0013518334363299632,0.7347136108716102,0.0,0.0,MUR+CLBRS/LWAL/CDN+ERN/H:1/RES,v2026.0.0,BT,buildings,structural
2020024175513,2020-01-24 17:55:13,6.7,Mww,-12.0,38.3897,39.0883,global_cmt,gCMT,12.0,179,40.50245897760074,31.81335621107146,537.5999755859375,667.1364989628722,667.2444141755242,True,False,PGA,g,0.0015780049981680816,0.7347136108716102,0.0,0.0,MUR+CLBRS/LWAL/CDN+ERN/H:1/RES,v2026.0.0,BT,buildings,structural
2020024175513,2020-01-24 17:55:13,6.7,Mww,-12.0,38.3897,39.0883,global_cmt,gCMT,12.0,180,40.37174275318224,32.38208958318474,525.3312377929688,616.8790867757391,616.9957922881403,True,False,PGA,g,0.0017906077152189444,0.7347136108716102,0.0,0.0,MUR+CLBRS/LWAL/CDN+ERN/H:1/RES,v2026.0.0,BT,buildings,structural
2020024175513,2020-01-24 17:55:13,6.7,Mww,-12.0,38.3897,39.0883,global_cmt,gCMT,12.0,181,40.23776314834132,32.948782470250165,600.7100219726562,566.5929157136583,566.7199768288609,True,False,PGA,g,0.0019216457714222295,0.7347136108716102,0.0,0.0,MUR+CLBRS/LWAL/CDN+ERN/H:1/RES,v2026.0.0,BT,buildings,structural
2020024175513,2020-01-24 17:55:13,6.7,Mww,-12.0,38.3897,39.0883,global_cmt,gCMT,12.0,182,40.10053868879341,33.513403859918775,600.7100219726562,516.2778686743767,516.4173096275501,True,False,PGA,g,0.002207316562836107,0.7347136108716102,0.0,0.0,MUR+CLBRS/LWAL/CDN+ERN/H:1/RES,v2026.0.0,BT,buildings,structural
2020024175513,2020-01-24 17:55:13,6.7,Mww,-12.0,38.3897,39.0883,global_cmt,gCMT,12.0,183,39.96008810646402,34.075924212092694,498.0765686035156,465.9341519958438,466.0886546528311,True,False,PGA,g,0.002781231649161199,0.7347136108716102,0.0,0.0,MUR+CLBRS/LWAL/CDN+ERN/H:1/RES,v2026.0.0,BT,buildings,structural
2020024175513,2020-01-24 17:55:13,6.7,Mww,-12.0,38.3897,39.0883,global_cmt,gCMT,12.0,184,39.81643032287921,34.636315458161214,437.4578552246094,415.56249465702604,415.735717692828,True,False,PGA,g,0.003480378186868308,0.7347136108716102,0.0,0.0,MUR+CLBRS/LWAL/CDN+ERN/H:1/RES,v2026.0.0,BT,buildings,structural
2020024175513,2020-01-24 17:55:13,6.7,Mww,-12.0,38.3897,39.0883,global_cmt,gCMT,12.0,185,39.66958443266434,35.194550998457146,616.9863891601562,365.16451295051576,365.3616311524616,True,False,PGA,g,0.0036563431845371723,0.7347136108716102,0.0,0.0,MUR+CLBRS/LWAL/CDN+ERN/H:1/RES,v2026.0.0,BT,buildings,structural
2020024175513,2020-01-24 17:55:13,6.7,Mww,-12.0,38.3897,39.0883,global_cmt,gCMT,12.0,186,39.51956968717203,35.75060569799753,576.5399780273438,314.7434265042095,314.9721011893128,True,False,PGA,g,0.004692196436291289,0.7347136108716102,0.0,0.0,MUR+CLBRS/LWAL/CDN+ERN/H:1/RES,v2026.0.0,BT,buildings,structural
2020024175513,2020-01-24 17:55:13,6.7,Mww,-12.0,38.3897,39.0883,global_cmt,gCMT,12.0,187,39.366405478259885,36.30445588057545,448.3022155761719,264.30559552542155,264.5778672263569,True,False,PGA,g,0.006749541433946547,0.7347136108716102,0.0,0.0,MUR+CLBRS/LWAL/CDN+ERN/H:1/RES,v2026.0.0,BT,buildings,structural
2020024175513,2020-01-24 17:55:13,6.7,Mww,-12.0,38.3897,39.0883,global_cmt,gCMT,12.0,188,39.21011132223724,36.85607932127117,441.9340515136719,213.86423573641056,214.20063334901462,True,False,PGA,g,0.009291331591026561,0.7347136108716102,0.0,0.0,MUR+CLBRS/LWAL/CDN+ERN/H:1/RES,v2026.0.0,BT,buildings,structural
2020024175513,2020-01-24 17:55:13,6.7,Mww,-12.0,38.3897,39.0883,global_cmt,gCMT,12.0,189,39.050706843999045,37.4054552374532,464.6650695800781,163.45001148678676,163.8899211514568,True,True,PGA,g,0.013543531913983147,0.7347136108716102,0.0,0.0,MUR+CLBRS/LWAL/CDN+ERN/H:1/RES,v2026.0.0,BT,buildings,structural
2020024175513,2020-01-24 17:55:13,6.7,Mww,-12.0,38.3897,39.0883,global_cmt,gCMT,12.0,190,38.88821176136395,37.95256427834092,619.1500244140625,113.14989388597557,113.78443868300943,True,True,PGA,g,0.020712645683880513,0.7347136108716102,0.0,0.0,MUR+CLBRS/LWAL/CDN+ERN/H:1/RES,v2026.0.0,BT,buildings,structural
2020024175513,2020-01-24 17:55:13,6.7,Mww,-12.0,38.3897,39.0883,global_cmt,gCMT,12.0,191,38.72264586963246,38.497388513201685,463.3088073730469,63.330340324463144,64.45721065646823,True,True,PGA,g,0.05337806502584497,0.7347136108716102,1e-08,1e-08,MUR+CLBRS/LWAL/CDN+ERN/H:1/RES,v2026.0.0,BT,buildings,structural
2020024175513,2020-01-24 17:55:13,6.7,Mww,-12.0,38.3897,39.0883,global_cmt,gCMT,12.0,192,38.55402902637986,39.03991141825595,357.75457763671875,18.751865936015694,22.262804766747287,True,True,PGA,g,0.23566048185394128,0.7347136108716102,0.0013662015197921944,15.252409226659381,MUR+CLBRS/LWAL/CDN+ERN/H:1/RES,v2026.0.0,BT,buildings,structural
2020024175513,2020-01-24 17:55:13,6.7,Mww,-12.0,38.3897,39.0883,global_cmt,gCMT,12.0,193,38.38238113649788,39.58011786236474,619.1500244140625,42.874362153810715,44.52202747063656,True,True,PGA,g,0.08206450617975676,0.7347136108716102,1e-08,1e-08,MUR+CLBRS/LWAL/CDN+ERN/H:1/RES,v2026.0.0,BT,buildings,structural
2020024175513,2020-01-24 17:55:13,6.7,Mww,-12.0,38.3897,39.0883,global_cmt,gCMT,12.0,194,38.20772213749719,40.11799409157385,487.0408020019531,92.1057412948435,92.88416215627204,True,True,PGA,g,0.030748507240185796,0.7347136108716102,0.0,0.0,MUR+CLBRS/LWAL/CDN+ERN/H:1/RES,v2026.0.0,BT,buildings,structural
2020024175513,2020-01-24 17:55:13,6.7,Mww,-12.0,38.3897,39.0883,global_cmt,gCMT,12.0,195,38.0300719850824,40.65352771258926,428.0439147949219,142.48086099476527,142.985299068854,True,True,PGA,g,0.017120852432372536,0.7347136108716102,0.0,0.0,MUR+CLBRS/LWAL/CDN+ERN/H:1/RES,v2026.0.0,BT,buildings,structural
2020024175513,2020-01-24 17:55:13,6.7,Mww,-12.0,38.3897,39.0883,global_cmt,gCMT,12.0,196,37.84945063900995,41.1867076752579,387.1775817871094,193.1423980926007,193.51482098526884,True,True,PGA,g,0.011387416792811347,0.7347136108716102,0.0,0.0,MUR+CLBRS/LWAL/CDN+ERN/H:1/RES,v2026.0.0,BT,buildings,structural
2020024175513,2020-01-24 17:55:13,6.7,Mww,-12.0,38.3897,39.0883,global_cmt,gCMT,12.0,197,37.66587804923799,41.7175242541276,512.5012817382812,243.9410379918836,244.23601293944677,True,False,PGA,g,0.007195380276233591,0.7347136108716102,0.0,0.0,MUR+CLBRS/LWAL/CDN+ERN/H:1/RES,v2026.0.0,BT,buildings,structural
2020024175513,2020-01-24 17:55:13,6.7,Mww,-12.0,38.3897,39.0883,global_cmt,gCMT,12.0,198,37.47937414237634,42.24596902915907,600.7100219726562,294.83067263344185,295.0747795483168,True,False,PGA,g,0.005083615577644641,0.7347136108716102,0.0,0.0,MUR+CLBRS/LWAL/CDN+ERN/H:1/RES,v2026.0.0,BT,buildings,structural
2020024175513,2020-01-24 17:55:13,6.7,Mww,-12.0,38.3897,39.0883,global_cmt,gCMT,12.0,199,41.86714480472202,27.32030359889184,576.5399780273438,1071.5034441066678,1071.5706373041635,True,False,PGA,g,0.0007560832585398126,0.7347136108716102,0.0,0.0,MUR+CLBRS/LWAL/CDN+ERN/H:1/RES,v2026.0.0,BT,buildings,structural
2020024175513,2020-01-24 17:55:13,6.7,Mww,-12.0,38.3897,39.0883,global_cmt,gCMT,12.0,200,41.76230564320424,27.90793197350734,576.5399780273438,1021.5558229126093,1021.6263012112885,True,False,PGA,g,0.0008118684927550291,0.7347136108716102,0.0,0.0,MUR+CLBRS/LWAL/CDN+ERN/H:1/RES,v2026.0.0,BT,buildings,structural
2020024175513,2020-01-24 17:55:13,6.7,Mww,-12.0,38.3897,39.0883,global_cmt,gCMT,12.0,201,41.06191479063402,31.39460201858199,600.7100219726562,721.6065987765547,721.7063692374259,True,False,PGA,g,0.0013400050813243236,0.7347136108716102,0.0,0.0,MUR+CLBRS/LWAL/CDN+ERN/H:1/RES,v2026.0.0,BT,buildings,structural
2020024175513,2020-01-24 17:55:13,6.7,Mww,-12.0,38.3897,39.0883,global_cmt,gCMT,12.0,202,40.93345450667417,31.96882470353246,594.1270141601562,671.5911768291402,671.6983763526226,True,False,PGA,g,0.0014983700677469207,0.7347136108716102,0.0,0.0,MUR+CLBRS/LWAL/CDN+ERN/H:1/RES,v2026.0.0,BT,buildings,structural
2020024175513,2020-01-24 17:55:13,6.7,Mww,-12.0,38.3897,39.0883,global_cmt,gCMT,12.0,203,40.801691908159086,32.54098176438588,537.5999755859375,621.5804429706967,621.6962659399263,True,False,PGA,g,0.0017534470450718052,0.7347136108716102,0.0,0.0,MUR+CLBRS/LWAL/CDN+ERN/H:1/RES,v2026.0.0,BT,buildings,structural
2020024175513,2020-01-24 17:55:13,6.7,Mww,-12.0,38.3897,39.0883,global_cmt,gCMT,12.0,204,40.666645835463534,33.11104011893139,354.2043762207031,571.5827942545997,571.7087463804415,True,False,PGA,g,0.0023635663760518647,0.7347136108716102,0.0,0.0,MUR+CLBRS/LWAL/CDN+ERN/H:1/RES,v2026.0.0,BT,buildings,structural
2020024175513,2020-01-24 17:55:13,6.7,Mww,-12.0,38.3897,39.0883,global_cmt,gCMT,12.0,205,40.52833535453819,33.67896821343401,448.244140625,521.6101826966991,521.7481985526005,True,False,PGA,g,0.0024564116718500967,0.7347136108716102,0.0,0.0,MUR+CLBRS/LWAL/CDN+ERN/H:1/RES,v2026.0.0,BT,buildings,structural
2020024175513,2020-01-24 17:55:13,6.7,Mww,-12.0,38.3897,39.0883,global_cmt,gCMT,12.0,206,40.38677973958139,34.24473602295546,452.1221618652344,471.67999686713785,471.83261803798933,True,False,PGA,g,0.002843224080179501,0.7347136108716102,0.0,0.0,MUR+CLBRS/LWAL/CDN+ERN/H:1/RES,v2026.0.0,BT,buildings,structural
2020024175513,2020-01-24 17:55:13,6.7,Mww,-12.0,38.3897,39.0883,global_cmt,gCMT,12.0,207,40.24199845581047,34.80831504974517,419.39495849609375,421.81827040517004,421.98892550351263,True,False,PGA,g,0.0034638018667667646,0.7347136108716102,0.0,0.0,MUR+CLBRS/LWAL/CDN+ERN/H:1/RES,v2026.0.0,BT,buildings,structural
2020024175513,2020-01-24 17:55:13,6.7,Mww,-12.0,38.3897,39.0883,global_cmt,gCMT,12.0,208,40.09401114235636,35.36967831976815,580.7123413085938,372.06544473332303,372.25890877802436,True,False,PGA,g,0.003646918444711764,0.7347136108716102,0.0,0.0,MUR+CLBRS/LWAL/CDN+ERN/H:1/RES,v2026.0.0,BT,buildings,structural
2020024175513,2020-01-24 17:55:13,6.7,Mww,-12.0,38.3897,39.0883,global_cmt,gCMT,12.0,209,39.94283759530382,35.928800377439245,535.7010498046875,322.48739187569913,322.71057918635194,True,False,PGA,g,0.004666014872611775,0.7347136108716102,0.0,0.0,MUR+CLBRS/LWAL/CDN+ERN/H:1/RES,v2026.0.0,BT,buildings,structural
2020024175513,2020-01-24 17:55:13,6.7,Mww,-12.0,38.3897,39.0883,global_cmt,gCMT,12.0,210,39.78849775089813,36.48565727863619,429.4677429199219,273.19820442592254,273.4616223559499,True,False,PGA,g,0.006540062412427497,0.7347136108716102,0.0,0.0,MUR+CLBRS/LWAL/CDN+ERN/H:1/RES,v2026.0.0,BT,buildings,structural
2020024175513,2020-01-24 17:55:13,6.7,Mww,-12.0,38.3897,39.0883,global_cmt,gCMT,12.0,211,39.63101166893865,37.04022658206525,457.5965576171875,224.41217276939233,224.73278195910714,True,False,PGA,g,0.008530529027660229,0.7347136108716102,0.0,0.0,MUR+CLBRS/LWAL/CDN+ERN/H:1/RES,v2026.0.0,BT,buildings,structural
2020024175513,2020-01-24 17:55:13,6.7,Mww,-12.0,38.3897,39.0883,global_cmt,gCMT,12.0,212,39.47039951637768,37.59248733905582,476.6583251953125,176.57827515340912,176.98555663147505,True,True,PGA,g,0.011961074724442813,0.7347136108716102,0.0,0.0,MUR+CLBRS/LWAL/CDN+ERN/H:1/RES,v2026.0.0,BT,buildings,structural
2020024175513,2020-01-24 17:55:13,6.7,Mww,-12.0,38.3897,39.0883,global_cmt,gCMT,12.0,213,39.30668155114245,38.14242008186092,476.82525634765625,130.7895306632625,131.33887973907986,True,True,PGA,g,0.01860346893482927,0.7347136108716102,0.0,0.0,MUR+CLBRS/LWAL/CDN+ERN/H:1/RES,v2026.0.0,BT,buildings,structural
2020024175513,2020-01-24 17:55:13,6.7,Mww,-12.0,38.3897,39.0883,global_cmt,gCMT,12.0,214,39.13987810619656,38.69000681054206,459.8590087890625,90.28119308250534,91.0752097137339,True,True,PGA,g,0.03234615753620039,0.7347136108716102,0.0,0.0,MUR+CLBRS/LWAL/CDN+ERN/H:1/RES,v2026.0.0,BT,buildings,structural
2020024175513,2020-01-24 17:55:13,6.7,Mww,-12.0,38.3897,39.0883,global_cmt,gCMT,12.0,215,38.97000957385584,39.23523097851778,537.5999755859375,65.7759409116821,66.86160634337988,True,True,PGA,g,0.04794157438363138,0.7347136108716102,0.0,0.0,MUR+CLBRS/LWAL/CDN+ERN/H:1/RES,v2026.0.0,BT,buildings,structural
2020024175513,2020-01-24 17:55:13,6.7,Mww,-12.0,38.3897,39.0883,global_cmt,gCMT,12.0,216,38.79709639037304,39.77807747685498,523.709716796875,75.13879004935002,76.09098350054559,True,True,PGA,g,0.040074653482186764,0.7347136108716102,0.0,0.0,MUR+CLBRS/LWAL/CDN+ERN/H:1/RES,v2026.0.0,BT,buildings,structural
2020024175513,2020-01-24 17:55:13,6.7,Mww,-12.0,38.3897,39.0883,global_cmt,gCMT,12.0,217,38.62115902080354,40.3185326173833,576.5399780273438,110.09889858682531,110.75092536873923,True,True,PGA,g,0.022190699895057744,0.7347136108716102,0.0,0.0,MUR+CLBRS/LWAL/CDN+ERN/H:1/RES,v2026.0.0,BT,buildings,structural
2020024175513,2020-01-24 17:55:13,6.7,Mww,-12.0,38.3897,39.0883,global_cmt,gCMT,12.0,218,38.44221794416428,40.8565841147114,435.7065124511719,154.1675705626212,154.63388960115046,True,True,PGA,g,0.015144009139864965,0.7347136108716102,0.0,0.0,MUR+CLBRS/LWAL/CDN+ERN/H:1/RES,v2026.0.0,BT,buildings,structural
2020024175513,2020-01-24 17:55:13,6.7,Mww,-12.0,38.3897,39.0883,global_cmt,gCMT,12.0,219,38.26029363889579,41.3922210672249,582.1966552734375,201.48753790058456,201.84456378421365,True,False,PGA,g,0.009065234251377325,0.7347136108716102,0.0,0.0,MUR+CLBRS/LWAL/CDN+ERN/H:1/RES,v2026.0.0,BT,buildings,structural
2020024175513,2020-01-24 17:55:13,6.7,Mww,-12.0,38.3897,39.0883,global_cmt,gCMT,12.0,220,38.07540656863709,41.92543393714404,619.1500244140625,250.24928760830687,250.53683551219586,True,False,PGA,g,0.006405707930210273,0.7347136108716102,0.0,0.0,MUR+CLBRS/LWAL/CDN+ERN/H:1/RES,v2026.0.0,BT,buildings,structural
2020024175513,2020-01-24 17:55:13,6.7,Mww,-12.0,38.3897,39.0883,global_cmt,gCMT,12.0,221,37.88757716832112,42.45621452971892,576.5399780273438,299.77433731842325,300.014421844517,True,False,PGA,g,0.005044940772039328,0.7347136108716102,0.0,0.0,MUR+CLBRS/LWAL/CDN+ERN/H:1/RES,v2026.0.0,BT,buildings,structural
2020024175513,2020-01-24 17:55:13,6.7,Mww,-12.0,38.3897,39.0883,global_cmt,gCMT,12.0,222,37.6968258305983,42.98455597163872,568.3587036132812,349.7600023346393,349.96579723328233,True,False,PGA,g,0.004034486134698004,0.7347136108716102,0.0,0.0,MUR+CLBRS/LWAL/CDN+ERN/H:1/RES,v2026.0.0,BT,buildings,structural
2020024175513,2020-01-24 17:55:13,6.7,Mww,-12.0,38.3897,39.0883,global_cmt,gCMT,12.0,223,37.503172892593774,43.5104526887302,600.7100219726562,400.0529055710814,400.2328413009914,True,False,PGA,g,0.00322763174990473,0.7347136108716102,0.0,0.0,MUR+CLBRS/LWAL/CDN+ERN/H:1/RES,v2026.0.0,BT,buildings,structural
2020024175513,2020-01-24 17:55:13,6.7,Mww,-12.0,38.3897,39.0883,global_cmt,gCMT,12.0,224,41.36387268192554,32.12724807530359,537.5999755859375,679.5585011016841,679.6644439865657,True,False,PGA,g,0.0015352019459966444,0.7347136108716102,0.0,0.0,MUR+CLBRS/LWAL/CDN+ERN/H:1/RES,v2026.0.0,BT,buildings,structural
2020024175513,2020-01-24 17:55:13,6.7,Mww,-12.0,38.3897,39.0883,global_cmt,gCMT,12.0,225,41.23104397401816,32.70288003523498,450.1291809082031,630.0705453607966,630.18480791848,True,False,PGA,g,0.0018506924829577922,0.7347136108716102,0.0,0.0,MUR+CLBRS/LWAL/CDN+ERN/H:1/RES,v2026.0.0,BT,buildings,structural
2020024175513,2020-01-24 17:55:13,6.7,Mww,-12.0,38.3897,39.0883,global_cmt,gCMT,12.0,226,41.09491145873179,33.2763531496317,576.5399780273438,580.6834952677517,580.8074738468617,True,False,PGA,g,0.0018846841573256392,0.7347136108716102,0.0,0.0,MUR+CLBRS/LWAL/CDN+ERN/H:1/RES,v2026.0.0,BT,buildings,structural
2020024175513,2020-01-24 17:55:13,6.7,Mww,-12.0,38.3897,39.0883,global_cmt,gCMT,12.0,227,40.95549475971331,33.847635325026566,537.5999755859375,531.4335100597516,531.568975406229,True,False,PGA,g,0.002214625124771515,0.7347136108716102,0.0,0.0,MUR+CLBRS/LWAL/CDN+ERN/H:1/RES,v2026.0.0,BT,buildings,structural
2020024175513,2020-01-24 17:55:13,6.7,Mww,-12.0,38.3897,39.0883,global_cmt,gCMT,12.0,228,40.81281371072964,34.41669605582694,449.4459228515625,482.37178349831726,482.52102287397537,True,False,PGA,g,0.002756705586701113,0.7347136108716102,0.0,0.0,MUR+CLBRS/LWAL/CDN+ERN/H:1/RES,v2026.0.0,BT,buildings,structural
2020024175513,2020-01-24 17:55:13,6.7,Mww,-12.0,38.3897,39.0883,global_cmt,gCMT,12.0,229,40.66688833779436,34.98350642177497,537.5999755859375,433.5728850519917,433.7389153077086,True,False,PGA,g,0.002998929715790233,0.7347136108716102,0.0,0.0,MUR+CLBRS/LWAL/CDN+ERN/H:1/RES,v2026.0.0,BT,buildings,structural
2020024175513,2020-01-24 17:55:13,6.7,Mww,-12.0,38.3897,39.0883,global_cmt,gCMT,12.0,230,40.51773884143387,35.548039083457624,437.2521057128906,385.14919290540445,385.3360881045071,True,False,PGA,g,0.003897712660340814,0.7347136108716102,0.0,0.0,MUR+CLBRS/LWAL/CDN+ERN/H:1/RES,v2026.0.0,BT,buildings,structural
2020024175513,2020-01-24 17:55:13,6.7,Mww,-12.0,38.3897,39.0883,global_cmt,gCMT,12.0,231,40.3653855791167,36.110268275942175,364.2544250488281,337.2771250915251,337.49053188201333,True,False,PGA,g,0.005116605451040599,0.7347136108716102,0.0,0.0,MUR+CLBRS/LWAL/CDN+ERN/H:1/RES,v2026.0.0,BT,buildings,structural
2020024175513,2020-01-24 17:55:13,6.7,Mww,-12.0,38.3897,39.0883,global_cmt,gCMT,12.0,232,40.20984904786767,36.67016980061532,619.1500244140625,290.2475583976128,290.4955165846379,True,False,PGA,g,0.005138339461875301,0.7347136108716102,0.0,0.0,MUR+CLBRS/LWAL/CDN+ERN/H:1/RES,v2026.0.0,BT,buildings,structural
2020024175513,2020-01-24 17:55:13,6.7,Mww,-12.0,38.3897,39.0883,global_cmt,gCMT,12.0,233,40.05114986708789,37.227721015306265,618.48388671875,244.56890644191296,244.86312502741848,True,False,PGA,g,0.006630998871601826,0.7347136108716102,0.0,0.0,MUR+CLBRS/LWAL/CDN+ERN/H:1/RES,v2026.0.0,BT,buildings,structural
2020024175513,2020-01-24 17:55:13,6.7,Mww,-12.0,38.3897,39.0883,global_cmt,gCMT,12.0,234,39.88930876159981,37.782900822775545,438.1587829589844,201.19104210867064,201.5485932096101,True,False,PGA,g,0.010205116874090757,0.7347136108716102,0.0,0.0,MUR+CLBRS/LWAL/CDN+ERN/H:1/RES,v2026.0.0,BT,buildings,structural
2020024175513,2020-01-24 17:55:13,6.7,Mww,-12.0,38.3897,39.0883,global_cmt,gCMT,12.0,235,39.72434654493565,38.33568965765315,447.51953125,162.00844815642222,162.45226152335383,True,True,PGA,g,0.01392939006186462,0.7347136108716102,0.0,0.0,MUR+CLBRS/LWAL/CDN+ERN/H:1/RES,v2026.0.0,BT,buildings,structural
2020024175513,2020-01-24 17:55:13,6.7,Mww,-12.0,38.3897,39.0883,global_cmt,gCMT,12.0,236,39.55628410288591,38.88606947191002,537.5999755859375,130.89105728653774,131.43998203586193,True,True,PGA,g,0.017711211516469302,0.7347136108716102,0.0,0.0,MUR+CLBRS/LWAL/CDN+ERN/H:1/RES,v2026.0.0,BT,buildings,structural
2020024175513,2020-01-24 17:55:13,6.7,Mww,-12.0,38.3897,39.0883,global_cmt,gCMT,12.0,237,39.38514237732356,39.43402371894801,619.1500244140625,114.66134753070834,115.28757356089109,True,True,PGA,g,0.02031351717300911,0.7347136108716102,0.0,0.0,MUR+CLBRS/LWAL/CDN+ERN/H:1/RES,v2026.0.0,BT,buildings,structural
2020024175513,2020-01-24 17:55:13,6.7,Mww,-12.0,38.3897,39.0883,global_cmt,gCMT,12.0,238,39.210942350318334,39.97953733639344,537.5999755859375,119.59759028666144,120.1981014923952,True,True,PGA,g,0.020219052613131436,0.7347136108716102,0.0,0.0,MUR+CLBRS/LWAL/CDN+ERN/H:1/RES,v2026.0.0,BT,buildings,structural
2020024175513,2020-01-24 17:55:13,6.7,Mww,-12.0,38.3897,39.0883,global_cmt,gCMT,12.0,239,39.03370502855385,40.522596727679726,537.5999755859375,143.57755208528255,144.0781505392196,True,True,PGA,g,0.015457299901061197,0.7347136108716102,0.0,0.0,MUR+CLBRS/LWAL/CDN+ERN/H:1/RES,v2026.0.0,BT,buildings,structural
2020024175513,2020-01-24 17:55:13,6.7,Mww,-12.0,38.3897,39.0883,global_cmt,gCMT,12.0,240,38.85345142805938,41.063189742503695,537.5999755859375,179.14623711131176,179.54769358346638,True,True,PGA,g,0.011148571707601756,0.7347136108716102,0.0,0.0,MUR+CLBRS/LWAL/CDN+ERN/H:1/RES,v2026.0.0,BT,buildings,structural
2020024175513,2020-01-24 17:55:13,6.7,Mww,-12.0,38.3897,39.0883,global_cmt,gCMT,12.0,241,38.67020255926717,41.60130565624036,576.5399780273438,220.8029043881365,221.128746630185,True,False,PGA,g,0.007946212603762465,0.7347136108716102,0.0,0.0,MUR+CLBRS/LWAL/CDN+ERN/H:1/RES,v2026.0.0,BT,buildings,structural
2020024175513,2020-01-24 17:55:13,6.7,Mww,-12.0,38.3897,39.0883,global_cmt,gCMT,12.0,242,38.48397941240376,42.136935148399466,552.7262573242188,265.72601608988754,265.99683386650145,True,False,PGA,g,0.006142006179127808,0.7347136108716102,0.0,0.0,MUR+CLBRS/LWAL/CDN+ERN/H:1/RES,v2026.0.0,BT,buildings,structural
2020024175513,2020-01-24 17:55:13,6.7,Mww,-12.0,38.3897,39.0883,global_cmt,gCMT,12.0,243,38.29480294322424,42.67007028020628,576.5399780273438,312.5333831408248,312.7636736858192,True,False,PGA,g,0.0047416441935665184,0.7347136108716102,0.0,0.0,MUR+CLBRS/LWAL/CDN+ERN/H:1/RES,v2026.0.0,BT,buildings,structural
2020024175513,2020-01-24 17:55:13,6.7,Mww,-12.0,38.3897,39.0883,global_cmt,gCMT,12.0,244,38.10269405909594,43.20070447138824,576.5399780273438,360.51254350737986,360.7122038774963,True,False,PGA,g,0.0038337729844860977,0.7347136108716102,0.0,0.0,MUR+CLBRS/LWAL/CDN+ERN/H:1/RES,v2026.0.0,BT,buildings,structural
2020024175513,2020-01-24 17:55:13,6.7,Mww,-12.0,38.3897,39.0883,global_cmt,gCMT,12.0,245,37.90767360543753,43.728832476246495,537.9388427734375,409.2703709570907,409.4462559889327,True,False,PGA,g,0.0032670627200134875,0.7347136108716102,0.0,0.0,MUR+CLBRS/LWAL/CDN+ERN/H:1/RES,v2026.0.0,BT,buildings,structural
2020024175513,2020-01-24 17:55:13,6.7,Mww,-12.0,38.3897,39.0883,global_cmt,gCMT,12.0,246,37.70976235251805,44.25445035909105,576.5399780273438,458.575781522291,458.7327625086091,True,False,PGA,g,0.002679271129965759,0.7347136108716102,0.0,0.0,MUR+CLBRS/LWAL/CDN+ERN/H:1/RES,v2026.0.0,BT,buildings,structural
2020024175513,2020-01-24 17:55:13,6.7,Mww,-12.0,38.3897,39.0883,global_cmt,gCMT,12.0,247,41.65979456066122,32.86785971045566,600.7100219726562,642.195039745383,642.3071454324435,True,False,PGA,g,0.0015943789861275048,0.7347136108716102,0.0,0.0,MUR+CLBRS/LWAL/CDN+ERN/H:1/RES,v2026.0.0,BT,buildings,structural
2020024175513,2020-01-24 17:55:13,6.7,Mww,-12.0,38.3897,39.0883,global_cmt,gCMT,12.0,248,41.52255515900016,33.444797513838466,449.5407409667969,593.7015575468477,593.8228182156298,True,False,PGA,g,0.0020232008865505666,0.7347136108716102,0.0,0.0,MUR+CLBRS/LWAL/CDN+ERN/H:1/RES,v2026.0.0,BT,buildings,structural
2020024175513,2020-01-24 17:55:13,6.7,Mww,-12.0,38.3897,39.0883,global_cmt,gCMT,12.0,249,41.38201157695592,34.01948170678295,576.5399780273438,545.5004295675669,545.632402500438,True,False,PGA,g,0.002068679665186607,0.7347136108716102,0.0,0.0,MUR+CLBRS/LWAL/CDN+ERN/H:1/RES,v2026.0.0,BT,buildings,structural
2020024175513,2020-01-24 17:55:13,6.7,Mww,-12.0,38.3897,39.0883,global_cmt,gCMT,12.0,250,41.238184225796175,34.59188130842567,576.5399780273438,497.6855212618185,497.830169911033,True,False,PGA,g,0.002371705331945181,0.7347136108716102,0.0,0.0,MUR+CLBRS/LWAL/CDN+ERN/H:1/RES,v2026.0.0,BT,buildings,structural
2020024175513,2020-01-24 17:55:13,6.7,Mww,-12.0,38.3897,39.0883,global_cmt,gCMT,12.0,251,41.09109371005216,35.16196698394322,600.7100219726562,450.39010254573867,450.549935602216,True,False,PGA,g,0.002705293416190494,0.7347136108716102,0.0,0.0,MUR+CLBRS/LWAL/CDN+ERN/H:1/RES,v2026.0.0,BT,buildings,structural
2020024175513,2020-01-24 17:55:13,6.7,Mww,-12.0,38.3897,39.0883,global_cmt,gCMT,12.0,252,40.9407608091312,35.729711038947386,416.62835693359375,403.80862162406106,403.98688456176905,True,False,PGA,g,0.0037061693548253306,0.7347136108716102,0.0,0.0,MUR+CLBRS/LWAL/CDN+ERN/H:1/RES,v2026.0.0,BT,buildings,structural
2020024175513,2020-01-24 17:55:13,6.7,Mww,-12.0,38.3897,39.0883,global_cmt,gCMT,12.0,253,40.78720645911132,36.29508741192155,445.3791198730469,358.23358238398896,358.43451221620137,True,False,PGA,g,0.00430813835182009,0.7347136108716102,0.0,0.0,MUR+CLBRS/LWAL/CDN+ERN/H:1/RES,v2026.0.0,BT,buildings,structural
2020024175513,2020-01-24 17:55:13,6.7,Mww,-12.0,38.3897,39.0883,global_cmt,gCMT,12.0,254,40.63045173474038,36.85807166478312,512.1145629882812,314.1197936412144,314.34892199146975,True,False,PGA,g,0.00494362259417042,0.7347136108716102,0.0,0.0,MUR+CLBRS/LWAL/CDN+ERN/H:1/RES,v2026.0.0,BT,buildings,structural
2020024175513,2020-01-24 17:55:13,6.7,Mww,-12.0,38.3897,39.0883,global_cmt,gCMT,12.0,255,40.47051783166179,37.41864097165869,618.8026123046875,272.1983029143935,272.46268755460056,True,False,PGA,g,0.005654473557174731,0.7347136108716102,0.0,0.0,MUR+CLBRS/LWAL/CDN+ERN/H:1/RES,v2026.0.0,BT,buildings,structural
2020024175513,2020-01-24 17:55:13,6.7,Mww,-12.0,38.3897,39.0883,global_cmt,gCMT,12.0,256,40.30742604888621,37.97677410596052,619.12255859375,233.6757617841268,233.983678160234,True,False,PGA,g,0.007092321686311378,0.7347136108716102,0.0,0.0,MUR+CLBRS/LWAL/CDN+ERN/H:1/RES,v2026.0.0,BT,buildings,structural
2020024175513,2020-01-24 17:55:13,6.7,Mww,-12.0,38.3897,39.0883,global_cmt,gCMT,12.0,257,40.14119777152859,38.5324514258542,545.0187377929688,200.54925376696562,200.90794704661826,True,False,PGA,g,0.009380028704799481,0.7347136108716102,0.0,0.0,MUR+CLBRS/LWAL/CDN+ERN/H:1/RES,v2026.0.0,BT,buildings,structural
2020024175513,2020-01-24 17:55:13,6.7,Mww,-12.0,38.3897,39.0883,global_cmt,gCMT,12.0,258,39.97185445382736,39.08565485820786,483.9147644042969,175.92793914201457,176.33672269483853,True,True,PGA,g,0.011953080650905086,0.7347136108716102,0.0,0.0,MUR+CLBRS/LWAL/CDN+ERN/H:1/RES,v2026.0.0,BT,buildings,structural
2020024175513,2020-01-24 17:55:13,6.7,Mww,-12.0,38.3897,39.0883,global_cmt,gCMT,12.0,259,39.79941760246207,39.63636788111455,619.1500244140625,163.7328653749395,164.1720171158534,True,True,PGA,g,0.012017056649594685,0.7347136108716102,0.0,0.0,MUR+CLBRS/LWAL/CDN+ERN/H:1/RES,v2026.0.0,BT,buildings,structural
2020024175513,2020-01-24 17:55:13,6.7,Mww,-12.0,38.3897,39.0883,global_cmt,gCMT,12.0,260,39.62390876018369,40.18457550507881,435.2808837890625,166.7513170211976,167.18254014191774,True,True,PGA,g,0.013498163433634284,0.7347136108716102,0.0,0.0,MUR+CLBRS/LWAL/CDN+ERN/H:1/RES,v2026.0.0,BT,buildings,structural
2020024175513,2020-01-24 17:55:13,6.7,Mww,-12.0,38.3897,39.0883,global_cmt,gCMT,12.0,261,39.44534948977105,40.73026425295892,530.8173828125,184.2722003247135,184.66251328440038,True,True,PGA,g,0.01074856698403851,0.7347136108716102,0.0,0.0,MUR+CLBRS/LWAL/CDN+ERN/H:1/RES,v2026.0.0,BT,buildings,structural
2020024175513,2020-01-24 17:55:13,6.7,Mww,-12.0,38.3897,39.0883,global_cmt,gCMT,12.0,262,39.263761358325205,41.27342213875534,403.1685791015625,212.77340544188672,213.11152494254625,True,False,PGA,g,0.009714530315478732,0.7347136108716102,0.0,0.0,MUR+CLBRS/LWAL/CDN+ERN/H:1/RES,v2026.0.0,BT,buildings,structural
2020024175513,2020-01-24 17:55:13,6.7,Mww,-12.0,38.3897,39.0883,global_cmt,gCMT,12.0,263,39.07916592191211,41.81403864533565,356.8906555175781,248.5328494660801,248.8223809542245,True,False,PGA,g,0.008107005730101214,0.7347136108716102,0.0,0.0,MUR+CLBRS/LWAL/CDN+ERN/H:1/RES,v2026.0.0,BT,buildings,structural
2020024175513,2020-01-24 17:55:13,6.7,Mww,-12.0,38.3897,39.0883,global_cmt,gCMT,12.0,264,38.891584710563,42.35210470118456,537.5999755859375,288.8919357457084,289.1410564740028,True,False,PGA,g,0.005487255034803213,0.7347136108716102,0.0,0.0,MUR+CLBRS/LWAL/CDN+ERN/H:1/RES,v2026.0.0,BT,buildings,structural
2020024175513,2020-01-24 17:55:13,6.7,Mww,-12.0,38.3897,39.0883,global_cmt,gCMT,12.0,265,38.70103921364054,42.887612656266974,220.89083862304688,332.20022223612295,332.4168883401225,True,False,PGA,g,0.006346980107220102,0.7347136108716102,0.0,0.0,MUR+CLBRS/LWAL/CDN+ERN/H:1/RES,v2026.0.0,BT,buildings,structural
2020024175513,2020-01-24 17:55:13,6.7,Mww,-12.0,38.3897,39.0883,global_cmt,gCMT,12.0,266,38.5075508655773,43.420556257090176,406.5823364257813,377.46369818084975,377.65439682911625,True,False,PGA,g,0.004138636878715053,0.7347136108716102,0.0,0.0,MUR+CLBRS/LWAL/CDN+ERN/H:1/RES,v2026.0.0,BT,buildings,structural
2020024175513,2020-01-24 17:55:13,6.7,Mww,-12.0,38.3897,39.0883,global_cmt,gCMT,12.0,267,38.31114103199241,43.9509306210494,521.9302978515625,424.07485941423835,424.24460678623365,True,False,PGA,g,0.003137966397557202,0.7347136108716102,0.0,0.0,MUR+CLBRS/LWAL/CDN+ERN/H:1/RES,v2026.0.0,BT,buildings,structural
2020024175513,2020-01-24 17:55:13,6.7,Mww,-12.0,38.3897,39.0883,global_cmt,gCMT,12.0,268,41.949571640011015,33.61645171466469,578.09033203125,610.3823036019978,610.5002510650437,True,False,PGA,g,0.0017476835712425082,0.7347136108716102,0.0,0.0,MUR+CLBRS/LWAL/CDN+ERN/H:1/RES,v2026.0.0,BT,buildings,structural
2020024175513,2020-01-24 17:55:13,6.7,Mww,-12.0,38.3897,39.0883,global_cmt,gCMT,12.0,269,41.80788002812139,34.194586415748496,611.6973876953125,563.4887867732152,563.61654768038,True,False,PGA,g,0.001922797581841516,0.7347136108716102,0.0,0.0,MUR+CLBRS/LWAL/CDN+ERN/H:1/RES,v2026.0.0,BT,buildings,structural
2020024175513,2020-01-24 17:55:13,6.7,Mww,-12.0,38.3897,39.0883,global_cmt,gCMT,12.0,270,41.662885026533125,34.77037131351163,600.7100219726562,517.2059844092354,517.3451752058062,True,False,PGA,g,0.0022014164181181997,0.7347136108716102,0.0,0.0,MUR+CLBRS/LWAL/CDN+ERN/H:1/RES,v2026.0.0,BT,buildings,structural
2020024175513,2020-01-24 17:55:13,6.7,Mww,-12.0,38.3897,39.0883,global_cmt,gCMT,12.0,271,41.51460783665575,35.34377666794147,614.709716796875,471.72346123225947,471.8760683452203,True,False,PGA,g,0.0025008337941947994,0.7347136108716102,0.0,0.0,MUR+CLBRS/LWAL/CDN+ERN/H:1/RES,v2026.0.0,BT,buildings,structural
2020024175513,2020-01-24 17:55:13,6.7,Mww,-12.0,38.3897,39.0883,global_cmt,gCMT,12.0,272,41.36306983487982,35.91477444162001,600.7100219726562,427.3080462772098,427.4765097794803,True,False,PGA,g,0.0029258391345187416,0.7347136108716102,0.0,0.0,MUR+CLBRS/LWAL/CDN+ERN/H:1/RES,v2026.0.0,BT,buildings,structural
2020024175513,2020-01-24 17:55:13,6.7,Mww,-12.0,38.3897,39.0883,global_cmt,gCMT,12.0,273,41.20829255371199,36.48333829085251,261.2767333984375,384.34280496106965,384.5300920933794,True,False,PGA,g,0.004813602094397013,0.7347136108716102,0.0,0.0,MUR+CLBRS/LWAL/CDN+ERN/H:1/RES,v2026.0.0,BT,buildings,structural
2020024175513,2020-01-24 17:55:13,6.7,Mww,-12.0,38.3897,39.0883,global_cmt,gCMT,12.0,274,41.05029766313624,37.04944355484163,619.1500244140625,343.3875325784844,343.597144240664,True,False,PGA,g,0.004001004554802274,0.7347136108716102,0.0,0.0,MUR+CLBRS/LWAL/CDN+ERN/H:1/RES,v2026.0.0,BT,buildings,structural
2020024175513,2020-01-24 17:55:13,6.7,Mww,-12.0,38.3897,39.0883,global_cmt,gCMT,12.0,275,40.88910695222355,37.61306724300135,600.7100219726562,305.26979633173465,305.50556222828214,True,False,PGA,g,0.004827180613721498,0.7347136108716102,0.0,0.0,MUR+CLBRS/LWAL/CDN+ERN/H:1/RES,v2026.0.0,BT,buildings,structural
2020024175513,2020-01-24 17:55:13,6.7,Mww,-12.0,38.3897,39.0883,global_cmt,gCMT,12.0,276,40.72474231101067,38.17418802050582,619.1500244140625,271.2091070172914,271.4744550213088,True,False,PGA,g,0.005683837868259804,0.7347136108716102,0.0,0.0,MUR+CLBRS/LWAL/CDN+ERN/H:1/RES,v2026.0.0,BT,buildings,structural
2020024175513,2020-01-24 17:55:13,6.7,Mww,-12.0,38.3897,39.0883,global_cmt,gCMT,12.0,277,40.55722571266727,38.732786192170245,619.1500244140625,242.9415557872365,243.23774281209515,True,False,PGA,g,0.0066941051702416425,0.7347136108716102,0.0,0.0,MUR+CLBRS/LWAL/CDN+ERN/H:1/RES,v2026.0.0,BT,buildings,structural
2020024175513,2020-01-24 17:55:13,6.7,Mww,-12.0,38.3897,39.0883,global_cmt,gCMT,12.0,278,40.38657919596919,39.288843684761055,600.7100219726562,222.71078415341034,223.03383908776473,True,False,PGA,g,0.0077130256349025395,0.7347136108716102,0.0,0.0,MUR+CLBRS/LWAL/CDN+ERN/H:1/RES,v2026.0.0,BT,buildings,structural
2020024175513,2020-01-24 17:55:13,6.7,Mww,-12.0,38.3897,39.0883,global_cmt,gCMT,12.0,279,40.21282484809435,39.8423440278335,549.0767822265625,212.8497761626971,213.18777453810588,True,False,PGA,g,0.008561569061817707,0.7347136108716102,0.0,0.0,MUR+CLBRS/LWAL/CDN+ERN/H:1/RES,v2026.0.0,BT,buildings,structural
2020024175513,2020-01-24 17:55:13,6.7,Mww,-12.0,38.3897,39.0883,global_cmt,gCMT,12.0,280,40.03598478775554,40.39327233319441,600.7100219726562,214.82074185971697,215.15564397235588,True,False,PGA,g,0.008137198632748286,0.7347136108716102,0.0,0.0,MUR+CLBRS/LWAL/CDN+ERN/H:1/RES,v2026.0.0,BT,buildings,structural
2020024175513,2020-01-24 17:55:13,6.7,Mww,-12.0,38.3897,39.0883,global_cmt,gCMT,12.0,281,39.85608114868425,40.94161527308801,537.5999755859375,228.34579740693815,228.66089126348308,True,False,PGA,g,0.0077815511335776275,0.7347136108716102,0.0,0.0,MUR+CLBRS/LWAL/CDN+ERN/H:1/RES,v2026.0.0,BT,buildings,structural
2020024175513,2020-01-24 17:55:13,6.7,Mww,-12.0,38.3897,39.0883,global_cmt,gCMT,12.0,282,39.67313606347664,41.48736105720132,406.0848693847656,251.59474021403778,251.88075214944305,True,False,PGA,g,0.007559644983820124,0.7347136108716102,0.0,0.0,MUR+CLBRS/LWAL/CDN+ERN/H:1/RES,v2026.0.0,BT,buildings,structural
2020024175513,2020-01-24 17:55:13,6.7,Mww,-12.0,38.3897,39.0883,global_cmt,gCMT,12.0,283,39.48717164781292,42.03049940858551,576.5399780273438,282.19852455498403,282.4535488554002,True,False,PGA,g,0.005519214447297125,0.7347136108716102,0.0,0.0,MUR+CLBRS/LWAL/CDN+ERN/H:1/RES,v2026.0.0,BT,buildings,structural
2020024175513,2020-01-24 17:55:13,6.7,Mww,-12.0,38.3897,39.0883,global_cmt,gCMT,12.0,284,39.29820998505886,42.57102153858751,537.5999755859375,318.06321841940553,318.28950801324015,True,False,PGA,g,0.0047558824361224735,0.7347136108716102,0.0,0.0,MUR+CLBRS/LWAL/CDN+ERN/H:1/RES,v2026.0.0,BT,buildings,structural
2020024175513,2020-01-24 17:55:13,6.7,Mww,-12.0,38.3897,39.0883,global_cmt,gCMT,12.0,285,39.106273111257465,43.108920120885394,537.5999755859375,357.6297728607365,357.8310417451538,True,False,PGA,g,0.003994572383357539,0.7347136108716102,0.0,0.0,MUR+CLBRS/LWAL/CDN+ERN/H:1/RES,v2026.0.0,BT,buildings,structural
2020024175513,2020-01-24 17:55:13,6.7,Mww,-12.0,38.3897,39.0883,global_cmt,gCMT,12.0,286,38.91138300051731,43.64418926471844,535.6008911132812,399.8193051615195,399.9993459742656,True,False,PGA,g,0.003388858521189655,0.7347136108716102,0.0,0.0,MUR+CLBRS/LWAL/CDN+ERN/H:1/RES,v2026.0.0,BT,buildings,structural
2020024175513,2020-01-24 17:55:13,6.7,Mww,-12.0,38.3897,39.0883,global_cmt,gCMT,12.0,287,38.71356155080296,44.17682448740173,420.6057739257813,443.90182496551,444.06399336999874,True,False,PGA,g,0.0032067519747099407,0.7347136108716102,0.0,0.0,MUR+CLBRS/LWAL/CDN+ERN/H:1/RES,v2026.0.0,BT,buildings,structural
2020024175513,2020-01-24 17:55:13,6.7,Mww,-12.0,38.3897,39.0883,global_cmt,gCMT,12.0,288,40.972420283171616,38.93677722780187,619.1500244140625,287.47822422945706,287.72856897799005,True,False,PGA,g,0.005212137916375505,0.7347136108716102,0.0,0.0,MUR+CLBRS/LWAL/CDN+ERN/H:1/RES,v2026.0.0,BT,buildings,structural
2020024175513,2020-01-24 17:55:13,6.7,Mww,-12.0,38.3897,39.0883,global_cmt,gCMT,12.0,289,40.80044778902895,39.49571909858484,619.1500244140625,270.3257662440676,270.59198047141433,True,False,PGA,g,0.005711475520201733,0.7347136108716102,0.0,0.0,MUR+CLBRS/LWAL/CDN+ERN/H:1/RES,v2026.0.0,BT,buildings,structural
2020024175513,2020-01-24 17:55:13,6.7,Mww,-12.0,38.3897,39.0883,global_cmt,gCMT,12.0,290,40.62535312599842,40.05203511772502,609.095947265625,261.9773457913077,262.2520347068034,True,False,PGA,g,0.006025061407168509,0.7347136108716102,0.0,0.0,MUR+CLBRS/LWAL/CDN+ERN/H:1/RES,v2026.0.0,BT,buildings,structural
2020024175513,2020-01-24 17:55:13,6.7,Mww,-12.0,38.3897,39.0883,global_cmt,gCMT,12.0,291,40.44715900445944,40.60571052901054,619.1500244140625,263.2956428179663,263.568957821148,True,False,PGA,g,0.0059396676709612935,0.7347136108716102,0.0,0.0,MUR+CLBRS/LWAL/CDN+ERN/H:1/RES,v2026.0.0,BT,buildings,structural
2020024175513,2020-01-24 17:55:13,6.7,Mww,-12.0,38.3897,39.0883,global_cmt,gCMT,12.0,292,40.26588814434975,41.15673218632065,537.5999755859375,274.16480761383974,274.42729772005873,True,False,PGA,g,0.005931026897467603,0.7347136108716102,0.0,0.0,MUR+CLBRS/LWAL/CDN+ERN/H:1/RES,v2026.0.0,BT,buildings,structural
2020024175513,2020-01-24 17:55:13,6.7,Mww,-12.0,38.3897,39.0883,global_cmt,gCMT,12.0,293,40.08156325855301,41.70508852872559,537.5999755859375,293.54843604979754,293.7936083499471,True,False,PGA,g,0.005358353012156255,0.7347136108716102,0.0,0.0,MUR+CLBRS/LWAL/CDN+ERN/H:1/RES,v2026.0.0,BT,buildings,structural
2020024175513,2020-01-24 17:55:13,6.7,Mww,-12.0,38.3897,39.0883,global_cmt,gCMT,12.0,294,39.894207036685685,42.25076955448307,537.5999755859375,319.923951662026,320.1489260438747,True,False,PGA,g,0.004714797034630411,0.7347136108716102,0.0,0.0,MUR+CLBRS/LWAL/CDN+ERN/H:1/RES,v2026.0.0,BT,buildings,structural
2020024175513,2020-01-24 17:55:13,6.7,Mww,-12.0,38.3897,39.0883,global_cmt,gCMT,12.0,295,39.70384212929231,42.79376679403261,537.5999755859375,351.7419575875007,351.94659357278505,True,False,PGA,g,0.00409448528374305,0.7347136108716102,0.0,0.0,MUR+CLBRS/LWAL/CDN+ERN/H:1/RES,v2026.0.0,BT,buildings,structural
2020024175513,2020-01-24 17:55:13,6.7,Mww,-12.0,38.3897,39.0883,global_cmt,gCMT,12.0,296,39.51049113245673,43.33407328208632,537.5999755859375,387.68338806349016,387.86906215936676,True,False,PGA,g,0.0035424917554279477,0.7347136108716102,0.0,0.0,MUR+CLBRS/LWAL/CDN+ERN/H:1/RES,v2026.0.0,BT,buildings,structural
2020024175513,2020-01-24 17:55:13,6.7,Mww,-12.0,38.3897,39.0883,global_cmt,gCMT,12.0,297,39.31417657283573,43.87168352891327,537.5999755859375,426.7250551727699,426.89374873872714,True,False,PGA,g,0.0030708791582425917,0.7347136108716102,0.0,0.0,MUR+CLBRS/LWAL/CDN+ERN/H:1/RES,v2026.0.0,BT,buildings,structural
2020024175513,2020-01-24 17:55:13,6.7,Mww,-12.0,38.3897,39.0883,global_cmt,gCMT,12.0,298,40.85741936414967,40.82197523280503,619.1500244140625,311.9798109847615,312.2105098520668,True,False,PGA,g,0.004614982487931373,0.7347136108716102,0.0,0.0,MUR+CLBRS/LWAL/CDN+ERN/H:1/RES,v2026.0.0,BT,buildings,structural
2020024175513,2020-01-24 17:55:13,6.7,Mww,-12.0,38.3897,39.0883,global_cmt,gCMT,12.0,299,40.67475798937051,41.37569978034522,560.1820068359375,320.97556624889785,321.1998040609624,True,False,PGA,g,0.004612232063855993,0.7347136108716102,0.0,0.0,MUR+CLBRS/LWAL/CDN+ERN/H:1/RES,v2026.0.0,BT,buildings,structural
2020024175513,2020-01-24 17:55:13,6.7,Mww,-12.0,38.3897,39.0883,global_cmt,gCMT,12.0,300,40.48903002379566,41.926688929415135,540.3002319335938,337.461518842995,337.67480909866686,True,False,PGA,g,0.004345881508146769,0.7347136108716102,0.0,0.0,MUR+CLBRS/LWAL/CDN+ERN/H:1/RES,v2026.0.0,BT,buildings,structural
2020024175513,2020-01-24 17:55:13,6.7,Mww,-12.0,38.3897,39.0883,global_cmt,gCMT,12.0,301,40.30025874564381,42.47493299098696,537.5999755859375,360.4302822471586,360.6299881606719,True,False,PGA,g,0.003948468396625688,0.7347136108716102,0.0,0.0,MUR+CLBRS/LWAL/CDN+ERN/H:1/RES,v2026.0.0,BT,buildings,structural
2020024175513,2020-01-24 17:55:13,6.7,Mww,-12.0,38.3897,39.0883,global_cmt,gCMT,12.0,302,40.10846738679795,43.02042385331604,426.7346801757813,388.75255217293335,388.93771586331053,True,False,PGA,g,0.0038829885284669212,0.7347136108716102,0.0,0.0,MUR+CLBRS/LWAL/CDN+ERN/H:1/RES,v2026.0.0,BT,buildings,structural
2020024175513,2020-01-24 17:55:13,6.7,Mww,-12.0,38.3897,39.0883,global_cmt,gCMT,12.0,303,39.91367911703061,43.56315495196356,537.5999755859375,421.3673618001096,421.5381994438754,True,False,PGA,g,0.0031292056446443083,0.7347136108716102,0.0,0.0,MUR+CLBRS/LWAL/CDN+ERN/H:1/RES,v2026.0.0,BT,buildings,structural
2020024175513,2020-01-24 17:55:13,6.7,Mww,-12.0,38.3897,39.0883,global_cmt,gCMT,12.0,304,39.71591702867863,44.10312123901409,537.5999755859375,457.3736091972417,457.5310026545865,True,False,PGA,g,0.0027694878327647818,0.7347136108716102,0.0,0.0,MUR+CLBRS/LWAL/CDN+ERN/H:1/RES,v2026.0.0,BT,buildings,structural
2020024175513,2020-01-24 17:55:13,6.7,Mww,-12.0,38.3897,39.0883,global_cmt,gCMT,12.0,305,41.08267754767554,41.598605305389576,619.1500244140625,368.3944609082393,368.58985177005655,True,False,PGA,g,0.003603439886899094,0.7347136108716102,0.0,0.0,MUR+CLBRS/LWAL/CDN+ERN/H:1/RES,v2026.0.0,BT,buildings,structural
2020024175513,2020-01-24 17:55:13,6.7,Mww,-12.0,38.3897,39.0883,global_cmt,gCMT,12.0,306,40.89552278239917,42.15224905047704,537.5999755859375,382.654461097443,382.84257417086536,True,False,PGA,g,0.0036120206720791164,0.7347136108716102,0.0,0.0,MUR+CLBRS/LWAL/CDN+ERN/H:1/RES,v2026.0.0,BT,buildings,structural
2020024175513,2020-01-24 17:55:13,6.7,Mww,-12.0,38.3897,39.0883,global_cmt,gCMT,12.0,307,40.70531276695041,42.70307599224188,537.5999755859375,402.87429973723033,403.05297590858163,True,False,PGA,g,0.0033454695956892915,0.7347136108716102,0.0,0.0,MUR+CLBRS/LWAL/CDN+ERN/H:1/RES,v2026.0.0,BT,buildings,structural
2020024175513,2020-01-24 17:55:13,6.7,Mww,-12.0,38.3897,39.0883,global_cmt,gCMT,12.0,308,40.51207132902601,43.2510784181305,537.5999755859375,428.2269935998052,428.395095732348,True,False,PGA,g,0.0030548533770708135,0.7347136108716102,0.0,0.0,MUR+CLBRS/LWAL/CDN+ERN/H:1/RES,v2026.0.0,BT,buildings,structural
2020024175513,2020-01-24 17:55:13,6.7,Mww,-12.0,38.3897,39.0883,global_cmt,gCMT,12.0,309,41.30102727729793,42.38185817002582,506.8955383300781,428.71810536734,428.88601500837217,True,False,PGA,g,0.0031253294005879188,0.7347136108716102,0.0,0.0,MUR+CLBRS/LWAL/CDN+ERN/H:1/RES,v2026.0.0,BT,buildings,structural
2020024175513,2020-01-24 17:55:13,6.7,Mww,-12.0,38.3897,39.0883,global_cmt,gCMT,12.0,310,41.10935440482272,42.935287266968686,537.5999755859375,446.69957691919103,446.8607300040856,True,False,PGA,g,0.002868629463882998,0.7347136108716102,0.0,0.0,MUR+CLBRS/LWAL/CDN+ERN/H:1/RES,v2026.0.0,BT,buildings,structural
2020024175513,2020-01-24 17:55:13,6.7,Mww,-12.0,38.3897,39.0883,global_cmt,gCMT,12.0,311,40.91463883219449,43.48581857106326,535.4801025390625,469.5400563681812,469.69337288728565,True,False,PGA,g,0.0026676743309037264,0.7347136108716102,0.0,0.0,MUR+CLBRS/LWAL/CDN+ERN/H:1/RES,v2026.0.0,BT,buildings,structural
2020024175513,2020-01-24 17:55:13,6.7,Mww,-12.0,38.3897,39.0883,analysed,Analysed,14.0,1,36.72096108226829,27.69836368910688,249.61154174804688,1020.3407968161225,1020.4368386369437,True,False,PGA,g,0.0011528786400237707,0.7347136108716102,0.0,0.0,MUR+CLBRS/LWAL/CDN+ERN/H:1/RES,v2026.0.0,BT,buildings,structural
2020024175513,2020-01-24 17:55:13,6.7,Mww,-12.0,38.3897,39.0883,analysed,Analysed,14.0,2,36.39455464027055,29.327564169136853,512.3291015625,889.8970303755772,890.0071486630155,True,False,PGA,g,0.0010478718299571062,0.7347136108716102,0.0,0.0,MUR+CLBRS/LWAL/CDN+ERN/H:1/RES,v2026.0.0,BT,buildings,structural
2020024175513,2020-01-24 17:55:13,6.7,Mww,-12.0,38.3897,39.0883,analysed,Analysed,14.0,3,36.27950272914779,29.867739251599968,444.1215515136719,847.8726055496242,847.9881810741872,True,False,PGA,g,0.001195618651853,0.7347136108716102,0.0,0.0,MUR+CLBRS/LWAL/CDN+ERN/H:1/RES,v2026.0.0,BT,buildings,structural
2020024175513,2020-01-24 17:55:13,6.7,Mww,-12.0,38.3897,39.0883,analysed,Analysed,14.0,4,37.16167480728152,27.812520356913147,416.2839050292969,999.7458333571514,999.8438534666226,True,False,PGA,g,0.0009609170777299309,0.7347136108716102,0.0,0.0,MUR+CLBRS/LWAL/CDN+ERN/H:1/RES,v2026.0.0,BT,buildings,structural
2020024175513,2020-01-24 17:55:13,6.7,Mww,-12.0,38.3897,39.0883,analysed,Analysed,14.0,5,37.05523302606474,28.36015699826684,419.6947937011719,954.6042492052758,954.7069040290681,True,False,PGA,g,0.001025921743711822,0.7347136108716102,0.0,0.0,MUR+CLBRS/LWAL/CDN+ERN/H:1/RES,v2026.0.0,BT,buildings,structural
2020024175513,2020-01-24 17:55:13,6.7,Mww,-12.0,38.3897,39.0883,analysed,Analysed,14.0,6,36.94562940880127,28.90634871473881,537.6055297851562,909.9724195020747,910.0801087016789,True,False,PGA,g,0.000993347655611357,0.7347136108716102,0.0,0.0,MUR+CLBRS/LWAL/CDN+ERN/H:1/RES,v2026.0.0,BT,buildings,structural
2020024175513,2020-01-24 17:55:13,6.7,Mww,-12.0,38.3897,39.0883,analysed,Analysed,14.0,7,36.8328772139447,29.45106411136452,600.7100219726562,865.9331831127646,866.0463484224183,True,False,PGA,g,0.0010209838758097587,0.7347136108716102,0.0,0.0,MUR+CLBRS/LWAL/CDN+ERN/H:1/RES,v2026.0.0,BT,buildings,structural
2020024175513,2020-01-24 17:55:13,6.7,Mww,-12.0,38.3897,39.0883,analysed,Analysed,14.0,8,36.71698994271946,29.994272814771403,421.3836364746094,822.5861586957478,822.705286525999,True,False,PGA,g,0.001278576907865382,0.7347136108716102,0.0,0.0,MUR+CLBRS/LWAL/CDN+ERN/H:1/RES,v2026.0.0,BT,buildings,structural
2020024175513,2020-01-24 17:55:13,6.7,Mww,-12.0,38.3897,39.0883,analysed,Analysed,14.0,9,36.59798132724053,30.535945483414405,361.19775390625,780.0516517257657,780.1772743166102,True,False,PGA,g,0.0014756305635200452,0.7347136108716102,0.0,0.0,MUR+CLBRS/LWAL/CDN+ERN/H:1/RES,v2026.0.0,BT,buildings,structural
2020024175513,2020-01-24 17:55:13,6.7,Mww,-12.0,38.3897,39.0883,analysed,Analysed,14.0,10,36.0910154761869,32.68672555867665,576.5399780273438,621.4699222477883,621.6275929032366,True,False,PGA,g,0.0017031544211830207,0.7347136108716102,0.0,0.0,MUR+CLBRS/LWAL/CDN+ERN/H:1/RES,v2026.0.0,BT,buildings,structural
2020024175513,2020-01-24 17:55:13,6.7,Mww,-12.0,38.3897,39.0883,analysed,Analysed,14.0,11,37.70594421844185,27.37647198696236,365.6109924316406,1027.67420643284,1027.7695629699137,True,False,PGA,g,0.000973646175925219,0.7347136108716102,0.0,0.0,MUR+CLBRS/LWAL/CDN+ERN/H:1/RES,v2026.0.0,BT,buildings,structural
2020024175513,2020-01-24 17:55:13,6.7,Mww,-12.0,38.3897,39.0883,analysed,Analysed,14.0,12,37.60190569498504,27.9287659737952,460.6383056640625,981.1961689049944,981.2960419128563,True,False,PGA,g,0.0009471396139351031,0.7347136108716102,0.0,0.0,MUR+CLBRS/LWAL/CDN+ERN/H:1/RES,v2026.0.0,BT,buildings,structural
2020024175513,2020-01-24 17:55:13,6.7,Mww,-12.0,38.3897,39.0883,analysed,Analysed,14.0,13,37.49467199987921,28.479607457505445,576.5399780273438,935.0781479561834,935.1829461582189,True,False,PGA,g,0.0009262962228566449,0.7347136108716102,0.0,0.0,MUR+CLBRS/LWAL/CDN+ERN/H:1/RES,v2026.0.0,BT,buildings,structural
2020024175513,2020-01-24 17:55:13,6.7,Mww,-12.0,38.3897,39.0883,analysed,Analysed,14.0,14,37.384256519078185,29.028963277033085,420.2082214355469,889.3798575407538,889.4900398538545,True,False,PGA,g,0.001139471256248764,0.7347136108716102,0.0,0.0,MUR+CLBRS/LWAL/CDN+ERN/H:1/RES,v2026.0.0,BT,buildings,structural
2020024175513,2020-01-24 17:55:13,6.7,Mww,-12.0,38.3897,39.0883,analysed,Analysed,14.0,15,37.27067289867793,29.5768013203776,413.7246398925781,844.1735734382289,844.2896553265763,True,False,PGA,g,0.0012396186651017645,0.7347136108716102,0.0,0.0,MUR+CLBRS/LWAL/CDN+ERN/H:1/RES,v2026.0.0,BT,buildings,structural
2020024175513,2020-01-24 17:55:13,6.7,Mww,-12.0,38.3897,39.0883,analysed,Analysed,14.0,16,37.15393503266164,30.12309053619455,520.7107543945312,799.5473067231943,799.6698666876937,True,False,PGA,g,0.0012208760288680868,0.7347136108716102,0.0,0.0,MUR+CLBRS/LWAL/CDN+ERN/H:1/RES,v2026.0.0,BT,buildings,structural
2020024175513,2020-01-24 17:55:13,6.7,Mww,-12.0,38.3897,39.0883,analysed,Analysed,14.0,17,37.03405705056574,30.66780094401345,319.2999572753906,755.6088788080881,755.7385644081,True,False,PGA,g,0.0016284408445896548,0.7347136108716102,0.0,0.0,MUR+CLBRS/LWAL/CDN+ERN/H:1/RES,v2026.0.0,BT,buildings,structural
2020024175513,2020-01-24 17:55:13,6.7,Mww,-12.0,38.3897,39.0883,analysed,Analysed,14.0,18,36.91105330508504,31.21090364309496,346.513671875,712.4911528224218,712.6286851160453,True,False,PGA,g,0.001718087477638967,0.7347136108716102,0.0,0.0,MUR+CLBRS/LWAL/CDN+ERN/H:1/RES,v2026.0.0,BT,buildings,structural
2020024175513,2020-01-24 17:55:13,6.7,Mww,-12.0,38.3897,39.0883,analysed,Analysed,14.0,19,36.78493835963457,31.75237081994863,433.9440307617188,670.3587224746395,670.5048969230805,True,False,PGA,g,0.001713267050440295,0.7347136108716102,0.0,0.0,MUR+CLBRS/LWAL/CDN+ERN/H:1/RES,v2026.0.0,BT,buildings,structural
2020024175513,2020-01-24 17:55:13,6.7,Mww,-12.0,38.3897,39.0883,analysed,Analysed,14.0,20,36.65572697588564,32.292175754535066,576.5399780273438,629.4163796953695,629.5720602352249,True,False,PGA,g,0.0016712066610575576,0.7347136108716102,0.0,0.0,MUR+CLBRS/LWAL/CDN+ERN/H:1/RES,v2026.0.0,BT,buildings,structural
2020024175513,2020-01-24 17:55:13,6.7,Mww,-12.0,38.3897,39.0883,analysed,Analysed,14.0,21,36.52343410129269,32.830292825178866,459.2327575683594,589.9196261727487,590.0857271141166,True,False,PGA,g,0.00202424218757846,0.7347136108716102,0.0,0.0,MUR+CLBRS/LWAL/CDN+ERN/H:1/RES,v2026.0.0,BT,buildings,structural
2020024175513,2020-01-24 17:55:13,6.7,Mww,-12.0,38.3897,39.0883,analysed,Analysed,14.0,22,36.38807485662762,33.36669751222091,445.5190734863281,552.1872604909015,552.3647080040928,True,False,PGA,g,0.002262055624084168,0.7347136108716102,0.0,0.0,MUR+CLBRS/LWAL/CDN+ERN/H:1/RES,v2026.0.0,BT,buildings,structural
2020024175513,2020-01-24 17:55:13,6.7,Mww,-12.0,38.3897,39.0883,analysed,Analysed,14.0,23,38.34642733343527,26.37603488009032,289.8257141113281,1107.4044405649101,1107.4929322496291,True,False,PGA,g,0.0009595180459929788,0.7347136108716102,0.0,0.0,MUR+CLBRS/LWAL/CDN+ERN/H:1/RES,v2026.0.0,BT,buildings,structural
2020024175513,2020-01-24 17:55:13,6.7,Mww,-12.0,38.3897,39.0883,analysed,Analysed,14.0,24,38.24807464160599,26.93450807089659,600.7100219726562,1059.653525417077,1059.746004441083,True,False,PGA,g,0.0007555731542800412,0.7347136108716102,0.0,0.0,MUR+CLBRS/LWAL/CDN+ERN/H:1/RES,v2026.0.0,BT,buildings,structural
2020024175513,2020-01-24 17:55:13,6.7,Mww,-12.0,38.3897,39.0883,analysed,Analysed,14.0,25,38.14647942535193,27.491558562072004,264.477294921875,1012.1093446609871,1012.2061675123763,True,False,PGA,g,0.001139392382537542,0.7347136108716102,0.0,0.0,MUR+CLBRS/LWAL/CDN+ERN/H:1/RES,v2026.0.0,BT,buildings,structural
2020024175513,2020-01-24 17:55:13,6.7,Mww,-12.0,38.3897,39.0883,analysed,Analysed,14.0,26,38.041654895825566,28.04715028256068,576.5399780273438,964.8055201702917,964.9070896988306,True,False,PGA,g,0.0008840628363100519,0.7347136108716102,0.0,0.0,MUR+CLBRS/LWAL/CDN+ERN/H:1/RES,v2026.0.0,BT,buildings,structural
2020024175513,2020-01-24 17:55:13,6.7,Mww,-12.0,38.3897,39.0883,analysed,Analysed,14.0,27,37.93361455511884,28.601248223537706,435.82220458984375,917.7826168955581,917.8893897827007,True,False,PGA,g,0.0010708556269556574,0.7347136108716102,0.0,0.0,MUR+CLBRS/LWAL/CDN+ERN/H:1/RES,v2026.0.0,BT,buildings,structural
2020024175513,2020-01-24 17:55:13,6.7,Mww,-12.0,38.3897,39.0883,analysed,Analysed,14.0,28,37.82237218374227,29.15381845299078,398.863037109375,871.0899062048985,871.2024016794599,True,False,PGA,g,0.0012011796385109667,0.7347136108716102,0.0,0.0,MUR+CLBRS/LWAL/CDN+ERN/H:1/RES,v2026.0.0,BT,buildings,structural
2020024175513,2020-01-24 17:55:13,6.7,Mww,-12.0,38.3897,39.0883,analysed,Analysed,14.0,29,37.70794182798869,29.70482812881885,600.7100219726562,824.787663867502,824.9064737702157,True,False,PGA,g,0.0010978471276302613,0.7347136108716102,0.0,0.0,MUR+CLBRS/LWAL/CDN+ERN/H:1/RES,v2026.0.0,BT,buildings,structural
2020024175513,2020-01-24 17:55:13,6.7,Mww,-12.0,38.3897,39.0883,analysed,Analysed,14.0,30,37.59033778720124,30.25424551046159,457.3770446777344,778.9501865574205,779.0759867547197,True,False,PGA,g,0.0013400815921380555,0.7347136108716102,0.0,0.0,MUR+CLBRS/LWAL/CDN+ERN/H:1/RES,v2026.0.0,BT,buildings,structural
2020024175513,2020-01-24 17:55:13,6.7,Mww,-12.0,38.3897,39.0883,analysed,Analysed,14.0,31,37.46957460096505,30.80203996907684,451.2735595703125,733.6697775993226,733.8033405229493,True,False,PGA,g,0.0014734303139821183,0.7347136108716102,0.0,0.0,MUR+CLBRS/LWAL/CDN+ERN/H:1/RES,v2026.0.0,BT,buildings,structural
2020024175513,2020-01-24 17:55:13,6.7,Mww,-12.0,38.3897,39.0883,analysed,Analysed,14.0,32,37.34566703624191,31.34818199628632,600.7100219726562,689.0620413904036,689.2042490329774,True,False,PGA,g,0.0014353283244788518,0.7347136108716102,0.0,0.0,MUR+CLBRS/LWAL/CDN+ERN/H:1/RES,v2026.0.0,BT,buildings,structural
2020024175513,2020-01-24 17:55:13,6.7,Mww,-12.0,38.3897,39.0883,analysed,Analysed,14.0,33,37.21863007446594,31.89264321151313,600.7100219726562,645.2729383606201,645.4247942096341,True,False,PGA,g,0.0015829079324796618,0.7347136108716102,0.0,0.0,MUR+CLBRS/LWAL/CDN+ERN/H:1/RES,v2026.0.0,BT,buildings,structural
2020024175513,2020-01-24 17:55:13,6.7,Mww,-12.0,38.3897,39.0883,analysed,Analysed,14.0,34,37.08847889861916,32.43539636793712,572.5615234375,602.4881816314696,602.650818472517,True,False,PGA,g,0.0017889163245813585,0.7347136108716102,0.0,0.0,MUR+CLBRS/LWAL/CDN+ERN/H:1/RES,v2026.0.0,BT,buildings,structural
2020024175513,2020-01-24 17:55:13,6.7,Mww,-12.0,38.3897,39.0883,analysed,Analysed,14.0,35,36.95522888030389,32.976415357097224,600.7100219726562,560.9456720988311,561.1203498772874,True,False,PGA,g,0.001950310611366648,0.7347136108716102,0.0,0.0,MUR+CLBRS/LWAL/CDN+ERN/H:1/RES,v2026.0.0,BT,buildings,structural
2020024175513,2020-01-24 17:55:13,6.7,Mww,-12.0,38.3897,39.0883,analysed,Analysed,14.0,36,36.81889556682967,33.51567521217214,438.1084899902344,520.9516828535916,521.139766154905,True,False,PGA,g,0.002484212200328364,0.7347136108716102,0.0,0.0,MUR+CLBRS/LWAL/CDN+ERN/H:1/RES,v2026.0.0,BT,buildings,structural
2020024175513,2020-01-24 17:55:13,6.7,Mww,-12.0,38.3897,39.0883,analysed,Analysed,14.0,37,36.67949466833073,34.05315210997315,458.8939208984375,482.9012049751502,483.10410241111805,True,False,PGA,g,0.002728044233538789,0.7347136108716102,0.0,0.0,MUR+CLBRS/LWAL/CDN+ERN/H:1/RES,v2026.0.0,BT,buildings,structural
2020024175513,2020-01-24 17:55:13,6.7,Mww,-12.0,38.3897,39.0883,analysed,Analysed,14.0,38,36.09153440869359,36.18479369961207,449.1417846679688,362.4029859786793,362.6733023621436,True,False,PGA,g,0.004218703624664732,0.7347136108716102,0.0,0.0,MUR+CLBRS/LWAL/CDN+ERN/H:1/RES,v2026.0.0,BT,buildings,structural
2020024175513,2020-01-24 17:55:13,6.7,Mww,-12.0,38.3897,39.0883,analysed,Analysed,14.0,39,38.68892326225698,27.04833743448202,537.5999755859375,1046.9472665607632,1047.0408678552396,True,False,PGA,g,0.0008059417873417062,0.7347136108716102,0.0,0.0,MUR+CLBRS/LWAL/CDN+ERN/H:1/RES,v2026.0.0,BT,buildings,structural
2020024175513,2020-01-24 17:55:13,6.7,Mww,-12.0,38.3897,39.0883,analysed,Analysed,14.0,40,38.58654862739613,27.60878134728513,273.7044372558594,998.7271022416444,998.8252223247028,True,False,PGA,g,0.0011458519100646268,0.7347136108716102,0.0,0.0,MUR+CLBRS/LWAL/CDN+ERN/H:1/RES,v2026.0.0,BT,buildings,structural
2020024175513,2020-01-24 17:55:13,6.7,Mww,-12.0,38.3897,39.0883,analysed,Analysed,14.0,41,38.48092332630997,28.16772469576237,297.7670288085937,950.6814015478155,950.7844799158844,True,False,PGA,g,0.0011908631266056033,0.7347136108716102,0.0,0.0,MUR+CLBRS/LWAL/CDN+ERN/H:1/RES,v2026.0.0,BT,buildings,structural
2020024175513,2020-01-24 17:55:13,6.7,Mww,-12.0,38.3897,39.0883,analysed,Analysed,14.0,42,38.37206126242352,28.725131642390245,553.3207397460938,902.84146540443,902.9500050687294,True,False,PGA,g,0.0009930050711621766,0.7347136108716102,0.0,0.0,MUR+CLBRS/LWAL/CDN+ERN/H:1/RES,v2026.0.0,BT,buildings,structural
2020024175513,2020-01-24 17:55:13,6.7,Mww,-12.0,38.3897,39.0883,analysed,Analysed,14.0,43,38.25997662378592,29.28096746915477,453.71917724609375,855.2456619239114,855.3602412081528,True,False,PGA,g,0.0011697830959935508,0.7347136108716102,0.0,0.0,MUR+CLBRS/LWAL/CDN+ERN/H:1/RES,v2026.0.0,BT,buildings,structural
2020024175513,2020-01-24 17:55:13,6.7,Mww,-12.0,38.3897,39.0883,analysed,Analysed,14.0,44,38.14468386993303,29.83519859074117,530.4912719726562,807.9414115020296,808.0626983222849,True,False,PGA,g,0.001192684669051906,0.7347136108716102,0.0,0.0,MUR+CLBRS/LWAL/CDN+ERN/H:1/RES,v2026.0.0,BT,buildings,structural
2020024175513,2020-01-24 17:55:13,6.7,Mww,-12.0,38.3897,39.0883,analysed,Analysed,14.0,45,38.02619771865637,30.387792566174863,511.5866394042969,760.9878493822154,761.1166184674785,True,False,PGA,g,0.0013239893807560383,0.7347136108716102,0.0,0.0,MUR+CLBRS/LWAL/CDN+ERN/H:1/RES,v2026.0.0,BT,buildings,structural
2020024175513,2020-01-24 17:55:13,6.7,Mww,-12.0,38.3897,39.0883,analysed,Analysed,14.0,46,37.90453313269919,30.93871810893301,600.7100219726562,714.4594347962936,714.5965882716201,True,False,PGA,g,0.0013599360826965464,0.7347136108716102,0.0,0.0,MUR+CLBRS/LWAL/CDN+ERN/H:1/RES,v2026.0.0,BT,buildings,structural
2020024175513,2020-01-24 17:55:13,6.7,Mww,-12.0,38.3897,39.0883,analysed,Analysed,14.0,47,37.77970530639941,31.48794509554942,174.0323028564453,668.4508940648566,668.5974856190428,True,False,PGA,g,0.00248637270410646,0.7347136108716102,0.0,0.0,MUR+CLBRS/LWAL/CDN+ERN/H:1/RES,v2026.0.0,BT,buildings,structural
2020024175513,2020-01-24 17:55:13,6.7,Mww,-12.0,38.3897,39.0883,analysed,Analysed,14.0,48,37.65172965229903,32.03544457273861,483.4779052734375,623.0840560023934,623.2413183064756,True,False,PGA,g,0.0018262051544613023,0.7347136108716102,0.0,0.0,MUR+CLBRS/LWAL/CDN+ERN/H:1/RES,v2026.0.0,BT,buildings,structural
2020024175513,2020-01-24 17:55:13,6.7,Mww,-12.0,38.3897,39.0883,analysed,Analysed,14.0,49,37.52062178773912,32.581188763067985,600.7100219726562,578.5173796700012,578.6867534169452,True,False,PGA,g,0.0018626929666436401,0.7347136108716102,0.0,0.0,MUR+CLBRS/LWAL/CDN+ERN/H:1/RES,v2026.0.0,BT,buildings,structural
2020024175513,2020-01-24 17:55:13,6.7,Mww,-12.0,38.3897,39.0883,analysed,Analysed,14.0,50,37.38639752145882,33.125151069209814,537.5999755859375,534.959299311266,535.1424594625255,True,False,PGA,g,0.0021926150464530426,0.7347136108716102,0.0,0.0,MUR+CLBRS/LWAL/CDN+ERN/H:1/RES,v2026.0.0,BT,buildings,structural
2020024175513,2020-01-24 17:55:13,6.7,Mww,-12.0,38.3897,39.0883,analysed,Analysed,14.0,51,37.24907284021617,33.66730607680735,406.625,492.6868986186104,492.88576777020546,True,False,PGA,g,0.002784148122946184,0.7347136108716102,0.0,0.0,MUR+CLBRS/LWAL/CDN+ERN/H:1/RES,v2026.0.0,BT,buildings,structural
2020024175513,2020-01-24 17:55:13,6.7,Mww,-12.0,38.3897,39.0883,analysed,Analysed,14.0,52,37.108663895448274,34.20762955599211,413.3904724121094,452.0717458074654,452.28847360662377,True,False,PGA,g,0.0031427501208860674,0.7347136108716102,0.0,0.0,MUR+CLBRS/LWAL/CDN+ERN/H:1/RES,v2026.0.0,BT,buildings,structural
2020024175513,2020-01-24 17:55:13,6.7,Mww,-12.0,38.3897,39.0883,analysed,Analysed,14.0,53,36.96518698998718,34.74609846159084,435.5585021972656,413.6145381527521,413.8514059071377,True,False,PGA,g,0.0035103205141316127,0.7347136108716102,0.0,0.0,MUR+CLBRS/LWAL/CDN+ERN/H:1/RES,v2026.0.0,BT,buildings,structural
2020024175513,2020-01-24 17:55:13,6.7,Mww,-12.0,38.3897,39.0883,analysed,Analysed,14.0,54,36.81865856484759,35.28269093206378,254.17575073242188,377.9883596419532,378.2475380287551,True,False,PGA,g,0.004984739406301231,0.7347136108716102,0.0,0.0,MUR+CLBRS/LWAL/CDN+ERN/H:1/RES,v2026.0.0,BT,buildings,structural
2020024175513,2020-01-24 17:55:13,6.7,Mww,-12.0,38.3897,39.0883,analysed,Analysed,14.0,55,36.51651353185552,36.3501650247302,574.7426147460938,319.0384954957483,319.34552072667407,True,False,PGA,g,0.004602757904389878,0.7347136108716102,0.0,0.0,MUR+CLBRS/LWAL/CDN+ERN/H:1/RES,v2026.0.0,BT,buildings,structural
2020024175513,2020-01-24 17:55:13,6.7,Mww,-12.0,38.3897,39.0883,analysed,Analysed,14.0,56,39.12932169354253,27.16429886150565,537.5999755859375,1036.4175421787168,1036.51209435094,True,False,PGA,g,0.000818181692081438,0.7347136108716102,0.0,0.0,MUR+CLBRS/LWAL/CDN+ERN/H:1/RES,v2026.0.0,BT,buildings,structural
2020024175513,2020-01-24 17:55:13,6.7,Mww,-12.0,38.3897,39.0883,analysed,Analysed,14.0,57,39.02615285189753,27.728192482780084,457.6072692871094,987.6123624428058,987.7115866738934,True,False,PGA,g,0.0009405767221604864,0.7347136108716102,0.0,0.0,MUR+CLBRS/LWAL/CDN+ERN/H:1/RES,v2026.0.0,BT,buildings,structural
2020024175513,2020-01-24 17:55:13,6.7,Mww,-12.0,38.3897,39.0883,analysed,Analysed,14.0,58,38.91971166128295,28.290542362066432,450.2194519042969,938.9220526274149,939.0264218381068,True,False,PGA,g,0.0010211387997809999,0.7347136108716102,0.0,0.0,MUR+CLBRS/LWAL/CDN+ERN/H:1/RES,v2026.0.0,BT,buildings,structural
2020024175513,2020-01-24 17:55:13,6.7,Mww,-12.0,38.3897,39.0883,analysed,Analysed,14.0,59,38.810012439872,28.851311815912176,438.607421875,890.3689463330788,890.4790062625154,True,False,PGA,g,0.0011173885147607214,0.7347136108716102,0.0,0.0,MUR+CLBRS/LWAL/CDN+ERN/H:1/RES,v2026.0.0,BT,buildings,structural
2020024175513,2020-01-24 17:55:13,6.7,Mww,-12.0,38.3897,39.0883,analysed,Analysed,14.0,60,38.69706979675155,29.41046532512941,448.17181396484375,841.9806694414353,842.0970536185526,True,False,PGA,g,0.0012035332497682407,0.7347136108716102,0.0,0.0,MUR+CLBRS/LWAL/CDN+ERN/H:1/RES,v2026.0.0,BT,buildings,structural
2020024175513,2020-01-24 17:55:13,6.7,Mww,-12.0,38.3897,39.0883,analysed,Analysed,14.0,61,38.580898618260015,29.96796854805596,447.7120666503906,793.7917064782022,793.915154959002,True,False,PGA,g,0.0013145952689561959,0.7347136108716102,0.0,0.0,MUR+CLBRS/LWAL/CDN+ERN/H:1/RES,v2026.0.0,BT,buildings,structural
2020024175513,2020-01-24 17:55:13,6.7,Mww,-12.0,38.3897,39.0883,analysed,Analysed,14.0,62,38.46151405423436,30.52378833218374,537.5999755859375,745.8455411376259,745.9769240632568,True,False,PGA,g,0.0013362207001968187,0.7347136108716102,0.0,0.0,MUR+CLBRS/LWAL/CDN+ERN/H:1/RES,v2026.0.0,BT,buildings,structural
2020024175513,2020-01-24 17:55:13,6.7,Mww,-12.0,38.3897,39.0883,analysed,Analysed,14.0,63,38.33893150418781,31.07789272417605,425.9591369628906,698.1976229949427,698.3379702950342,True,False,PGA,g,0.0016250368880364313,0.7347136108716102,0.0,0.0,MUR+CLBRS/LWAL/CDN+ERN/H:1/RES,v2026.0.0,BT,buildings,structural
2020024175513,2020-01-24 17:55:13,6.7,Mww,-12.0,38.3897,39.0883,analysed,Analysed,14.0,64,38.21316660343932,31.63025097829894,357.7516784667969,650.9195407553696,651.0700795898865,True,False,PGA,g,0.0019396751606567451,0.7347136108716102,0.0,0.0,MUR+CLBRS/LWAL/CDN+ERN/H:1/RES,v2026.0.0,BT,buildings,structural
2020024175513,2020-01-24 17:55:13,6.7,Mww,-12.0,38.3897,39.0883,analysed,Analysed,14.0,65,38.08423520921518,32.180833563295366,576.5399780273438,604.1049836410341,604.2671853244507,True,False,PGA,g,0.0017766287280843813,0.7347136108716102,0.0,0.0,MUR+CLBRS/LWAL/CDN+ERN/H:1/RES,v2026.0.0,BT,buildings,structural
2020024175513,2020-01-24 17:55:13,6.7,Mww,-12.0,38.3897,39.0883,analysed,Analysed,14.0,66,37.95215338674287,32.729612167733904,352.16064453125,557.8783900817539,558.0540279580549,True,False,PGA,g,0.00245601592972987,0.7347136108716102,0.0,0.0,MUR+CLBRS/LWAL/CDN+ERN/H:1/RES,v2026.0.0,BT,buildings,structural
2020024175513,2020-01-24 17:55:13,6.7,Mww,-12.0,38.3897,39.0883,analysed,Analysed,14.0,67,37.816937395356426,33.27655970386688,412.3872375488281,512.407682869524,512.5989011534405,True,False,PGA,g,0.002610926467093589,0.7347136108716102,0.0,0.0,MUR+CLBRS/LWAL/CDN+ERN/H:1/RES,v2026.0.0,BT,buildings,structural
2020024175513,2020-01-24 17:55:13,6.7,Mww,-12.0,38.3897,39.0883,analysed,Analysed,14.0,68,37.67860367463222,33.821650310035366,351.2305908203125,467.92326242735214,468.1326516284211,True,False,PGA,g,0.0031932470187338133,0.7347136108716102,0.0,0.0,MUR+CLBRS/LWAL/CDN+ERN/H:1/RES,v2026.0.0,BT,buildings,structural
2020024175513,2020-01-24 17:55:13,6.7,Mww,-12.0,38.3897,39.0883,analysed,Analysed,14.0,69,37.53716883057294,34.36485935166117,433.042724609375,424.7465588361977,424.9772220286536,True,False,PGA,g,0.0033824682554515514,0.7347136108716102,0.0,0.0,MUR+CLBRS/LWAL/CDN+ERN/H:1/RES,v2026.0.0,BT,buildings,structural
2020024175513,2020-01-24 17:55:13,6.7,Mww,-12.0,38.3897,39.0883,analysed,Analysed,14.0,70,37.39264962185748,34.90616342086814,600.1805419921875,383.33285698883765,383.5884242873143,True,False,PGA,g,0.0034398660926654614,0.7347136108716102,0.0,0.0,MUR+CLBRS/LWAL/CDN+ERN/H:1/RES,v2026.0.0,BT,buildings,structural
2020024175513,2020-01-24 17:55:13,6.7,Mww,-12.0,38.3897,39.0883,analysed,Analysed,14.0,71,37.24506294617298,35.445540334777355,435.8032836914063,344.334042552454,344.6185323811173,True,False,PGA,g,0.004608852923700912,0.7347136108716102,0.0,0.0,MUR+CLBRS/LWAL/CDN+ERN/H:1/RES,v2026.0.0,BT,buildings,structural
2020024175513,2020-01-24 17:55:13,6.7,Mww,-12.0,38.3897,39.0883,analysed,Analysed,14.0,72,37.09442582664533,35.982969132522314,264.1910400390625,308.68431006304695,309.0016234246987,True,False,PGA,g,0.0066164896217616245,0.7347136108716102,0.0,0.0,MUR+CLBRS/LWAL/CDN+ERN/H:1/RES,v2026.0.0,BT,buildings,structural
2020024175513,2020-01-24 17:55:13,6.7,Mww,-12.0,38.3897,39.0883,analysed,Analysed,14.0,73,36.94075539838291,36.51843007103232,600.6758422851562,277.6967173629084,278.04939639232276,True,False,PGA,g,0.005554376562655783,0.7347136108716102,0.0,0.0,MUR+CLBRS/LWAL/CDN+ERN/H:1/RES,v2026.0.0,BT,buildings,structural
2020024175513,2020-01-24 17:55:13,6.7,Mww,-12.0,38.3897,39.0883,analysed,Analysed,14.0,74,36.78406889514814,37.05190461963332,597.0223999023438,253.11237893741037,253.49926305880106,True,False,PGA,g,0.00639049568387817,0.7347136108716102,0.0,0.0,MUR+CLBRS/LWAL/CDN+ERN/H:1/RES,v2026.0.0,BT,buildings,structural
2020024175513,2020-01-24 17:55:13,6.7,Mww,-12.0,38.3897,39.0883,analysed,Analysed,14.0,75,39.66994047687324,26.71349486296508,576.5399780273438,1077.4689573535077,1077.5599074113954,True,False,PGA,g,0.0007498240090775627,0.7347136108716102,0.0,0.0,MUR+CLBRS/LWAL/CDN+ERN/H:1/RES,v2026.0.0,BT,buildings,structural
2020024175513,2020-01-24 17:55:13,6.7,Mww,-12.0,38.3897,39.0883,analysed,Analysed,14.0,76,39.569271083172126,27.282445186661697,537.5999755859375,1028.1276894340956,1028.2230039155377,True,False,PGA,g,0.0008280380494124412,0.7347136108716102,0.0,0.0,MUR+CLBRS/LWAL/CDN+ERN/H:1/RES,v2026.0.0,BT,buildings,structural
2020024175513,2020-01-24 17:55:13,6.7,Mww,-12.0,38.3897,39.0883,analysed,Analysed,14.0,77,39.46529288763372,27.849845891918065,537.5999755859375,978.8386471610663,978.9387606873612,True,False,PGA,g,0.0008909715356584112,0.7347136108716102,0.0,0.0,MUR+CLBRS/LWAL/CDN+ERN/H:1/RES,v2026.0.0,BT,buildings,structural
2020024175513,2020-01-24 17:55:13,6.7,Mww,-12.0,38.3897,39.0883,analysed,Analysed,14.0,78,39.3580203257534,28.41565823577763,595.5006103515625,929.6132905482215,929.718704751008,True,False,PGA,g,0.0009218353556753126,0.7347136108716102,0.0,0.0,MUR+CLBRS/LWAL/CDN+ERN/H:1/RES,v2026.0.0,BT,buildings,structural
2020024175513,2020-01-24 17:55:13,6.7,Mww,-12.0,38.3897,39.0883,analysed,Analysed,14.0,79,39.24746814441138,28.979844671420302,295.7789306640625,880.4658212033737,880.5771188870009,True,False,PGA,g,0.0013386527639211554,0.7347136108716102,0.0,0.0,MUR+CLBRS/LWAL/CDN+ERN/H:1/RES,v2026.0.0,BT,buildings,structural
2020024175513,2020-01-24 17:55:13,6.7,Mww,-12.0,38.3897,39.0883,analysed,Analysed,14.0,80,39.13365138777182,29.5423688632149,418.7412414550781,831.413982792184,831.5318459219478,True,False,PGA,g,0.0012617090301524734,0.7347136108716102,0.0,0.0,MUR+CLBRS/LWAL/CDN+ERN/H:1/RES,v2026.0.0,BT,buildings,structural
2020024175513,2020-01-24 17:55:13,6.7,Mww,-12.0,38.3897,39.0883,analysed,Analysed,14.0,81,39.01658538307148,30.10319570002948,421.0323486328125,782.4801546598031,782.605387431258,True,False,PGA,g,0.0013779279089039592,0.7347136108716102,0.0,0.0,MUR+CLBRS/LWAL/CDN+ERN/H:1/RES,v2026.0.0,BT,buildings,structural
2020024175513,2020-01-24 17:55:13,6.7,Mww,-12.0,38.3897,39.0883,analysed,Analysed,14.0,82,38.89628572632051,30.66229130681988,576.5399780273438,733.6928696247029,733.826428345376,True,False,PGA,g,0.0013298213874541533,0.7347136108716102,0.0,0.0,MUR+CLBRS/LWAL/CDN+ERN/H:1/RES,v2026.0.0,BT,buildings,structural
2020024175513,2020-01-24 17:55:13,6.7,Mww,-12.0,38.3897,39.0883,analysed,Analysed,14.0,83,38.772768267938105,31.21962305452092,576.5399780273438,685.0889568657683,685.2319890514647,True,False,PGA,g,0.0014728765196640862,0.7347136108716102,0.0,0.0,MUR+CLBRS/LWAL/CDN+ERN/H:1/RES,v2026.0.0,BT,buildings,structural
2020024175513,2020-01-24 17:55:13,6.7,Mww,-12.0,38.3897,39.0883,analysed,Analysed,14.0,84,38.64604909834551,31.77515956826793,574.7212524414062,636.716624419297,636.8705204450149,True,False,PGA,g,0.0016449035804629983,0.7347136108716102,0.0,0.0,MUR+CLBRS/LWAL/CDN+ERN/H:1/RES,v2026.0.0,BT,buildings,structural
2020024175513,2020-01-24 17:55:13,6.7,Mww,-12.0,38.3897,39.0883,analysed,Analysed,14.0,85,38.51614453353741,32.32887073398079,400.47369384765625,588.6399844374872,588.8064463629497,True,False,PGA,g,0.002149909196381748,0.7347136108716102,0.0,0.0,MUR+CLBRS/LWAL/CDN+ERN/H:1/RES,v2026.0.0,BT,buildings,structural
2020024175513,2020-01-24 17:55:13,6.7,Mww,-12.0,38.3897,39.0883,analysed,Analysed,14.0,86,38.38307110065308,32.88072770334502,334.0492553710937,540.9458445563184,541.1269783911615,True,False,PGA,g,0.0026277045366235124,0.7347136108716102,0.0,0.0,MUR+CLBRS/LWAL/CDN+ERN/H:1/RES,v2026.0.0,BT,buildings,structural
2020024175513,2020-01-24 17:55:13,6.7,Mww,-12.0,38.3897,39.0883,analysed,Analysed,14.0,87,38.24684552356719,33.43070289722835,403.3796691894531,493.7541437960903,493.95258326666357,True,False,PGA,g,0.002784427383411447,0.7347136108716102,0.0,0.0,MUR+CLBRS/LWAL/CDN+ERN/H:1/RES,v2026.0.0,BT,buildings,structural
2020024175513,2020-01-24 17:55:13,6.7,Mww,-12.0,38.3897,39.0883,analysed,Analysed,14.0,88,38.107484708520346,33.97877000757363,426.2925109863281,447.234390924144,447.45346174243645,True,False,PGA,g,0.0031530586556695103,0.7347136108716102,0.0,0.0,MUR+CLBRS/LWAL/CDN+ERN/H:1/RES,v2026.0.0,BT,buildings,structural
2020024175513,2020-01-24 17:55:13,6.7,Mww,-12.0,38.3897,39.0883,analysed,Analysed,14.0,89,37.96500572980777,34.52490399781175,535.904052734375,401.6322081772724,401.8761384373945,True,False,PGA,g,0.003364507649045648,0.7347136108716102,0.0,0.0,MUR+CLBRS/LWAL/CDN+ERN/H:1/RES,v2026.0.0,BT,buildings,structural
2020024175513,2020-01-24 17:55:13,6.7,Mww,-12.0,38.3897,39.0883,analysed,Analysed,14.0,90,37.81942581554456,35.06908110184059,519.6965942382812,357.3131604508158,357.5873244836154,True,False,PGA,g,0.004055374519575794,0.7347136108716102,0.0,0.0,MUR+CLBRS/LWAL/CDN+ERN/H:1/RES,v2026.0.0,BT,buildings,structural
2020024175513,2020-01-24 17:55:13,6.7,Mww,-12.0,38.3897,39.0883,analysed,Analysed,14.0,91,37.67076233352466,35.611278821618285,600.7100219726562,314.8361608209344,315.14728010957873,True,False,PGA,g,0.0046087800743009055,0.7347136108716102,0.0,0.0,MUR+CLBRS/LWAL/CDN+ERN/H:1/RES,v2026.0.0,BT,buildings,structural
2020024175513,2020-01-24 17:55:13,6.7,Mww,-12.0,38.3897,39.0883,analysed,Analysed,14.0,92,37.51903277719032,36.15147592342068,463.2667541503906,275.0755468601683,275.4315822131163,True,False,PGA,g,0.006272746503828896,0.7347136108716102,0.0,0.0,MUR+CLBRS/LWAL/CDN+ERN/H:1/RES,v2026.0.0,BT,buildings,structural
2020024175513,2020-01-24 17:55:13,6.7,Mww,-12.0,38.3897,39.0883,analysed,Analysed,14.0,93,37.36425475172738,36.68965243281496,600.7100219726562,239.4119829256306,239.82096982620692,True,False,PGA,g,0.006923065238349586,0.7347136108716102,0.0,0.0,MUR+CLBRS/LWAL/CDN+ERN/H:1/RES,v2026.0.0,BT,buildings,structural
2020024175513,2020-01-24 17:55:13,6.7,Mww,-12.0,38.3897,39.0883,analysed,Analysed,14.0,94,37.20644596030164,37.22578962840265,488.2951354980469,209.97134447872003,210.4375572520298,True,False,PGA,g,0.009159457548735603,0.7347136108716102,0.0,0.0,MUR+CLBRS/LWAL/CDN+ERN/H:1/RES,v2026.0.0,BT,buildings,structural
2020024175513,2020-01-24 17:55:13,6.7,Mww,-12.0,38.3897,39.0883,analysed,Analysed,14.0,95,37.04562419045001,37.75987003438628,478.5408935546875,189.70522909578784,190.22111856017816,True,True,PGA,g,0.01072985088473697,0.7347136108716102,0.0,0.0,MUR+CLBRS/LWAL/CDN+ERN/H:1/RES,v2026.0.0,BT,buildings,structural
2020024175513,2020-01-24 17:55:13,6.7,Mww,-12.0,38.3897,39.0883,analysed,Analysed,14.0,96,36.71501320700875,38.821796749967135,346.2952880859375,187.69279872192865,188.21420427818518,True,True,PGA,g,0.012389523853947478,0.7347136108716102,0.0,0.0,MUR+CLBRS/LWAL/CDN+ERN/H:1/RES,v2026.0.0,BT,buildings,structural
2020024175513,2020-01-24 17:55:13,6.7,Mww,-12.0,38.3897,39.0883,analysed,Analysed,14.0,97,40.11024381602152,26.830269986054727,537.5999755859375,1071.8087861076692,1071.9002164276278,True,False,PGA,g,0.0007782251779648372,0.7347136108716102,0.0,0.0,MUR+CLBRS/LWAL/CDN+ERN/H:1/RES,v2026.0.0,BT,buildings,structural
2020024175513,2020-01-24 17:55:13,6.7,Mww,-12.0,38.3897,39.0883,analysed,Analysed,14.0,98,40.00877234376844,27.40283107497407,537.5999755859375,1022.1287966761666,1022.2246705077453,True,False,PGA,g,0.0008352948887233876,0.7347136108716102,0.0,0.0,MUR+CLBRS/LWAL/CDN+ERN/H:1/RES,v2026.0.0,BT,buildings,structural
2020024175513,2020-01-24 17:55:13,6.7,Mww,-12.0,38.3897,39.0883,analysed,Analysed,14.0,99,39.903969276608166,27.97379735386537,537.5999755859375,972.4657290876793,972.5664986262027,True,False,PGA,g,0.0008996915285237848,0.7347136108716102,0.0,0.0,MUR+CLBRS/LWAL/CDN+ERN/H:1/RES,v2026.0.0,BT,buildings,structural
2020024175513,2020-01-24 17:55:13,6.7,Mww,-12.0,38.3897,39.0883,analysed,Analysed,14.0,100,39.795849486245295,28.543129149689825,600.7100219726562,922.825484505278,922.9316739891427,True,False,PGA,g,0.0009285664253449233,0.7347136108716102,0.0,0.0,MUR+CLBRS/LWAL/CDN+ERN/H:1/RES,v2026.0.0,BT,buildings,structural
2020024175513,2020-01-24 17:55:13,6.7,Mww,-12.0,38.3897,39.0883,analysed,Analysed,14.0,101,39.68442816279457,29.11078803463584,619.1500244140625,873.215496917911,873.3277185899885,True,False,PGA,g,0.0009956115271481517,0.7347136108716102,0.0,0.0,MUR+CLBRS/LWAL/CDN+ERN/H:1/RES,v2026.0.0,BT,buildings,structural
2020024175513,2020-01-24 17:55:13,6.7,Mww,-12.0,38.3897,39.0883,analysed,Analysed,14.0,102,39.569720800102296,29.676736841292104,419.533203125,823.645193777061,823.7641684560286,True,False,PGA,g,0.0012784753766649794,0.7347136108716102,0.0,0.0,MUR+CLBRS/LWAL/CDN+ERN/H:1/RES,v2026.0.0,BT,buildings,structural
2020024175513,2020-01-24 17:55:13,6.7,Mww,-12.0,38.3897,39.0883,analysed,Analysed,14.0,103,39.45174318095948,30.24093967598165,576.5399780273438,774.1266316992944,774.2532156252856,True,False,PGA,g,0.0012276136787771513,0.7347136108716102,0.0,0.0,MUR+CLBRS/LWAL/CDN+ERN/H:1/RES,v2026.0.0,BT,buildings,structural
2020024175513,2020-01-24 17:55:13,6.7,Mww,-12.0,38.3897,39.0883,analysed,Analysed,14.0,104,39.33051136223099,30.80336193028008,576.5399780273438,724.6753893421308,724.8106096892959,True,False,PGA,g,0.0013545642974922634,0.7347136108716102,0.0,0.0,MUR+CLBRS/LWAL/CDN+ERN/H:1/RES,v2026.0.0,BT,buildings,structural
2020024175513,2020-01-24 17:55:13,6.7,Mww,-12.0,38.3897,39.0883,analysed,Analysed,14.0,105,39.2060416599246,31.36397029074492,412.9768981933594,675.3118462247756,675.4569487772815,True,False,PGA,g,0.0017299289851734822,0.7347136108716102,0.0,0.0,MUR+CLBRS/LWAL/CDN+ERN/H:1/RES,v2026.0.0,BT,buildings,structural
2020024175513,2020-01-24 17:55:13,6.7,Mww,-12.0,38.3897,39.0883,analysed,Analysed,14.0,106,39.078350634223085,31.92273274688748,425.2662658691406,626.0630546236332,626.2195688132672,True,False,PGA,g,0.0019129616049930853,0.7347136108716102,0.0,0.0,MUR+CLBRS/LWAL/CDN+ERN/H:1/RES,v2026.0.0,BT,buildings,structural
2020024175513,2020-01-24 17:55:13,6.7,Mww,-12.0,38.3897,39.0883,analysed,Analysed,14.0,107,38.94745507450225,32.479618597422046,517.856689453125,576.9655471666849,577.1353763350087,True,False,PGA,g,0.001989956494288604,0.7347136108716102,0.0,0.0,MUR+CLBRS/LWAL/CDN+ERN/H:1/RES,v2026.0.0,BT,buildings,structural
2020024175513,2020-01-24 17:55:13,6.7,Mww,-12.0,38.3897,39.0883,analysed,Analysed,14.0,108,38.81337198435645,33.034598454831034,340.7968139648437,528.0696647159377,528.2552136923997,True,False,PGA,g,0.002701220346865856,0.7347136108716102,0.0,0.0,MUR+CLBRS/LWAL/CDN+ERN/H:1/RES,v2026.0.0,BT,buildings,structural
2020024175513,2020-01-24 17:55:13,6.7,Mww,-12.0,38.3897,39.0883,analysed,Analysed,14.0,109,38.67611856665329,33.587644248287745,285.192626953125,479.446436759305,479.65079560154413,True,False,PGA,g,0.0033522006187032024,0.7347136108716102,0.0,0.0,MUR+CLBRS/LWAL/CDN+ERN/H:1/RES,v2026.0.0,BT,buildings,structural
2020024175513,2020-01-24 17:55:13,6.7,Mww,-12.0,38.3897,39.0883,analysed,Analysed,14.0,110,38.53571220863781,34.13872922498166,619.1500244140625,431.19890699912327,431.42612043922253,True,False,PGA,g,0.00284974553496559,0.7347136108716102,0.0,0.0,MUR+CLBRS/LWAL/CDN+ERN/H:1/RES,v2026.0.0,BT,buildings,structural
2020024175513,2020-01-24 17:55:13,6.7,Mww,-12.0,38.3897,39.0883,analysed,Analysed,14.0,111,38.392170467105785,34.687827949893595,360.6438293457031,383.48151951286593,383.73698780270917,True,False,PGA,g,0.004245080291035086,0.7347136108716102,0.0,0.0,MUR+CLBRS/LWAL/CDN+ERN/H:1/RES,v2026.0.0,BT,buildings,structural
2020024175513,2020-01-24 17:55:13,6.7,Mww,-12.0,38.3897,39.0883,analysed,Analysed,14.0,112,38.24551105366531,35.234916304070964,339.58758544921875,336.5347736237446,336.8258509348489,True,False,PGA,g,0.005279191357506841,0.7347136108716102,0.0,0.0,MUR+CLBRS/LWAL/CDN+ERN/H:1/RES,v2026.0.0,BT,buildings,structural
2020024175513,2020-01-24 17:55:13,6.7,Mww,-12.0,38.3897,39.0883,analysed,Analysed,14.0,113,38.09575182010447,35.779971481455135,600.7100219726562,290.7501167739054,291.0869808219523,True,False,PGA,g,0.005187724758728751,0.7347136108716102,0.0,0.0,MUR+CLBRS/LWAL/CDN+ERN/H:1/RES,v2026.0.0,BT,buildings,structural
2020024175513,2020-01-24 17:55:13,6.7,Mww,-12.0,38.3897,39.0883,analysed,Analysed,14.0,114,37.94291074388236,36.32297198431528,576.5399780273438,246.79702874148447,247.19379724342824,True,False,PGA,g,0.006731616487395717,0.7347136108716102,0.0,0.0,MUR+CLBRS/LWAL/CDN+ERN/H:1/RES,v2026.0.0,BT,buildings,structural
2020024175513,2020-01-24 17:55:13,6.7,Mww,-12.0,38.3897,39.0883,analysed,Analysed,14.0,115,37.787005913759856,36.86389761734446,469.52392578125,205.8791468959175,206.3546052953284,True,False,PGA,g,0.00958201947017836,0.7347136108716102,0.0,0.0,MUR+CLBRS/LWAL/CDN+ERN/H:1/RES,v2026.0.0,BT,buildings,structural
2020024175513,2020-01-24 17:55:13,6.7,Mww,-12.0,38.3897,39.0883,analysed,Analysed,14.0,116,37.628055515585366,37.40272948047536,464.0740661621094,170.2336500179644,170.80835927564783,True,True,PGA,g,0.01274499829208574,0.7347136108716102,0.0,0.0,MUR+CLBRS/LWAL/CDN+ERN/H:1/RES,v2026.0.0,BT,buildings,structural
2020024175513,2020-01-24 17:55:13,6.7,Mww,-12.0,38.3897,39.0883,analysed,Analysed,14.0,117,37.46607781825019,37.93944996047414,458.1355895996094,143.8766346494802,144.5561690072755,True,True,PGA,g,0.016401963673018844,0.7347136108716102,0.0,0.0,MUR+CLBRS/LWAL/CDN+ERN/H:1/RES,v2026.0.0,BT,buildings,structural
2020024175513,2020-01-24 17:55:13,6.7,Mww,-12.0,38.3897,39.0883,analysed,Analysed,14.0,118,37.30109115982695,38.4740427213721,451.1153564453125,132.5197052976767,133.25716600687215,True,True,PGA,g,0.018611527900666842,0.7347136108716102,0.0,0.0,MUR+CLBRS/LWAL/CDN+ERN/H:1/RES,v2026.0.0,BT,buildings,structural
2020024175513,2020-01-24 17:55:13,6.7,Mww,-12.0,38.3897,39.0883,analysed,Analysed,14.0,119,37.13311393390367,39.006492693795046,325.7251281738281,139.91111085605667,140.60981096984582,True,True,PGA,g,0.019432063976327036,0.7347136108716102,0.0,0.0,MUR+CLBRS/LWAL/CDN+ERN/H:1/RES,v2026.0.0,BT,buildings,structural
2020024175513,2020-01-24 17:55:13,6.7,Mww,-12.0,38.3897,39.0883,analysed,Analysed,14.0,120,36.96216457612552,39.5367860632515,418.7761840820313,163.56796976583263,164.16601576853944,True,True,PGA,g,0.014080626559516272,0.7347136108716102,0.0,0.0,MUR+CLBRS/LWAL/CDN+ERN/H:1/RES,v2026.0.0,BT,buildings,structural
2020024175513,2020-01-24 17:55:13,6.7,Mww,-12.0,38.3897,39.0883,analysed,Analysed,14.0,121,40.64903459878373,26.371447394800388,407.2633056640625,1118.2736599165403,1118.3612915615124,True,False,PGA,g,0.0008205999255769538,0.7347136108716102,0.0,0.0,MUR+CLBRS/LWAL/CDN+ERN/H:1/RES,v2026.0.0,BT,buildings,structural
2020024175513,2020-01-24 17:55:13,6.7,Mww,-12.0,38.3897,39.0883,analysed,Analysed,14.0,122,40.3421823053369,28.100104579748663,576.5399780273438,968.5375492915593,968.6387274870336,True,False,PGA,g,0.00087898812966656,0.7347136108716102,0.0,0.0,MUR+CLBRS/LWAL/CDN+ERN/H:1/RES,v2026.0.0,BT,buildings,structural
2020024175513,2020-01-24 17:55:13,6.7,Mww,-12.0,38.3897,39.0883,analysed,Analysed,14.0,123,40.23319904164602,28.67301389143944,434.624755859375,918.6108740022612,918.7175506297887,True,False,PGA,g,0.0010706478952749918,0.7347136108716102,0.0,0.0,MUR+CLBRS/LWAL/CDN+ERN/H:1/RES,v2026.0.0,BT,buildings,structural
2020024175513,2020-01-24 17:55:13,6.7,Mww,-12.0,38.3897,39.0883,analysed,Analysed,14.0,124,40.120892001998726,29.244201706086056,576.5399780273438,868.6805370011847,868.793344452331,True,False,PGA,g,0.0010338196169844742,0.7347136108716102,0.0,0.0,MUR+CLBRS/LWAL/CDN+ERN/H:1/RES,v2026.0.0,BT,buildings,structural
2020024175513,2020-01-24 17:55:13,6.7,Mww,-12.0,38.3897,39.0883,analysed,Analysed,14.0,125,40.00527714511901,29.81363000912616,425.595458984375,818.749844308481,818.8695302398069,True,False,PGA,g,0.0012821778724259904,0.7347136108716102,0.0,0.0,MUR+CLBRS/LWAL/CDN+ERN/H:1/RES,v2026.0.0,BT,buildings,structural
2020024175513,2020-01-24 17:55:13,6.7,Mww,-12.0,38.3897,39.0883,analysed,Analysed,14.0,126,39.88637072459324,30.38126211134988,608.7828369140625,768.8231817910635,768.950638766452,True,False,PGA,g,0.0012122943396408621,0.7347136108716102,0.0,0.0,MUR+CLBRS/LWAL/CDN+ERN/H:1/RES,v2026.0.0,BT,buildings,structural
2020024175513,2020-01-24 17:55:13,6.7,Mww,-12.0,38.3897,39.0883,analysed,Analysed,14.0,127,39.76418927340092,30.94706266031314,343.2217102050781,718.9063915020622,719.0426967451351,True,False,PGA,g,0.001702035674215339,0.7347136108716102,0.0,0.0,MUR+CLBRS/LWAL/CDN+ERN/H:1/RES,v2026.0.0,BT,buildings,structural
2020024175513,2020-01-24 17:55:13,6.7,Mww,-12.0,38.3897,39.0883,analysed,Analysed,14.0,128,39.638749588390894,31.51099764986585,619.1500244140625,669.0073160392388,669.1537856980457,True,False,PGA,g,0.0014810530040747488,0.7347136108716102,0.0,0.0,MUR+CLBRS/LWAL/CDN+ERN/H:1/RES,v2026.0.0,BT,buildings,structural
2020024175513,2020-01-24 17:55:13,6.7,Mww,-12.0,38.3897,39.0883,analysed,Analysed,14.0,129,39.510068714727474,32.073034427829406,428.2435302734375,619.1366050009933,619.2948697124465,True,False,PGA,g,0.0019392789650541096,0.7347136108716102,0.0,0.0,MUR+CLBRS/LWAL/CDN+ERN/H:1/RES,v2026.0.0,BT,buildings,structural
2020024175513,2020-01-24 17:55:13,6.7,Mww,-12.0,38.3897,39.0883,analysed,Analysed,14.0,130,39.37816393033035,32.63314170186223,499.3263854980469,569.3089426878257,569.4810551935244,True,False,PGA,g,0.0020610976955897525,0.7347136108716102,0.0,0.0,MUR+CLBRS/LWAL/CDN+ERN/H:1/RES,v2026.0.0,BT,buildings,structural
2020024175513,2020-01-24 17:55:13,6.7,Mww,-12.0,38.3897,39.0883,analysed,Analysed,14.0,131,39.24305273033106,33.1912895435556,442.8170776367188,519.5449763052335,519.7335686714931,True,False,PGA,g,0.002483166271985386,0.7347136108716102,0.0,0.0,MUR+CLBRS/LWAL/CDN+ERN/H:1/RES,v2026.0.0,BT,buildings,structural
2020024175513,2020-01-24 17:55:13,6.7,Mww,-12.0,38.3897,39.0883,analysed,Analysed,14.0,132,39.10475281156865,33.747449390805635,191.27317810058597,469.87445566444,470.08297574572276,True,False,PGA,g,0.004025632740265628,0.7347136108716102,0.0,0.0,MUR+CLBRS/LWAL/CDN+ERN/H:1/RES,v2026.0.0,BT,buildings,structural
2020024175513,2020-01-24 17:55:13,6.7,Mww,-12.0,38.3897,39.0883,analysed,Analysed,14.0,133,38.96328205714568,34.30159404851024,500.1455078125,420.3415658742574,420.5746449818661,True,False,PGA,g,0.003235816015248602,0.7347136108716102,0.0,0.0,MUR+CLBRS/LWAL/CDN+ERN/H:1/RES,v2026.0.0,BT,buildings,structural
2020024175513,2020-01-24 17:55:13,6.7,Mww,-12.0,38.3897,39.0883,analysed,Analysed,14.0,134,38.81865852106536,34.85369768764283,534.3407592773438,371.01444788088963,371.27849457834395,True,False,PGA,g,0.0037905147379643403,0.7347136108716102,0.0,0.0,MUR+CLBRS/LWAL/CDN+ERN/H:1/RES,v2026.0.0,BT,buildings,structural
2020024175513,2020-01-24 17:55:13,6.7,Mww,-12.0,38.3897,39.0883,analysed,Analysed,14.0,135,38.67090041296952,35.40373584275705,537.5999755859375,322.003240124009,322.3074411960732,True,False,PGA,g,0.004667841053933116,0.7347136108716102,0.0,0.0,MUR+CLBRS/LWAL/CDN+ERN/H:1/RES,v2026.0.0,BT,buildings,structural
2020024175513,2020-01-24 17:55:13,6.7,Mww,-12.0,38.3897,39.0883,analysed,Analysed,14.0,136,38.52002608299594,35.951685407979305,537.5999755859375,273.4968243055379,273.85491214366465,True,False,PGA,g,0.005949493443809998,0.7347136108716102,0.0,0.0,MUR+CLBRS/LWAL/CDN+ERN/H:1/RES,v2026.0.0,BT,buildings,structural
2020024175513,2020-01-24 17:55:13,6.7,Mww,-12.0,38.3897,39.0883,analysed,Analysed,14.0,137,38.36605400677348,36.49752463154753,600.7100219726562,225.84452749210055,226.2780382585331,True,False,PGA,g,0.0075489666237933935,0.7347136108716102,0.0,0.0,MUR+CLBRS/LWAL/CDN+ERN/H:1/RES,v2026.0.0,BT,buildings,structural
2020024175513,2020-01-24 17:55:13,6.7,Mww,-12.0,38.3897,39.0883,analysed,Analysed,14.0,138,38.20900277057115,37.04123310895654,576.5294799804688,179.75795672473362,180.30231004025214,True,True,PGA,g,0.010765642165097252,0.7347136108716102,0.0,0.0,MUR+CLBRS/LWAL/CDN+ERN/H:1/RES,v2026.0.0,BT,buildings,structural
2020024175513,2020-01-24 17:55:13,6.7,Mww,-12.0,38.3897,39.0883,analysed,Analysed,14.0,139,38.0488910566178,37.58279177477196,576.5399780273438,136.8704816257338,137.58462392455172,True,True,PGA,g,0.016087773312720616,0.7347136108716102,0.0,0.0,MUR+CLBRS/LWAL/CDN+ERN/H:1/RES,v2026.0.0,BT,buildings,structural
2020024175513,2020-01-24 17:55:13,6.7,Mww,-12.0,38.3897,39.0883,analysed,Analysed,14.0,140,37.88573762860676,38.122182893175335,619.1500244140625,101.38759894248017,102.34962246789777,True,True,PGA,g,0.02423164868604234,0.7347136108716102,0.0,0.0,MUR+CLBRS/LWAL/CDN+ERN/H:1/RES,v2026.0.0,BT,buildings,structural
2020024175513,2020-01-24 17:55:13,6.7,Mww,-12.0,38.3897,39.0883,analysed,Analysed,14.0,141,37.71956131739987,38.65939004730469,420.077880859375,83.44418644508869,84.61047365121367,True,True,PGA,g,0.03722967597332579,0.7347136108716102,0.0,0.0,MUR+CLBRS/LWAL/CDN+ERN/H:1/RES,v2026.0.0,BT,buildings,structural
2020024175513,2020-01-24 17:55:13,6.7,Mww,-12.0,38.3897,39.0883,analysed,Analysed,14.0,142,37.55038100694362,39.194398127454846,537.5999755859375,93.79038193217254,94.82950881968543,True,True,PGA,g,0.02870049567085883,0.7347136108716102,0.0,0.0,MUR+CLBRS/LWAL/CDN+ERN/H:1/RES,v2026.0.0,BT,buildings,structural
2020024175513,2020-01-24 17:55:13,6.7,Mww,-12.0,38.3897,39.0883,analysed,Analysed,14.0,143,37.3782156204095,39.72719331820265,530.8634643554688,125.67255676386615,126.44995659772746,True,True,PGA,g,0.01885193610266841,0.7347136108716102,0.0,0.0,MUR+CLBRS/LWAL/CDN+ERN/H:1/RES,v2026.0.0,BT,buildings,structural
2020024175513,2020-01-24 17:55:13,6.7,Mww,-12.0,38.3897,39.0883,analysed,Analysed,14.0,144,37.20308410656944,40.2577630845222,528.6494140625,167.2340554356296,167.81903735109208,True,True,PGA,g,0.012410306391527116,0.7347136108716102,0.0,0.0,MUR+CLBRS/LWAL/CDN+ERN/H:1/RES,v2026.0.0,BT,buildings,structural
2020024175513,2020-01-24 17:55:13,6.7,Mww,-12.0,38.3897,39.0883,analysed,Analysed,14.0,145,41.08928448177223,26.488968088567013,243.0297088623047,1117.186720521723,1117.2744374190622,True,False,PGA,g,0.0010185478194395044,0.7347136108716102,0.0,0.0,MUR+CLBRS/LWAL/CDN+ERN/H:1/RES,v2026.0.0,BT,buildings,structural
2020024175513,2020-01-24 17:55:13,6.7,Mww,-12.0,38.3897,39.0883,analysed,Analysed,14.0,146,40.98955554528828,27.07058243420781,324.740478515625,1067.1728041841761,1067.2646316590456,True,False,PGA,g,0.0009670665350319857,0.7347136108716102,0.0,0.0,MUR+CLBRS/LWAL/CDN+ERN/H:1/RES,v2026.0.0,BT,buildings,structural
2020024175513,2020-01-24 17:55:13,6.7,Mww,-12.0,38.3897,39.0883,analysed,Analysed,14.0,147,40.556858879095685,29.380147541154155,537.5999755859375,866.8998596612262,867.0128987971596,True,False,PGA,g,0.0010678272187108337,0.7347136108716102,0.0,0.0,MUR+CLBRS/LWAL/CDN+ERN/H:1/RES,v2026.0.0,BT,buildings,structural
2020024175513,2020-01-24 17:55:13,6.7,Mww,-12.0,38.3897,39.0883,analysed,Analysed,14.0,148,40.44031923175131,29.953111188266483,383.7698059082031,816.7756703195415,816.8956454933129,True,False,PGA,g,0.0013435579256309159,0.7347136108716102,0.0,0.0,MUR+CLBRS/LWAL/CDN+ERN/H:1/RES,v2026.0.0,BT,buildings,structural
2020024175513,2020-01-24 17:55:13,6.7,Mww,-12.0,38.3897,39.0883,analysed,Analysed,14.0,149,40.32046641172607,30.5242267272893,600.7100219726562,766.6289104380157,766.7567321643672,True,False,PGA,g,0.001224302398538526,0.7347136108716102,0.0,0.0,MUR+CLBRS/LWAL/CDN+ERN/H:1/RES,v2026.0.0,BT,buildings,structural
2020024175513,2020-01-24 17:55:13,6.7,Mww,-12.0,38.3897,39.0883,analysed,Analysed,14.0,150,40.19731744397758,31.09345805137606,535.0223999023438,716.4598511480647,716.596621752508,True,False,PGA,g,0.001421587087414841,0.7347136108716102,0.0,0.0,MUR+CLBRS/LWAL/CDN+ERN/H:1/RES,v2026.0.0,BT,buildings,structural
2020024175513,2020-01-24 17:55:13,6.7,Mww,-12.0,38.3897,39.0883,analysed,Analysed,14.0,151,40.07088962204292,31.660770453715006,304.8576965332031,666.2691011116335,666.4161725949515,True,False,PGA,g,0.0020014962669371783,0.7347136108716102,0.0,0.0,MUR+CLBRS/LWAL/CDN+ERN/H:1/RES,v2026.0.0,BT,buildings,structural
2020024175513,2020-01-24 17:55:13,6.7,Mww,-12.0,38.3897,39.0883,analysed,Analysed,14.0,152,39.94120049187214,32.22613063486308,600.7100219726562,616.0577460546243,616.2168015186733,True,False,PGA,g,0.0016960834149545708,0.7347136108716102,0.0,0.0,MUR+CLBRS/LWAL/CDN+ERN/H:1/RES,v2026.0.0,BT,buildings,structural
2020024175513,2020-01-24 17:55:13,6.7,Mww,-12.0,38.3897,39.0883,analysed,Analysed,14.0,153,39.80826783566438,32.78950670817389,545.1306762695312,565.8275628875458,566.0007340306721,True,False,PGA,g,0.0020051108899818825,0.7347136108716102,0.0,0.0,MUR+CLBRS/LWAL/CDN+ERN/H:1/RES,v2026.0.0,BT,buildings,structural
2020024175513,2020-01-24 17:55:13,6.7,Mww,-12.0,38.3897,39.0883,analysed,Analysed,14.0,154,39.67210965573072,33.350868203365806,449.58001708984375,515.5813593734792,515.7714010425595,True,False,PGA,g,0.0024958506860697535,0.7347136108716102,0.0,0.0,MUR+CLBRS/LWAL/CDN+ERN/H:1/RES,v2026.0.0,BT,buildings,structural
2020024175513,2020-01-24 17:55:13,6.7,Mww,-12.0,38.3897,39.0883,analysed,Analysed,14.0,155,39.53274415840682,33.91018606828075,476.3794555664063,465.3235343387343,465.5340928541015,True,False,PGA,g,0.0028383415267891946,0.7347136108716102,0.0,0.0,MUR+CLBRS/LWAL/CDN+ERN/H:1/RES,v2026.0.0,BT,buildings,structural
2020024175513,2020-01-24 17:55:13,6.7,Mww,-12.0,38.3897,39.0883,analysed,Analysed,14.0,156,39.3901897380382,34.467432668886644,402.7200012207031,415.06104536796175,415.29708809711775,True,False,PGA,g,0.003607150193486146,0.7347136108716102,0.0,0.0,MUR+CLBRS/LWAL/CDN+ERN/H:1/RES,v2026.0.0,BT,buildings,structural
2020024175513,2020-01-24 17:55:13,6.7,Mww,-12.0,38.3897,39.0883,analysed,Analysed,14.0,157,39.24446496105929,35.02258178758028,492.7139892578125,364.80517652231,365.0737142242286,True,False,PGA,g,0.004020210110408935,0.7347136108716102,0.0,0.0,MUR+CLBRS/LWAL/CDN+ERN/H:1/RES,v2026.0.0,BT,buildings,structural
2020024175513,2020-01-24 17:55:13,6.7,Mww,-12.0,38.3897,39.0883,analysed,Analysed,14.0,158,39.09558855018729,35.575608619849234,430.0249938964844,314.57499826529346,314.8863755922275,True,False,PGA,g,0.005299978107656773,0.7347136108716102,0.0,0.0,MUR+CLBRS/LWAL/CDN+ERN/H:1/RES,v2026.0.0,BT,buildings,structural
2020024175513,2020-01-24 17:55:13,6.7,Mww,-12.0,38.3897,39.0883,analysed,Analysed,14.0,159,38.94357936874966,36.126489769354585,495.9154052734375,264.4047586914112,264.7751431283975,True,False,PGA,g,0.006468001593271389,0.7347136108716102,0.0,0.0,MUR+CLBRS/LWAL/CDN+ERN/H:1/RES,v2026.0.0,BT,buildings,structural
2020024175513,2020-01-24 17:55:13,6.7,Mww,-12.0,38.3897,39.0883,analysed,Analysed,14.0,160,38.78845640516469,36.67520324149756,619.1500244140625,214.36159347962098,214.81827845675116,True,False,PGA,g,0.00805460566858848,0.7347136108716102,0.0,0.0,MUR+CLBRS/LWAL/CDN+ERN/H:1/RES,v2026.0.0,BT,buildings,structural
2020024175513,2020-01-24 17:55:13,6.7,Mww,-12.0,38.3897,39.0883,analysed,Analysed,14.0,161,38.63023875759182,37.22172843553528,446.1104431152344,164.59521705246303,165.189544089653,True,True,PGA,g,0.013606094246884824,0.7347136108716102,0.0,0.0,MUR+CLBRS/LWAL/CDN+ERN/H:1/RES,v2026.0.0,BT,buildings,structural
2020024175513,2020-01-24 17:55:13,6.7,Mww,-12.0,38.3897,39.0883,analysed,Analysed,14.0,162,38.46894561876885,37.76604613531235,560.0208129882812,115.5137934453411,116.35908420116122,True,True,PGA,g,0.020868722240296664,0.7347136108716102,0.0,0.0,MUR+CLBRS/LWAL/CDN+ERN/H:1/RES,v2026.0.0,BT,buildings,structural
2020024175513,2020-01-24 17:55:13,6.7,Mww,-12.0,38.3897,39.0883,analysed,Analysed,14.0,163,38.30459626105106,38.30813849867578,502.46868896484375,68.68992727595081,70.10211201651067,True,True,PGA,g,0.045886503796629736,0.7347136108716102,0.0,0.0,MUR+CLBRS/LWAL/CDN+ERN/H:1/RES,v2026.0.0,BT,buildings,structural
2020024175513,2020-01-24 17:55:13,6.7,Mww,-12.0,38.3897,39.0883,analysed,Analysed,14.0,164,38.13721002166683,38.84798904564202,576.5399780273438,35.04906206699717,37.741711034029976,True,True,PGA,g,0.1066097367399435,0.7347136108716102,1e-08,1e-08,MUR+CLBRS/LWAL/CDN+ERN/H:1/RES,v2026.0.0,BT,buildings,structural
2020024175513,2020-01-24 17:55:13,6.7,Mww,-12.0,38.3897,39.0883,analysed,Analysed,14.0,165,37.96680628820294,39.385582645385306,537.5999755859375,53.725752690869435,55.519874839560515,True,True,PGA,g,0.06282867014816318,0.7347136108716102,1e-08,1e-08,MUR+CLBRS/LWAL/CDN+ERN/H:1/RES,v2026.0.0,BT,buildings,structural
2020024175513,2020-01-24 17:55:13,6.7,Mww,-12.0,38.3897,39.0883,analysed,Analysed,14.0,166,37.7934044843319,39.92090550211677,535.904052734375,98.51590226662836,99.50569330147835,True,True,PGA,g,0.026766562664549985,0.7347136108716102,0.0,0.0,MUR+CLBRS/LWAL/CDN+ERN/H:1/RES,v2026.0.0,BT,buildings,structural
2020024175513,2020-01-24 17:55:13,6.7,Mww,-12.0,38.3897,39.0883,analysed,Analysed,14.0,167,37.61702405579266,40.45394513992413,505.2450866699219,147.304539527338,147.9683323058048,True,True,PGA,g,0.015236389873983621,0.7347136108716102,0.0,0.0,MUR+CLBRS/LWAL/CDN+ERN/H:1/RES,v2026.0.0,BT,buildings,structural
2020024175513,2020-01-24 17:55:13,6.7,Mww,-12.0,38.3897,39.0883,analysed,Analysed,14.0,168,37.43768445663451,40.98469038664149,491.2444763183594,197.1801163247132,197.67649904282356,True,True,PGA,g,0.010026879341998102,0.7347136108716102,0.0,0.0,MUR+CLBRS/LWAL/CDN+ERN/H:1/RES,v2026.0.0,BT,buildings,structural
2020024175513,2020-01-24 17:55:13,6.7,Mww,-12.0,38.3897,39.0883,analysed,Analysed,14.0,169,37.25540513573389,41.51313135681831,488.5272216796875,247.51506246787648,247.9106817958371,True,False,PGA,g,0.007177530161314829,0.7347136108716102,0.0,0.0,MUR+CLBRS/LWAL/CDN+ERN/H:1/RES,v2026.0.0,BT,buildings,structural
2020024175513,2020-01-24 17:55:13,6.7,Mww,-12.0,38.3897,39.0883,analysed,Analysed,14.0,170,41.52911975891151,26.60877510208489,374.2494201660156,1118.2437066936507,1118.3313406857358,True,False,PGA,g,0.0008501548052896781,0.7347136108716102,0.0,0.0,MUR+CLBRS/LWAL/CDN+ERN/H:1/RES,v2026.0.0,BT,buildings,structural
2020024175513,2020-01-24 17:55:13,6.7,Mww,-12.0,38.3897,39.0883,analysed,Analysed,14.0,171,41.42856530103737,27.19423644754487,393.7810974121094,1068.2201872001074,1068.3119246464641,True,False,PGA,g,0.0008910257445484459,0.7347136108716102,0.0,0.0,MUR+CLBRS/LWAL/CDN+ERN/H:1/RES,v2026.0.0,BT,buildings,structural
2020024175513,2020-01-24 17:55:13,6.7,Mww,-12.0,38.3897,39.0883,analysed,Analysed,14.0,172,41.32459277417623,27.778001842368653,392.4464416503906,1018.1735017942569,1018.269748031424,True,False,PGA,g,0.0009584451352243775,0.7347136108716102,0.0,0.0,MUR+CLBRS/LWAL/CDN+ERN/H:1/RES,v2026.0.0,BT,buildings,structural
2020024175513,2020-01-24 17:55:13,6.7,Mww,-12.0,38.3897,39.0883,analysed,Analysed,14.0,173,41.21721809479402,28.360027310851105,349.6066589355469,968.1028880775536,968.2041116955145,True,False,PGA,g,0.0010843025383918943,0.7347136108716102,0.0,0.0,MUR+CLBRS/LWAL/CDN+ERN/H:1/RES,v2026.0.0,BT,buildings,structural
2020024175513,2020-01-24 17:55:13,6.7,Mww,-12.0,38.3897,39.0883,analysed,Analysed,14.0,174,41.1064575358912,28.94027026737205,594.7554321289062,918.007597126934,918.11434384981,True,False,PGA,g,0.0009397598142007735,0.7347136108716102,0.0,0.0,MUR+CLBRS/LWAL/CDN+ERN/H:1/RES,v2026.0.0,BT,buildings,structural
2020024175513,2020-01-24 17:55:13,6.7,Mww,-12.0,38.3897,39.0883,analysed,Analysed,14.0,175,40.99232771054403,29.51868953397133,600.7100219726562,867.8868982448051,867.9998088392582,True,False,PGA,g,0.001017558856667377,0.7347136108716102,0.0,0.0,MUR+CLBRS/LWAL/CDN+ERN/H:1/RES,v2026.0.0,BT,buildings,structural
2020024175513,2020-01-24 17:55:13,6.7,Mww,-12.0,38.3897,39.0883,analysed,Analysed,14.0,176,40.87484555531893,30.095245355730786,471.40081787109375,817.7400855099074,817.8599192097329,True,False,PGA,g,0.0012308063222502127,0.7347136108716102,0.0,0.0,MUR+CLBRS/LWAL/CDN+ERN/H:1/RES,v2026.0.0,BT,buildings,structural
2020024175513,2020-01-24 17:55:13,6.7,Mww,-12.0,38.3897,39.0883,analysed,Analysed,14.0,177,40.75402831358981,30.66989941399068,283.1601257324219,767.566486957842,767.694152576925,True,False,PGA,g,0.0016716035503285902,0.7347136108716102,0.0,0.0,MUR+CLBRS/LWAL/CDN+ERN/H:1/RES,v2026.0.0,BT,buildings,structural
2020024175513,2020-01-24 17:55:13,6.7,Mww,-12.0,38.3897,39.0883,analysed,Analysed,14.0,178,40.62989351878622,31.24261483743329,600.7100219726562,717.3654776862196,717.5020756597002,True,False,PGA,g,0.0013517316183190551,0.7347136108716102,0.0,0.0,MUR+CLBRS/LWAL/CDN+ERN/H:1/RES,v2026.0.0,BT,buildings,structural
2020024175513,2020-01-24 17:55:13,6.7,Mww,-12.0,38.3897,39.0883,analysed,Analysed,14.0,179,40.50245897760074,31.81335621107146,537.5999755859375,667.1364989628722,667.2833792688368,True,False,PGA,g,0.0015778676059386796,0.7347136108716102,0.0,0.0,MUR+CLBRS/LWAL/CDN+ERN/H:1/RES,v2026.0.0,BT,buildings,structural
2020024175513,2020-01-24 17:55:13,6.7,Mww,-12.0,38.3897,39.0883,analysed,Analysed,14.0,180,40.37174275318224,32.38208958318474,525.3312377929688,616.8790867757391,617.0379305207014,True,False,PGA,g,0.001790425405567592,0.7347136108716102,0.0,0.0,MUR+CLBRS/LWAL/CDN+ERN/H:1/RES,v2026.0.0,BT,buildings,structural
2020024175513,2020-01-24 17:55:13,6.7,Mww,-12.0,38.3897,39.0883,analysed,Analysed,14.0,181,40.23776314834132,32.948782470250165,600.7100219726562,566.5929157136583,566.7658530088988,True,False,PGA,g,0.0019214138388882714,0.7347136108716102,0.0,0.0,MUR+CLBRS/LWAL/CDN+ERN/H:1/RES,v2026.0.0,BT,buildings,structural
2020024175513,2020-01-24 17:55:13,6.7,Mww,-12.0,38.3897,39.0883,analysed,Analysed,14.0,182,40.10053868879341,33.513403859918775,600.7100219726562,516.2778686743767,516.4676540529493,True,False,PGA,g,0.0022069957535599087,0.7347136108716102,0.0,0.0,MUR+CLBRS/LWAL/CDN+ERN/H:1/RES,v2026.0.0,BT,buildings,structural
2020024175513,2020-01-24 17:55:13,6.7,Mww,-12.0,38.3897,39.0883,analysed,Analysed,14.0,183,39.96008810646402,34.075924212092694,498.0765686035156,465.9341519958438,466.14443469388976,True,False,PGA,g,0.0027807357036947426,0.7347136108716102,0.0,0.0,MUR+CLBRS/LWAL/CDN+ERN/H:1/RES,v2026.0.0,BT,buildings,structural
2020024175513,2020-01-24 17:55:13,6.7,Mww,-12.0,38.3897,39.0883,analysed,Analysed,14.0,184,39.81643032287921,34.636315458161214,437.4578552246094,415.56249465702604,415.79825272068035,True,False,PGA,g,0.0034795988024758774,0.7347136108716102,0.0,0.0,MUR+CLBRS/LWAL/CDN+ERN/H:1/RES,v2026.0.0,BT,buildings,structural
2020024175513,2020-01-24 17:55:13,6.7,Mww,-12.0,38.3897,39.0883,analysed,Analysed,14.0,185,39.66958443266434,35.194550998457146,616.9863891601562,365.16451295051576,365.43278659472713,True,False,PGA,g,0.0036552820316368183,0.7347136108716102,0.0,0.0,MUR+CLBRS/LWAL/CDN+ERN/H:1/RES,v2026.0.0,BT,buildings,structural
2020024175513,2020-01-24 17:55:13,6.7,Mww,-12.0,38.3897,39.0883,analysed,Analysed,14.0,186,39.51956968717203,35.75060569799753,576.5399780273438,314.7434265042095,315.0546373688391,True,False,PGA,g,0.004690365116923953,0.7347136108716102,0.0,0.0,MUR+CLBRS/LWAL/CDN+ERN/H:1/RES,v2026.0.0,BT,buildings,structural
2020024175513,2020-01-24 17:55:13,6.7,Mww,-12.0,38.3897,39.0883,analysed,Analysed,14.0,187,39.366405478259885,36.30445588057545,448.3022155761719,264.30559552542155,264.6761187301335,True,False,PGA,g,0.006745817000608451,0.7347136108716102,0.0,0.0,MUR+CLBRS/LWAL/CDN+ERN/H:1/RES,v2026.0.0,BT,buildings,structural
2020024175513,2020-01-24 17:55:13,6.7,Mww,-12.0,38.3897,39.0883,analysed,Analysed,14.0,188,39.21011132223724,36.85607932127117,441.9340515136719,213.86423573641056,214.32198050391145,True,False,PGA,g,0.009283524318944908,0.7347136108716102,0.0,0.0,MUR+CLBRS/LWAL/CDN+ERN/H:1/RES,v2026.0.0,BT,buildings,structural
2020024175513,2020-01-24 17:55:13,6.7,Mww,-12.0,38.3897,39.0883,analysed,Analysed,14.0,189,39.050706843999045,37.4054552374532,464.6650695800781,163.45001148678676,164.0484875121704,True,True,PGA,g,0.013524137989931592,0.7347136108716102,0.0,0.0,MUR+CLBRS/LWAL/CDN+ERN/H:1/RES,v2026.0.0,BT,buildings,structural
2020024175513,2020-01-24 17:55:13,6.7,Mww,-12.0,38.3897,39.0883,analysed,Analysed,14.0,190,38.88821176136395,37.95256427834092,619.1500244140625,113.14989388597557,114.01271195093787,True,True,PGA,g,0.020651194002899307,0.7347136108716102,0.0,0.0,MUR+CLBRS/LWAL/CDN+ERN/H:1/RES,v2026.0.0,BT,buildings,structural
2020024175513,2020-01-24 17:55:13,6.7,Mww,-12.0,38.3897,39.0883,analysed,Analysed,14.0,191,38.72264586963246,38.497388513201685,463.3088073730469,63.330340324463144,64.85932473910226,True,True,PGA,g,0.05289990759513759,0.7347136108716102,1e-08,1e-08,MUR+CLBRS/LWAL/CDN+ERN/H:1/RES,v2026.0.0,BT,buildings,structural
2020024175513,2020-01-24 17:55:13,6.7,Mww,-12.0,38.3897,39.0883,analysed,Analysed,14.0,192,38.55402902637986,39.03991141825595,357.75457763671875,18.751865936015694,23.40154858299565,True,True,PGA,g,0.22199257329146851,0.7347136108716102,0.0006692825217832876,19.51276625223793,MUR+CLBRS/LWAL/CDN+ERN/H:1/RES,v2026.0.0,BT,buildings,structural
2020024175513,2020-01-24 17:55:13,6.7,Mww,-12.0,38.3897,39.0883,analysed,Analysed,14.0,193,38.38238113649788,39.58011786236474,619.1500244140625,42.874362153810715,45.10222755137618,True,True,PGA,g,0.08054738004774441,0.7347136108716102,1e-08,1e-08,MUR+CLBRS/LWAL/CDN+ERN/H:1/RES,v2026.0.0,BT,buildings,structural
2020024175513,2020-01-24 17:55:13,6.7,Mww,-12.0,38.3897,39.0883,analysed,Analysed,14.0,194,38.20772213749719,40.11799409157385,487.0408020019531,92.1057412948435,93.16366018718156,True,True,PGA,g,0.030613039935912127,0.7347136108716102,0.0,0.0,MUR+CLBRS/LWAL/CDN+ERN/H:1/RES,v2026.0.0,BT,buildings,structural
2020024175513,2020-01-24 17:55:13,6.7,Mww,-12.0,38.3897,39.0883,analysed,Analysed,14.0,195,38.0300719850824,40.65352771258926,428.0439147949219,142.48086099476527,143.16702046843616,True,True,PGA,g,0.017088779783116247,0.7347136108716102,0.0,0.0,MUR+CLBRS/LWAL/CDN+ERN/H:1/RES,v2026.0.0,BT,buildings,structural
2020024175513,2020-01-24 17:55:13,6.7,Mww,-12.0,38.3897,39.0883,analysed,Analysed,14.0,196,37.84945063900995,41.1867076752579,387.1775817871094,193.1423980926007,193.64913101008392,True,True,PGA,g,0.011375738264568317,0.7347136108716102,0.0,0.0,MUR+CLBRS/LWAL/CDN+ERN/H:1/RES,v2026.0.0,BT,buildings,structural
2020024175513,2020-01-24 17:55:13,6.7,Mww,-12.0,38.3897,39.0883,analysed,Analysed,14.0,197,37.66587804923799,41.7175242541276,512.5012817382812,243.9410379918836,244.34244415687914,True,False,PGA,g,0.007190717732925954,0.7347136108716102,0.0,0.0,MUR+CLBRS/LWAL/CDN+ERN/H:1/RES,v2026.0.0,BT,buildings,structural
2020024175513,2020-01-24 17:55:13,6.7,Mww,-12.0,38.3897,39.0883,analysed,Analysed,14.0,198,37.47937414237634,42.24596902915907,600.7100219726562,294.83067263344185,295.16287965373925,True,False,PGA,g,0.005081355015844661,0.7347136108716102,0.0,0.0,MUR+CLBRS/LWAL/CDN+ERN/H:1/RES,v2026.0.0,BT,buildings,structural
2020024175513,2020-01-24 17:55:13,6.7,Mww,-12.0,38.3897,39.0883,analysed,Analysed,14.0,199,41.86714480472202,27.32030359889184,576.5399780273438,1071.5034441066678,1071.5949004789313,True,False,PGA,g,0.0007560577257543172,0.7347136108716102,0.0,0.0,MUR+CLBRS/LWAL/CDN+ERN/H:1/RES,v2026.0.0,BT,buildings,structural
2020024175513,2020-01-24 17:55:13,6.7,Mww,-12.0,38.3897,39.0883,analysed,Analysed,14.0,200,41.76230564320424,27.90793197350734,576.5399780273438,1021.5558229126093,1021.6517505131866,True,False,PGA,g,0.0008118383304455272,0.7347136108716102,0.0,0.0,MUR+CLBRS/LWAL/CDN+ERN/H:1/RES,v2026.0.0,BT,buildings,structural
2020024175513,2020-01-24 17:55:13,6.7,Mww,-12.0,38.3897,39.0883,analysed,Analysed,14.0,201,41.06191479063402,31.39460201858199,600.7100219726562,721.6065987765547,721.742394069981,True,False,PGA,g,0.00133990533639908,0.7347136108716102,0.0,0.0,MUR+CLBRS/LWAL/CDN+ERN/H:1/RES,v2026.0.0,BT,buildings,structural
2020024175513,2020-01-24 17:55:13,6.7,Mww,-12.0,38.3897,39.0883,analysed,Analysed,14.0,202,40.93345450667417,31.96882470353246,594.1270141601562,671.5911768291402,671.7370830873858,True,False,PGA,g,0.001498241316705377,0.7347136108716102,0.0,0.0,MUR+CLBRS/LWAL/CDN+ERN/H:1/RES,v2026.0.0,BT,buildings,structural
2020024175513,2020-01-24 17:55:13,6.7,Mww,-12.0,38.3897,39.0883,analysed,Analysed,14.0,203,40.801691908159086,32.54098176438588,537.5999755859375,621.5804429706967,621.7380855984677,True,False,PGA,g,0.0017532711999665208,0.7347136108716102,0.0,0.0,MUR+CLBRS/LWAL/CDN+ERN/H:1/RES,v2026.0.0,BT,buildings,structural
2020024175513,2020-01-24 17:55:13,6.7,Mww,-12.0,38.3897,39.0883,analysed,Analysed,14.0,204,40.666645835463534,33.11104011893139,354.2043762207031,571.5827942545997,571.7542222737809,True,False,PGA,g,0.0023632865589538875,0.7347136108716102,0.0,0.0,MUR+CLBRS/LWAL/CDN+ERN/H:1/RES,v2026.0.0,BT,buildings,structural
2020024175513,2020-01-24 17:55:13,6.7,Mww,-12.0,38.3897,39.0883,analysed,Analysed,14.0,205,40.52833535453819,33.67896821343401,448.244140625,521.6101826966991,521.7980286402814,True,False,PGA,g,0.0024560621645259096,0.7347136108716102,0.0,0.0,MUR+CLBRS/LWAL/CDN+ERN/H:1/RES,v2026.0.0,BT,buildings,structural
2020024175513,2020-01-24 17:55:13,6.7,Mww,-12.0,38.3897,39.0883,analysed,Analysed,14.0,206,40.38677973958139,34.24473602295546,452.1221618652344,471.67999686713785,471.88771910761056,True,False,PGA,g,0.00284272951266707,0.7347136108716102,0.0,0.0,MUR+CLBRS/LWAL/CDN+ERN/H:1/RES,v2026.0.0,BT,buildings,structural
2020024175513,2020-01-24 17:55:13,6.7,Mww,-12.0,38.3897,39.0883,analysed,Analysed,14.0,207,40.24199845581047,34.80831504974517,419.39495849609375,421.81827040517004,422.0505339975406,True,False,PGA,g,0.0034630491645804787,0.7347136108716102,0.0,0.0,MUR+CLBRS/LWAL/CDN+ERN/H:1/RES,v2026.0.0,BT,buildings,structural
2020024175513,2020-01-24 17:55:13,6.7,Mww,-12.0,38.3897,39.0883,analysed,Analysed,14.0,208,40.09401114235636,35.36967831976815,580.7123413085938,372.06544473332303,372.32874608953506,True,False,PGA,g,0.0036458990002031736,0.7347136108716102,0.0,0.0,MUR+CLBRS/LWAL/CDN+ERN/H:1/RES,v2026.0.0,BT,buildings,structural
2020024175513,2020-01-24 17:55:13,6.7,Mww,-12.0,38.3897,39.0883,analysed,Analysed,14.0,209,39.94283759530382,35.928800377439245,535.7010498046875,322.48739187569913,322.79113667941806,True,False,PGA,g,0.0046642804349766665,0.7347136108716102,0.0,0.0,MUR+CLBRS/LWAL/CDN+ERN/H:1/RES,v2026.0.0,BT,buildings,structural
2020024175513,2020-01-24 17:55:13,6.7,Mww,-12.0,38.3897,39.0883,analysed,Analysed,14.0,210,39.78849775089813,36.48565727863619,429.4677429199219,273.19820442592254,273.5566831600869,True,False,PGA,g,0.006536685021559383,0.7347136108716102,0.0,0.0,MUR+CLBRS/LWAL/CDN+ERN/H:1/RES,v2026.0.0,BT,buildings,structural
2020024175513,2020-01-24 17:55:13,6.7,Mww,-12.0,38.3897,39.0883,analysed,Analysed,14.0,211,39.63101166893865,37.04022658206525,457.5965576171875,224.41217276939233,224.84844515157224,True,False,PGA,g,0.0085240112589661,0.7347136108716102,0.0,0.0,MUR+CLBRS/LWAL/CDN+ERN/H:1/RES,v2026.0.0,BT,buildings,structural
2020024175513,2020-01-24 17:55:13,6.7,Mww,-12.0,38.3897,39.0883,analysed,Analysed,14.0,212,39.47039951637768,37.59248733905582,476.6583251953125,176.57827515340912,177.13240035677566,True,True,PGA,g,0.01194636686087636,0.7347136108716102,0.0,0.0,MUR+CLBRS/LWAL/CDN+ERN/H:1/RES,v2026.0.0,BT,buildings,structural
2020024175513,2020-01-24 17:55:13,6.7,Mww,-12.0,38.3897,39.0883,analysed,Analysed,14.0,213,39.30668155114245,38.14242008186092,476.82525634765625,130.7895306632625,131.5366919574781,True,True,PGA,g,0.018562120362199622,0.7347136108716102,0.0,0.0,MUR+CLBRS/LWAL/CDN+ERN/H:1/RES,v2026.0.0,BT,buildings,structural
2020024175513,2020-01-24 17:55:13,6.7,Mww,-12.0,38.3897,39.0883,analysed,Analysed,14.0,214,39.13987810619656,38.69000681054206,459.8590087890625,90.28119308250534,91.36024203339552,True,True,PGA,g,0.03219837382493927,0.7347136108716102,0.0,0.0,MUR+CLBRS/LWAL/CDN+ERN/H:1/RES,v2026.0.0,BT,buildings,structural
2020024175513,2020-01-24 17:55:13,6.7,Mww,-12.0,38.3897,39.0883,analysed,Analysed,14.0,215,38.97000957385584,39.23523097851778,537.5999755859375,65.7759409116821,67.2493449991678,True,True,PGA,g,0.04753838797474746,0.7347136108716102,0.0,0.0,MUR+CLBRS/LWAL/CDN+ERN/H:1/RES,v2026.0.0,BT,buildings,structural
2020024175513,2020-01-24 17:55:13,6.7,Mww,-12.0,38.3897,39.0883,analysed,Analysed,14.0,216,38.79709639037304,39.77807747685498,523.709716796875,75.13879004935002,76.43191591266245,True,True,PGA,g,0.03981297929746394,0.7347136108716102,0.0,0.0,MUR+CLBRS/LWAL/CDN+ERN/H:1/RES,v2026.0.0,BT,buildings,structural
2020024175513,2020-01-24 17:55:13,6.7,Mww,-12.0,38.3897,39.0883,analysed,Analysed,14.0,217,38.62115902080354,40.3185326173833,576.5399780273438,110.09889858682531,110.98543809902291,True,True,PGA,g,0.02212131520741634,0.7347136108716102,0.0,0.0,MUR+CLBRS/LWAL/CDN+ERN/H:1/RES,v2026.0.0,BT,buildings,structural
2020024175513,2020-01-24 17:55:13,6.7,Mww,-12.0,38.3897,39.0883,analysed,Analysed,14.0,218,38.44221794416428,40.8565841147114,435.7065124511719,154.1675705626212,154.8019373689515,True,True,PGA,g,0.015119705049549105,0.7347136108716102,0.0,0.0,MUR+CLBRS/LWAL/CDN+ERN/H:1/RES,v2026.0.0,BT,buildings,structural
2020024175513,2020-01-24 17:55:13,6.7,Mww,-12.0,38.3897,39.0883,analysed,Analysed,14.0,219,38.26029363889579,41.3922210672249,582.1966552734375,201.48753790058456,201.97333469851782,True,False,PGA,g,0.009056635981893556,0.7347136108716102,0.0,0.0,MUR+CLBRS/LWAL/CDN+ERN/H:1/RES,v2026.0.0,BT,buildings,structural
2020024175513,2020-01-24 17:55:13,6.7,Mww,-12.0,38.3897,39.0883,analysed,Analysed,14.0,220,38.07540656863709,41.92543393714404,619.1500244140625,250.24928760830687,250.6405911828032,True,False,PGA,g,0.006401758581750045,0.7347136108716102,0.0,0.0,MUR+CLBRS/LWAL/CDN+ERN/H:1/RES,v2026.0.0,BT,buildings,structural
2020024175513,2020-01-24 17:55:13,6.7,Mww,-12.0,38.3897,39.0883,analysed,Analysed,14.0,221,37.88757716832112,42.45621452971892,576.5399780273438,299.77433731842325,300.1010718319743,True,False,PGA,g,0.005042770881706926,0.7347136108716102,0.0,0.0,MUR+CLBRS/LWAL/CDN+ERN/H:1/RES,v2026.0.0,BT,buildings,structural
2020024175513,2020-01-24 17:55:13,6.7,Mww,-12.0,38.3897,39.0883,analysed,Analysed,14.0,222,37.6968258305983,42.98455597163872,568.3587036132812,349.7600023346393,350.0400823236203,True,False,PGA,g,0.004033210359545558,0.7347136108716102,0.0,0.0,MUR+CLBRS/LWAL/CDN+ERN/H:1/RES,v2026.0.0,BT,buildings,structural
2020024175513,2020-01-24 17:55:13,6.7,Mww,-12.0,38.3897,39.0883,analysed,Analysed,14.0,223,37.503172892593774,43.5104526887302,600.7100219726562,400.0529055710814,400.29779821510954,True,False,PGA,g,0.003226851049325854,0.7347136108716102,0.0,0.0,MUR+CLBRS/LWAL/CDN+ERN/H:1/RES,v2026.0.0,BT,buildings,structural
2020024175513,2020-01-24 17:55:13,6.7,Mww,-12.0,38.3897,39.0883,analysed,Analysed,14.0,224,41.36387268192554,32.12724807530359,537.5999755859375,679.5585011016841,679.7026970812809,True,False,PGA,g,0.001535073118898245,0.7347136108716102,0.0,0.0,MUR+CLBRS/LWAL/CDN+ERN/H:1/RES,v2026.0.0,BT,buildings,structural
2020024175513,2020-01-24 17:55:13,6.7,Mww,-12.0,38.3897,39.0883,analysed,Analysed,14.0,225,41.23104397401816,32.70288003523498,450.1291809082031,630.0705453607966,630.2260643064928,True,False,PGA,g,0.0018505119182346545,0.7347136108716102,0.0,0.0,MUR+CLBRS/LWAL/CDN+ERN/H:1/RES,v2026.0.0,BT,buildings,structural
2020024175513,2020-01-24 17:55:13,6.7,Mww,-12.0,38.3897,39.0883,analysed,Analysed,14.0,226,41.09491145873179,33.2763531496317,576.5399780273438,580.6834952677517,580.8522373860438,True,False,PGA,g,0.0018844675938054381,0.7347136108716102,0.0,0.0,MUR+CLBRS/LWAL/CDN+ERN/H:1/RES,v2026.0.0,BT,buildings,structural
2020024175513,2020-01-24 17:55:13,6.7,Mww,-12.0,38.3897,39.0883,analysed,Analysed,14.0,227,40.95549475971331,33.847635325026566,537.5999755859375,531.4335100597516,531.6178849647819,True,False,PGA,g,0.0022143213896102477,0.7347136108716102,0.0,0.0,MUR+CLBRS/LWAL/CDN+ERN/H:1/RES,v2026.0.0,BT,buildings,structural
2020024175513,2020-01-24 17:55:13,6.7,Mww,-12.0,38.3897,39.0883,analysed,Analysed,14.0,228,40.81281371072964,34.41669605582694,449.4459228515625,482.37178349831726,482.5749035282994,True,False,PGA,g,0.0027562470633250634,0.7347136108716102,0.0,0.0,MUR+CLBRS/LWAL/CDN+ERN/H:1/RES,v2026.0.0,BT,buildings,structural
2020024175513,2020-01-24 17:55:13,6.7,Mww,-12.0,38.3897,39.0883,analysed,Analysed,14.0,229,40.66688833779436,34.98350642177497,537.5999755859375,433.5728850519917,433.7988550610843,True,False,PGA,g,0.002998312153727213,0.7347136108716102,0.0,0.0,MUR+CLBRS/LWAL/CDN+ERN/H:1/RES,v2026.0.0,BT,buildings,structural
2020024175513,2020-01-24 17:55:13,6.7,Mww,-12.0,38.3897,39.0883,analysed,Analysed,14.0,230,40.51773884143387,35.548039083457624,437.2521057128906,385.14919290540445,385.4035557641943,True,False,PGA,g,0.003896696946622907,0.7347136108716102,0.0,0.0,MUR+CLBRS/LWAL/CDN+ERN/H:1/RES,v2026.0.0,BT,buildings,structural
2020024175513,2020-01-24 17:55:13,6.7,Mww,-12.0,38.3897,39.0883,analysed,Analysed,14.0,231,40.3653855791167,36.110268275942175,364.2544250488281,337.2771250915251,337.5675622893945,True,False,PGA,g,0.005114871552193977,0.7347136108716102,0.0,0.0,MUR+CLBRS/LWAL/CDN+ERN/H:1/RES,v2026.0.0,BT,buildings,structural
2020024175513,2020-01-24 17:55:13,6.7,Mww,-12.0,38.3897,39.0883,analysed,Analysed,14.0,232,40.20984904786767,36.67016980061532,619.1500244140625,290.2475583976128,290.5850050428887,True,False,PGA,g,0.005135981838823331,0.7347136108716102,0.0,0.0,MUR+CLBRS/LWAL/CDN+ERN/H:1/RES,v2026.0.0,BT,buildings,structural
2020024175513,2020-01-24 17:55:13,6.7,Mww,-12.0,38.3897,39.0883,analysed,Analysed,14.0,233,40.05114986708789,37.227721015306265,618.48388671875,244.56890644191296,244.96928378511697,True,False,PGA,g,0.006626719399134245,0.7347136108716102,0.0,0.0,MUR+CLBRS/LWAL/CDN+ERN/H:1/RES,v2026.0.0,BT,buildings,structural
2020024175513,2020-01-24 17:55:13,6.7,Mww,-12.0,38.3897,39.0883,analysed,Analysed,14.0,234,39.88930876159981,37.782900822775545,438.1587829589844,201.19104210867064,201.67755310091624,True,False,PGA,g,0.010195438878930518,0.7347136108716102,0.0,0.0,MUR+CLBRS/LWAL/CDN+ERN/H:1/RES,v2026.0.0,BT,buildings,structural
2020024175513,2020-01-24 17:55:13,6.7,Mww,-12.0,38.3897,39.0883,analysed,Analysed,14.0,235,39.72434654493565,38.33568965765315,447.51953125,162.00844815642222,162.61222978008803,True,True,PGA,g,0.013909106544533548,0.7347136108716102,0.0,0.0,MUR+CLBRS/LWAL/CDN+ERN/H:1/RES,v2026.0.0,BT,buildings,structural
2020024175513,2020-01-24 17:55:13,6.7,Mww,-12.0,38.3897,39.0883,analysed,Analysed,14.0,236,39.55628410288591,38.88606947191002,537.5999755859375,130.89105728653774,131.63764232767048,True,True,PGA,g,0.01767181462024153,0.7347136108716102,0.0,0.0,MUR+CLBRS/LWAL/CDN+ERN/H:1/RES,v2026.0.0,BT,buildings,structural
2020024175513,2020-01-24 17:55:13,6.7,Mww,-12.0,38.3897,39.0883,analysed,Analysed,14.0,237,39.38514237732356,39.43402371894801,619.1500244140625,114.66134753070834,115.51287641452737,True,True,PGA,g,0.020254797091867026,0.7347136108716102,0.0,0.0,MUR+CLBRS/LWAL/CDN+ERN/H:1/RES,v2026.0.0,BT,buildings,structural
2020024175513,2020-01-24 17:55:13,6.7,Mww,-12.0,38.3897,39.0883,analysed,Analysed,14.0,238,39.210942350318334,39.97953733639344,537.5999755859375,119.59759028666144,120.41421677848565,True,True,PGA,g,0.020165356993122895,0.7347136108716102,0.0,0.0,MUR+CLBRS/LWAL/CDN+ERN/H:1/RES,v2026.0.0,BT,buildings,structural
2020024175513,2020-01-24 17:55:13,6.7,Mww,-12.0,38.3897,39.0883,analysed,Analysed,14.0,239,39.03370502855385,40.522596727679726,537.5999755859375,143.57755208528255,144.25849528815286,True,True,PGA,g,0.015428644151702607,0.7347136108716102,0.0,0.0,MUR+CLBRS/LWAL/CDN+ERN/H:1/RES,v2026.0.0,BT,buildings,structural
2020024175513,2020-01-24 17:55:13,6.7,Mww,-12.0,38.3897,39.0883,analysed,Analysed,14.0,240,38.85345142805938,41.063189742503695,537.5999755859375,179.14623711131176,179.69244355604476,True,True,PGA,g,0.011135229309874595,0.7347136108716102,0.0,0.0,MUR+CLBRS/LWAL/CDN+ERN/H:1/RES,v2026.0.0,BT,buildings,structural
2020024175513,2020-01-24 17:55:13,6.7,Mww,-12.0,38.3897,39.0883,analysed,Analysed,14.0,241,38.67020255926717,41.60130565624036,576.5399780273438,220.8029043881365,221.2462939491565,True,False,PGA,g,0.007939929783312046,0.7347136108716102,0.0,0.0,MUR+CLBRS/LWAL/CDN+ERN/H:1/RES,v2026.0.0,BT,buildings,structural
2020024175513,2020-01-24 17:55:13,6.7,Mww,-12.0,38.3897,39.0883,analysed,Analysed,14.0,242,38.48397941240376,42.136935148399466,552.7262573242188,265.72601608988754,266.09456143822854,True,False,PGA,g,0.006138647704380546,0.7347136108716102,0.0,0.0,MUR+CLBRS/LWAL/CDN+ERN/H:1/RES,v2026.0.0,BT,buildings,structural
2020024175513,2020-01-24 17:55:13,6.7,Mww,-12.0,38.3897,39.0883,analysed,Analysed,14.0,243,38.29480294322424,42.67007028020628,576.5399780273438,312.5333831408248,312.8467924998586,True,False,PGA,g,0.004739767388227479,0.7347136108716102,0.0,0.0,MUR+CLBRS/LWAL/CDN+ERN/H:1/RES,v2026.0.0,BT,buildings,structural
2020024175513,2020-01-24 17:55:13,6.7,Mww,-12.0,38.3897,39.0883,analysed,Analysed,14.0,244,38.10269405909594,43.20070447138824,576.5399780273438,360.51254350737986,360.78427630117204,True,False,PGA,g,0.0038326317029792607,0.7347136108716102,0.0,0.0,MUR+CLBRS/LWAL/CDN+ERN/H:1/RES,v2026.0.0,BT,buildings,structural
2020024175513,2020-01-24 17:55:13,6.7,Mww,-12.0,38.3897,39.0883,analysed,Analysed,14.0,245,37.90767360543753,43.728832476246495,537.9388427734375,409.2703709570907,409.5097514630813,True,False,PGA,g,0.003266307828043687,0.7347136108716102,0.0,0.0,MUR+CLBRS/LWAL/CDN+ERN/H:1/RES,v2026.0.0,BT,buildings,structural
2020024175513,2020-01-24 17:55:13,6.7,Mww,-12.0,38.3897,39.0883,analysed,Analysed,14.0,246,37.70976235251805,44.25445035909105,576.5399780273438,458.575781522291,458.7894368866615,True,False,PGA,g,0.002678777748833313,0.7347136108716102,0.0,0.0,MUR+CLBRS/LWAL/CDN+ERN/H:1/RES,v2026.0.0,BT,buildings,structural
2020024175513,2020-01-24 17:55:13,6.7,Mww,-12.0,38.3897,39.0883,analysed,Analysed,14.0,247,41.65979456066122,32.86785971045566,600.7100219726562,642.195039745383,642.3476232333815,True,False,PGA,g,0.0015942291635465482,0.7347136108716102,0.0,0.0,MUR+CLBRS/LWAL/CDN+ERN/H:1/RES,v2026.0.0,BT,buildings,structural
2020024175513,2020-01-24 17:55:13,6.7,Mww,-12.0,38.3897,39.0883,analysed,Analysed,14.0,248,41.52255515900016,33.444797513838466,449.5407409667969,593.7015575468477,593.8666007055397,True,False,PGA,g,0.0020229785987870464,0.7347136108716102,0.0,0.0,MUR+CLBRS/LWAL/CDN+ERN/H:1/RES,v2026.0.0,BT,buildings,structural
2020024175513,2020-01-24 17:55:13,6.7,Mww,-12.0,38.3897,39.0883,analysed,Analysed,14.0,249,41.38201157695592,34.01948170678295,576.5399780273438,545.5004295675669,545.6800515488908,True,False,PGA,g,0.002068410340731678,0.7347136108716102,0.0,0.0,MUR+CLBRS/LWAL/CDN+ERN/H:1/RES,v2026.0.0,BT,buildings,structural
2020024175513,2020-01-24 17:55:13,6.7,Mww,-12.0,38.3897,39.0883,analysed,Analysed,14.0,250,41.238184225796175,34.59188130842567,576.5399780273438,497.6855212618185,497.8823938177047,True,False,PGA,g,0.002371334451907978,0.7347136108716102,0.0,0.0,MUR+CLBRS/LWAL/CDN+ERN/H:1/RES,v2026.0.0,BT,buildings,structural
2020024175513,2020-01-24 17:55:13,6.7,Mww,-12.0,38.3897,39.0883,analysed,Analysed,14.0,251,41.09109371005216,35.16196698394322,600.7100219726562,450.39010254573867,450.60763916201086,True,False,PGA,g,0.0027047769557308446,0.7347136108716102,0.0,0.0,MUR+CLBRS/LWAL/CDN+ERN/H:1/RES,v2026.0.0,BT,buildings,structural
2020024175513,2020-01-24 17:55:13,6.7,Mww,-12.0,38.3897,39.0883,analysed,Analysed,14.0,252,40.9407608091312,35.729711038947386,416.62835693359375,403.80862162406106,404.051237961133,True,False,PGA,g,0.003705290794039814,0.7347136108716102,0.0,0.0,MUR+CLBRS/LWAL/CDN+ERN/H:1/RES,v2026.0.0,BT,buildings,structural
2020024175513,2020-01-24 17:55:13,6.7,Mww,-12.0,38.3897,39.0883,analysed,Analysed,14.0,253,40.78720645911132,36.29508741192155,445.3791198730469,358.23358238398896,358.50704253566096,True,False,PGA,g,0.004306841056249357,0.7347136108716102,0.0,0.0,MUR+CLBRS/LWAL/CDN+ERN/H:1/RES,v2026.0.0,BT,buildings,structural
2020024175513,2020-01-24 17:55:13,6.7,Mww,-12.0,38.3897,39.0883,analysed,Analysed,14.0,254,40.63045173474038,36.85807166478312,512.1145629882812,314.1197936412144,314.431621751374,True,False,PGA,g,0.004941686498359878,0.7347136108716102,0.0,0.0,MUR+CLBRS/LWAL/CDN+ERN/H:1/RES,v2026.0.0,BT,buildings,structural
2020024175513,2020-01-24 17:55:13,6.7,Mww,-12.0,38.3897,39.0883,analysed,Analysed,14.0,255,40.47051783166179,37.41864097165869,618.8026123046875,272.1983029143935,272.5580967600778,True,False,PGA,g,0.005651524954112581,0.7347136108716102,0.0,0.0,MUR+CLBRS/LWAL/CDN+ERN/H:1/RES,v2026.0.0,BT,buildings,structural
2020024175513,2020-01-24 17:55:13,6.7,Mww,-12.0,38.3897,39.0883,analysed,Analysed,14.0,256,40.30742604888621,37.97677410596052,619.12255859375,233.6757617841268,234.09477064939313,True,False,PGA,g,0.007087309936772852,0.7347136108716102,0.0,0.0,MUR+CLBRS/LWAL/CDN+ERN/H:1/RES,v2026.0.0,BT,buildings,structural
2020024175513,2020-01-24 17:55:13,6.7,Mww,-12.0,38.3897,39.0883,analysed,Analysed,14.0,257,40.14119777152859,38.5324514258542,545.0187377929688,200.54925376696562,201.03731789517778,True,False,PGA,g,0.00937105341996223,0.7347136108716102,0.0,0.0,MUR+CLBRS/LWAL/CDN+ERN/H:1/RES,v2026.0.0,BT,buildings,structural
2020024175513,2020-01-24 17:55:13,6.7,Mww,-12.0,38.3897,39.0883,analysed,Analysed,14.0,258,39.97185445382736,39.08565485820786,483.9147644042969,175.92793914201457,176.48410628370019,True,True,PGA,g,0.011938271570710078,0.7347136108716102,0.0,0.0,MUR+CLBRS/LWAL/CDN+ERN/H:1/RES,v2026.0.0,BT,buildings,structural
2020024175513,2020-01-24 17:55:13,6.7,Mww,-12.0,38.3897,39.0883,analysed,Analysed,14.0,259,39.79941760246207,39.63636788111455,619.1500244140625,163.7328653749395,164.3303112754554,True,True,PGA,g,0.011999847721412651,0.7347136108716102,0.0,0.0,MUR+CLBRS/LWAL/CDN+ERN/H:1/RES,v2026.0.0,BT,buildings,structural
2020024175513,2020-01-24 17:55:13,6.7,Mww,-12.0,38.3897,39.0883,analysed,Analysed,14.0,260,39.62390876018369,40.18457550507881,435.2808837890625,166.7513170211976,167.33798650726004,True,True,PGA,g,0.013479607113390532,0.7347136108716102,0.0,0.0,MUR+CLBRS/LWAL/CDN+ERN/H:1/RES,v2026.0.0,BT,buildings,structural
2020024175513,2020-01-24 17:55:13,6.7,Mww,-12.0,38.3897,39.0883,analysed,Analysed,14.0,261,39.44534948977105,40.73026425295892,530.8173828125,184.2722003247135,184.80325703978096,True,True,PGA,g,0.01073640445880539,0.7347136108716102,0.0,0.0,MUR+CLBRS/LWAL/CDN+ERN/H:1/RES,v2026.0.0,BT,buildings,structural
2020024175513,2020-01-24 17:55:13,6.7,Mww,-12.0,38.3897,39.0883,analysed,Analysed,14.0,262,39.263761358325205,41.27342213875534,403.1685791015625,212.77340544188672,213.2334918893782,True,False,PGA,g,0.00970629704102983,0.7347136108716102,0.0,0.0,MUR+CLBRS/LWAL/CDN+ERN/H:1/RES,v2026.0.0,BT,buildings,structural
2020024175513,2020-01-24 17:55:13,6.7,Mww,-12.0,38.3897,39.0883,analysed,Analysed,14.0,263,39.07916592191211,41.81403864533565,356.8906555175781,248.5328494660801,248.9268512308972,True,False,PGA,g,0.008101968739015388,0.7347136108716102,0.0,0.0,MUR+CLBRS/LWAL/CDN+ERN/H:1/RES,v2026.0.0,BT,buildings,structural
2020024175513,2020-01-24 17:55:13,6.7,Mww,-12.0,38.3897,39.0883,analysed,Analysed,14.0,264,38.891584710563,42.35210470118456,537.5999755859375,288.8919357457084,289.2309640043792,True,False,PGA,g,0.005484715176994711,0.7347136108716102,0.0,0.0,MUR+CLBRS/LWAL/CDN+ERN/H:1/RES,v2026.0.0,BT,buildings,structural
2020024175513,2020-01-24 17:55:13,6.7,Mww,-12.0,38.3897,39.0883,analysed,Analysed,14.0,265,38.70103921364054,42.887612656266974,220.89083862304688,332.20022223612295,332.49509417994346,True,False,PGA,g,0.006344799669271463,0.7347136108716102,0.0,0.0,MUR+CLBRS/LWAL/CDN+ERN/H:1/RES,v2026.0.0,BT,buildings,structural
2020024175513,2020-01-24 17:55:13,6.7,Mww,-12.0,38.3897,39.0883,analysed,Analysed,14.0,266,38.5075508655773,43.420556257090176,406.5823364257813,377.46369818084975,377.7232365692686,True,False,PGA,g,0.00413751475190993,0.7347136108716102,0.0,0.0,MUR+CLBRS/LWAL/CDN+ERN/H:1/RES,v2026.0.0,BT,buildings,structural
2020024175513,2020-01-24 17:55:13,6.7,Mww,-12.0,38.3897,39.0883,analysed,Analysed,14.0,267,38.31114103199241,43.9509306210494,521.9302978515625,424.07485941423835,424.305887759298,True,False,PGA,g,0.003137291047190509,0.7347136108716102,0.0,0.0,MUR+CLBRS/LWAL/CDN+ERN/H:1/RES,v2026.0.0,BT,buildings,structural
2020024175513,2020-01-24 17:55:13,6.7,Mww,-12.0,38.3897,39.0883,analysed,Analysed,14.0,268,41.949571640011015,33.61645171466469,578.09033203125,610.3823036019978,610.5428376047674,True,False,PGA,g,0.0017475018004234387,0.7347136108716102,0.0,0.0,MUR+CLBRS/LWAL/CDN+ERN/H:1/RES,v2026.0.0,BT,buildings,structural
2020024175513,2020-01-24 17:55:13,6.7,Mww,-12.0,38.3897,39.0883,analysed,Analysed,14.0,269,41.80788002812139,34.194586415748496,611.6973876953125,563.4887867732152,563.6626764467824,True,False,PGA,g,0.001922562943309674,0.7347136108716102,0.0,0.0,MUR+CLBRS/LWAL/CDN+ERN/H:1/RES,v2026.0.0,BT,buildings,structural
2020024175513,2020-01-24 17:55:13,6.7,Mww,-12.0,38.3897,39.0883,analysed,Analysed,14.0,270,41.662885026533125,34.77037131351163,600.7100219726562,517.2059844092354,517.3954293465746,True,False,PGA,g,0.002201097612370889,0.7347136108716102,0.0,0.0,MUR+CLBRS/LWAL/CDN+ERN/H:1/RES,v2026.0.0,BT,buildings,structural
2020024175513,2020-01-24 17:55:13,6.7,Mww,-12.0,38.3897,39.0883,analysed,Analysed,14.0,271,41.51460783665575,35.34377666794147,614.709716796875,471.72346123225947,471.93116434173214,True,False,PGA,g,0.002500398501104921,0.7347136108716102,0.0,0.0,MUR+CLBRS/LWAL/CDN+ERN/H:1/RES,v2026.0.0,BT,buildings,structural
2020024175513,2020-01-24 17:55:13,6.7,Mww,-12.0,38.3897,39.0883,analysed,Analysed,14.0,272,41.36306983487982,35.91477444162001,600.7100219726562,427.3080462772098,427.53732750865873,True,False,PGA,g,0.0029252186941470214,0.7347136108716102,0.0,0.0,MUR+CLBRS/LWAL/CDN+ERN/H:1/RES,v2026.0.0,BT,buildings,structural
2020024175513,2020-01-24 17:55:13,6.7,Mww,-12.0,38.3897,39.0883,analysed,Analysed,14.0,273,41.20829255371199,36.48333829085251,261.2767333984375,384.34280496106965,384.59770114412123,True,False,PGA,g,0.004812352721390137,0.7347136108716102,0.0,0.0,MUR+CLBRS/LWAL/CDN+ERN/H:1/RES,v2026.0.0,BT,buildings,structural
2020024175513,2020-01-24 17:55:13,6.7,Mww,-12.0,38.3897,39.0883,analysed,Analysed,14.0,274,41.05029766313624,37.04944355484163,619.1500244140625,343.3875325784844,343.67280592205674,True,False,PGA,g,0.003999691769954407,0.7347136108716102,0.0,0.0,MUR+CLBRS/LWAL/CDN+ERN/H:1/RES,v2026.0.0,BT,buildings,structural
2020024175513,2020-01-24 17:55:13,6.7,Mww,-12.0,38.3897,39.0883,analysed,Analysed,14.0,275,40.88910695222355,37.61306724300135,600.7100219726562,305.26979633173465,305.59065521121346,True,False,PGA,g,0.0048251779448557925,0.7347136108716102,0.0,0.0,MUR+CLBRS/LWAL/CDN+ERN/H:1/RES,v2026.0.0,BT,buildings,structural
2020024175513,2020-01-24 17:55:13,6.7,Mww,-12.0,38.3897,39.0883,analysed,Analysed,14.0,276,40.72474231101067,38.17418802050582,619.1500244140625,271.2091070172914,271.5702114170783,True,False,PGA,g,0.005680852366777105,0.7347136108716102,0.0,0.0,MUR+CLBRS/LWAL/CDN+ERN/H:1/RES,v2026.0.0,BT,buildings,structural
2020024175513,2020-01-24 17:55:13,6.7,Mww,-12.0,38.3897,39.0883,analysed,Analysed,14.0,277,40.55722571266727,38.732786192170245,619.1500244140625,242.9415557872365,243.3446106416227,True,False,PGA,g,0.006689727145720771,0.7347136108716102,0.0,0.0,MUR+CLBRS/LWAL/CDN+ERN/H:1/RES,v2026.0.0,BT,buildings,structural
2020024175513,2020-01-24 17:55:13,6.7,Mww,-12.0,38.3897,39.0883,analysed,Analysed,14.0,278,40.38657919596919,39.288843684761055,600.7100219726562,222.71078415341034,223.1503828771686,True,False,PGA,g,0.007707029259507024,0.7347136108716102,0.0,0.0,MUR+CLBRS/LWAL/CDN+ERN/H:1/RES,v2026.0.0,BT,buildings,structural
2020024175513,2020-01-24 17:55:13,6.7,Mww,-12.0,38.3897,39.0883,analysed,Analysed,14.0,279,40.21282484809435,39.8423440278335,549.0767822265625,212.8497761626971,213.30969788668835,True,False,PGA,g,0.008554290027863572,0.7347136108716102,0.0,0.0,MUR+CLBRS/LWAL/CDN+ERN/H:1/RES,v2026.0.0,BT,buildings,structural
2020024175513,2020-01-24 17:55:13,6.7,Mww,-12.0,38.3897,39.0883,analysed,Analysed,14.0,280,40.03598478775554,40.39327233319441,600.7100219726562,214.82074185971697,215.2764528069876,True,False,PGA,g,0.00813040207113056,0.7347136108716102,0.0,0.0,MUR+CLBRS/LWAL/CDN+ERN/H:1/RES,v2026.0.0,BT,buildings,structural
2020024175513,2020-01-24 17:55:13,6.7,Mww,-12.0,38.3897,39.0883,analysed,Analysed,14.0,281,39.85608114868425,40.94161527308801,537.5999755859375,228.34579740693815,228.7745685022932,True,False,PGA,g,0.007775798678605082,0.7347136108716102,0.0,0.0,MUR+CLBRS/LWAL/CDN+ERN/H:1/RES,v2026.0.0,BT,buildings,structural
2020024175513,2020-01-24 17:55:13,6.7,Mww,-12.0,38.3897,39.0883,analysed,Analysed,14.0,282,39.67313606347664,41.48736105720132,406.0848693847656,251.59474021403778,251.98395445617,True,False,PGA,g,0.007555049820192145,0.7347136108716102,0.0,0.0,MUR+CLBRS/LWAL/CDN+ERN/H:1/RES,v2026.0.0,BT,buildings,structural
2020024175513,2020-01-24 17:55:13,6.7,Mww,-12.0,38.3897,39.0883,analysed,Analysed,14.0,283,39.48717164781292,42.03049940858551,576.5399780273438,282.19852455498403,282.54558439481923,True,False,PGA,g,0.005516536767775149,0.7347136108716102,0.0,0.0,MUR+CLBRS/LWAL/CDN+ERN/H:1/RES,v2026.0.0,BT,buildings,structural
2020024175513,2020-01-24 17:55:13,6.7,Mww,-12.0,38.3897,39.0883,analysed,Analysed,14.0,284,39.29820998505886,42.57102153858751,537.5999755859375,318.06321841940553,318.3711841723595,True,False,PGA,g,0.004754065195981889,0.7347136108716102,0.0,0.0,MUR+CLBRS/LWAL/CDN+ERN/H:1/RES,v2026.0.0,BT,buildings,structural
2020024175513,2020-01-24 17:55:13,6.7,Mww,-12.0,38.3897,39.0883,analysed,Analysed,14.0,285,39.106273111257465,43.108920120885394,537.5999755859375,357.6297728607365,357.9036943598403,True,False,PGA,g,0.003993364309517391,0.7347136108716102,0.0,0.0,MUR+CLBRS/LWAL/CDN+ERN/H:1/RES,v2026.0.0,BT,buildings,structural
2020024175513,2020-01-24 17:55:13,6.7,Mww,-12.0,38.3897,39.0883,analysed,Analysed,14.0,286,38.91138300051731,43.64418926471844,535.6008911132812,399.8193051615195,400.0643408001271,True,False,PGA,g,0.003388038116757447,0.7347136108716102,0.0,0.0,MUR+CLBRS/LWAL/CDN+ERN/H:1/RES,v2026.0.0,BT,buildings,structural
2020024175513,2020-01-24 17:55:13,6.7,Mww,-12.0,38.3897,39.0883,analysed,Analysed,14.0,287,38.71356155080296,44.17682448740173,420.6057739257813,443.90182496551,444.1225396303483,True,False,PGA,g,0.003206122568249571,0.7347136108716102,0.0,0.0,MUR+CLBRS/LWAL/CDN+ERN/H:1/RES,v2026.0.0,BT,buildings,structural
2020024175513,2020-01-24 17:55:13,6.7,Mww,-12.0,38.3897,39.0883,analysed,Analysed,14.0,288,40.972420283171616,38.93677722780187,619.1500244140625,287.47822422945706,287.8189177349571,True,False,PGA,g,0.005209700288450378,0.7347136108716102,0.0,0.0,MUR+CLBRS/LWAL/CDN+ERN/H:1/RES,v2026.0.0,BT,buildings,structural
2020024175513,2020-01-24 17:55:13,6.7,Mww,-12.0,38.3897,39.0883,analysed,Analysed,14.0,289,40.80044778902895,39.49571909858484,619.1500244140625,270.3257662440676,270.6880490443608,True,False,PGA,g,0.005708455936658001,0.7347136108716102,0.0,0.0,MUR+CLBRS/LWAL/CDN+ERN/H:1/RES,v2026.0.0,BT,buildings,structural
2020024175513,2020-01-24 17:55:13,6.7,Mww,-12.0,38.3897,39.0883,analysed,Analysed,14.0,290,40.62535312599842,40.05203511772502,609.095947265625,261.9773457913077,262.351157245129,True,False,PGA,g,0.006021670814645957,0.7347136108716102,0.0,0.0,MUR+CLBRS/LWAL/CDN+ERN/H:1/RES,v2026.0.0,BT,buildings,structural
2020024175513,2020-01-24 17:55:13,6.7,Mww,-12.0,38.3897,39.0883,analysed,Analysed,14.0,291,40.44715900445944,40.60571052901054,619.1500244140625,263.2956428179663,263.66758527912776,True,False,PGA,g,0.005936358182568241,0.7347136108716102,0.0,0.0,MUR+CLBRS/LWAL/CDN+ERN/H:1/RES,v2026.0.0,BT,buildings,structural
2020024175513,2020-01-24 17:55:13,6.7,Mww,-12.0,38.3897,39.0883,analysed,Analysed,14.0,292,40.26588814434975,41.15673218632065,537.5999755859375,274.16480761383974,274.52202413273466,True,False,PGA,g,0.005927980021974874,0.7347136108716102,0.0,0.0,MUR+CLBRS/LWAL/CDN+ERN/H:1/RES,v2026.0.0,BT,buildings,structural
2020024175513,2020-01-24 17:55:13,6.7,Mww,-12.0,38.3897,39.0883,analysed,Analysed,14.0,293,40.08156325855301,41.70508852872559,537.5999755859375,293.54843604979754,293.8820925256966,True,False,PGA,g,0.005355950599871999,0.7347136108716102,0.0,0.0,MUR+CLBRS/LWAL/CDN+ERN/H:1/RES,v2026.0.0,BT,buildings,structural
2020024175513,2020-01-24 17:55:13,6.7,Mww,-12.0,38.3897,39.0883,analysed,Analysed,14.0,294,39.894207036685685,42.25076955448307,537.5999755859375,319.923951662026,320.2301279502701,True,False,PGA,g,0.004713016324747042,0.7347136108716102,0.0,0.0,MUR+CLBRS/LWAL/CDN+ERN/H:1/RES,v2026.0.0,BT,buildings,structural
2020024175513,2020-01-24 17:55:13,6.7,Mww,-12.0,38.3897,39.0883,analysed,Analysed,14.0,295,39.70384212929231,42.79376679403261,537.5999755859375,351.7419575875007,352.0204606659777,True,False,PGA,g,0.004093205297876222,0.7347136108716102,0.0,0.0,MUR+CLBRS/LWAL/CDN+ERN/H:1/RES,v2026.0.0,BT,buildings,structural
2020024175513,2020-01-24 17:55:13,6.7,Mww,-12.0,38.3897,39.0883,analysed,Analysed,14.0,296,39.51049113245673,43.33407328208632,537.5999755859375,387.68338806349016,387.9360892987229,True,False,PGA,g,0.0035415797315413817,0.7347136108716102,0.0,0.0,MUR+CLBRS/LWAL/CDN+ERN/H:1/RES,v2026.0.0,BT,buildings,structural
2020024175513,2020-01-24 17:55:13,6.7,Mww,-12.0,38.3897,39.0883,analysed,Analysed,14.0,297,39.31417657283573,43.87168352891327,537.5999755859375,426.7250551727699,426.95464947954775,True,False,PGA,g,0.003070226357358733,0.7347136108716102,0.0,0.0,MUR+CLBRS/LWAL/CDN+ERN/H:1/RES,v2026.0.0,BT,buildings,structural
2020024175513,2020-01-24 17:55:13,6.7,Mww,-12.0,38.3897,39.0883,analysed,Analysed,14.0,298,40.85741936414967,40.82197523280503,619.1500244140625,311.9798109847615,312.29377589392897,True,False,PGA,g,0.004613148924623113,0.7347136108716102,0.0,0.0,MUR+CLBRS/LWAL/CDN+ERN/H:1/RES,v2026.0.0,BT,buildings,structural
2020024175513,2020-01-24 17:55:13,6.7,Mww,-12.0,38.3897,39.0883,analysed,Analysed,14.0,299,40.67475798937051,41.37569978034522,560.1820068359375,320.97556624889785,321.2807403639387,True,False,PGA,g,0.004610501162928844,0.7347136108716102,0.0,0.0,MUR+CLBRS/LWAL/CDN+ERN/H:1/RES,v2026.0.0,BT,buildings,structural
2020024175513,2020-01-24 17:55:13,6.7,Mww,-12.0,38.3897,39.0883,analysed,Analysed,14.0,300,40.48903002379566,41.926688929415135,540.3002319335938,337.461518842995,337.7517974782978,True,False,PGA,g,0.004344405813402103,0.7347136108716102,0.0,0.0,MUR+CLBRS/LWAL/CDN+ERN/H:1/RES,v2026.0.0,BT,buildings,structural
2020024175513,2020-01-24 17:55:13,6.7,Mww,-12.0,38.3897,39.0883,analysed,Analysed,14.0,301,40.30025874564381,42.47493299098696,537.5999755859375,360.4302822471586,360.70207701199394,True,False,PGA,g,0.003947292705299758,0.7347136108716102,0.0,0.0,MUR+CLBRS/LWAL/CDN+ERN/H:1/RES,v2026.0.0,BT,buildings,structural
2020024175513,2020-01-24 17:55:13,6.7,Mww,-12.0,38.3897,39.0883,analysed,Analysed,14.0,302,40.10846738679795,43.02042385331604,426.7346801757813,388.75255217293335,389.00455886913363,True,False,PGA,g,0.0038819954285600664,0.7347136108716102,0.0,0.0,MUR+CLBRS/LWAL/CDN+ERN/H:1/RES,v2026.0.0,BT,buildings,structural
2020024175513,2020-01-24 17:55:13,6.7,Mww,-12.0,38.3897,39.0883,analysed,Analysed,14.0,303,39.91367911703061,43.56315495196356,537.5999755859375,421.3673618001096,421.59987380261924,True,False,PGA,g,0.003128523452302378,0.7347136108716102,0.0,0.0,MUR+CLBRS/LWAL/CDN+ERN/H:1/RES,v2026.0.0,BT,buildings,structural
2020024175513,2020-01-24 17:55:13,6.7,Mww,-12.0,38.3897,39.0883,analysed,Analysed,14.0,304,39.71591702867863,44.10312123901409,537.5999755859375,457.3736091972417,457.587825876204,True,False,PGA,g,0.0027689752403763216,0.7347136108716102,0.0,0.0,MUR+CLBRS/LWAL/CDN+ERN/H:1/RES,v2026.0.0,BT,buildings,structural
2020024175513,2020-01-24 17:55:13,6.7,Mww,-12.0,38.3897,39.0883,analysed,Analysed,14.0,305,41.08267754767554,41.598605305389576,619.1500244140625,368.3944609082393,368.6603841313469,True,False,PGA,g,0.003602412300068798,0.7347136108716102,0.0,0.0,MUR+CLBRS/LWAL/CDN+ERN/H:1/RES,v2026.0.0,BT,buildings,structural
2020024175513,2020-01-24 17:55:13,6.7,Mww,-12.0,38.3897,39.0883,analysed,Analysed,14.0,306,40.89552278239917,42.15224905047704,537.5999755859375,382.654461097443,382.9104811803596,True,False,PGA,g,0.0036110661984110537,0.7347136108716102,0.0,0.0,MUR+CLBRS/LWAL/CDN+ERN/H:1/RES,v2026.0.0,BT,buildings,structural
2020024175513,2020-01-24 17:55:13,6.7,Mww,-12.0,38.3897,39.0883,analysed,Analysed,14.0,307,40.70531276695041,42.70307599224188,537.5999755859375,402.87429973723033,403.1174783965137,True,False,PGA,g,0.0033446718979803355,0.7347136108716102,0.0,0.0,MUR+CLBRS/LWAL/CDN+ERN/H:1/RES,v2026.0.0,BT,buildings,structural
2020024175513,2020-01-24 17:55:13,6.7,Mww,-12.0,38.3897,39.0883,analysed,Analysed,14.0,308,40.51207132902601,43.2510784181305,537.5999755859375,428.2269935998052,428.4557830716346,True,False,PGA,g,0.0030542085221776285,0.7347136108716102,0.0,0.0,MUR+CLBRS/LWAL/CDN+ERN/H:1/RES,v2026.0.0,BT,buildings,structural
2020024175513,2020-01-24 17:55:13,6.7,Mww,-12.0,38.3897,39.0883,analysed,Analysed,14.0,309,41.30102727729793,42.38185817002582,506.8955383300781,428.71810536734,428.94663289243994,True,False,PGA,g,0.0031246712970554296,0.7347136108716102,0.0,0.0,MUR+CLBRS/LWAL/CDN+ERN/H:1/RES,v2026.0.0,BT,buildings,structural
2020024175513,2020-01-24 17:55:13,6.7,Mww,-12.0,38.3897,39.0883,analysed,Analysed,14.0,310,41.10935440482272,42.935287266968686,537.5999755859375,446.69957691919103,446.91890989281745,True,False,PGA,g,0.002868072886607422,0.7347136108716102,0.0,0.0,MUR+CLBRS/LWAL/CDN+ERN/H:1/RES,v2026.0.0,BT,buildings,structural
2020024175513,2020-01-24 17:55:13,6.7,Mww,-12.0,38.3897,39.0883,analysed,Analysed,14.0,311,40.91463883219449,43.48581857106326,535.4801025390625,469.5400563681812,469.7487248883543,True,False,PGA,g,0.002667205805710981,0.7347136108716102,0.0,0.0,MUR+CLBRS/LWAL/CDN+ERN/H:1/RES,v2026.0.0,BT,buildings,structural
