{"type":"FeatureCollection","name":"Elazığ fixed urban bounding-box OSM building pilot","bbox":[39.178951,38.659687,39.230229,38.690132],"query_bbox":[39.18,38.66,39.23,38.69],"features":[{"type":"Feature","id":"way/96852557","properties":{"osm_id":"way/96852557","osm_type":"way","building":"yes","name":null,"levels":null,"source":"OpenStreetMap","source_url":"https://www.openstreetmap.org/copyright","licence":"ODbL 1.0","retrieved_on":"2026-09-03","vulnerability_function_id":null,"vulnerability_class":"Not assigned","osm_tags":{"building":"yes","source":"Bing"}},"geometry":{"type":"Polygon","coordinates":[[[39.221486,38.667552],[39.221079,38.667573],[39.221089,38.667707],[39.221492,38.667686],[39.221486,38.667552]]]}},{"type":"Feature","id":"way/96852558","properties":{"osm_id":"way/96852558","osm_type":"way","building":"yes","name":null,"levels":null,"source":"OpenStreetMap","source_url":"https://www.openstreetmap.org/copyright","licence":"ODbL 1.0","retrieved_on":"2026-09-03","vulnerability_function_id":null,"vulnerability_class":"Not assigned","osm_tags":{"building":"yes","source":"Bing"}},"geometry":{"type":"Polygon","coordinates":[[[39.220113,38.666363],[39.219898,38.666375],[39.219915,38.666559],[39.22013,38.666547],[39.220113,38.666363]]]}},{"type":"Feature","id":"way/96852560","properties":{"osm_id":"way/96852560","osm_type":"way","building":"yes","name":null,"levels":null,"source":"OpenStreetMap","source_url":"https://www.openstreetmap.org/copyright","licence":"ODbL 1.0","retrieved_on":"2026-09-03","vulnerability_function_id":null,"vulnerability_class":"Not assigned","osm_tags":{"building":"yes","source":"Bing"}},"geometry":{"type":"Polygon","coordinates":[[[39.2238,38.665788],[39.223239,38.66575],[39.223231,38.665817],[39.223501,38.665835],[39.223497,38.665867],[39.223614,38.665875],[39.223594,38.666053],[39.223769,38.666065],[39.2238,38.665788]]]}},{"type":"Feature","id":"way/96852561","properties":{"osm_id":"way/96852561","osm_type":"way","building":"yes","name":null,"levels":null,"source":"OpenStreetMap","source_url":"https://www.openstreetmap.org/copyright","licence":"ODbL 1.0","retrieved_on":"2026-09-03","vulnerability_function_id":null,"vulnerability_class":"Not assigned","osm_tags":{"building":"yes","source":"Bing"}},"geometry":{"type":"Polygon","coordinates":[[[39.223446,38.665861],[39.22323,38.665846],[39.223212,38.666008],[39.223428,38.666023],[39.223446,38.665861]]]}},{"type":"Feature","id":"way/96852562","properties":{"osm_id":"way/96852562","osm_type":"way","building":"yes","name":null,"levels":null,"source":"OpenStreetMap","source_url":"https://www.openstreetmap.org/copyright","licence":"ODbL 1.0","retrieved_on":"2026-09-03","vulnerability_function_id":null,"vulnerability_class":"Not assigned","osm_tags":{"building":"yes","source":"Bing"}},"geometry":{"type":"Polygon","coordinates":[[[39.222382,38.66679],[39.22198,38.666769],[39.221969,38.666907],[39.222168,38.666916],[39.222141,38.667577],[39.222372,38.667577],[39.222377,38.666945],[39.222382,38.66679]]]}},{"type":"Feature","id":"way/96852563","properties":{"osm_id":"way/96852563","osm_type":"way","building":"yes","name":null,"levels":null,"source":"OpenStreetMap","source_url":"https://www.openstreetmap.org/copyright","licence":"ODbL 1.0","retrieved_on":"2026-09-03","vulnerability_function_id":null,"vulnerability_class":"Not assigned","osm_tags":{"building":"yes","source":"Bing"}},"geometry":{"type":"Polygon","coordinates":[[[39.221156,38.667203],[39.220651,38.667231],[39.220662,38.66735],[39.221166,38.667323],[39.221156,38.667203]]]}},{"type":"Feature","id":"way/96852565","properties":{"osm_id":"way/96852565","osm_type":"way","building":"yes","name":null,"levels":null,"source":"OpenStreetMap","source_url":"https://www.openstreetmap.org/copyright","licence":"ODbL 1.0","retrieved_on":"2026-09-03","vulnerability_function_id":null,"vulnerability_class":"Not assigned","osm_tags":{"building":"yes","source":"Bing"}},"geometry":{"type":"Polygon","coordinates":[[[39.224045,38.665852],[39.224016,38.666097],[39.224134,38.666107],[39.224134,38.666132],[39.224576,38.666172],[39.224582,38.666153],[39.224944,38.666184],[39.224979,38.665906],[39.224045,38.665852]]]}},{"type":"Feature","id":"way/96852566","properties":{"osm_id":"way/96852566","osm_type":"way","building":"yes","name":null,"levels":null,"source":"OpenStreetMap","source_url":"https://www.openstreetmap.org/copyright","licence":"ODbL 1.0","retrieved_on":"2026-09-03","vulnerability_function_id":null,"vulnerability_class":"Not assigned","osm_tags":{"building":"yes","source":"Bing"}},"geometry":{"type":"Polygon","coordinates":[[[39.223878,38.66726],[39.222927,38.66724],[39.222922,38.667401],[39.222995,38.667403],[39.222988,38.667594],[39.223162,38.667597],[39.223168,38.667409],[39.223873,38.667424],[39.223878,38.66726]]]}},{"type":"Feature","id":"way/96852567","properties":{"osm_id":"way/96852567","osm_type":"way","building":"yes","name":null,"levels":null,"source":"OpenStreetMap","source_url":"https://www.openstreetmap.org/copyright","licence":"ODbL 1.0","retrieved_on":"2026-09-03","vulnerability_function_id":null,"vulnerability_class":"Not assigned","osm_tags":{"building":"yes","source":"Bing"}},"geometry":{"type":"Polygon","coordinates":[[[39.22104,38.666231],[39.220469,38.666254],[39.220481,38.666423],[39.220844,38.666408],[39.220849,38.66648],[39.220237,38.666505],[39.220247,38.666656],[39.220996,38.666625],[39.221022,38.667011],[39.221163,38.667005],[39.221171,38.667121],[39.221609,38.667103],[39.221571,38.666523],[39.221061,38.666544],[39.22104,38.666231]]]}},{"type":"Feature","id":"way/96852568","properties":{"osm_id":"way/96852568","osm_type":"way","building":"yes","name":null,"levels":null,"source":"OpenStreetMap","source_url":"https://www.openstreetmap.org/copyright","licence":"ODbL 1.0","retrieved_on":"2026-09-03","vulnerability_function_id":null,"vulnerability_class":"Not assigned","osm_tags":{"building":"yes","source":"Bing"}},"geometry":{"type":"Polygon","coordinates":[[[39.223472,38.666521],[39.22307,38.666522],[39.223071,38.66668],[39.223473,38.666678],[39.223472,38.666521]]]}},{"type":"Feature","id":"way/97707204","properties":{"osm_id":"way/97707204","osm_type":"way","building":"yes","name":null,"levels":null,"source":"OpenStreetMap","source_url":"https://www.openstreetmap.org/copyright","licence":"ODbL 1.0","retrieved_on":"2026-09-03","vulnerability_function_id":null,"vulnerability_class":"Not assigned","osm_tags":{"building":"yes","source":"bing"}},"geometry":{"type":"Polygon","coordinates":[[[39.220874,38.683344],[39.220539,38.683361],[39.220576,38.683798],[39.220912,38.68378],[39.220874,38.683344]]]}},{"type":"Feature","id":"way/97707214","properties":{"osm_id":"way/97707214","osm_type":"way","building":"yes","name":null,"levels":null,"source":"OpenStreetMap","source_url":"https://www.openstreetmap.org/copyright","licence":"ODbL 1.0","retrieved_on":"2026-09-03","vulnerability_function_id":null,"vulnerability_class":"Not assigned","osm_tags":{"building":"yes","source":"bing"}},"geometry":{"type":"Polygon","coordinates":[[[39.225321,38.683794],[39.224868,38.683755],[39.224835,38.683989],[39.225284,38.684027],[39.225298,38.683926],[39.225005,38.683901],[39.225009,38.683867],[39.225307,38.683893],[39.225321,38.683794]]]}},{"type":"Feature","id":"way/97707231","properties":{"osm_id":"way/97707231","osm_type":"way","building":"yes","name":null,"levels":null,"source":"OpenStreetMap","source_url":"https://www.openstreetmap.org/copyright","licence":"ODbL 1.0","retrieved_on":"2026-09-03","vulnerability_function_id":null,"vulnerability_class":"Not assigned","osm_tags":{"building":"yes","source":"bing"}},"geometry":{"type":"Polygon","coordinates":[[[39.225797,38.683853],[39.225382,38.683803],[39.225331,38.684059],[39.225746,38.68411],[39.225797,38.683853]]]}},{"type":"Feature","id":"way/231900702","properties":{"osm_id":"way/231900702","osm_type":"way","building":"mosque","name":"Bölge Camisi","levels":null,"source":"OpenStreetMap","source_url":"https://www.openstreetmap.org/copyright","licence":"ODbL 1.0","retrieved_on":"2026-09-03","vulnerability_function_id":null,"vulnerability_class":"Not assigned","osm_tags":{"amenity":"place_of_worship","building":"mosque","denomination":"sunni","name":"Bölge Camisi","religion":"muslim"}},"geometry":{"type":"Polygon","coordinates":[[[39.210518,38.679032],[39.210526,38.678815],[39.210775,38.67881],[39.210752,38.679024],[39.210518,38.679032]]]}},{"type":"Feature","id":"way/231900704","properties":{"osm_id":"way/231900704","osm_type":"way","building":"mosque","name":"İzzet Paşa Camii","levels":null,"source":"OpenStreetMap","source_url":"https://www.openstreetmap.org/copyright","licence":"ODbL 1.0","retrieved_on":"2026-09-03","vulnerability_function_id":null,"vulnerability_class":"Not assigned","osm_tags":{"amenity":"place_of_worship","building":"mosque","name":"İzzet Paşa Camii","name:ar":"مسجد عزت باشا","name:en":"İzzet Pasha Mosque","religion":"muslim","wikidata":"Q28221529","wikimedia_commons":"Category:İzzet Pasha Mosque","wikipedia":"en:İzzet Pasha Mosque"}},"geometry":{"type":"Polygon","coordinates":[[[39.223753,38.675183],[39.223793,38.67478],[39.224167,38.674803],[39.224127,38.675206],[39.223753,38.675183]]]}},{"type":"Feature","id":"way/251487712","properties":{"osm_id":"way/251487712","osm_type":"way","building":"mosque","name":"İmam Efendi Camii","levels":null,"source":"OpenStreetMap","source_url":"https://www.openstreetmap.org/copyright","licence":"ODbL 1.0","retrieved_on":"2026-09-03","vulnerability_function_id":null,"vulnerability_class":"Not assigned","osm_tags":{"addr:city":"Elazığ","amenity":"place_of_worship","building":"mosque","name":"İmam Efendi Camii","religion":"muslim"}},"geometry":{"type":"Polygon","coordinates":[[[39.226054,38.683665],[39.226061,38.683465],[39.226265,38.683469],[39.226263,38.683517],[39.226316,38.683518],[39.22631,38.68367],[39.226054,38.683665]]]}},{"type":"Feature","id":"way/251487716","properties":{"osm_id":"way/251487716","osm_type":"way","building":"mosque","name":"Sürsürü Mahallesi Yeşil Camii","levels":null,"source":"OpenStreetMap","source_url":"https://www.openstreetmap.org/copyright","licence":"ODbL 1.0","retrieved_on":"2026-09-03","vulnerability_function_id":null,"vulnerability_class":"Not assigned","osm_tags":{"addr:city":"Elazığ","amenity":"place_of_worship","building":"mosque","denomination":"sunni","name":"Sürsürü Mahallesi Yeşil Camii","religion":"muslim"}},"geometry":{"type":"Polygon","coordinates":[[[39.198294,38.668318],[39.198313,38.668071],[39.198504,38.668071],[39.198493,38.668316],[39.198294,38.668318]]]}},{"type":"Feature","id":"way/251487717","properties":{"osm_id":"way/251487717","osm_type":"way","building":"mosque","name":null,"levels":null,"source":"OpenStreetMap","source_url":"https://www.openstreetmap.org/copyright","licence":"ODbL 1.0","retrieved_on":"2026-09-03","vulnerability_function_id":null,"vulnerability_class":"Not assigned","osm_tags":{"amenity":"place_of_worship","building":"mosque","religion":"muslim"}},"geometry":{"type":"Polygon","coordinates":[[[39.198556,38.662656],[39.19858,38.662379],[39.198857,38.662393],[39.198833,38.662671],[39.198556,38.662656]]]}},{"type":"Feature","id":"way/253337300","properties":{"osm_id":"way/253337300","osm_type":"way","building":"mosque","name":null,"levels":null,"source":"OpenStreetMap","source_url":"https://www.openstreetmap.org/copyright","licence":"ODbL 1.0","retrieved_on":"2026-09-03","vulnerability_function_id":null,"vulnerability_class":"Not assigned","osm_tags":{"amenity":"place_of_worship","building":"mosque","religion":"muslim"}},"geometry":{"type":"Polygon","coordinates":[[[39.210962,38.67633],[39.211013,38.676081],[39.211266,38.676087],[39.211222,38.676364],[39.210962,38.67633]]]}},{"type":"Feature","id":"way/289994902","properties":{"osm_id":"way/289994902","osm_type":"way","building":"mosque","name":null,"levels":null,"source":"OpenStreetMap","source_url":"https://www.openstreetmap.org/copyright","licence":"ODbL 1.0","retrieved_on":"2026-09-03","vulnerability_function_id":null,"vulnerability_class":"Not assigned","osm_tags":{"amenity":"place_of_worship","building":"mosque","religion":"muslim"}},"geometry":{"type":"Polygon","coordinates":[[[39.211353,38.666533],[39.211368,38.666301],[39.211583,38.666304],[39.211565,38.66654],[39.211353,38.666533]]]}},{"type":"Feature","id":"way/289994904","properties":{"osm_id":"way/289994904","osm_type":"way","building":"mosque","name":null,"levels":null,"source":"OpenStreetMap","source_url":"https://www.openstreetmap.org/copyright","licence":"ODbL 1.0","retrieved_on":"2026-09-03","vulnerability_function_id":null,"vulnerability_class":"Not assigned","osm_tags":{"amenity":"place_of_worship","building":"mosque","religion":"muslim"}},"geometry":{"type":"Polygon","coordinates":[[[39.180892,38.671811],[39.180869,38.671606],[39.181056,38.671593],[39.181079,38.671799],[39.180892,38.671811]]]}},{"type":"Feature","id":"way/301460258","properties":{"osm_id":"way/301460258","osm_type":"way","building":"mosque","name":"Saray Camii","levels":null,"source":"OpenStreetMap","source_url":"https://www.openstreetmap.org/copyright","licence":"ODbL 1.0","retrieved_on":"2026-09-03","vulnerability_function_id":null,"vulnerability_class":"Not assigned","osm_tags":{"amenity":"place_of_worship","building":"mosque","denomination":"sunni","name":"Saray Camii","religion":"muslim"}},"geometry":{"type":"Polygon","coordinates":[[[39.224658,38.673404],[39.22506,38.673401],[39.225073,38.673061],[39.224684,38.673056],[39.224572,38.673347],[39.224658,38.673404]]]}},{"type":"Feature","id":"way/301460259","properties":{"osm_id":"way/301460259","osm_type":"way","building":"mosque","name":null,"levels":null,"source":"OpenStreetMap","source_url":"https://www.openstreetmap.org/copyright","licence":"ODbL 1.0","retrieved_on":"2026-09-03","vulnerability_function_id":null,"vulnerability_class":"Not assigned","osm_tags":{"amenity":"place_of_worship","building":"mosque","religion":"muslim"}},"geometry":{"type":"Polygon","coordinates":[[[39.228769,38.669918],[39.228795,38.669621],[39.229054,38.669634],[39.229029,38.669931],[39.228769,38.669918]]]}},{"type":"Feature","id":"way/301887797","properties":{"osm_id":"way/301887797","osm_type":"way","building":"mosque","name":"İhsaniye Camii","levels":null,"source":"OpenStreetMap","source_url":"https://www.openstreetmap.org/copyright","licence":"ODbL 1.0","retrieved_on":"2026-09-03","vulnerability_function_id":null,"vulnerability_class":"Not assigned","osm_tags":{"amenity":"place_of_worship","building":"mosque","name":"İhsaniye Camii","religion":"muslim"}},"geometry":{"type":"Polygon","coordinates":[[[39.220937,38.677054],[39.220919,38.677014],[39.220924,38.67693],[39.220997,38.676876],[39.221076,38.676883],[39.221139,38.676942],[39.22113,38.677017],[39.22107,38.677072],[39.220937,38.677054]]]}},{"type":"Feature","id":"way/301887798","properties":{"osm_id":"way/301887798","osm_type":"way","building":"mosque","name":null,"levels":null,"source":"OpenStreetMap","source_url":"https://www.openstreetmap.org/copyright","licence":"ODbL 1.0","retrieved_on":"2026-09-03","vulnerability_function_id":null,"vulnerability_class":"Not assigned","osm_tags":{"amenity":"place_of_worship","building":"mosque","religion":"muslim"}},"geometry":{"type":"Polygon","coordinates":[[[39.226771,38.678071],[39.226784,38.677903],[39.226933,38.67791],[39.22692,38.678078],[39.226771,38.678071]]]}},{"type":"Feature","id":"way/301887801","properties":{"osm_id":"way/301887801","osm_type":"way","building":"mosque","name":null,"levels":null,"source":"OpenStreetMap","source_url":"https://www.openstreetmap.org/copyright","licence":"ODbL 1.0","retrieved_on":"2026-09-03","vulnerability_function_id":null,"vulnerability_class":"Not assigned","osm_tags":{"amenity":"place_of_worship","building":"mosque","denomination":"sunni","religion":"muslim"}},"geometry":{"type":"Polygon","coordinates":[[[39.222963,38.68047],[39.222983,38.680197],[39.223193,38.680206],[39.223173,38.680479],[39.222963,38.68047]]]}},{"type":"Feature","id":"way/305141507","properties":{"osm_id":"way/305141507","osm_type":"way","building":"mosque","name":null,"levels":null,"source":"OpenStreetMap","source_url":"https://www.openstreetmap.org/copyright","licence":"ODbL 1.0","retrieved_on":"2026-09-03","vulnerability_function_id":null,"vulnerability_class":"Not assigned","osm_tags":{"amenity":"place_of_worship","building":"mosque","religion":"muslim"}},"geometry":{"type":"Polygon","coordinates":[[[39.187846,38.671105],[39.187863,38.67098],[39.188044,38.670991],[39.188023,38.671124],[39.187846,38.671105]]]}},{"type":"Feature","id":"way/305141508","properties":{"osm_id":"way/305141508","osm_type":"way","building":"mosque","name":"Tevfikiye Camisi","levels":null,"source":"OpenStreetMap","source_url":"https://www.openstreetmap.org/copyright","licence":"ODbL 1.0","retrieved_on":"2026-09-03","vulnerability_function_id":null,"vulnerability_class":"Not assigned","osm_tags":{"amenity":"place_of_worship","building":"mosque","name":"Tevfikiye Camisi","religion":"muslim"}},"geometry":{"type":"Polygon","coordinates":[[[39.21731,38.677207],[39.21729,38.677503],[39.217257,38.677507],[39.217132,38.677498],[39.217095,38.677488],[39.217064,38.677364],[39.217094,38.677196],[39.21731,38.677207]]]}},{"type":"Feature","id":"way/323459777","properties":{"osm_id":"way/323459777","osm_type":"way","building":"roof","name":null,"levels":null,"source":"OpenStreetMap","source_url":"https://www.openstreetmap.org/copyright","licence":"ODbL 1.0","retrieved_on":"2026-09-03","vulnerability_function_id":null,"vulnerability_class":"Not assigned","osm_tags":{"building":"roof"}},"geometry":{"type":"Polygon","coordinates":[[[39.230178,38.666947],[39.230156,38.666695],[39.22993,38.666707],[39.229936,38.666773],[39.229849,38.666777],[39.229862,38.666933],[39.229951,38.666929],[39.229954,38.666959],[39.230178,38.666947]]]}},{"type":"Feature","id":"way/340124386","properties":{"osm_id":"way/340124386","osm_type":"way","building":"mosque","name":null,"levels":null,"source":"OpenStreetMap","source_url":"https://www.openstreetmap.org/copyright","licence":"ODbL 1.0","retrieved_on":"2026-09-03","vulnerability_function_id":null,"vulnerability_class":"Not assigned","osm_tags":{"amenity":"place_of_worship","building":"mosque","religion":"muslim"}},"geometry":{"type":"Polygon","coordinates":[[[39.215451,38.671157],[39.215432,38.671002],[39.215602,38.671002],[39.215619,38.671177],[39.215451,38.671157]]]}},{"type":"Feature","id":"way/340124387","properties":{"osm_id":"way/340124387","osm_type":"way","building":"mosque","name":null,"levels":null,"source":"OpenStreetMap","source_url":"https://www.openstreetmap.org/copyright","licence":"ODbL 1.0","retrieved_on":"2026-09-03","vulnerability_function_id":null,"vulnerability_class":"Not assigned","osm_tags":{"amenity":"place_of_worship","building":"mosque","religion":"muslim"}},"geometry":{"type":"Polygon","coordinates":[[[39.207306,38.674272],[39.2073,38.67414],[39.207442,38.674136],[39.207447,38.674268],[39.207306,38.674272]]]}},{"type":"Feature","id":"way/340124390","properties":{"osm_id":"way/340124390","osm_type":"way","building":"roof","name":null,"levels":null,"source":"OpenStreetMap","source_url":"https://www.openstreetmap.org/copyright","licence":"ODbL 1.0","retrieved_on":"2026-09-03","vulnerability_function_id":null,"vulnerability_class":"Not assigned","osm_tags":{"addr:city":"Elazığ","building":"roof","operator":"Mafe Polatlar Petrol"}},"geometry":{"type":"Polygon","coordinates":[[[39.18562,38.669404],[39.185757,38.66919],[39.185855,38.669229],[39.185895,38.669176],[39.185974,38.66921],[39.185804,38.669476],[39.18562,38.669404]]]}},{"type":"Feature","id":"way/340126903","properties":{"osm_id":"way/340126903","osm_type":"way","building":"mosque","name":null,"levels":null,"source":"OpenStreetMap","source_url":"https://www.openstreetmap.org/copyright","licence":"ODbL 1.0","retrieved_on":"2026-09-03","vulnerability_function_id":null,"vulnerability_class":"Not assigned","osm_tags":{"amenity":"place_of_worship","building":"mosque","religion":"muslim"}},"geometry":{"type":"Polygon","coordinates":[[[39.20656,38.66426],[39.206568,38.664107],[39.206762,38.664113],[39.206754,38.664266],[39.20656,38.66426]]]}},{"type":"Feature","id":"way/340553829","properties":{"osm_id":"way/340553829","osm_type":"way","building":"school","name":"Ana Okulu","levels":null,"source":"OpenStreetMap","source_url":"https://www.openstreetmap.org/copyright","licence":"ODbL 1.0","retrieved_on":"2026-09-03","vulnerability_function_id":null,"vulnerability_class":"Not assigned","osm_tags":{"building":"school","name":"Ana Okulu"}},"geometry":{"type":"Polygon","coordinates":[[[39.216476,38.678139],[39.216512,38.677965],[39.216972,38.678026],[39.216937,38.678197],[39.216476,38.678139]]]}},{"type":"Feature","id":"way/370620018","properties":{"osm_id":"way/370620018","osm_type":"way","building":"mosque","name":null,"levels":null,"source":"OpenStreetMap","source_url":"https://www.openstreetmap.org/copyright","licence":"ODbL 1.0","retrieved_on":"2026-09-03","vulnerability_function_id":null,"vulnerability_class":"Not assigned","osm_tags":{"amenity":"place_of_worship","building":"mosque","religion":"muslim"}},"geometry":{"type":"Polygon","coordinates":[[[39.225332,38.668782],[39.225341,38.668625],[39.225579,38.668634],[39.225569,38.668791],[39.225332,38.668782]]]}},{"type":"Feature","id":"way/376371865","properties":{"osm_id":"way/376371865","osm_type":"way","building":"mosque","name":null,"levels":null,"source":"OpenStreetMap","source_url":"https://www.openstreetmap.org/copyright","licence":"ODbL 1.0","retrieved_on":"2026-09-03","vulnerability_function_id":null,"vulnerability_class":"Not assigned","osm_tags":{"amenity":"place_of_worship","building":"mosque","religion":"muslim"}},"geometry":{"type":"Polygon","coordinates":[[[39.213625,38.662411],[39.213596,38.66211],[39.213712,38.662104],[39.213741,38.662404],[39.213625,38.662411]]]}},{"type":"Feature","id":"way/377336872","properties":{"osm_id":"way/377336872","osm_type":"way","building":"mosque","name":null,"levels":null,"source":"OpenStreetMap","source_url":"https://www.openstreetmap.org/copyright","licence":"ODbL 1.0","retrieved_on":"2026-09-03","vulnerability_function_id":null,"vulnerability_class":"Not assigned","osm_tags":{"amenity":"place_of_worship","building":"mosque","religion":"muslim"}},"geometry":{"type":"Polygon","coordinates":[[[39.209739,38.683619],[39.209738,38.683501],[39.209943,38.6835],[39.209944,38.683618],[39.209739,38.683619]]]}},{"type":"Feature","id":"way/387688718","properties":{"osm_id":"way/387688718","osm_type":"way","building":"mosque","name":null,"levels":null,"source":"OpenStreetMap","source_url":"https://www.openstreetmap.org/copyright","licence":"ODbL 1.0","retrieved_on":"2026-09-03","vulnerability_function_id":null,"vulnerability_class":"Not assigned","osm_tags":{"amenity":"place_of_worship","building":"mosque","religion":"muslim"}},"geometry":{"type":"Polygon","coordinates":[[[39.209873,38.669806],[39.209886,38.669655],[39.210067,38.669666],[39.210053,38.669816],[39.209873,38.669806]]]}},{"type":"Feature","id":"way/387688719","properties":{"osm_id":"way/387688719","osm_type":"way","building":"mosque","name":"Hacı Sabri Camii","levels":null,"source":"OpenStreetMap","source_url":"https://www.openstreetmap.org/copyright","licence":"ODbL 1.0","retrieved_on":"2026-09-03","vulnerability_function_id":null,"vulnerability_class":"Not assigned","osm_tags":{"addr:city":"Elazığ","amenity":"place_of_worship","building":"mosque","name":"Hacı Sabri Camii","religion":"muslim"}},"geometry":{"type":"Polygon","coordinates":[[[39.203883,38.667372],[39.203899,38.667252],[39.203936,38.66723],[39.204103,38.667242],[39.204078,38.667379],[39.203883,38.667372]]]}},{"type":"Feature","id":"way/387688721","properties":{"osm_id":"way/387688721","osm_type":"way","building":"mosque","name":null,"levels":null,"source":"OpenStreetMap","source_url":"https://www.openstreetmap.org/copyright","licence":"ODbL 1.0","retrieved_on":"2026-09-03","vulnerability_function_id":null,"vulnerability_class":"Not assigned","osm_tags":{"amenity":"place_of_worship","building":"mosque","religion":"muslim"}},"geometry":{"type":"Polygon","coordinates":[[[39.18211,38.666117],[39.182136,38.665803],[39.182517,38.665822],[39.182491,38.666136],[39.18211,38.666117]]]}},{"type":"Feature","id":"way/397467731","properties":{"osm_id":"way/397467731","osm_type":"way","building":"mosque","name":null,"levels":null,"source":"OpenStreetMap","source_url":"https://www.openstreetmap.org/copyright","licence":"ODbL 1.0","retrieved_on":"2026-09-03","vulnerability_function_id":null,"vulnerability_class":"Not assigned","osm_tags":{"amenity":"place_of_worship","building":"mosque","religion":"muslim"}},"geometry":{"type":"Polygon","coordinates":[[[39.197578,38.679539],[39.197665,38.679263],[39.197986,38.679254],[39.197978,38.679531],[39.19782,38.679535],[39.197578,38.679539]]]}},{"type":"Feature","id":"way/438787710","properties":{"osm_id":"way/438787710","osm_type":"way","building":"yes","name":null,"levels":"5","source":"OpenStreetMap","source_url":"https://www.openstreetmap.org/copyright","licence":"ODbL 1.0","retrieved_on":"2026-09-03","vulnerability_function_id":null,"vulnerability_class":"Not assigned","osm_tags":{"building":"yes","building:levels":"5"}},"geometry":{"type":"Polygon","coordinates":[[[39.186273,38.668351],[39.186357,38.668257],[39.18663,38.668418],[39.186426,38.668607],[39.18629,38.668527],[39.186394,38.66842],[39.186273,38.668351]]]}},{"type":"Feature","id":"way/438787711","properties":{"osm_id":"way/438787711","osm_type":"way","building":"yes","name":null,"levels":null,"source":"OpenStreetMap","source_url":"https://www.openstreetmap.org/copyright","licence":"ODbL 1.0","retrieved_on":"2026-09-03","vulnerability_function_id":null,"vulnerability_class":"Not assigned","osm_tags":{"building":"yes"}},"geometry":{"type":"Polygon","coordinates":[[[39.185538,38.668457],[39.185603,38.66838],[39.185684,38.668421],[39.185756,38.668336],[39.185882,38.668401],[39.185804,38.668493],[39.185868,38.668526],[39.185813,38.668592],[39.185786,38.668578],[39.185761,38.668608],[39.185563,38.668506],[39.185574,38.668475],[39.185538,38.668457]]]}},{"type":"Feature","id":"way/438787712","properties":{"osm_id":"way/438787712","osm_type":"way","building":"yes","name":null,"levels":null,"source":"OpenStreetMap","source_url":"https://www.openstreetmap.org/copyright","licence":"ODbL 1.0","retrieved_on":"2026-09-03","vulnerability_function_id":null,"vulnerability_class":"Not assigned","osm_tags":{"building":"yes"}},"geometry":{"type":"Polygon","coordinates":[[[39.185895,38.669176],[39.185938,38.669112],[39.186056,38.669163],[39.186008,38.669228],[39.185974,38.66921],[39.185895,38.669176]]]}},{"type":"Feature","id":"way/438787713","properties":{"osm_id":"way/438787713","osm_type":"way","building":"yes","name":null,"levels":null,"source":"OpenStreetMap","source_url":"https://www.openstreetmap.org/copyright","licence":"ODbL 1.0","retrieved_on":"2026-09-03","vulnerability_function_id":null,"vulnerability_class":"Not assigned","osm_tags":{"building":"yes"}},"geometry":{"type":"Polygon","coordinates":[[[39.18526,38.669025],[39.185634,38.668815],[39.185862,38.668927],[39.185643,38.669212],[39.18526,38.669025]]]}},{"type":"Feature","id":"way/438787714","properties":{"osm_id":"way/438787714","osm_type":"way","building":"roof","name":null,"levels":null,"source":"OpenStreetMap","source_url":"https://www.openstreetmap.org/copyright","licence":"ODbL 1.0","retrieved_on":"2026-09-03","vulnerability_function_id":null,"vulnerability_class":"Not assigned","osm_tags":{"addr:city":"Elazığ","building":"roof"}},"geometry":{"type":"Polygon","coordinates":[[[39.185051,38.670054],[39.185142,38.669935],[39.185207,38.669965],[39.185313,38.669825],[39.185411,38.66987],[39.18516,38.6702],[39.185064,38.670155],[39.185117,38.670085],[39.185051,38.670054]]]}},{"type":"Feature","id":"way/438787715","properties":{"osm_id":"way/438787715","osm_type":"way","building":"yes","name":null,"levels":null,"source":"OpenStreetMap","source_url":"https://www.openstreetmap.org/copyright","licence":"ODbL 1.0","retrieved_on":"2026-09-03","vulnerability_function_id":null,"vulnerability_class":"Not assigned","osm_tags":{"building":"yes"}},"geometry":{"type":"Polygon","coordinates":[[[39.185291,38.670261],[39.185493,38.670387],[39.185532,38.67039],[39.185713,38.670176],[39.185706,38.670156],[39.185672,38.670126],[39.185647,38.670112],[39.185438,38.670098],[39.185378,38.670115],[39.185339,38.670151],[39.185295,38.670213],[39.185284,38.670237],[39.185291,38.670261]]]}},{"type":"Feature","id":"way/438787726","properties":{"osm_id":"way/438787726","osm_type":"way","building":"yes","name":"Elazığ Belediyesi","levels":null,"source":"OpenStreetMap","source_url":"https://www.openstreetmap.org/copyright","licence":"ODbL 1.0","retrieved_on":"2026-09-03","vulnerability_function_id":null,"vulnerability_class":"Not assigned","osm_tags":{"amenity":"townhall","building":"yes","name":"Elazığ Belediyesi"}},"geometry":{"type":"Polygon","coordinates":[[[39.180456,38.668326],[39.180818,38.667913],[39.181133,38.668081],[39.180988,38.668246],[39.181247,38.668384],[39.181369,38.668244],[39.181526,38.668328],[39.181319,38.668564],[39.180962,38.668373],[39.180829,38.668524],[39.180456,38.668326]]]}},{"type":"Feature","id":"way/438787727","properties":{"osm_id":"way/438787727","osm_type":"way","building":"yes","name":null,"levels":null,"source":"OpenStreetMap","source_url":"https://www.openstreetmap.org/copyright","licence":"ODbL 1.0","retrieved_on":"2026-09-03","vulnerability_function_id":null,"vulnerability_class":"Not assigned","osm_tags":{"building":"yes"}},"geometry":{"type":"Polygon","coordinates":[[[39.181482,38.66732],[39.181981,38.667539],[39.181894,38.66766],[39.181395,38.667441],[39.181482,38.66732]]]}},{"type":"Feature","id":"way/438787728","properties":{"osm_id":"way/438787728","osm_type":"way","building":"roof","name":null,"levels":null,"source":"OpenStreetMap","source_url":"https://www.openstreetmap.org/copyright","licence":"ODbL 1.0","retrieved_on":"2026-09-03","vulnerability_function_id":null,"vulnerability_class":"Not assigned","osm_tags":{"building":"roof"}},"geometry":{"type":"Polygon","coordinates":[[[39.188548,38.671539],[39.188622,38.671398],[39.188685,38.671281],[39.188878,38.671344],[39.188814,38.671464],[39.188741,38.671602],[39.188548,38.671539]]]}},{"type":"Feature","id":"way/438787729","properties":{"osm_id":"way/438787729","osm_type":"way","building":"yes","name":null,"levels":null,"source":"OpenStreetMap","source_url":"https://www.openstreetmap.org/copyright","licence":"ODbL 1.0","retrieved_on":"2026-09-03","vulnerability_function_id":null,"vulnerability_class":"Not assigned","osm_tags":{"building":"yes"}},"geometry":{"type":"Polygon","coordinates":[[[39.188298,38.671466],[39.188317,38.671346],[39.188467,38.671361],[39.188448,38.67148],[39.188298,38.671466]]]}},{"type":"Feature","id":"way/438787731","properties":{"osm_id":"way/438787731","osm_type":"way","building":"yes","name":"Nurettin Ardıçoğlu Kültür Merkezi","levels":null,"source":"OpenStreetMap","source_url":"https://www.openstreetmap.org/copyright","licence":"ODbL 1.0","retrieved_on":"2026-09-03","vulnerability_function_id":null,"vulnerability_class":"Not assigned","osm_tags":{"amenity":"community_centre","building":"yes","name":"Nurettin Ardıçoğlu Kültür Merkezi"}},"geometry":{"type":"Polygon","coordinates":[[[39.193271,38.669861],[39.193832,38.669733],[39.194334,38.669931],[39.19446,38.670003],[39.194454,38.670024],[39.1945,38.670215],[39.194408,38.670217],[39.194349,38.670241],[39.194254,38.67033],[39.194174,38.670349],[39.194078,38.670347],[39.193964,38.670301],[39.193909,38.670227],[39.19389,38.670145],[39.193875,38.670111],[39.193835,38.670075],[39.193801,38.670058],[39.193745,38.670063],[39.193684,38.670051],[39.193632,38.670008],[39.19361,38.669947],[39.193428,38.669984],[39.193271,38.669861]]]}},{"type":"Feature","id":"way/438787734","properties":{"osm_id":"way/438787734","osm_type":"way","building":"yes","name":"Çevre ve Şehircilik Bakanlığı Elazığ İl Müdürlüğü","levels":null,"source":"OpenStreetMap","source_url":"https://www.openstreetmap.org/copyright","licence":"ODbL 1.0","retrieved_on":"2026-09-03","vulnerability_function_id":null,"vulnerability_class":"Not assigned","osm_tags":{"addr:city":"Elazığ","building":"yes","name":"Çevre ve Şehircilik Bakanlığı Elazığ İl Müdürlüğü","office":"government"}},"geometry":{"type":"Polygon","coordinates":[[[39.19243,38.670712],[39.192391,38.670592],[39.192877,38.670495],[39.192916,38.670614],[39.19243,38.670712]]]}},{"type":"Feature","id":"way/438787735","properties":{"osm_id":"way/438787735","osm_type":"way","building":"yes","name":null,"levels":null,"source":"OpenStreetMap","source_url":"https://www.openstreetmap.org/copyright","licence":"ODbL 1.0","retrieved_on":"2026-09-03","vulnerability_function_id":null,"vulnerability_class":"Not assigned","osm_tags":{"building":"yes"}},"geometry":{"type":"Polygon","coordinates":[[[39.20408,38.662993],[39.204088,38.662739],[39.204312,38.662744],[39.204304,38.662998],[39.20408,38.662993]]]}},{"type":"Feature","id":"way/438787736","properties":{"osm_id":"way/438787736","osm_type":"way","building":"yes","name":null,"levels":null,"source":"OpenStreetMap","source_url":"https://www.openstreetmap.org/copyright","licence":"ODbL 1.0","retrieved_on":"2026-09-03","vulnerability_function_id":null,"vulnerability_class":"Not assigned","osm_tags":{"building":"yes"}},"geometry":{"type":"Polygon","coordinates":[[[39.204381,38.663009],[39.204389,38.662756],[39.204613,38.66276],[39.204605,38.663014],[39.204381,38.663009]]]}},{"type":"Feature","id":"way/438787737","properties":{"osm_id":"way/438787737","osm_type":"way","building":"yes","name":null,"levels":null,"source":"OpenStreetMap","source_url":"https://www.openstreetmap.org/copyright","licence":"ODbL 1.0","retrieved_on":"2026-09-03","vulnerability_function_id":null,"vulnerability_class":"Not assigned","osm_tags":{"building":"yes"}},"geometry":{"type":"Polygon","coordinates":[[[39.204183,38.663295],[39.204198,38.663082],[39.204437,38.663092],[39.204423,38.663305],[39.204183,38.663295]]]}},{"type":"Feature","id":"way/478278117","properties":{"osm_id":"way/478278117","osm_type":"way","building":"roof","name":null,"levels":null,"source":"OpenStreetMap","source_url":"https://www.openstreetmap.org/copyright","licence":"ODbL 1.0","retrieved_on":"2026-09-03","vulnerability_function_id":null,"vulnerability_class":"Not assigned","osm_tags":{"building":"roof"}},"geometry":{"type":"Polygon","coordinates":[[[39.226883,38.666385],[39.2269,38.666232],[39.227091,38.666244],[39.227074,38.666397],[39.226883,38.666385]]]}},{"type":"Feature","id":"way/574057185","properties":{"osm_id":"way/574057185","osm_type":"way","building":"university","name":null,"levels":null,"source":"OpenStreetMap","source_url":"https://www.openstreetmap.org/copyright","licence":"ODbL 1.0","retrieved_on":"2026-09-03","vulnerability_function_id":null,"vulnerability_class":"Not assigned","osm_tags":{"building":"university"}},"geometry":{"type":"Polygon","coordinates":[[[39.183279,38.676861],[39.183348,38.676801],[39.183372,38.676819],[39.183431,38.676768],[39.18376,38.677],[39.183751,38.677008],[39.183787,38.677033],[39.183845,38.676983],[39.183923,38.677038],[39.183861,38.677091],[39.183928,38.677139],[39.183742,38.6773],[39.183603,38.677202],[39.183687,38.677129],[39.183641,38.677096],[39.183614,38.677118],[39.183293,38.676892],[39.183306,38.676881],[39.183279,38.676861]]]}},{"type":"Feature","id":"way/574057186","properties":{"osm_id":"way/574057186","osm_type":"way","building":"university","name":null,"levels":null,"source":"OpenStreetMap","source_url":"https://www.openstreetmap.org/copyright","licence":"ODbL 1.0","retrieved_on":"2026-09-03","vulnerability_function_id":null,"vulnerability_class":"Not assigned","osm_tags":{"building":"university"}},"geometry":{"type":"Polygon","coordinates":[[[39.182598,38.676359],[39.182667,38.676299],[39.182691,38.676317],[39.18275,38.676266],[39.183079,38.676498],[39.18307,38.676506],[39.183106,38.676531],[39.183165,38.676481],[39.183243,38.676536],[39.183181,38.676589],[39.183248,38.676637],[39.183062,38.676798],[39.182922,38.676699],[39.183007,38.676627],[39.18296,38.676594],[39.182934,38.676616],[39.182613,38.67639],[39.182626,38.676379],[39.182598,38.676359]]]}},{"type":"Feature","id":"way/574057187","properties":{"osm_id":"way/574057187","osm_type":"way","building":"university","name":null,"levels":null,"source":"OpenStreetMap","source_url":"https://www.openstreetmap.org/copyright","licence":"ODbL 1.0","retrieved_on":"2026-09-03","vulnerability_function_id":null,"vulnerability_class":"Not assigned","osm_tags":{"building":"university"}},"geometry":{"type":"Polygon","coordinates":[[[39.183102,38.676118],[39.183171,38.676058],[39.183196,38.676075],[39.183254,38.676025],[39.183583,38.676257],[39.183574,38.676265],[39.18361,38.67629],[39.183669,38.676239],[39.183747,38.676294],[39.183685,38.676348],[39.183752,38.676395],[39.183566,38.676556],[39.183427,38.676458],[39.183511,38.676385],[39.183464,38.676352],[39.183438,38.676375],[39.183117,38.676149],[39.18313,38.676138],[39.183102,38.676118]]]}},{"type":"Feature","id":"way/574669939","properties":{"osm_id":"way/574669939","osm_type":"way","building":"yes","name":null,"levels":null,"source":"OpenStreetMap","source_url":"https://www.openstreetmap.org/copyright","licence":"ODbL 1.0","retrieved_on":"2026-09-03","vulnerability_function_id":null,"vulnerability_class":"Not assigned","osm_tags":{"building":"yes","roof:material":"roof_tiles","roof:shape":"hipped"}},"geometry":{"type":"Polygon","coordinates":[[[39.192637,38.667129],[39.192694,38.66701],[39.192857,38.667059],[39.1928,38.667177],[39.192637,38.667129]]]}},{"type":"Feature","id":"way/574669941","properties":{"osm_id":"way/574669941","osm_type":"way","building":"yes","name":null,"levels":null,"source":"OpenStreetMap","source_url":"https://www.openstreetmap.org/copyright","licence":"ODbL 1.0","retrieved_on":"2026-09-03","vulnerability_function_id":null,"vulnerability_class":"Not assigned","osm_tags":{"building":"yes","roof:material":"roof_tiles","roof:shape":"hipped"}},"geometry":{"type":"Polygon","coordinates":[[[39.192567,38.667282],[39.192625,38.667164],[39.192788,38.667212],[39.19273,38.66733],[39.192567,38.667282]]]}},{"type":"Feature","id":"way/574669942","properties":{"osm_id":"way/574669942","osm_type":"way","building":"yes","name":null,"levels":null,"source":"OpenStreetMap","source_url":"https://www.openstreetmap.org/copyright","licence":"ODbL 1.0","retrieved_on":"2026-09-03","vulnerability_function_id":null,"vulnerability_class":"Not assigned","osm_tags":{"building":"yes","roof:material":"roof_tiles","roof:shape":"hipped"}},"geometry":{"type":"Polygon","coordinates":[[[39.192495,38.667432],[39.192552,38.667313],[39.192715,38.667361],[39.192658,38.66748],[39.192495,38.667432]]]}},{"type":"Feature","id":"way/574669943","properties":{"osm_id":"way/574669943","osm_type":"way","building":"yes","name":null,"levels":null,"source":"OpenStreetMap","source_url":"https://www.openstreetmap.org/copyright","licence":"ODbL 1.0","retrieved_on":"2026-09-03","vulnerability_function_id":null,"vulnerability_class":"Not assigned","osm_tags":{"building":"yes","roof:material":"roof_tiles","roof:shape":"hipped"}},"geometry":{"type":"Polygon","coordinates":[[[39.192432,38.667574],[39.192489,38.667455],[39.192652,38.667504],[39.192595,38.667622],[39.192432,38.667574]]]}},{"type":"Feature","id":"way/574669944","properties":{"osm_id":"way/574669944","osm_type":"way","building":"yes","name":null,"levels":null,"source":"OpenStreetMap","source_url":"https://www.openstreetmap.org/copyright","licence":"ODbL 1.0","retrieved_on":"2026-09-03","vulnerability_function_id":null,"vulnerability_class":"Not assigned","osm_tags":{"building":"yes","roof:material":"roof_tiles","roof:shape":"hipped"}},"geometry":{"type":"Polygon","coordinates":[[[39.192369,38.667725],[39.192426,38.667607],[39.192589,38.667655],[39.192532,38.667774],[39.192369,38.667725]]]}},{"type":"Feature","id":"way/574669946","properties":{"osm_id":"way/574669946","osm_type":"way","building":"yes","name":null,"levels":null,"source":"OpenStreetMap","source_url":"https://www.openstreetmap.org/copyright","licence":"ODbL 1.0","retrieved_on":"2026-09-03","vulnerability_function_id":null,"vulnerability_class":"Not assigned","osm_tags":{"building":"yes","roof:material":"roof_tiles","roof:shape":"hipped"}},"geometry":{"type":"Polygon","coordinates":[[[39.192296,38.667873],[39.192354,38.667754],[39.192517,38.667803],[39.192459,38.667921],[39.192296,38.667873]]]}},{"type":"Feature","id":"way/574669947","properties":{"osm_id":"way/574669947","osm_type":"way","building":"yes","name":null,"levels":null,"source":"OpenStreetMap","source_url":"https://www.openstreetmap.org/copyright","licence":"ODbL 1.0","retrieved_on":"2026-09-03","vulnerability_function_id":null,"vulnerability_class":"Not assigned","osm_tags":{"building":"yes","roof:material":"roof_tiles","roof:shape":"hipped"}},"geometry":{"type":"Polygon","coordinates":[[[39.192532,38.667941],[39.19259,38.667822],[39.192753,38.66787],[39.192695,38.667989],[39.192532,38.667941]]]}},{"type":"Feature","id":"way/574669949","properties":{"osm_id":"way/574669949","osm_type":"way","building":"yes","name":null,"levels":null,"source":"OpenStreetMap","source_url":"https://www.openstreetmap.org/copyright","licence":"ODbL 1.0","retrieved_on":"2026-09-03","vulnerability_function_id":null,"vulnerability_class":"Not assigned","osm_tags":{"building":"yes","roof:material":"roof_tiles","roof:shape":"hipped"}},"geometry":{"type":"Polygon","coordinates":[[[39.192593,38.667797],[39.19265,38.667678],[39.192813,38.667726],[39.192756,38.667845],[39.192593,38.667797]]]}},{"type":"Feature","id":"way/574669951","properties":{"osm_id":"way/574669951","osm_type":"way","building":"yes","name":null,"levels":null,"source":"OpenStreetMap","source_url":"https://www.openstreetmap.org/copyright","licence":"ODbL 1.0","retrieved_on":"2026-09-03","vulnerability_function_id":null,"vulnerability_class":"Not assigned","osm_tags":{"building":"yes","roof:material":"roof_tiles","roof:shape":"hipped"}},"geometry":{"type":"Polygon","coordinates":[[[39.192654,38.667651],[39.192711,38.667532],[39.192874,38.66758],[39.192817,38.667699],[39.192654,38.667651]]]}},{"type":"Feature","id":"way/574669953","properties":{"osm_id":"way/574669953","osm_type":"way","building":"yes","name":null,"levels":null,"source":"OpenStreetMap","source_url":"https://www.openstreetmap.org/copyright","licence":"ODbL 1.0","retrieved_on":"2026-09-03","vulnerability_function_id":null,"vulnerability_class":"Not assigned","osm_tags":{"building":"yes","roof:material":"roof_tiles","roof:shape":"hipped"}},"geometry":{"type":"Polygon","coordinates":[[[39.192721,38.667507],[39.192779,38.667388],[39.192942,38.667436],[39.192884,38.667555],[39.192721,38.667507]]]}},{"type":"Feature","id":"way/574669956","properties":{"osm_id":"way/574669956","osm_type":"way","building":"yes","name":null,"levels":null,"source":"OpenStreetMap","source_url":"https://www.openstreetmap.org/copyright","licence":"ODbL 1.0","retrieved_on":"2026-09-03","vulnerability_function_id":null,"vulnerability_class":"Not assigned","osm_tags":{"building":"yes","roof:material":"roof_tiles","roof:shape":"hipped"}},"geometry":{"type":"Polygon","coordinates":[[[39.192796,38.667348],[39.192854,38.667229],[39.193017,38.667277],[39.192959,38.667396],[39.192796,38.667348]]]}},{"type":"Feature","id":"way/574669958","properties":{"osm_id":"way/574669958","osm_type":"way","building":"yes","name":null,"levels":null,"source":"OpenStreetMap","source_url":"https://www.openstreetmap.org/copyright","licence":"ODbL 1.0","retrieved_on":"2026-09-03","vulnerability_function_id":null,"vulnerability_class":"Not assigned","osm_tags":{"building":"yes","roof:material":"roof_tiles","roof:shape":"hipped"}},"geometry":{"type":"Polygon","coordinates":[[[39.192852,38.667189],[39.19291,38.667071],[39.193073,38.667119],[39.193015,38.667237],[39.192852,38.667189]]]}},{"type":"Feature","id":"way/574669959","properties":{"osm_id":"way/574669959","osm_type":"way","building":"yes","name":null,"levels":null,"source":"OpenStreetMap","source_url":"https://www.openstreetmap.org/copyright","licence":"ODbL 1.0","retrieved_on":"2026-09-03","vulnerability_function_id":null,"vulnerability_class":"Not assigned","osm_tags":{"building":"yes","roof:material":"roof_tiles","roof:shape":"hipped"}},"geometry":{"type":"Polygon","coordinates":[[[39.192964,38.666921],[39.193022,38.666803],[39.193185,38.666851],[39.193127,38.66697],[39.192964,38.666921]]]}},{"type":"Feature","id":"way/574669960","properties":{"osm_id":"way/574669960","osm_type":"way","building":"yes","name":null,"levels":null,"source":"OpenStreetMap","source_url":"https://www.openstreetmap.org/copyright","licence":"ODbL 1.0","retrieved_on":"2026-09-03","vulnerability_function_id":null,"vulnerability_class":"Not assigned","osm_tags":{"building":"yes","roof:material":"roof_tiles","roof:shape":"hipped"}},"geometry":{"type":"Polygon","coordinates":[[[39.192766,38.666859],[39.192823,38.666741],[39.192986,38.666789],[39.192929,38.666908],[39.192766,38.666859]]]}},{"type":"Feature","id":"way/574669961","properties":{"osm_id":"way/574669961","osm_type":"way","building":"yes","name":null,"levels":null,"source":"OpenStreetMap","source_url":"https://www.openstreetmap.org/copyright","licence":"ODbL 1.0","retrieved_on":"2026-09-03","vulnerability_function_id":null,"vulnerability_class":"Not assigned","osm_tags":{"building":"yes"}},"geometry":{"type":"Polygon","coordinates":[[[39.191954,38.667065],[39.192006,38.666953],[39.192376,38.667057],[39.192325,38.667168],[39.191954,38.667065]]]}},{"type":"Feature","id":"way/574669962","properties":{"osm_id":"way/574669962","osm_type":"way","building":"yes","name":null,"levels":null,"source":"OpenStreetMap","source_url":"https://www.openstreetmap.org/copyright","licence":"ODbL 1.0","retrieved_on":"2026-09-03","vulnerability_function_id":null,"vulnerability_class":"Not assigned","osm_tags":{"building":"yes"}},"geometry":{"type":"Polygon","coordinates":[[[39.191885,38.667213],[39.191937,38.667101],[39.192307,38.667205],[39.192256,38.667317],[39.191885,38.667213]]]}},{"type":"Feature","id":"way/574669963","properties":{"osm_id":"way/574669963","osm_type":"way","building":"yes","name":null,"levels":null,"source":"OpenStreetMap","source_url":"https://www.openstreetmap.org/copyright","licence":"ODbL 1.0","retrieved_on":"2026-09-03","vulnerability_function_id":null,"vulnerability_class":"Not assigned","osm_tags":{"building":"yes"}},"geometry":{"type":"Polygon","coordinates":[[[39.191813,38.667371],[39.191864,38.66726],[39.192235,38.667364],[39.192183,38.667475],[39.191813,38.667371]]]}},{"type":"Feature","id":"way/574669964","properties":{"osm_id":"way/574669964","osm_type":"way","building":"yes","name":null,"levels":null,"source":"OpenStreetMap","source_url":"https://www.openstreetmap.org/copyright","licence":"ODbL 1.0","retrieved_on":"2026-09-03","vulnerability_function_id":null,"vulnerability_class":"Not assigned","osm_tags":{"building":"yes"}},"geometry":{"type":"Polygon","coordinates":[[[39.191738,38.667526],[39.191789,38.667414],[39.19216,38.667518],[39.192109,38.66763],[39.191738,38.667526]]]}},{"type":"Feature","id":"way/574669965","properties":{"osm_id":"way/574669965","osm_type":"way","building":"yes","name":null,"levels":null,"source":"OpenStreetMap","source_url":"https://www.openstreetmap.org/copyright","licence":"ODbL 1.0","retrieved_on":"2026-09-03","vulnerability_function_id":null,"vulnerability_class":"Not assigned","osm_tags":{"building":"yes"}},"geometry":{"type":"Polygon","coordinates":[[[39.191642,38.667667],[39.191694,38.667555],[39.192064,38.667659],[39.192013,38.667771],[39.191642,38.667667]]]}},{"type":"Feature","id":"way/574669967","properties":{"osm_id":"way/574669967","osm_type":"way","building":"yes","name":null,"levels":null,"source":"OpenStreetMap","source_url":"https://www.openstreetmap.org/copyright","licence":"ODbL 1.0","retrieved_on":"2026-09-03","vulnerability_function_id":null,"vulnerability_class":"Not assigned","osm_tags":{"building":"yes"}},"geometry":{"type":"Polygon","coordinates":[[[39.190069,38.666953],[39.190163,38.666773],[39.190347,38.666831],[39.190253,38.667011],[39.190069,38.666953]]]}},{"type":"Feature","id":"way/574669968","properties":{"osm_id":"way/574669968","osm_type":"way","building":"yes","name":null,"levels":null,"source":"OpenStreetMap","source_url":"https://www.openstreetmap.org/copyright","licence":"ODbL 1.0","retrieved_on":"2026-09-03","vulnerability_function_id":null,"vulnerability_class":"Not assigned","osm_tags":{"building":"yes"}},"geometry":{"type":"Polygon","coordinates":[[[39.190367,38.667052],[39.190461,38.666872],[39.190645,38.66693],[39.190551,38.66711],[39.190367,38.667052]]]}},{"type":"Feature","id":"way/574669969","properties":{"osm_id":"way/574669969","osm_type":"way","building":"yes","name":null,"levels":null,"source":"OpenStreetMap","source_url":"https://www.openstreetmap.org/copyright","licence":"ODbL 1.0","retrieved_on":"2026-09-03","vulnerability_function_id":null,"vulnerability_class":"Not assigned","osm_tags":{"building":"yes"}},"geometry":{"type":"Polygon","coordinates":[[[39.190553,38.666745],[39.190648,38.666565],[39.190832,38.666624],[39.190737,38.666804],[39.190553,38.666745]]]}},{"type":"Feature","id":"way/574669970","properties":{"osm_id":"way/574669970","osm_type":"way","building":"yes","name":null,"levels":null,"source":"OpenStreetMap","source_url":"https://www.openstreetmap.org/copyright","licence":"ODbL 1.0","retrieved_on":"2026-09-03","vulnerability_function_id":null,"vulnerability_class":"Not assigned","osm_tags":{"building":"yes"}},"geometry":{"type":"Polygon","coordinates":[[[39.190222,38.666658],[39.190316,38.666478],[39.1905,38.666536],[39.190406,38.666717],[39.190222,38.666658]]]}},{"type":"Feature","id":"way/574669972","properties":{"osm_id":"way/574669972","osm_type":"way","building":"yes","name":null,"levels":null,"source":"OpenStreetMap","source_url":"https://www.openstreetmap.org/copyright","licence":"ODbL 1.0","retrieved_on":"2026-09-03","vulnerability_function_id":null,"vulnerability_class":"Not assigned","osm_tags":{"building":"yes"}},"geometry":{"type":"Polygon","coordinates":[[[39.190632,38.667143],[39.190775,38.666878],[39.190899,38.666919],[39.190756,38.667184],[39.190632,38.667143]]]}},{"type":"Feature","id":"way/574669973","properties":{"osm_id":"way/574669973","osm_type":"way","building":"yes","name":null,"levels":null,"source":"OpenStreetMap","source_url":"https://www.openstreetmap.org/copyright","licence":"ODbL 1.0","retrieved_on":"2026-09-03","vulnerability_function_id":null,"vulnerability_class":"Not assigned","osm_tags":{"building":"yes"}},"geometry":{"type":"Polygon","coordinates":[[[39.190965,38.666976],[39.191107,38.6667],[39.191233,38.66674],[39.191091,38.667015],[39.190965,38.666976]]]}},{"type":"Feature","id":"way/574669974","properties":{"osm_id":"way/574669974","osm_type":"way","building":"yes","name":null,"levels":null,"source":"OpenStreetMap","source_url":"https://www.openstreetmap.org/copyright","licence":"ODbL 1.0","retrieved_on":"2026-09-03","vulnerability_function_id":null,"vulnerability_class":"Not assigned","osm_tags":{"building":"yes"}},"geometry":{"type":"Polygon","coordinates":[[[39.190835,38.666784],[39.190896,38.666661],[39.191042,38.666705],[39.190982,38.666828],[39.190835,38.666784]]]}},{"type":"Feature","id":"way/574669975","properties":{"osm_id":"way/574669975","osm_type":"way","building":"yes","name":null,"levels":null,"source":"OpenStreetMap","source_url":"https://www.openstreetmap.org/copyright","licence":"ODbL 1.0","retrieved_on":"2026-09-03","vulnerability_function_id":null,"vulnerability_class":"Not assigned","osm_tags":{"building":"yes"}},"geometry":{"type":"Polygon","coordinates":[[[39.190445,38.666293],[39.190466,38.666238],[39.19059,38.666205],[39.190732,38.666242],[39.190781,38.666336],[39.190762,38.666373],[39.190445,38.666293]]]}},{"type":"Feature","id":"way/574669977","properties":{"osm_id":"way/574669977","osm_type":"way","building":"yes","name":null,"levels":null,"source":"OpenStreetMap","source_url":"https://www.openstreetmap.org/copyright","licence":"ODbL 1.0","retrieved_on":"2026-09-03","vulnerability_function_id":null,"vulnerability_class":"Not assigned","osm_tags":{"building":"yes"}},"geometry":{"type":"Polygon","coordinates":[[[39.190398,38.66618],[39.190485,38.665943],[39.190541,38.665954],[39.190615,38.666025],[39.19058,38.666149],[39.190487,38.666187],[39.190398,38.66618]]]}},{"type":"Feature","id":"way/574669978","properties":{"osm_id":"way/574669978","osm_type":"way","building":"yes","name":null,"levels":null,"source":"OpenStreetMap","source_url":"https://www.openstreetmap.org/copyright","licence":"ODbL 1.0","retrieved_on":"2026-09-03","vulnerability_function_id":null,"vulnerability_class":"Not assigned","osm_tags":{"building":"yes"}},"geometry":{"type":"Polygon","coordinates":[[[39.190765,38.666147],[39.190812,38.666049],[39.190926,38.665997],[39.190994,38.666014],[39.190889,38.666251],[39.190816,38.66624],[39.190765,38.666147]]]}},{"type":"Feature","id":"way/574669980","properties":{"osm_id":"way/574669980","osm_type":"way","building":"yes","name":null,"levels":null,"source":"OpenStreetMap","source_url":"https://www.openstreetmap.org/copyright","licence":"ODbL 1.0","retrieved_on":"2026-09-03","vulnerability_function_id":null,"vulnerability_class":"Not assigned","osm_tags":{"building":"yes"}},"geometry":{"type":"Polygon","coordinates":[[[39.1907,38.665855],[39.190996,38.665773],[39.191012,38.665815],[39.190954,38.665904],[39.190833,38.665946],[39.190718,38.665912],[39.1907,38.665855]]]}},{"type":"Feature","id":"way/574669986","properties":{"osm_id":"way/574669986","osm_type":"way","building":"yes","name":null,"levels":null,"source":"OpenStreetMap","source_url":"https://www.openstreetmap.org/copyright","licence":"ODbL 1.0","retrieved_on":"2026-09-03","vulnerability_function_id":null,"vulnerability_class":"Not assigned","osm_tags":{"building":"yes"}},"geometry":{"type":"Polygon","coordinates":[[[39.188056,38.663949],[39.188224,38.663882],[39.188333,38.664052],[39.188165,38.664118],[39.188056,38.663949]]]}},{"type":"Feature","id":"way/574669987","properties":{"osm_id":"way/574669987","osm_type":"way","building":"yes","name":null,"levels":null,"source":"OpenStreetMap","source_url":"https://www.openstreetmap.org/copyright","licence":"ODbL 1.0","retrieved_on":"2026-09-03","vulnerability_function_id":null,"vulnerability_class":"Not assigned","osm_tags":{"building":"yes"}},"geometry":{"type":"Polygon","coordinates":[[[39.187881,38.664309],[39.188049,38.664243],[39.188158,38.664413],[39.18799,38.664479],[39.187881,38.664309]]]}},{"type":"Feature","id":"way/574669988","properties":{"osm_id":"way/574669988","osm_type":"way","building":"yes","name":null,"levels":null,"source":"OpenStreetMap","source_url":"https://www.openstreetmap.org/copyright","licence":"ODbL 1.0","retrieved_on":"2026-09-03","vulnerability_function_id":null,"vulnerability_class":"Not assigned","osm_tags":{"building":"yes"}},"geometry":{"type":"Polygon","coordinates":[[[39.188352,38.664362],[39.18852,38.664296],[39.18863,38.664465],[39.188462,38.664532],[39.188352,38.664362]]]}},{"type":"Feature","id":"way/574669989","properties":{"osm_id":"way/574669989","osm_type":"way","building":"yes","name":null,"levels":null,"source":"OpenStreetMap","source_url":"https://www.openstreetmap.org/copyright","licence":"ODbL 1.0","retrieved_on":"2026-09-03","vulnerability_function_id":null,"vulnerability_class":"Not assigned","osm_tags":{"building":"yes"}},"geometry":{"type":"Polygon","coordinates":[[[39.18796,38.664029],[39.188044,38.664161],[39.187826,38.664245],[39.187743,38.664114],[39.18796,38.664029]]]}},{"type":"Feature","id":"way/574669990","properties":{"osm_id":"way/574669990","osm_type":"way","building":"yes","name":null,"levels":null,"source":"OpenStreetMap","source_url":"https://www.openstreetmap.org/copyright","licence":"ODbL 1.0","retrieved_on":"2026-09-03","vulnerability_function_id":null,"vulnerability_class":"Not assigned","osm_tags":{"building":"yes"}},"geometry":{"type":"Polygon","coordinates":[[[39.188293,38.664462],[39.188377,38.664594],[39.188159,38.664678],[39.188075,38.664547],[39.188293,38.664462]]]}},{"type":"Feature","id":"way/574669993","properties":{"osm_id":"way/574669993","osm_type":"way","building":"yes","name":null,"levels":null,"source":"OpenStreetMap","source_url":"https://www.openstreetmap.org/copyright","licence":"ODbL 1.0","retrieved_on":"2026-09-03","vulnerability_function_id":null,"vulnerability_class":"Not assigned","osm_tags":{"building":"yes"}},"geometry":{"type":"Polygon","coordinates":[[[39.187046,38.66482],[39.187279,38.664723],[39.187369,38.664855],[39.187137,38.664952],[39.187046,38.66482]]]}},{"type":"Feature","id":"way/574669994","properties":{"osm_id":"way/574669994","osm_type":"way","building":"yes","name":null,"levels":null,"source":"OpenStreetMap","source_url":"https://www.openstreetmap.org/copyright","licence":"ODbL 1.0","retrieved_on":"2026-09-03","vulnerability_function_id":null,"vulnerability_class":"Not assigned","osm_tags":{"building":"yes"}},"geometry":{"type":"Polygon","coordinates":[[[39.187341,38.665214],[39.187573,38.665117],[39.187663,38.66525],[39.187431,38.665346],[39.187341,38.665214]]]}},{"type":"Feature","id":"way/574669996","properties":{"osm_id":"way/574669996","osm_type":"way","building":"yes","name":null,"levels":null,"source":"OpenStreetMap","source_url":"https://www.openstreetmap.org/copyright","licence":"ODbL 1.0","retrieved_on":"2026-09-03","vulnerability_function_id":null,"vulnerability_class":"Not assigned","osm_tags":{"building":"yes"}},"geometry":{"type":"Polygon","coordinates":[[[39.18718,38.665234],[39.187066,38.665056],[39.187245,38.664985],[39.18736,38.665164],[39.18718,38.665234]]]}},{"type":"Feature","id":"way/574670013","properties":{"osm_id":"way/574670013","osm_type":"way","building":"yes","name":null,"levels":null,"source":"OpenStreetMap","source_url":"https://www.openstreetmap.org/copyright","licence":"ODbL 1.0","retrieved_on":"2026-09-03","vulnerability_function_id":null,"vulnerability_class":"Not assigned","osm_tags":{"building":"yes"}},"geometry":{"type":"Polygon","coordinates":[[[39.186,38.665301],[39.18633,38.66519],[39.1864,38.665316],[39.186064,38.665423],[39.186,38.665301]]]}},{"type":"Feature","id":"way/574813895","properties":{"osm_id":"way/574813895","osm_type":"way","building":"apartments","name":null,"levels":"8","source":"OpenStreetMap","source_url":"https://www.openstreetmap.org/copyright","licence":"ODbL 1.0","retrieved_on":"2026-09-03","vulnerability_function_id":null,"vulnerability_class":"Not assigned","osm_tags":{"building":"apartments","building:levels":"8"}},"geometry":{"type":"Polygon","coordinates":[[[39.196582,38.667683],[39.196546,38.667461],[39.196748,38.667441],[39.196785,38.667662],[39.196582,38.667683]]]}},{"type":"Feature","id":"way/574813896","properties":{"osm_id":"way/574813896","osm_type":"way","building":"apartments","name":null,"levels":null,"source":"OpenStreetMap","source_url":"https://www.openstreetmap.org/copyright","licence":"ODbL 1.0","retrieved_on":"2026-09-03","vulnerability_function_id":null,"vulnerability_class":"Not assigned","osm_tags":{"building":"apartments"}},"geometry":{"type":"Polygon","coordinates":[[[39.196931,38.667644],[39.196894,38.667423],[39.197097,38.667403],[39.197133,38.667624],[39.196931,38.667644]]]}},{"type":"Feature","id":"way/574813897","properties":{"osm_id":"way/574813897","osm_type":"way","building":"apartments","name":null,"levels":null,"source":"OpenStreetMap","source_url":"https://www.openstreetmap.org/copyright","licence":"ODbL 1.0","retrieved_on":"2026-09-03","vulnerability_function_id":null,"vulnerability_class":"Not assigned","osm_tags":{"building":"apartments"}},"geometry":{"type":"Polygon","coordinates":[[[39.19726,38.6676],[39.197224,38.667378],[39.197426,38.667358],[39.197463,38.66758],[39.19726,38.6676]]]}},{"type":"Feature","id":"way/574818160","properties":{"osm_id":"way/574818160","osm_type":"way","building":"university","name":"Eğitim Fakültesi A Blok","levels":null,"source":"OpenStreetMap","source_url":"https://www.openstreetmap.org/copyright","licence":"ODbL 1.0","retrieved_on":"2026-09-03","vulnerability_function_id":null,"vulnerability_class":"Not assigned","osm_tags":{"building":"university","name":"Eğitim Fakültesi A Blok","operator":"Fırat Üniversitesi"}},"geometry":{"type":"Polygon","coordinates":[[[39.194476,38.680362],[39.194474,38.680301],[39.194443,38.680301],[39.194442,38.680256],[39.194476,38.680255],[39.194469,38.680023],[39.194884,38.680016],[39.194886,38.680061],[39.195345,38.680052],[39.195353,38.680309],[39.194842,38.680319],[39.194843,38.680355],[39.194476,38.680362]]]}},{"type":"Feature","id":"way/574818161","properties":{"osm_id":"way/574818161","osm_type":"way","building":"university","name":null,"levels":null,"source":"OpenStreetMap","source_url":"https://www.openstreetmap.org/copyright","licence":"ODbL 1.0","retrieved_on":"2026-09-03","vulnerability_function_id":null,"vulnerability_class":"Not assigned","osm_tags":{"building":"university"}},"geometry":{"type":"Polygon","coordinates":[[[39.195129,38.681057],[39.195124,38.680911],[39.195185,38.680913],[39.195183,38.680862],[39.195631,38.680865],[39.195633,38.680843],[39.19568,38.680843],[39.195678,38.680911],[39.196114,38.680891],[39.196106,38.680738],[39.196303,38.680732],[39.196307,38.681004],[39.196334,38.681005],[39.196337,38.681064],[39.196204,38.681073],[39.195985,38.681075],[39.195543,38.681097],[39.195547,38.681035],[39.195129,38.681057]]]}},{"type":"Feature","id":"way/574818162","properties":{"osm_id":"way/574818162","osm_type":"way","building":"university","name":null,"levels":null,"source":"OpenStreetMap","source_url":"https://www.openstreetmap.org/copyright","licence":"ODbL 1.0","retrieved_on":"2026-09-03","vulnerability_function_id":null,"vulnerability_class":"Not assigned","osm_tags":{"building":"university"}},"geometry":{"type":"Polygon","coordinates":[[[39.194209,38.681398],[39.194197,38.681136],[39.194802,38.681118],[39.194815,38.68138],[39.194209,38.681398]]]}},{"type":"Feature","id":"way/574818163","properties":{"osm_id":"way/574818163","osm_type":"way","building":"mosque","name":null,"levels":null,"source":"OpenStreetMap","source_url":"https://www.openstreetmap.org/copyright","licence":"ODbL 1.0","retrieved_on":"2026-09-03","vulnerability_function_id":null,"vulnerability_class":"Not assigned","osm_tags":{"amenity":"place_of_worship","building":"mosque","religion":"muslim"}},"geometry":{"type":"Polygon","coordinates":[[[39.225764,38.676237],[39.225783,38.675956],[39.226007,38.675964],[39.225989,38.676246],[39.225764,38.676237]]]}},{"type":"Feature","id":"way/627563227","properties":{"osm_id":"way/627563227","osm_type":"way","building":"yes","name":null,"levels":null,"source":"OpenStreetMap","source_url":"https://www.openstreetmap.org/copyright","licence":"ODbL 1.0","retrieved_on":"2026-09-03","vulnerability_function_id":null,"vulnerability_class":"Not assigned","osm_tags":{"building":"yes"}},"geometry":{"type":"Polygon","coordinates":[[[39.192538,38.681914],[39.192531,38.681672],[39.192702,38.681669],[39.1927,38.681605],[39.193157,38.681598],[39.193156,38.681565],[39.193375,38.681562],[39.193375,38.681585],[39.193638,38.681581],[39.193639,38.681605],[39.193669,38.681604],[39.193672,38.681704],[39.193643,38.681704],[39.193644,38.681741],[39.193483,38.681743],[39.193484,38.681769],[39.193395,38.68177],[39.193397,38.681839],[39.193305,38.681841],[39.193303,38.681785],[39.192783,38.681794],[39.192784,38.681832],[39.192703,38.681834],[39.192705,38.681911],[39.192538,38.681914]]]}},{"type":"Feature","id":"way/627563229","properties":{"osm_id":"way/627563229","osm_type":"way","building":"university","name":null,"levels":null,"source":"OpenStreetMap","source_url":"https://www.openstreetmap.org/copyright","licence":"ODbL 1.0","retrieved_on":"2026-09-03","vulnerability_function_id":null,"vulnerability_class":"Not assigned","osm_tags":{"building":"university"}},"geometry":{"type":"Polygon","coordinates":[[[39.19397,38.681619],[39.194266,38.681607],[39.194285,38.681903],[39.194314,38.681902],[39.194321,38.681996],[39.193964,38.68201],[39.19396,38.681952],[39.193992,38.681951],[39.19397,38.681619]]]}},{"type":"Feature","id":"way/627563231","properties":{"osm_id":"way/627563231","osm_type":"way","building":"yes","name":null,"levels":null,"source":"OpenStreetMap","source_url":"https://www.openstreetmap.org/copyright","licence":"ODbL 1.0","retrieved_on":"2026-09-03","vulnerability_function_id":null,"vulnerability_class":"Not assigned","osm_tags":{"building":"yes","leisure":"fitness_centre"}},"geometry":{"type":"Polygon","coordinates":[[[39.193034,38.683347],[39.193018,38.682595],[39.194091,38.682576],[39.194144,38.683331],[39.194005,38.683442],[39.19375,38.68345],[39.193188,38.683467],[39.193034,38.683347]]]}},{"type":"Feature","id":"way/664698772","properties":{"osm_id":"way/664698772","osm_type":"way","building":"yes","name":null,"levels":null,"source":"OpenStreetMap","source_url":"https://www.openstreetmap.org/copyright","licence":"ODbL 1.0","retrieved_on":"2026-09-03","vulnerability_function_id":null,"vulnerability_class":"Not assigned","osm_tags":{"building":"yes","historic":"building"}},"geometry":{"type":"Polygon","coordinates":[[[39.22255,38.66507],[39.221574,38.665015],[39.221568,38.665079],[39.222544,38.665134],[39.22255,38.66507]]]}},{"type":"Feature","id":"way/664698774","properties":{"osm_id":"way/664698774","osm_type":"way","building":"train_station","name":"Elazığ Garı","levels":null,"source":"OpenStreetMap","source_url":"https://www.openstreetmap.org/copyright","licence":"ODbL 1.0","retrieved_on":"2026-09-03","vulnerability_function_id":null,"vulnerability_class":"Not assigned","osm_tags":{"building":"train_station","name":"Elazığ Garı"}},"geometry":{"type":"Polygon","coordinates":[[[39.222575,38.665052],[39.222566,38.665153],[39.222974,38.665176],[39.222983,38.665075],[39.222575,38.665052]]]}},{"type":"Feature","id":"way/664698818","properties":{"osm_id":"way/664698818","osm_type":"way","building":"yes","name":null,"levels":null,"source":"OpenStreetMap","source_url":"https://www.openstreetmap.org/copyright","licence":"ODbL 1.0","retrieved_on":"2026-09-03","vulnerability_function_id":null,"vulnerability_class":"Not assigned","osm_tags":{"building":"yes","layer":"1"}},"geometry":{"type":"Polygon","coordinates":[[[39.227865,38.665433],[39.22752,38.665421],[39.227518,38.66546],[39.227516,38.665505],[39.227509,38.665615],[39.227854,38.665627],[39.227865,38.665433]]]}},{"type":"Feature","id":"way/664698820","properties":{"osm_id":"way/664698820","osm_type":"way","building":"yes","name":null,"levels":null,"source":"OpenStreetMap","source_url":"https://www.openstreetmap.org/copyright","licence":"ODbL 1.0","retrieved_on":"2026-09-03","vulnerability_function_id":null,"vulnerability_class":"Not assigned","osm_tags":{"building":"yes","layer":"1"}},"geometry":{"type":"Polygon","coordinates":[[[39.227889,38.665247],[39.2275,38.665233],[39.227499,38.665256],[39.227496,38.665302],[39.227494,38.665338],[39.22749,38.665407],[39.227879,38.665421],[39.227888,38.665272],[39.227889,38.665247]]]}},{"type":"Feature","id":"way/686024737","properties":{"osm_id":"way/686024737","osm_type":"way","building":"yes","name":null,"levels":null,"source":"OpenStreetMap","source_url":"https://www.openstreetmap.org/copyright","licence":"ODbL 1.0","retrieved_on":"2026-09-03","vulnerability_function_id":null,"vulnerability_class":"Not assigned","osm_tags":{"building":"yes"}},"geometry":{"type":"Polygon","coordinates":[[[39.183205,38.668384],[39.183076,38.668178],[39.183404,38.668053],[39.183532,38.668259],[39.183205,38.668384]]]}},{"type":"Feature","id":"way/700692448","properties":{"osm_id":"way/700692448","osm_type":"way","building":"yes","name":null,"levels":null,"source":"OpenStreetMap","source_url":"https://www.openstreetmap.org/copyright","licence":"ODbL 1.0","retrieved_on":"2026-09-03","vulnerability_function_id":null,"vulnerability_class":"Not assigned","osm_tags":{"building":"yes"}},"geometry":{"type":"Polygon","coordinates":[[[39.179895,38.666222],[39.180137,38.666014],[39.180275,38.666113],[39.180033,38.66632],[39.179895,38.666222]]]}},{"type":"Feature","id":"way/700692455","properties":{"osm_id":"way/700692455","osm_type":"way","building":"yes","name":null,"levels":null,"source":"OpenStreetMap","source_url":"https://www.openstreetmap.org/copyright","licence":"ODbL 1.0","retrieved_on":"2026-09-03","vulnerability_function_id":null,"vulnerability_class":"Not assigned","osm_tags":{"building":"yes"}},"geometry":{"type":"Polygon","coordinates":[[[39.1804,38.670504],[39.180331,38.670348],[39.180567,38.670284],[39.180636,38.670441],[39.1804,38.670504]]]}},{"type":"Feature","id":"way/700702850","properties":{"osm_id":"way/700702850","osm_type":"way","building":"yes","name":null,"levels":null,"source":"OpenStreetMap","source_url":"https://www.openstreetmap.org/copyright","licence":"ODbL 1.0","retrieved_on":"2026-09-03","vulnerability_function_id":null,"vulnerability_class":"Not assigned","osm_tags":{"building":"yes"}},"geometry":{"type":"Polygon","coordinates":[[[39.181027,38.666983],[39.181131,38.666839],[39.181559,38.667027],[39.181454,38.667171],[39.181027,38.666983]]]}},{"type":"Feature","id":"way/700702851","properties":{"osm_id":"way/700702851","osm_type":"way","building":"yes","name":null,"levels":null,"source":"OpenStreetMap","source_url":"https://www.openstreetmap.org/copyright","licence":"ODbL 1.0","retrieved_on":"2026-09-03","vulnerability_function_id":null,"vulnerability_class":"Not assigned","osm_tags":{"building":"yes"}},"geometry":{"type":"Polygon","coordinates":[[[39.181415,38.666898],[39.181534,38.666726],[39.181718,38.666803],[39.1816,38.666975],[39.181415,38.666898]]]}},{"type":"Feature","id":"way/700702854","properties":{"osm_id":"way/700702854","osm_type":"way","building":"yes","name":null,"levels":null,"source":"OpenStreetMap","source_url":"https://www.openstreetmap.org/copyright","licence":"ODbL 1.0","retrieved_on":"2026-09-03","vulnerability_function_id":null,"vulnerability_class":"Not assigned","osm_tags":{"building":"yes"}},"geometry":{"type":"Polygon","coordinates":[[[39.181697,38.666539],[39.181644,38.666424],[39.182004,38.666323],[39.182057,38.666438],[39.181697,38.666539]]]}},{"type":"Feature","id":"way/700702855","properties":{"osm_id":"way/700702855","osm_type":"way","building":"yes","name":null,"levels":null,"source":"OpenStreetMap","source_url":"https://www.openstreetmap.org/copyright","licence":"ODbL 1.0","retrieved_on":"2026-09-03","vulnerability_function_id":null,"vulnerability_class":"Not assigned","osm_tags":{"building":"yes"}},"geometry":{"type":"Polygon","coordinates":[[[39.18158,38.66613],[39.181749,38.66604],[39.181894,38.666207],[39.181725,38.666296],[39.18158,38.66613]]]}},{"type":"Feature","id":"way/700702856","properties":{"osm_id":"way/700702856","osm_type":"way","building":"yes","name":null,"levels":null,"source":"OpenStreetMap","source_url":"https://www.openstreetmap.org/copyright","licence":"ODbL 1.0","retrieved_on":"2026-09-03","vulnerability_function_id":null,"vulnerability_class":"Not assigned","osm_tags":{"building":"yes"}},"geometry":{"type":"Polygon","coordinates":[[[39.18125,38.666312],[39.181458,38.666207],[39.18155,38.666318],[39.181342,38.666423],[39.18125,38.666312]]]}},{"type":"Feature","id":"way/700702858","properties":{"osm_id":"way/700702858","osm_type":"way","building":"yes","name":null,"levels":null,"source":"OpenStreetMap","source_url":"https://www.openstreetmap.org/copyright","licence":"ODbL 1.0","retrieved_on":"2026-09-03","vulnerability_function_id":null,"vulnerability_class":"Not assigned","osm_tags":{"building":"yes"}},"geometry":{"type":"Polygon","coordinates":[[[39.180626,38.667098],[39.180732,38.666949],[39.181292,38.667191],[39.181187,38.66734],[39.180626,38.667098]]]}},{"type":"Feature","id":"way/700702860","properties":{"osm_id":"way/700702860","osm_type":"way","building":"yes","name":null,"levels":null,"source":"OpenStreetMap","source_url":"https://www.openstreetmap.org/copyright","licence":"ODbL 1.0","retrieved_on":"2026-09-03","vulnerability_function_id":null,"vulnerability_class":"Not assigned","osm_tags":{"building":"yes"}},"geometry":{"type":"Polygon","coordinates":[[[39.182743,38.667034],[39.182707,38.666882],[39.18292,38.666851],[39.182956,38.667002],[39.182743,38.667034]]]}},{"type":"Feature","id":"way/700702861","properties":{"osm_id":"way/700702861","osm_type":"way","building":"yes","name":null,"levels":null,"source":"OpenStreetMap","source_url":"https://www.openstreetmap.org/copyright","licence":"ODbL 1.0","retrieved_on":"2026-09-03","vulnerability_function_id":null,"vulnerability_class":"Not assigned","osm_tags":{"building":"yes"}},"geometry":{"type":"Polygon","coordinates":[[[39.183945,38.665642],[39.184062,38.665481],[39.184207,38.665546],[39.18409,38.665706],[39.183945,38.665642]]]}},{"type":"Feature","id":"way/700702862","properties":{"osm_id":"way/700702862","osm_type":"way","building":"yes","name":null,"levels":null,"source":"OpenStreetMap","source_url":"https://www.openstreetmap.org/copyright","licence":"ODbL 1.0","retrieved_on":"2026-09-03","vulnerability_function_id":null,"vulnerability_class":"Not assigned","osm_tags":{"building":"yes"}},"geometry":{"type":"Polygon","coordinates":[[[39.180263,38.665878],[39.180526,38.665686],[39.180644,38.665784],[39.180381,38.665976],[39.180263,38.665878]]]}},{"type":"Feature","id":"way/700707058","properties":{"osm_id":"way/700707058","osm_type":"way","building":"yes","name":null,"levels":null,"source":"OpenStreetMap","source_url":"https://www.openstreetmap.org/copyright","licence":"ODbL 1.0","retrieved_on":"2026-09-03","vulnerability_function_id":null,"vulnerability_class":"Not assigned","osm_tags":{"building":"yes"}},"geometry":{"type":"Polygon","coordinates":[[[39.180692,38.665569],[39.180828,38.665504],[39.181034,38.665733],[39.18092,38.665796],[39.180871,38.665796],[39.180683,38.665598],[39.180692,38.665569]]]}},{"type":"Feature","id":"way/700707059","properties":{"osm_id":"way/700707059","osm_type":"way","building":"yes","name":null,"levels":null,"source":"OpenStreetMap","source_url":"https://www.openstreetmap.org/copyright","licence":"ODbL 1.0","retrieved_on":"2026-09-03","vulnerability_function_id":null,"vulnerability_class":"Not assigned","osm_tags":{"building":"yes"}},"geometry":{"type":"Polygon","coordinates":[[[39.182947,38.667963],[39.183098,38.667621],[39.183148,38.667626],[39.183185,38.667749],[39.183135,38.667953],[39.182947,38.667963]]]}},{"type":"Feature","id":"way/700707060","properties":{"osm_id":"way/700707060","osm_type":"way","building":"yes","name":null,"levels":null,"source":"OpenStreetMap","source_url":"https://www.openstreetmap.org/copyright","licence":"ODbL 1.0","retrieved_on":"2026-09-03","vulnerability_function_id":null,"vulnerability_class":"Not assigned","osm_tags":{"building":"yes"}},"geometry":{"type":"Polygon","coordinates":[[[39.184853,38.668656],[39.185029,38.668439],[39.185258,38.668552],[39.185082,38.66877],[39.184853,38.668656]]]}},{"type":"Feature","id":"way/700707061","properties":{"osm_id":"way/700707061","osm_type":"way","building":"yes","name":null,"levels":null,"source":"OpenStreetMap","source_url":"https://www.openstreetmap.org/copyright","licence":"ODbL 1.0","retrieved_on":"2026-09-03","vulnerability_function_id":null,"vulnerability_class":"Not assigned","osm_tags":{"building":"yes"}},"geometry":{"type":"Polygon","coordinates":[[[39.185315,38.668598],[39.185435,38.668663],[39.185274,38.668844],[39.185153,38.668779],[39.185315,38.668598]]]}},{"type":"Feature","id":"way/700707062","properties":{"osm_id":"way/700707062","osm_type":"way","building":"yes","name":null,"levels":null,"source":"OpenStreetMap","source_url":"https://www.openstreetmap.org/copyright","licence":"ODbL 1.0","retrieved_on":"2026-09-03","vulnerability_function_id":null,"vulnerability_class":"Not assigned","osm_tags":{"building":"yes"}},"geometry":{"type":"Polygon","coordinates":[[[39.1859,38.66869],[39.186012,38.668548],[39.186389,38.66873],[39.186276,38.668872],[39.1859,38.66869]]]}},{"type":"Feature","id":"way/700707064","properties":{"osm_id":"way/700707064","osm_type":"way","building":"yes","name":null,"levels":null,"source":"OpenStreetMap","source_url":"https://www.openstreetmap.org/copyright","licence":"ODbL 1.0","retrieved_on":"2026-09-03","vulnerability_function_id":null,"vulnerability_class":"Not assigned","osm_tags":{"building":"yes"}},"geometry":{"type":"Polygon","coordinates":[[[39.186751,38.668746],[39.186893,38.668548],[39.187093,38.668635],[39.186952,38.668833],[39.186751,38.668746]]]}},{"type":"Feature","id":"way/700707065","properties":{"osm_id":"way/700707065","osm_type":"way","building":"yes","name":null,"levels":null,"source":"OpenStreetMap","source_url":"https://www.openstreetmap.org/copyright","licence":"ODbL 1.0","retrieved_on":"2026-09-03","vulnerability_function_id":null,"vulnerability_class":"Not assigned","osm_tags":{"building":"yes"}},"geometry":{"type":"Polygon","coordinates":[[[39.18703,38.668869],[39.187171,38.668671],[39.187372,38.668758],[39.187231,38.668956],[39.18703,38.668869]]]}},{"type":"Feature","id":"way/700707066","properties":{"osm_id":"way/700707066","osm_type":"way","building":"yes","name":null,"levels":null,"source":"OpenStreetMap","source_url":"https://www.openstreetmap.org/copyright","licence":"ODbL 1.0","retrieved_on":"2026-09-03","vulnerability_function_id":null,"vulnerability_class":"Not assigned","osm_tags":{"building":"yes"}},"geometry":{"type":"Polygon","coordinates":[[[39.186839,38.669145],[39.186981,38.668947],[39.187182,38.669035],[39.18704,38.669233],[39.186839,38.669145]]]}},{"type":"Feature","id":"way/700707067","properties":{"osm_id":"way/700707067","osm_type":"way","building":"yes","name":null,"levels":null,"source":"OpenStreetMap","source_url":"https://www.openstreetmap.org/copyright","licence":"ODbL 1.0","retrieved_on":"2026-09-03","vulnerability_function_id":null,"vulnerability_class":"Not assigned","osm_tags":{"building":"yes"}},"geometry":{"type":"Polygon","coordinates":[[[39.186558,38.669013],[39.186699,38.668815],[39.1869,38.668903],[39.186759,38.669101],[39.186558,38.669013]]]}},{"type":"Feature","id":"way/700707068","properties":{"osm_id":"way/700707068","osm_type":"way","building":"yes","name":null,"levels":null,"source":"OpenStreetMap","source_url":"https://www.openstreetmap.org/copyright","licence":"ODbL 1.0","retrieved_on":"2026-09-03","vulnerability_function_id":null,"vulnerability_class":"Not assigned","osm_tags":{"building":"yes"}},"geometry":{"type":"Polygon","coordinates":[[[39.187333,38.668459],[39.187475,38.66826],[39.187675,38.668348],[39.187534,38.668546],[39.187333,38.668459]]]}},{"type":"Feature","id":"way/700707069","properties":{"osm_id":"way/700707069","osm_type":"way","building":"yes","name":null,"levels":null,"source":"OpenStreetMap","source_url":"https://www.openstreetmap.org/copyright","licence":"ODbL 1.0","retrieved_on":"2026-09-03","vulnerability_function_id":null,"vulnerability_class":"Not assigned","osm_tags":{"building":"yes"}},"geometry":{"type":"Polygon","coordinates":[[[39.187049,38.668337],[39.18719,38.668139],[39.187391,38.668226],[39.18725,38.668425],[39.187049,38.668337]]]}},{"type":"Feature","id":"way/700707070","properties":{"osm_id":"way/700707070","osm_type":"way","building":"yes","name":null,"levels":null,"source":"OpenStreetMap","source_url":"https://www.openstreetmap.org/copyright","licence":"ODbL 1.0","retrieved_on":"2026-09-03","vulnerability_function_id":null,"vulnerability_class":"Not assigned","osm_tags":{"building":"yes"}},"geometry":{"type":"Polygon","coordinates":[[[39.187438,38.667786],[39.18758,38.667601],[39.187783,38.667695],[39.187641,38.667881],[39.187438,38.667786]]]}},{"type":"Feature","id":"way/700707071","properties":{"osm_id":"way/700707071","osm_type":"way","building":"yes","name":null,"levels":null,"source":"OpenStreetMap","source_url":"https://www.openstreetmap.org/copyright","licence":"ODbL 1.0","retrieved_on":"2026-09-03","vulnerability_function_id":null,"vulnerability_class":"Not assigned","osm_tags":{"building":"yes"}},"geometry":{"type":"Polygon","coordinates":[[[39.187836,38.66996],[39.187933,38.669818],[39.18817,38.669917],[39.188073,38.670059],[39.187836,38.66996]]]}},{"type":"Feature","id":"way/700707072","properties":{"osm_id":"way/700707072","osm_type":"way","building":"yes","name":null,"levels":null,"source":"OpenStreetMap","source_url":"https://www.openstreetmap.org/copyright","licence":"ODbL 1.0","retrieved_on":"2026-09-03","vulnerability_function_id":null,"vulnerability_class":"Not assigned","osm_tags":{"building":"yes"}},"geometry":{"type":"Polygon","coordinates":[[[39.188393,38.669998],[39.188589,38.669717],[39.188718,38.669772],[39.188521,38.670053],[39.188393,38.669998]]]}},{"type":"Feature","id":"way/700707073","properties":{"osm_id":"way/700707073","osm_type":"way","building":"yes","name":null,"levels":null,"source":"OpenStreetMap","source_url":"https://www.openstreetmap.org/copyright","licence":"ODbL 1.0","retrieved_on":"2026-09-03","vulnerability_function_id":null,"vulnerability_class":"Not assigned","osm_tags":{"building":"yes"}},"geometry":{"type":"Polygon","coordinates":[[[39.18872,38.66881],[39.188951,38.668905],[39.188826,38.66909],[39.188595,38.668994],[39.18872,38.66881]]]}},{"type":"Feature","id":"way/700707074","properties":{"osm_id":"way/700707074","osm_type":"way","building":"yes","name":null,"levels":null,"source":"OpenStreetMap","source_url":"https://www.openstreetmap.org/copyright","licence":"ODbL 1.0","retrieved_on":"2026-09-03","vulnerability_function_id":null,"vulnerability_class":"Not assigned","osm_tags":{"building":"yes"}},"geometry":{"type":"Polygon","coordinates":[[[39.188169,38.668789],[39.188299,38.668613],[39.188608,38.668751],[39.188478,38.668928],[39.188169,38.668789]]]}},{"type":"Feature","id":"way/700707075","properties":{"osm_id":"way/700707075","osm_type":"way","building":"yes","name":null,"levels":null,"source":"OpenStreetMap","source_url":"https://www.openstreetmap.org/copyright","licence":"ODbL 1.0","retrieved_on":"2026-09-03","vulnerability_function_id":null,"vulnerability_class":"Not assigned","osm_tags":{"building":"yes"}},"geometry":{"type":"Polygon","coordinates":[[[39.18881,38.667908],[39.188882,38.667797],[39.189191,38.66792],[39.189124,38.668027],[39.18881,38.667908]]]}},{"type":"Feature","id":"way/700707076","properties":{"osm_id":"way/700707076","osm_type":"way","building":"yes","name":null,"levels":null,"source":"OpenStreetMap","source_url":"https://www.openstreetmap.org/copyright","licence":"ODbL 1.0","retrieved_on":"2026-09-03","vulnerability_function_id":null,"vulnerability_class":"Not assigned","osm_tags":{"building":"yes"}},"geometry":{"type":"Polygon","coordinates":[[[39.188692,38.668079],[39.188766,38.667972],[39.189081,38.668103],[39.189008,38.668211],[39.188692,38.668079]]]}},{"type":"Feature","id":"way/700707077","properties":{"osm_id":"way/700707077","osm_type":"way","building":"yes","name":null,"levels":null,"source":"OpenStreetMap","source_url":"https://www.openstreetmap.org/copyright","licence":"ODbL 1.0","retrieved_on":"2026-09-03","vulnerability_function_id":null,"vulnerability_class":"Not assigned","osm_tags":{"building":"yes"}},"geometry":{"type":"Polygon","coordinates":[[[39.188442,38.667754],[39.188507,38.667653],[39.188785,38.667761],[39.188721,38.667862],[39.188442,38.667754]]]}},{"type":"Feature","id":"way/700707078","properties":{"osm_id":"way/700707078","osm_type":"way","building":"yes","name":null,"levels":null,"source":"OpenStreetMap","source_url":"https://www.openstreetmap.org/copyright","licence":"ODbL 1.0","retrieved_on":"2026-09-03","vulnerability_function_id":null,"vulnerability_class":"Not assigned","osm_tags":{"building":"yes"}},"geometry":{"type":"Polygon","coordinates":[[[39.189708,38.667594],[39.189783,38.667436],[39.189937,38.66748],[39.189863,38.667638],[39.189708,38.667594]]]}},{"type":"Feature","id":"way/700707079","properties":{"osm_id":"way/700707079","osm_type":"way","building":"yes","name":null,"levels":null,"source":"OpenStreetMap","source_url":"https://www.openstreetmap.org/copyright","licence":"ODbL 1.0","retrieved_on":"2026-09-03","vulnerability_function_id":null,"vulnerability_class":"Not assigned","osm_tags":{"building":"yes"}},"geometry":{"type":"Polygon","coordinates":[[[39.189953,38.667546],[39.190028,38.667388],[39.190182,38.667432],[39.190108,38.66759],[39.189953,38.667546]]]}},{"type":"Feature","id":"way/700707080","properties":{"osm_id":"way/700707080","osm_type":"way","building":"yes","name":null,"levels":null,"source":"OpenStreetMap","source_url":"https://www.openstreetmap.org/copyright","licence":"ODbL 1.0","retrieved_on":"2026-09-03","vulnerability_function_id":null,"vulnerability_class":"Not assigned","osm_tags":{"building":"yes"}},"geometry":{"type":"Polygon","coordinates":[[[39.189843,38.667782],[39.189918,38.667624],[39.190072,38.667669],[39.189998,38.667827],[39.189843,38.667782]]]}},{"type":"Feature","id":"way/700707081","properties":{"osm_id":"way/700707081","osm_type":"way","building":"yes","name":null,"levels":null,"source":"OpenStreetMap","source_url":"https://www.openstreetmap.org/copyright","licence":"ODbL 1.0","retrieved_on":"2026-09-03","vulnerability_function_id":null,"vulnerability_class":"Not assigned","osm_tags":{"building":"yes"}},"geometry":{"type":"Polygon","coordinates":[[[39.190918,38.667767],[39.191175,38.667854],[39.191106,38.667979],[39.190849,38.667892],[39.190918,38.667767]]]}},{"type":"Feature","id":"way/700707082","properties":{"osm_id":"way/700707082","osm_type":"way","building":"yes","name":null,"levels":null,"source":"OpenStreetMap","source_url":"https://www.openstreetmap.org/copyright","licence":"ODbL 1.0","retrieved_on":"2026-09-03","vulnerability_function_id":null,"vulnerability_class":"Not assigned","osm_tags":{"building":"yes"}},"geometry":{"type":"Polygon","coordinates":[[[39.190451,38.667956],[39.190593,38.667665],[39.190745,38.66771],[39.190603,38.668001],[39.190451,38.667956]]]}},{"type":"Feature","id":"way/700707083","properties":{"osm_id":"way/700707083","osm_type":"way","building":"yes","name":null,"levels":null,"source":"OpenStreetMap","source_url":"https://www.openstreetmap.org/copyright","licence":"ODbL 1.0","retrieved_on":"2026-09-03","vulnerability_function_id":null,"vulnerability_class":"Not assigned","osm_tags":{"building":"yes"}},"geometry":{"type":"Polygon","coordinates":[[[39.199168,38.670111],[39.199168,38.669807],[39.199574,38.669807],[39.199574,38.670111],[39.199168,38.670111]]]}},{"type":"Feature","id":"way/700707089","properties":{"osm_id":"way/700707089","osm_type":"way","building":"yes","name":null,"levels":null,"source":"OpenStreetMap","source_url":"https://www.openstreetmap.org/copyright","licence":"ODbL 1.0","retrieved_on":"2026-09-03","vulnerability_function_id":null,"vulnerability_class":"Not assigned","osm_tags":{"building":"yes"}},"geometry":{"type":"Polygon","coordinates":[[[39.20442,38.66554],[39.204472,38.665379],[39.204713,38.665425],[39.204662,38.665587],[39.20442,38.66554]]]}},{"type":"Feature","id":"way/700707091","properties":{"osm_id":"way/700707091","osm_type":"way","building":"yes","name":null,"levels":null,"source":"OpenStreetMap","source_url":"https://www.openstreetmap.org/copyright","licence":"ODbL 1.0","retrieved_on":"2026-09-03","vulnerability_function_id":null,"vulnerability_class":"Not assigned","osm_tags":{"building":"yes"}},"geometry":{"type":"Polygon","coordinates":[[[39.202892,38.664879],[39.203015,38.66471],[39.203169,38.664778],[39.203046,38.664948],[39.202892,38.664879]]]}},{"type":"Feature","id":"way/700707092","properties":{"osm_id":"way/700707092","osm_type":"way","building":"yes","name":null,"levels":null,"source":"OpenStreetMap","source_url":"https://www.openstreetmap.org/copyright","licence":"ODbL 1.0","retrieved_on":"2026-09-03","vulnerability_function_id":null,"vulnerability_class":"Not assigned","osm_tags":{"building":"yes"}},"geometry":{"type":"Polygon","coordinates":[[[39.202591,38.664752],[39.202674,38.664628],[39.202894,38.664718],[39.20281,38.664842],[39.202591,38.664752]]]}},{"type":"Feature","id":"way/700707093","properties":{"osm_id":"way/700707093","osm_type":"way","building":"yes","name":null,"levels":null,"source":"OpenStreetMap","source_url":"https://www.openstreetmap.org/copyright","licence":"ODbL 1.0","retrieved_on":"2026-09-03","vulnerability_function_id":null,"vulnerability_class":"Not assigned","osm_tags":{"building":"yes"}},"geometry":{"type":"Polygon","coordinates":[[[39.202765,38.664566],[39.202874,38.664446],[39.203085,38.664563],[39.202976,38.664683],[39.202765,38.664566]]]}},{"type":"Feature","id":"way/700707094","properties":{"osm_id":"way/700707094","osm_type":"way","building":"yes","name":null,"levels":null,"source":"OpenStreetMap","source_url":"https://www.openstreetmap.org/copyright","licence":"ODbL 1.0","retrieved_on":"2026-09-03","vulnerability_function_id":null,"vulnerability_class":"Not assigned","osm_tags":{"building":"yes"}},"geometry":{"type":"Polygon","coordinates":[[[39.202388,38.664994],[39.202538,38.664904],[39.202851,38.665224],[39.202701,38.665313],[39.202388,38.664994]]]}},{"type":"Feature","id":"way/700707095","properties":{"osm_id":"way/700707095","osm_type":"way","building":"yes","name":null,"levels":null,"source":"OpenStreetMap","source_url":"https://www.openstreetmap.org/copyright","licence":"ODbL 1.0","retrieved_on":"2026-09-03","vulnerability_function_id":null,"vulnerability_class":"Not assigned","osm_tags":{"building":"yes"}},"geometry":{"type":"Polygon","coordinates":[[[39.202821,38.665145],[39.202884,38.665058],[39.203153,38.665177],[39.203066,38.665296],[39.202934,38.665238],[39.202947,38.66522],[39.20287,38.665186],[39.202881,38.665171],[39.202821,38.665145]]]}},{"type":"Feature","id":"way/700707105","properties":{"osm_id":"way/700707105","osm_type":"way","building":"yes","name":null,"levels":null,"source":"OpenStreetMap","source_url":"https://www.openstreetmap.org/copyright","licence":"ODbL 1.0","retrieved_on":"2026-09-03","vulnerability_function_id":null,"vulnerability_class":"Not assigned","osm_tags":{"building":"yes"}},"geometry":{"type":"Polygon","coordinates":[[[39.199518,38.666438],[39.199482,38.666075],[39.19965,38.666065],[39.199686,38.666427],[39.199518,38.666438]]]}},{"type":"Feature","id":"way/700707106","properties":{"osm_id":"way/700707106","osm_type":"way","building":"yes","name":null,"levels":null,"source":"OpenStreetMap","source_url":"https://www.openstreetmap.org/copyright","licence":"ODbL 1.0","retrieved_on":"2026-09-03","vulnerability_function_id":null,"vulnerability_class":"Not assigned","osm_tags":{"building":"yes"}},"geometry":{"type":"Polygon","coordinates":[[[39.188416,38.668469],[39.188493,38.668356],[39.188802,38.668486],[39.188725,38.668598],[39.188416,38.668469]]]}},{"type":"Feature","id":"way/700707115","properties":{"osm_id":"way/700707115","osm_type":"way","building":"yes","name":null,"levels":null,"source":"OpenStreetMap","source_url":"https://www.openstreetmap.org/copyright","licence":"ODbL 1.0","retrieved_on":"2026-09-03","vulnerability_function_id":null,"vulnerability_class":"Not assigned","osm_tags":{"building":"yes"}},"geometry":{"type":"Polygon","coordinates":[[[39.183488,38.667376],[39.183603,38.667245],[39.18407,38.667494],[39.183956,38.667625],[39.183488,38.667376]]]}},{"type":"Feature","id":"way/700789751","properties":{"osm_id":"way/700789751","osm_type":"way","building":"yes","name":null,"levels":null,"source":"OpenStreetMap","source_url":"https://www.openstreetmap.org/copyright","licence":"ODbL 1.0","retrieved_on":"2026-09-03","vulnerability_function_id":null,"vulnerability_class":"Not assigned","osm_tags":{"building":"yes"}},"geometry":{"type":"Polygon","coordinates":[[[39.183815,38.663615],[39.183713,38.663472],[39.183955,38.663364],[39.184055,38.663493],[39.184059,38.66352],[39.183841,38.663621],[39.183815,38.663615]]]}},{"type":"Feature","id":"way/700789752","properties":{"osm_id":"way/700789752","osm_type":"way","building":"yes","name":null,"levels":null,"source":"OpenStreetMap","source_url":"https://www.openstreetmap.org/copyright","licence":"ODbL 1.0","retrieved_on":"2026-09-03","vulnerability_function_id":null,"vulnerability_class":"Not assigned","osm_tags":{"building":"yes"}},"geometry":{"type":"Polygon","coordinates":[[[39.183378,38.663813],[39.183276,38.66367],[39.183518,38.663562],[39.183618,38.663691],[39.183622,38.663718],[39.183405,38.66382],[39.183378,38.663813]]]}},{"type":"Feature","id":"way/700789753","properties":{"osm_id":"way/700789753","osm_type":"way","building":"yes","name":null,"levels":null,"source":"OpenStreetMap","source_url":"https://www.openstreetmap.org/copyright","licence":"ODbL 1.0","retrieved_on":"2026-09-03","vulnerability_function_id":null,"vulnerability_class":"Not assigned","osm_tags":{"building":"yes"}},"geometry":{"type":"Polygon","coordinates":[[[39.184579,38.665139],[39.184666,38.665045],[39.184876,38.665163],[39.18479,38.665257],[39.184579,38.665139]]]}},{"type":"Feature","id":"way/700789754","properties":{"osm_id":"way/700789754","osm_type":"way","building":"yes","name":null,"levels":null,"source":"OpenStreetMap","source_url":"https://www.openstreetmap.org/copyright","licence":"ODbL 1.0","retrieved_on":"2026-09-03","vulnerability_function_id":null,"vulnerability_class":"Not assigned","osm_tags":{"building":"yes"}},"geometry":{"type":"Polygon","coordinates":[[[39.18423,38.665261],[39.18436,38.665075],[39.184486,38.665128],[39.184356,38.665315],[39.18423,38.665261]]]}},{"type":"Feature","id":"way/700789755","properties":{"osm_id":"way/700789755","osm_type":"way","building":"yes","name":null,"levels":null,"source":"OpenStreetMap","source_url":"https://www.openstreetmap.org/copyright","licence":"ODbL 1.0","retrieved_on":"2026-09-03","vulnerability_function_id":null,"vulnerability_class":"Not assigned","osm_tags":{"building":"yes"}},"geometry":{"type":"Polygon","coordinates":[[[39.185028,38.665658],[39.185299,38.665363],[39.185444,38.665444],[39.185173,38.665739],[39.185028,38.665658]]]}},{"type":"Feature","id":"way/700789756","properties":{"osm_id":"way/700789756","osm_type":"way","building":"yes","name":null,"levels":null,"source":"OpenStreetMap","source_url":"https://www.openstreetmap.org/copyright","licence":"ODbL 1.0","retrieved_on":"2026-09-03","vulnerability_function_id":null,"vulnerability_class":"Not assigned","osm_tags":{"building":"yes"}},"geometry":{"type":"Polygon","coordinates":[[[39.184614,38.66546],[39.18471,38.665341],[39.185018,38.665492],[39.184922,38.665611],[39.184614,38.66546]]]}},{"type":"Feature","id":"way/700789760","properties":{"osm_id":"way/700789760","osm_type":"way","building":"yes","name":null,"levels":null,"source":"OpenStreetMap","source_url":"https://www.openstreetmap.org/copyright","licence":"ODbL 1.0","retrieved_on":"2026-09-03","vulnerability_function_id":null,"vulnerability_class":"Not assigned","osm_tags":{"building":"yes"}},"geometry":{"type":"Polygon","coordinates":[[[39.186193,38.665632],[39.186128,38.665505],[39.186448,38.665404],[39.186514,38.66553],[39.186193,38.665632]]]}},{"type":"Feature","id":"way/700789761","properties":{"osm_id":"way/700789761","osm_type":"way","building":"yes","name":null,"levels":null,"source":"OpenStreetMap","source_url":"https://www.openstreetmap.org/copyright","licence":"ODbL 1.0","retrieved_on":"2026-09-03","vulnerability_function_id":null,"vulnerability_class":"Not assigned","osm_tags":{"building":"yes"}},"geometry":{"type":"Polygon","coordinates":[[[39.186266,38.665928],[39.186222,38.665777],[39.186641,38.665702],[39.186685,38.665853],[39.186266,38.665928]]]}},{"type":"Feature","id":"way/700789762","properties":{"osm_id":"way/700789762","osm_type":"way","building":"yes","name":null,"levels":null,"source":"OpenStreetMap","source_url":"https://www.openstreetmap.org/copyright","licence":"ODbL 1.0","retrieved_on":"2026-09-03","vulnerability_function_id":null,"vulnerability_class":"Not assigned","osm_tags":{"building":"yes"}},"geometry":{"type":"Polygon","coordinates":[[[39.185869,38.663854],[39.185905,38.663702],[39.18593,38.663706],[39.185948,38.663634],[39.186097,38.663656],[39.186079,38.663728],[39.18618,38.663742],[39.186138,38.663917],[39.186023,38.6639],[39.18601,38.663953],[39.185871,38.663933],[39.185889,38.663857],[39.185869,38.663854]]]}},{"type":"Feature","id":"way/700789763","properties":{"osm_id":"way/700789763","osm_type":"way","building":"yes","name":null,"levels":null,"source":"OpenStreetMap","source_url":"https://www.openstreetmap.org/copyright","licence":"ODbL 1.0","retrieved_on":"2026-09-03","vulnerability_function_id":null,"vulnerability_class":"Not assigned","osm_tags":{"building":"yes"}},"geometry":{"type":"Polygon","coordinates":[[[39.185793,38.665134],[39.185668,38.664952],[39.185802,38.664896],[39.185927,38.665078],[39.185793,38.665134]]]}},{"type":"Feature","id":"way/700789764","properties":{"osm_id":"way/700789764","osm_type":"way","building":"yes","name":null,"levels":null,"source":"OpenStreetMap","source_url":"https://www.openstreetmap.org/copyright","licence":"ODbL 1.0","retrieved_on":"2026-09-03","vulnerability_function_id":null,"vulnerability_class":"Not assigned","osm_tags":{"building":"yes"}},"geometry":{"type":"Polygon","coordinates":[[[39.186096,38.665064],[39.185971,38.664881],[39.186105,38.664826],[39.18623,38.665008],[39.186096,38.665064]]]}},{"type":"Feature","id":"way/700789765","properties":{"osm_id":"way/700789765","osm_type":"way","building":"yes","name":null,"levels":null,"source":"OpenStreetMap","source_url":"https://www.openstreetmap.org/copyright","licence":"ODbL 1.0","retrieved_on":"2026-09-03","vulnerability_function_id":null,"vulnerability_class":"Not assigned","osm_tags":{"building":"yes"}},"geometry":{"type":"Polygon","coordinates":[[[39.1894,38.660048],[39.18955,38.659954],[39.189721,38.66012],[39.189571,38.660213],[39.1894,38.660048]]]}},{"type":"Feature","id":"way/700789773","properties":{"osm_id":"way/700789773","osm_type":"way","building":"yes","name":null,"levels":null,"source":"OpenStreetMap","source_url":"https://www.openstreetmap.org/copyright","licence":"ODbL 1.0","retrieved_on":"2026-09-03","vulnerability_function_id":null,"vulnerability_class":"Not assigned","osm_tags":{"building":"yes"}},"geometry":{"type":"Polygon","coordinates":[[[39.187224,38.668087],[39.187424,38.667823],[39.187614,38.667911],[39.187414,38.668175],[39.187224,38.668087]]]}},{"type":"Feature","id":"way/700789774","properties":{"osm_id":"way/700789774","osm_type":"way","building":"yes","name":null,"levels":null,"source":"OpenStreetMap","source_url":"https://www.openstreetmap.org/copyright","licence":"ODbL 1.0","retrieved_on":"2026-09-03","vulnerability_function_id":null,"vulnerability_class":"Not assigned","osm_tags":{"building":"yes"}},"geometry":{"type":"Polygon","coordinates":[[[39.191268,38.667077],[39.191341,38.666943],[39.191606,38.667032],[39.191533,38.667165],[39.191268,38.667077]]]}},{"type":"Feature","id":"way/700789776","properties":{"osm_id":"way/700789776","osm_type":"way","building":"yes","name":null,"levels":null,"source":"OpenStreetMap","source_url":"https://www.openstreetmap.org/copyright","licence":"ODbL 1.0","retrieved_on":"2026-09-03","vulnerability_function_id":null,"vulnerability_class":"Not assigned","osm_tags":{"building":"yes"}},"geometry":{"type":"Polygon","coordinates":[[[39.191599,38.668178],[39.191637,38.66808],[39.19202,38.668046],[39.191943,38.668258],[39.191599,38.668178]]]}},{"type":"Feature","id":"way/700789777","properties":{"osm_id":"way/700789777","osm_type":"way","building":"yes","name":null,"levels":null,"source":"OpenStreetMap","source_url":"https://www.openstreetmap.org/copyright","licence":"ODbL 1.0","retrieved_on":"2026-09-03","vulnerability_function_id":null,"vulnerability_class":"Not assigned","osm_tags":{"building":"yes"}},"geometry":{"type":"Polygon","coordinates":[[[39.191353,38.668264],[39.191392,38.668168],[39.191867,38.668286],[39.191828,38.668382],[39.191353,38.668264]]]}},{"type":"Feature","id":"way/700789786","properties":{"osm_id":"way/700789786","osm_type":"way","building":"yes","name":null,"levels":null,"source":"OpenStreetMap","source_url":"https://www.openstreetmap.org/copyright","licence":"ODbL 1.0","retrieved_on":"2026-09-03","vulnerability_function_id":null,"vulnerability_class":"Not assigned","osm_tags":{"building":"yes"}},"geometry":{"type":"Polygon","coordinates":[[[39.190952,38.667686],[39.191233,38.667157],[39.191298,38.667178],[39.191308,38.667159],[39.191402,38.667189],[39.191395,38.667202],[39.19146,38.667223],[39.191423,38.667292],[39.191374,38.667276],[39.191162,38.667673],[39.191214,38.66769],[39.191176,38.667761],[39.191129,38.667746],[39.191117,38.667767],[39.190995,38.667727],[39.191007,38.667704],[39.190952,38.667686]]]}},{"type":"Feature","id":"way/700789787","properties":{"osm_id":"way/700789787","osm_type":"way","building":"yes","name":null,"levels":null,"source":"OpenStreetMap","source_url":"https://www.openstreetmap.org/copyright","licence":"ODbL 1.0","retrieved_on":"2026-09-03","vulnerability_function_id":null,"vulnerability_class":"Not assigned","osm_tags":{"building":"yes"}},"geometry":{"type":"Polygon","coordinates":[[[39.190313,38.668521],[39.190393,38.668405],[39.190524,38.668456],[39.190445,38.668577],[39.190313,38.668521]]]}},{"type":"Feature","id":"way/700789788","properties":{"osm_id":"way/700789788","osm_type":"way","building":"yes","name":null,"levels":null,"source":"OpenStreetMap","source_url":"https://www.openstreetmap.org/copyright","licence":"ODbL 1.0","retrieved_on":"2026-09-03","vulnerability_function_id":null,"vulnerability_class":"Not assigned","osm_tags":{"building":"yes"}},"geometry":{"type":"Polygon","coordinates":[[[39.190524,38.668456],[39.190669,38.668514],[39.19047,38.668818],[39.190196,38.668709],[39.190264,38.668605],[39.190393,38.668656],[39.190445,38.668577],[39.190524,38.668456]]]}},{"type":"Feature","id":"way/700789789","properties":{"osm_id":"way/700789789","osm_type":"way","building":"yes","name":null,"levels":null,"source":"OpenStreetMap","source_url":"https://www.openstreetmap.org/copyright","licence":"ODbL 1.0","retrieved_on":"2026-09-03","vulnerability_function_id":null,"vulnerability_class":"Not assigned","osm_tags":{"building":"yes"}},"geometry":{"type":"Polygon","coordinates":[[[39.188919,38.665666],[39.189115,38.665585],[39.189225,38.665746],[39.189029,38.665827],[39.188919,38.665666]]]}},{"type":"Feature","id":"way/700789790","properties":{"osm_id":"way/700789790","osm_type":"way","building":"yes","name":null,"levels":null,"source":"OpenStreetMap","source_url":"https://www.openstreetmap.org/copyright","licence":"ODbL 1.0","retrieved_on":"2026-09-03","vulnerability_function_id":null,"vulnerability_class":"Not assigned","osm_tags":{"building":"yes"}},"geometry":{"type":"Polygon","coordinates":[[[39.189156,38.665978],[39.189352,38.665897],[39.189462,38.666059],[39.189266,38.66614],[39.189156,38.665978]]]}},{"type":"Feature","id":"way/700789796","properties":{"osm_id":"way/700789796","osm_type":"way","building":"yes","name":null,"levels":null,"source":"OpenStreetMap","source_url":"https://www.openstreetmap.org/copyright","licence":"ODbL 1.0","retrieved_on":"2026-09-03","vulnerability_function_id":null,"vulnerability_class":"Not assigned","osm_tags":{"building":"yes"}},"geometry":{"type":"Polygon","coordinates":[[[39.188197,38.662132],[39.188211,38.66211],[39.188304,38.662072],[39.1885,38.662333],[39.188391,38.662382],[39.188197,38.662132]]]}},{"type":"Feature","id":"way/700789798","properties":{"osm_id":"way/700789798","osm_type":"way","building":"yes","name":null,"levels":null,"source":"OpenStreetMap","source_url":"https://www.openstreetmap.org/copyright","licence":"ODbL 1.0","retrieved_on":"2026-09-03","vulnerability_function_id":null,"vulnerability_class":"Not assigned","osm_tags":{"building":"yes"}},"geometry":{"type":"Polygon","coordinates":[[[39.186801,38.667233],[39.186843,38.667195],[39.187051,38.66714],[39.187114,38.667173],[39.186986,38.667331],[39.186801,38.667233]]]}},{"type":"Feature","id":"way/700789799","properties":{"osm_id":"way/700789799","osm_type":"way","building":"yes","name":null,"levels":null,"source":"OpenStreetMap","source_url":"https://www.openstreetmap.org/copyright","licence":"ODbL 1.0","retrieved_on":"2026-09-03","vulnerability_function_id":null,"vulnerability_class":"Not assigned","osm_tags":{"building":"yes"}},"geometry":{"type":"Polygon","coordinates":[[[39.187485,38.668216],[39.187542,38.668132],[39.187559,38.668139],[39.187569,38.668124],[39.187585,38.668131],[39.187673,38.668003],[39.187653,38.667995],[39.187698,38.667929],[39.187906,38.668017],[39.187705,38.668309],[39.187485,38.668216]]]}},{"type":"Feature","id":"way/700789803","properties":{"osm_id":"way/700789803","osm_type":"way","building":"yes","name":null,"levels":null,"source":"OpenStreetMap","source_url":"https://www.openstreetmap.org/copyright","licence":"ODbL 1.0","retrieved_on":"2026-09-03","vulnerability_function_id":null,"vulnerability_class":"Not assigned","osm_tags":{"building":"yes"}},"geometry":{"type":"Polygon","coordinates":[[[39.197587,38.669388],[39.197555,38.669269],[39.198013,38.669195],[39.198045,38.669314],[39.197587,38.669388]]]}},{"type":"Feature","id":"way/700789804","properties":{"osm_id":"way/700789804","osm_type":"way","building":"yes","name":null,"levels":null,"source":"OpenStreetMap","source_url":"https://www.openstreetmap.org/copyright","licence":"ODbL 1.0","retrieved_on":"2026-09-03","vulnerability_function_id":null,"vulnerability_class":"Not assigned","osm_tags":{"building":"yes"}},"geometry":{"type":"Polygon","coordinates":[[[39.197649,38.669591],[39.197618,38.66948],[39.198084,38.6694],[39.198115,38.669511],[39.197649,38.669591]]]}},{"type":"Feature","id":"way/700789805","properties":{"osm_id":"way/700789805","osm_type":"way","building":"yes","name":null,"levels":null,"source":"OpenStreetMap","source_url":"https://www.openstreetmap.org/copyright","licence":"ODbL 1.0","retrieved_on":"2026-09-03","vulnerability_function_id":null,"vulnerability_class":"Not assigned","osm_tags":{"building":"yes"}},"geometry":{"type":"Polygon","coordinates":[[[39.197206,38.668925],[39.197169,38.668774],[39.197342,38.668749],[39.197378,38.668899],[39.197206,38.668925]]]}},{"type":"Feature","id":"way/700789806","properties":{"osm_id":"way/700789806","osm_type":"way","building":"yes","name":null,"levels":null,"source":"OpenStreetMap","source_url":"https://www.openstreetmap.org/copyright","licence":"ODbL 1.0","retrieved_on":"2026-09-03","vulnerability_function_id":null,"vulnerability_class":"Not assigned","osm_tags":{"building":"yes"}},"geometry":{"type":"Polygon","coordinates":[[[39.197429,38.668889],[39.197393,38.668739],[39.197565,38.668713],[39.197602,38.668863],[39.197429,38.668889]]]}},{"type":"Feature","id":"way/700789807","properties":{"osm_id":"way/700789807","osm_type":"way","building":"yes","name":null,"levels":null,"source":"OpenStreetMap","source_url":"https://www.openstreetmap.org/copyright","licence":"ODbL 1.0","retrieved_on":"2026-09-03","vulnerability_function_id":null,"vulnerability_class":"Not assigned","osm_tags":{"building":"yes"}},"geometry":{"type":"Polygon","coordinates":[[[39.197655,38.668853],[39.197618,38.668703],[39.19779,38.668677],[39.197827,38.668827],[39.197655,38.668853]]]}},{"type":"Feature","id":"way/700789808","properties":{"osm_id":"way/700789808","osm_type":"way","building":"yes","name":null,"levels":null,"source":"OpenStreetMap","source_url":"https://www.openstreetmap.org/copyright","licence":"ODbL 1.0","retrieved_on":"2026-09-03","vulnerability_function_id":null,"vulnerability_class":"Not assigned","osm_tags":{"building":"yes"}},"geometry":{"type":"Polygon","coordinates":[[[39.19788,38.668809],[39.197843,38.668659],[39.198016,38.668633],[39.198052,38.668783],[39.19788,38.668809]]]}},{"type":"Feature","id":"way/700789809","properties":{"osm_id":"way/700789809","osm_type":"way","building":"yes","name":null,"levels":null,"source":"OpenStreetMap","source_url":"https://www.openstreetmap.org/copyright","licence":"ODbL 1.0","retrieved_on":"2026-09-03","vulnerability_function_id":null,"vulnerability_class":"Not assigned","osm_tags":{"building":"yes"}},"geometry":{"type":"Polygon","coordinates":[[[39.197816,38.669021],[39.197779,38.668871],[39.197951,38.668845],[39.197988,38.668995],[39.197816,38.669021]]]}},{"type":"Feature","id":"way/700789810","properties":{"osm_id":"way/700789810","osm_type":"way","building":"yes","name":null,"levels":null,"source":"OpenStreetMap","source_url":"https://www.openstreetmap.org/copyright","licence":"ODbL 1.0","retrieved_on":"2026-09-03","vulnerability_function_id":null,"vulnerability_class":"Not assigned","osm_tags":{"building":"yes"}},"geometry":{"type":"Polygon","coordinates":[[[39.197588,38.66906],[39.197551,38.66891],[39.197723,38.668885],[39.19776,38.669035],[39.197588,38.66906]]]}},{"type":"Feature","id":"way/700789811","properties":{"osm_id":"way/700789811","osm_type":"way","building":"yes","name":null,"levels":null,"source":"OpenStreetMap","source_url":"https://www.openstreetmap.org/copyright","licence":"ODbL 1.0","retrieved_on":"2026-09-03","vulnerability_function_id":null,"vulnerability_class":"Not assigned","osm_tags":{"building":"yes"}},"geometry":{"type":"Polygon","coordinates":[[[39.197368,38.669096],[39.197331,38.668946],[39.197503,38.66892],[39.19754,38.66907],[39.197368,38.669096]]]}},{"type":"Feature","id":"way/700789812","properties":{"osm_id":"way/700789812","osm_type":"way","building":"yes","name":null,"levels":null,"source":"OpenStreetMap","source_url":"https://www.openstreetmap.org/copyright","licence":"ODbL 1.0","retrieved_on":"2026-09-03","vulnerability_function_id":null,"vulnerability_class":"Not assigned","osm_tags":{"building":"yes"}},"geometry":{"type":"Polygon","coordinates":[[[39.197142,38.669136],[39.197106,38.668986],[39.197278,38.66896],[39.197315,38.66911],[39.197142,38.669136]]]}},{"type":"Feature","id":"way/700789813","properties":{"osm_id":"way/700789813","osm_type":"way","building":"yes","name":null,"levels":null,"source":"OpenStreetMap","source_url":"https://www.openstreetmap.org/copyright","licence":"ODbL 1.0","retrieved_on":"2026-09-03","vulnerability_function_id":null,"vulnerability_class":"Not assigned","osm_tags":{"building":"yes"}},"geometry":{"type":"Polygon","coordinates":[[[39.198224,38.669469],[39.198186,38.669363],[39.198489,38.669313],[39.198493,38.669429],[39.198224,38.669469]]]}},{"type":"Feature","id":"way/700789814","properties":{"osm_id":"way/700789814","osm_type":"way","building":"yes","name":null,"levels":null,"source":"OpenStreetMap","source_url":"https://www.openstreetmap.org/copyright","licence":"ODbL 1.0","retrieved_on":"2026-09-03","vulnerability_function_id":null,"vulnerability_class":"Not assigned","osm_tags":{"building":"yes"}},"geometry":{"type":"Polygon","coordinates":[[[39.198781,38.669384],[39.198752,38.66922],[39.199177,38.669175],[39.199206,38.669339],[39.198781,38.669384]]]}},{"type":"Feature","id":"way/700789815","properties":{"osm_id":"way/700789815","osm_type":"way","building":"yes","name":null,"levels":null,"source":"OpenStreetMap","source_url":"https://www.openstreetmap.org/copyright","licence":"ODbL 1.0","retrieved_on":"2026-09-03","vulnerability_function_id":null,"vulnerability_class":"Not assigned","osm_tags":{"building":"yes"}},"geometry":{"type":"Polygon","coordinates":[[[39.19811,38.669318],[39.198115,38.669174],[39.198497,38.669106],[39.19849,38.669264],[39.198369,38.669282],[39.198364,38.669252],[39.198291,38.669258],[39.198298,38.669286],[39.19811,38.669318]]]}},{"type":"Feature","id":"way/700789816","properties":{"osm_id":"way/700789816","osm_type":"way","building":"yes","name":null,"levels":null,"source":"OpenStreetMap","source_url":"https://www.openstreetmap.org/copyright","licence":"ODbL 1.0","retrieved_on":"2026-09-03","vulnerability_function_id":null,"vulnerability_class":"Not assigned","osm_tags":{"building":"yes"}},"geometry":{"type":"Polygon","coordinates":[[[39.198782,38.669183],[39.198737,38.669015],[39.199041,38.668966],[39.199086,38.669134],[39.198782,38.669183]]]}},{"type":"Feature","id":"way/700789818","properties":{"osm_id":"way/700789818","osm_type":"way","building":"yes","name":null,"levels":null,"source":"OpenStreetMap","source_url":"https://www.openstreetmap.org/copyright","licence":"ODbL 1.0","retrieved_on":"2026-09-03","vulnerability_function_id":null,"vulnerability_class":"Not assigned","osm_tags":{"building":"yes"}},"geometry":{"type":"Polygon","coordinates":[[[39.200287,38.668704],[39.20044,38.668599],[39.200623,38.668762],[39.20047,38.668866],[39.200287,38.668704]]]}},{"type":"Feature","id":"way/700789819","properties":{"osm_id":"way/700789819","osm_type":"way","building":"yes","name":null,"levels":null,"source":"OpenStreetMap","source_url":"https://www.openstreetmap.org/copyright","licence":"ODbL 1.0","retrieved_on":"2026-09-03","vulnerability_function_id":null,"vulnerability_class":"Not assigned","osm_tags":{"building":"yes"}},"geometry":{"type":"Polygon","coordinates":[[[39.200528,38.668548],[39.200601,38.668492],[39.200784,38.668639],[39.200711,38.668694],[39.200528,38.668548]]]}},{"type":"Feature","id":"way/700789823","properties":{"osm_id":"way/700789823","osm_type":"way","building":"yes","name":null,"levels":null,"source":"OpenStreetMap","source_url":"https://www.openstreetmap.org/copyright","licence":"ODbL 1.0","retrieved_on":"2026-09-03","vulnerability_function_id":null,"vulnerability_class":"Not assigned","osm_tags":{"building":"yes"}},"geometry":{"type":"Polygon","coordinates":[[[39.201197,38.668061],[39.200824,38.668333],[39.200884,38.668408],[39.201271,38.668123],[39.201197,38.668061]]]}},{"type":"Feature","id":"way/700789824","properties":{"osm_id":"way/700789824","osm_type":"way","building":"yes","name":null,"levels":null,"source":"OpenStreetMap","source_url":"https://www.openstreetmap.org/copyright","licence":"ODbL 1.0","retrieved_on":"2026-09-03","vulnerability_function_id":null,"vulnerability_class":"Not assigned","osm_tags":{"building":"yes"}},"geometry":{"type":"Polygon","coordinates":[[[39.200907,38.668429],[39.201292,38.668141],[39.201359,38.668197],[39.200962,38.668505],[39.200907,38.668429]]]}},{"type":"Feature","id":"way/700789825","properties":{"osm_id":"way/700789825","osm_type":"way","building":"yes","name":null,"levels":null,"source":"OpenStreetMap","source_url":"https://www.openstreetmap.org/copyright","licence":"ODbL 1.0","retrieved_on":"2026-09-03","vulnerability_function_id":null,"vulnerability_class":"Not assigned","osm_tags":{"building":"yes"}},"geometry":{"type":"Polygon","coordinates":[[[39.187328,38.670154],[39.187423,38.670004],[39.187701,38.670111],[39.187606,38.670262],[39.187328,38.670154]]]}},{"type":"Feature","id":"way/700789826","properties":{"osm_id":"way/700789826","osm_type":"way","building":"yes","name":null,"levels":null,"source":"OpenStreetMap","source_url":"https://www.openstreetmap.org/copyright","licence":"ODbL 1.0","retrieved_on":"2026-09-03","vulnerability_function_id":null,"vulnerability_class":"Not assigned","osm_tags":{"building":"yes"}},"geometry":{"type":"Polygon","coordinates":[[[39.18754,38.669835],[39.187646,38.669677],[39.187883,38.669775],[39.187777,38.669932],[39.18754,38.669835]]]}},{"type":"Feature","id":"way/700789827","properties":{"osm_id":"way/700789827","osm_type":"way","building":"yes","name":null,"levels":null,"source":"OpenStreetMap","source_url":"https://www.openstreetmap.org/copyright","licence":"ODbL 1.0","retrieved_on":"2026-09-03","vulnerability_function_id":null,"vulnerability_class":"Not assigned","osm_tags":{"building":"yes"}},"geometry":{"type":"Polygon","coordinates":[[[39.18768,38.669629],[39.187789,38.669473],[39.188027,38.669575],[39.187918,38.66973],[39.18768,38.669629]]]}},{"type":"Feature","id":"way/700789828","properties":{"osm_id":"way/700789828","osm_type":"way","building":"yes","name":null,"levels":null,"source":"OpenStreetMap","source_url":"https://www.openstreetmap.org/copyright","licence":"ODbL 1.0","retrieved_on":"2026-09-03","vulnerability_function_id":null,"vulnerability_class":"Not assigned","osm_tags":{"building":"yes"}},"geometry":{"type":"Polygon","coordinates":[[[39.188026,38.669799],[39.188072,38.669729],[39.188092,38.669737],[39.188131,38.669677],[39.188115,38.669671],[39.188153,38.669613],[39.188335,38.669686],[39.188212,38.669873],[39.188026,38.669799]]]}},{"type":"Feature","id":"way/700789829","properties":{"osm_id":"way/700789829","osm_type":"way","building":"yes","name":null,"levels":null,"source":"OpenStreetMap","source_url":"https://www.openstreetmap.org/copyright","licence":"ODbL 1.0","retrieved_on":"2026-09-03","vulnerability_function_id":null,"vulnerability_class":"Not assigned","osm_tags":{"building":"yes"}},"geometry":{"type":"Polygon","coordinates":[[[39.18802,38.669326],[39.188101,38.669202],[39.188238,38.669256],[39.188158,38.66938],[39.18802,38.669326]]]}},{"type":"Feature","id":"way/700789830","properties":{"osm_id":"way/700789830","osm_type":"way","building":"yes","name":null,"levels":null,"source":"OpenStreetMap","source_url":"https://www.openstreetmap.org/copyright","licence":"ODbL 1.0","retrieved_on":"2026-09-03","vulnerability_function_id":null,"vulnerability_class":"Not assigned","osm_tags":{"building":"yes"}},"geometry":{"type":"Polygon","coordinates":[[[39.188037,38.669111],[39.188135,38.668976],[39.188364,38.669077],[39.188266,38.669212],[39.188037,38.669111]]]}},{"type":"Feature","id":"way/700789831","properties":{"osm_id":"way/700789831","osm_type":"way","building":"yes","name":null,"levels":null,"source":"OpenStreetMap","source_url":"https://www.openstreetmap.org/copyright","licence":"ODbL 1.0","retrieved_on":"2026-09-03","vulnerability_function_id":null,"vulnerability_class":"Not assigned","osm_tags":{"building":"yes"}},"geometry":{"type":"Polygon","coordinates":[[[39.187335,38.669257],[39.187641,38.668831],[39.187829,38.668913],[39.18766,38.669148],[39.187705,38.669168],[39.187568,38.669359],[39.187335,38.669257]]]}},{"type":"Feature","id":"way/700789832","properties":{"osm_id":"way/700789832","osm_type":"way","building":"yes","name":null,"levels":null,"source":"OpenStreetMap","source_url":"https://www.openstreetmap.org/copyright","licence":"ODbL 1.0","retrieved_on":"2026-09-03","vulnerability_function_id":null,"vulnerability_class":"Not assigned","osm_tags":{"building":"yes"}},"geometry":{"type":"Polygon","coordinates":[[[39.188793,38.663117],[39.188869,38.663085],[39.188872,38.6631],[39.188926,38.663078],[39.188947,38.663108],[39.188995,38.663089],[39.189056,38.663178],[39.188931,38.66323],[39.189013,38.663349],[39.188899,38.663396],[39.188882,38.663372],[39.188842,38.663389],[39.188815,38.66335],[39.1888,38.663356],[39.18873,38.663254],[39.188748,38.663246],[39.188702,38.663181],[39.188807,38.663137],[39.188793,38.663117]]]}},{"type":"Feature","id":"way/700789836","properties":{"osm_id":"way/700789836","osm_type":"way","building":"yes","name":null,"levels":null,"source":"OpenStreetMap","source_url":"https://www.openstreetmap.org/copyright","licence":"ODbL 1.0","retrieved_on":"2026-09-03","vulnerability_function_id":null,"vulnerability_class":"Not assigned","osm_tags":{"building":"yes"}},"geometry":{"type":"Polygon","coordinates":[[[39.191198,38.666268],[39.191311,38.666044],[39.191528,38.666111],[39.191415,38.666335],[39.191198,38.666268]]]}},{"type":"Feature","id":"way/700789838","properties":{"osm_id":"way/700789838","osm_type":"way","building":"yes","name":null,"levels":null,"source":"OpenStreetMap","source_url":"https://www.openstreetmap.org/copyright","licence":"ODbL 1.0","retrieved_on":"2026-09-03","vulnerability_function_id":null,"vulnerability_class":"Not assigned","osm_tags":{"building":"yes"}},"geometry":{"type":"Polygon","coordinates":[[[39.185088,38.664381],[39.185278,38.664248],[39.185501,38.664442],[39.18531,38.664575],[39.185088,38.664381]]]}},{"type":"Feature","id":"way/700789839","properties":{"osm_id":"way/700789839","osm_type":"way","building":"yes","name":null,"levels":null,"source":"OpenStreetMap","source_url":"https://www.openstreetmap.org/copyright","licence":"ODbL 1.0","retrieved_on":"2026-09-03","vulnerability_function_id":null,"vulnerability_class":"Not assigned","osm_tags":{"building":"yes"}},"geometry":{"type":"Polygon","coordinates":[[[39.184777,38.664583],[39.18497,38.66445],[39.185193,38.664647],[39.184999,38.66478],[39.184777,38.664583]]]}},{"type":"Feature","id":"way/700789840","properties":{"osm_id":"way/700789840","osm_type":"way","building":"yes","name":null,"levels":null,"source":"OpenStreetMap","source_url":"https://www.openstreetmap.org/copyright","licence":"ODbL 1.0","retrieved_on":"2026-09-03","vulnerability_function_id":null,"vulnerability_class":"Not assigned","osm_tags":{"building":"yes"}},"geometry":{"type":"Polygon","coordinates":[[[39.185558,38.664532],[39.18588,38.664409],[39.185974,38.664557],[39.185652,38.664681],[39.185558,38.664532]]]}},{"type":"Feature","id":"way/700804265","properties":{"osm_id":"way/700804265","osm_type":"way","building":"yes","name":null,"levels":null,"source":"OpenStreetMap","source_url":"https://www.openstreetmap.org/copyright","licence":"ODbL 1.0","retrieved_on":"2026-09-03","vulnerability_function_id":null,"vulnerability_class":"Not assigned","osm_tags":{"building":"yes"}},"geometry":{"type":"Polygon","coordinates":[[[39.18173,38.665261],[39.181737,38.665293],[39.18179,38.665286],[39.181781,38.665244],[39.181916,38.665226],[39.181937,38.665324],[39.181901,38.665329],[39.181912,38.665382],[39.181677,38.665413],[39.181666,38.665367],[39.181634,38.665371],[39.181614,38.665276],[39.18173,38.665261]]]}},{"type":"Feature","id":"way/700804266","properties":{"osm_id":"way/700804266","osm_type":"way","building":"yes","name":null,"levels":null,"source":"OpenStreetMap","source_url":"https://www.openstreetmap.org/copyright","licence":"ODbL 1.0","retrieved_on":"2026-09-03","vulnerability_function_id":null,"vulnerability_class":"Not assigned","osm_tags":{"building":"yes"}},"geometry":{"type":"Polygon","coordinates":[[[39.182665,38.665109],[39.182672,38.665142],[39.182724,38.665135],[39.182715,38.665092],[39.182851,38.665074],[39.182872,38.665173],[39.182836,38.665177],[39.182847,38.665231],[39.182611,38.665262],[39.182601,38.665215],[39.182569,38.665219],[39.182548,38.665125],[39.182665,38.665109]]]}},{"type":"Feature","id":"way/700804267","properties":{"osm_id":"way/700804267","osm_type":"way","building":"yes","name":null,"levels":null,"source":"OpenStreetMap","source_url":"https://www.openstreetmap.org/copyright","licence":"ODbL 1.0","retrieved_on":"2026-09-03","vulnerability_function_id":null,"vulnerability_class":"Not assigned","osm_tags":{"building":"yes"}},"geometry":{"type":"Polygon","coordinates":[[[39.183394,38.665079],[39.183396,38.665112],[39.183449,38.66511],[39.183447,38.665067],[39.183585,38.665064],[39.183589,38.665163],[39.183552,38.665164],[39.183554,38.665218],[39.183315,38.665225],[39.183313,38.665177],[39.183281,38.665178],[39.183277,38.665082],[39.183394,38.665079]]]}},{"type":"Feature","id":"way/700804268","properties":{"osm_id":"way/700804268","osm_type":"way","building":"yes","name":null,"levels":null,"source":"OpenStreetMap","source_url":"https://www.openstreetmap.org/copyright","licence":"ODbL 1.0","retrieved_on":"2026-09-03","vulnerability_function_id":null,"vulnerability_class":"Not assigned","osm_tags":{"building":"yes"}},"geometry":{"type":"Polygon","coordinates":[[[39.183087,38.665392],[39.183081,38.665359],[39.183133,38.665352],[39.183142,38.665395],[39.183278,38.665377],[39.183257,38.665279],[39.18322,38.665284],[39.183209,38.66523],[39.182973,38.665261],[39.182983,38.665308],[39.182951,38.665312],[39.182971,38.665407],[39.183087,38.665392]]]}},{"type":"Feature","id":"way/700804269","properties":{"osm_id":"way/700804269","osm_type":"way","building":"yes","name":null,"levels":null,"source":"OpenStreetMap","source_url":"https://www.openstreetmap.org/copyright","licence":"ODbL 1.0","retrieved_on":"2026-09-03","vulnerability_function_id":null,"vulnerability_class":"Not assigned","osm_tags":{"building":"yes"}},"geometry":{"type":"Polygon","coordinates":[[[39.182268,38.665509],[39.182261,38.665477],[39.182313,38.66547],[39.182322,38.665513],[39.182458,38.665495],[39.182437,38.665396],[39.1824,38.665401],[39.182389,38.665348],[39.182153,38.665379],[39.182163,38.665425],[39.182131,38.66543],[39.182151,38.665524],[39.182268,38.665509]]]}},{"type":"Feature","id":"way/700804270","properties":{"osm_id":"way/700804270","osm_type":"way","building":"yes","name":null,"levels":null,"source":"OpenStreetMap","source_url":"https://www.openstreetmap.org/copyright","licence":"ODbL 1.0","retrieved_on":"2026-09-03","vulnerability_function_id":null,"vulnerability_class":"Not assigned","osm_tags":{"building":"yes"}},"geometry":{"type":"Polygon","coordinates":[[[39.182751,38.666133],[39.182727,38.666002],[39.182964,38.665977],[39.182987,38.666107],[39.182751,38.666133]]]}},{"type":"Feature","id":"way/700804271","properties":{"osm_id":"way/700804271","osm_type":"way","building":"yes","name":null,"levels":null,"source":"OpenStreetMap","source_url":"https://www.openstreetmap.org/copyright","licence":"ODbL 1.0","retrieved_on":"2026-09-03","vulnerability_function_id":null,"vulnerability_class":"Not assigned","osm_tags":{"building":"yes"}},"geometry":{"type":"Polygon","coordinates":[[[39.183177,38.665841],[39.183147,38.665655],[39.183283,38.665642],[39.18329,38.665687],[39.18333,38.665683],[39.183322,38.665636],[39.183469,38.665621],[39.183499,38.665805],[39.183372,38.665818],[39.183364,38.665773],[39.18332,38.665777],[39.183328,38.665826],[39.183177,38.665841]]]}},{"type":"Feature","id":"way/700804272","properties":{"osm_id":"way/700804272","osm_type":"way","building":"yes","name":null,"levels":null,"source":"OpenStreetMap","source_url":"https://www.openstreetmap.org/copyright","licence":"ODbL 1.0","retrieved_on":"2026-09-03","vulnerability_function_id":null,"vulnerability_class":"Not assigned","osm_tags":{"building":"yes"}},"geometry":{"type":"Polygon","coordinates":[[[39.182698,38.665896],[39.182667,38.665711],[39.182803,38.665697],[39.18281,38.665742],[39.18285,38.665738],[39.182842,38.665691],[39.182989,38.665676],[39.18302,38.66586],[39.182892,38.665873],[39.182884,38.665828],[39.18284,38.665833],[39.182848,38.665881],[39.182698,38.665896]]]}},{"type":"Feature","id":"way/700804274","properties":{"osm_id":"way/700804274","osm_type":"way","building":"yes","name":null,"levels":null,"source":"OpenStreetMap","source_url":"https://www.openstreetmap.org/copyright","licence":"ODbL 1.0","retrieved_on":"2026-09-03","vulnerability_function_id":null,"vulnerability_class":"Not assigned","osm_tags":{"building":"yes"}},"geometry":{"type":"Polygon","coordinates":[[[39.184386,38.667773],[39.184681,38.667707],[39.184748,38.667887],[39.184506,38.667942],[39.184422,38.667913],[39.184394,38.667834],[39.184406,38.667828],[39.184386,38.667773]]]}},{"type":"Feature","id":"way/700804276","properties":{"osm_id":"way/700804276","osm_type":"way","building":"yes","name":null,"levels":null,"source":"OpenStreetMap","source_url":"https://www.openstreetmap.org/copyright","licence":"ODbL 1.0","retrieved_on":"2026-09-03","vulnerability_function_id":null,"vulnerability_class":"Not assigned","osm_tags":{"building":"yes"}},"geometry":{"type":"Polygon","coordinates":[[[39.18905,38.669559],[39.189115,38.669476],[39.189264,38.669547],[39.189199,38.66963],[39.18905,38.669559]]]}},{"type":"Feature","id":"way/700804277","properties":{"osm_id":"way/700804277","osm_type":"way","building":"yes","name":null,"levels":null,"source":"OpenStreetMap","source_url":"https://www.openstreetmap.org/copyright","licence":"ODbL 1.0","retrieved_on":"2026-09-03","vulnerability_function_id":null,"vulnerability_class":"Not assigned","osm_tags":{"building":"yes"}},"geometry":{"type":"Polygon","coordinates":[[[39.188564,38.670154],[39.188626,38.670065],[39.188779,38.67013],[39.188716,38.670219],[39.188564,38.670154]]]}},{"type":"Feature","id":"way/700804278","properties":{"osm_id":"way/700804278","osm_type":"way","building":"yes","name":null,"levels":null,"source":"OpenStreetMap","source_url":"https://www.openstreetmap.org/copyright","licence":"ODbL 1.0","retrieved_on":"2026-09-03","vulnerability_function_id":null,"vulnerability_class":"Not assigned","osm_tags":{"building":"yes"}},"geometry":{"type":"Polygon","coordinates":[[[39.187719,38.667886],[39.187776,38.667802],[39.187792,38.667809],[39.187803,38.667794],[39.187819,38.6678],[39.187906,38.667673],[39.187887,38.667665],[39.187932,38.667599],[39.18814,38.667687],[39.187939,38.667978],[39.187719,38.667886]]]}},{"type":"Feature","id":"way/700804279","properties":{"osm_id":"way/700804279","osm_type":"way","building":"yes","name":null,"levels":null,"source":"OpenStreetMap","source_url":"https://www.openstreetmap.org/copyright","licence":"ODbL 1.0","retrieved_on":"2026-09-03","vulnerability_function_id":null,"vulnerability_class":"Not assigned","osm_tags":{"building":"yes"}},"geometry":{"type":"Polygon","coordinates":[[[39.189989,38.668386],[39.190065,38.668274],[39.190196,38.668329],[39.19012,38.668441],[39.189989,38.668386]]]}},{"type":"Feature","id":"way/700804280","properties":{"osm_id":"way/700804280","osm_type":"way","building":"yes","name":null,"levels":null,"source":"OpenStreetMap","source_url":"https://www.openstreetmap.org/copyright","licence":"ODbL 1.0","retrieved_on":"2026-09-03","vulnerability_function_id":null,"vulnerability_class":"Not assigned","osm_tags":{"building":"yes"}},"geometry":{"type":"Polygon","coordinates":[[[39.189351,38.668285],[39.189507,38.66805],[39.189279,38.667958],[39.189266,38.667976],[39.189244,38.667968],[39.189213,38.668014],[39.189232,38.668021],[39.189199,38.66807],[39.189297,38.66811],[39.189232,38.668208],[39.189274,38.668225],[39.189267,38.668236],[39.189298,38.668248],[39.189289,38.668261],[39.189351,38.668285]]]}},{"type":"Feature","id":"way/700804281","properties":{"osm_id":"way/700804281","osm_type":"way","building":"yes","name":null,"levels":null,"source":"OpenStreetMap","source_url":"https://www.openstreetmap.org/copyright","licence":"ODbL 1.0","retrieved_on":"2026-09-03","vulnerability_function_id":null,"vulnerability_class":"Not assigned","osm_tags":{"building":"yes"}},"geometry":{"type":"Polygon","coordinates":[[[39.188814,38.668649],[39.188873,38.668559],[39.189112,38.668653],[39.189053,38.668744],[39.188814,38.668649]]]}},{"type":"Feature","id":"way/700804282","properties":{"osm_id":"way/700804282","osm_type":"way","building":"yes","name":null,"levels":null,"source":"OpenStreetMap","source_url":"https://www.openstreetmap.org/copyright","licence":"ODbL 1.0","retrieved_on":"2026-09-03","vulnerability_function_id":null,"vulnerability_class":"Not assigned","osm_tags":{"building":"yes"}},"geometry":{"type":"Polygon","coordinates":[[[39.188031,38.668325],[39.188097,38.668227],[39.188389,38.668347],[39.188322,38.668445],[39.188031,38.668325]]]}},{"type":"Feature","id":"way/700804283","properties":{"osm_id":"way/700804283","osm_type":"way","building":"yes","name":null,"levels":null,"source":"OpenStreetMap","source_url":"https://www.openstreetmap.org/copyright","licence":"ODbL 1.0","retrieved_on":"2026-09-03","vulnerability_function_id":null,"vulnerability_class":"Not assigned","osm_tags":{"building":"yes"}},"geometry":{"type":"Polygon","coordinates":[[[39.188231,38.669547],[39.188345,38.669368],[39.188529,38.66944],[39.188414,38.669619],[39.188231,38.669547]]]}},{"type":"Feature","id":"way/700804285","properties":{"osm_id":"way/700804285","osm_type":"way","building":"yes","name":null,"levels":null,"source":"OpenStreetMap","source_url":"https://www.openstreetmap.org/copyright","licence":"ODbL 1.0","retrieved_on":"2026-09-03","vulnerability_function_id":null,"vulnerability_class":"Not assigned","osm_tags":{"building":"yes"}},"geometry":{"type":"Polygon","coordinates":[[[39.196994,38.668634],[39.197004,38.668494],[39.197232,38.668463],[39.197259,38.668591],[39.196994,38.668634]]]}},{"type":"Feature","id":"way/700804287","properties":{"osm_id":"way/700804287","osm_type":"way","building":"yes","name":null,"levels":null,"source":"OpenStreetMap","source_url":"https://www.openstreetmap.org/copyright","licence":"ODbL 1.0","retrieved_on":"2026-09-03","vulnerability_function_id":null,"vulnerability_class":"Not assigned","osm_tags":{"building":"yes"}},"geometry":{"type":"Polygon","coordinates":[[[39.183684,38.664667],[39.183929,38.664582],[39.183985,38.664681],[39.183741,38.664766],[39.183684,38.664667]]]}},{"type":"Feature","id":"way/700804288","properties":{"osm_id":"way/700804288","osm_type":"way","building":"yes","name":null,"levels":null,"source":"OpenStreetMap","source_url":"https://www.openstreetmap.org/copyright","licence":"ODbL 1.0","retrieved_on":"2026-09-03","vulnerability_function_id":null,"vulnerability_class":"Not assigned","osm_tags":{"building":"yes"}},"geometry":{"type":"Polygon","coordinates":[[[39.183975,38.664824],[39.184102,38.664646],[39.184236,38.664705],[39.184108,38.664882],[39.183975,38.664824]]]}},{"type":"Feature","id":"way/700804289","properties":{"osm_id":"way/700804289","osm_type":"way","building":"yes","name":null,"levels":null,"source":"OpenStreetMap","source_url":"https://www.openstreetmap.org/copyright","licence":"ODbL 1.0","retrieved_on":"2026-09-03","vulnerability_function_id":null,"vulnerability_class":"Not assigned","osm_tags":{"building":"yes"}},"geometry":{"type":"Polygon","coordinates":[[[39.183609,38.664944],[39.183605,38.664826],[39.183865,38.66482],[39.183869,38.664938],[39.183609,38.664944]]]}},{"type":"Feature","id":"way/700804293","properties":{"osm_id":"way/700804293","osm_type":"way","building":"yes","name":null,"levels":null,"source":"OpenStreetMap","source_url":"https://www.openstreetmap.org/copyright","licence":"ODbL 1.0","retrieved_on":"2026-09-03","vulnerability_function_id":null,"vulnerability_class":"Not assigned","osm_tags":{"building":"yes"}},"geometry":{"type":"Polygon","coordinates":[[[39.187941,38.663112],[39.187815,38.66293],[39.187831,38.662913],[39.187984,38.662852],[39.188107,38.663041],[39.187941,38.663112]]]}},{"type":"Feature","id":"way/700804294","properties":{"osm_id":"way/700804294","osm_type":"way","building":"yes","name":null,"levels":null,"source":"OpenStreetMap","source_url":"https://www.openstreetmap.org/copyright","licence":"ODbL 1.0","retrieved_on":"2026-09-03","vulnerability_function_id":null,"vulnerability_class":"Not assigned","osm_tags":{"building":"yes"}},"geometry":{"type":"Polygon","coordinates":[[[39.187667,38.663327],[39.187823,38.663264],[39.187956,38.663464],[39.1878,38.663527],[39.187667,38.663327]]]}},{"type":"Feature","id":"way/700804295","properties":{"osm_id":"way/700804295","osm_type":"way","building":"yes","name":null,"levels":null,"source":"OpenStreetMap","source_url":"https://www.openstreetmap.org/copyright","licence":"ODbL 1.0","retrieved_on":"2026-09-03","vulnerability_function_id":null,"vulnerability_class":"Not assigned","osm_tags":{"building":"yes"}},"geometry":{"type":"Polygon","coordinates":[[[39.187491,38.663056],[39.187647,38.662993],[39.187779,38.663193],[39.187623,38.663256],[39.187491,38.663056]]]}},{"type":"Feature","id":"way/700804296","properties":{"osm_id":"way/700804296","osm_type":"way","building":"yes","name":null,"levels":null,"source":"OpenStreetMap","source_url":"https://www.openstreetmap.org/copyright","licence":"ODbL 1.0","retrieved_on":"2026-09-03","vulnerability_function_id":null,"vulnerability_class":"Not assigned","osm_tags":{"building":"yes"}},"geometry":{"type":"Polygon","coordinates":[[[39.187306,38.662772],[39.187462,38.662709],[39.187594,38.662908],[39.187438,38.662971],[39.187306,38.662772]]]}},{"type":"Feature","id":"way/700804297","properties":{"osm_id":"way/700804297","osm_type":"way","building":"yes","name":null,"levels":null,"source":"OpenStreetMap","source_url":"https://www.openstreetmap.org/copyright","licence":"ODbL 1.0","retrieved_on":"2026-09-03","vulnerability_function_id":null,"vulnerability_class":"Not assigned","osm_tags":{"building":"yes"}},"geometry":{"type":"Polygon","coordinates":[[[39.188036,38.663194],[39.188228,38.663051],[39.188358,38.663158],[39.188166,38.6633],[39.188036,38.663194]]]}},{"type":"Feature","id":"way/700804298","properties":{"osm_id":"way/700804298","osm_type":"way","building":"yes","name":null,"levels":null,"source":"OpenStreetMap","source_url":"https://www.openstreetmap.org/copyright","licence":"ODbL 1.0","retrieved_on":"2026-09-03","vulnerability_function_id":null,"vulnerability_class":"Not assigned","osm_tags":{"building":"yes"}},"geometry":{"type":"Polygon","coordinates":[[[39.187754,38.662818],[39.187597,38.662564],[39.187813,38.662482],[39.187971,38.662736],[39.187754,38.662818]]]}},{"type":"Feature","id":"way/700804299","properties":{"osm_id":"way/700804299","osm_type":"way","building":"yes","name":null,"levels":null,"source":"OpenStreetMap","source_url":"https://www.openstreetmap.org/copyright","licence":"ODbL 1.0","retrieved_on":"2026-09-03","vulnerability_function_id":null,"vulnerability_class":"Not assigned","osm_tags":{"building":"yes"}},"geometry":{"type":"Polygon","coordinates":[[[39.18828,38.66287],[39.188315,38.662843],[39.188304,38.66283],[39.188418,38.662748],[39.188428,38.66276],[39.188471,38.662729],[39.188599,38.662836],[39.188615,38.662825],[39.188636,38.662841],[39.188654,38.662829],[39.188725,38.662889],[39.18867,38.662937],[39.18868,38.662948],[39.188554,38.663036],[39.188544,38.663025],[39.188463,38.663078],[39.188394,38.663027],[39.188406,38.663016],[39.188384,38.662989],[39.1884,38.662978],[39.18828,38.66287]]]}},{"type":"Feature","id":"way/700804300","properties":{"osm_id":"way/700804300","osm_type":"way","building":"yes","name":null,"levels":null,"source":"OpenStreetMap","source_url":"https://www.openstreetmap.org/copyright","licence":"ODbL 1.0","retrieved_on":"2026-09-03","vulnerability_function_id":null,"vulnerability_class":"Not assigned","osm_tags":{"building":"yes"}},"geometry":{"type":"Polygon","coordinates":[[[39.188318,38.662388],[39.188283,38.662415],[39.188293,38.662428],[39.188177,38.662509],[39.188167,38.662496],[39.188124,38.662527],[39.187998,38.662417],[39.187982,38.662428],[39.187962,38.662411],[39.187943,38.662424],[39.187874,38.662362],[39.18793,38.662316],[39.18792,38.662304],[39.188048,38.662217],[39.188058,38.662229],[39.188141,38.662178],[39.188209,38.66223],[39.188196,38.662241],[39.188218,38.662268],[39.188201,38.662279],[39.188318,38.662388]]]}},{"type":"Feature","id":"way/700804301","properties":{"osm_id":"way/700804301","osm_type":"way","building":"yes","name":null,"levels":null,"source":"OpenStreetMap","source_url":"https://www.openstreetmap.org/copyright","licence":"ODbL 1.0","retrieved_on":"2026-09-03","vulnerability_function_id":null,"vulnerability_class":"Not assigned","osm_tags":{"building":"yes"}},"geometry":{"type":"Polygon","coordinates":[[[39.186856,38.662593],[39.187241,38.662309],[39.187336,38.662388],[39.186951,38.662672],[39.186856,38.662593]]]}},{"type":"Feature","id":"way/700804302","properties":{"osm_id":"way/700804302","osm_type":"way","building":"yes","name":null,"levels":null,"source":"OpenStreetMap","source_url":"https://www.openstreetmap.org/copyright","licence":"ODbL 1.0","retrieved_on":"2026-09-03","vulnerability_function_id":null,"vulnerability_class":"Not assigned","osm_tags":{"building":"yes"}},"geometry":{"type":"Polygon","coordinates":[[[39.186782,38.662424],[39.186717,38.662329],[39.187023,38.662201],[39.187088,38.662296],[39.186782,38.662424]]]}},{"type":"Feature","id":"way/700804303","properties":{"osm_id":"way/700804303","osm_type":"way","building":"yes","name":null,"levels":null,"source":"OpenStreetMap","source_url":"https://www.openstreetmap.org/copyright","licence":"ODbL 1.0","retrieved_on":"2026-09-03","vulnerability_function_id":null,"vulnerability_class":"Not assigned","osm_tags":{"building":"yes"}},"geometry":{"type":"Polygon","coordinates":[[[39.186707,38.662878],[39.186645,38.662765],[39.186616,38.662763],[39.186412,38.662836],[39.186401,38.662865],[39.186463,38.662972],[39.186707,38.662878]]]}},{"type":"Feature","id":"way/700804304","properties":{"osm_id":"way/700804304","osm_type":"way","building":"yes","name":null,"levels":null,"source":"OpenStreetMap","source_url":"https://www.openstreetmap.org/copyright","licence":"ODbL 1.0","retrieved_on":"2026-09-03","vulnerability_function_id":null,"vulnerability_class":"Not assigned","osm_tags":{"building":"yes"}},"geometry":{"type":"Polygon","coordinates":[[[39.18672,38.662518],[39.186659,38.662405],[39.186629,38.662402],[39.186425,38.662476],[39.186414,38.662505],[39.186476,38.662612],[39.18672,38.662518]]]}},{"type":"Feature","id":"way/700804305","properties":{"osm_id":"way/700804305","osm_type":"way","building":"yes","name":null,"levels":null,"source":"OpenStreetMap","source_url":"https://www.openstreetmap.org/copyright","licence":"ODbL 1.0","retrieved_on":"2026-09-03","vulnerability_function_id":null,"vulnerability_class":"Not assigned","osm_tags":{"building":"yes"}},"geometry":{"type":"Polygon","coordinates":[[[39.186728,38.662786],[39.18665,38.662668],[39.186782,38.662624],[39.186846,38.662748],[39.186728,38.662786]]]}},{"type":"Feature","id":"way/700804306","properties":{"osm_id":"way/700804306","osm_type":"way","building":"yes","name":null,"levels":null,"source":"OpenStreetMap","source_url":"https://www.openstreetmap.org/copyright","licence":"ODbL 1.0","retrieved_on":"2026-09-03","vulnerability_function_id":null,"vulnerability_class":"Not assigned","osm_tags":{"building":"yes"}},"geometry":{"type":"Polygon","coordinates":[[[39.185251,38.662658],[39.185423,38.662604],[39.185514,38.662778],[39.185343,38.662833],[39.185251,38.662658]]]}},{"type":"Feature","id":"way/700804307","properties":{"osm_id":"way/700804307","osm_type":"way","building":"yes","name":null,"levels":null,"source":"OpenStreetMap","source_url":"https://www.openstreetmap.org/copyright","licence":"ODbL 1.0","retrieved_on":"2026-09-03","vulnerability_function_id":null,"vulnerability_class":"Not assigned","osm_tags":{"building":"yes"}},"geometry":{"type":"Polygon","coordinates":[[[39.185107,38.662408],[39.185278,38.662353],[39.18537,38.662528],[39.185198,38.662583],[39.185107,38.662408]]]}},{"type":"Feature","id":"way/700804308","properties":{"osm_id":"way/700804308","osm_type":"way","building":"yes","name":null,"levels":null,"source":"OpenStreetMap","source_url":"https://www.openstreetmap.org/copyright","licence":"ODbL 1.0","retrieved_on":"2026-09-03","vulnerability_function_id":null,"vulnerability_class":"Not assigned","osm_tags":{"building":"yes"}},"geometry":{"type":"Polygon","coordinates":[[[39.185042,38.66213],[39.185214,38.662075],[39.185306,38.66225],[39.185134,38.662305],[39.185042,38.66213]]]}},{"type":"Feature","id":"way/700804309","properties":{"osm_id":"way/700804309","osm_type":"way","building":"yes","name":null,"levels":null,"source":"OpenStreetMap","source_url":"https://www.openstreetmap.org/copyright","licence":"ODbL 1.0","retrieved_on":"2026-09-03","vulnerability_function_id":null,"vulnerability_class":"Not assigned","osm_tags":{"building":"yes"}},"geometry":{"type":"Polygon","coordinates":[[[39.184537,38.662571],[39.184435,38.662446],[39.184709,38.66231],[39.184811,38.662435],[39.184537,38.662571]]]}},{"type":"Feature","id":"way/700804310","properties":{"osm_id":"way/700804310","osm_type":"way","building":"yes","name":null,"levels":null,"source":"OpenStreetMap","source_url":"https://www.openstreetmap.org/copyright","licence":"ODbL 1.0","retrieved_on":"2026-09-03","vulnerability_function_id":null,"vulnerability_class":"Not assigned","osm_tags":{"building":"yes"}},"geometry":{"type":"Polygon","coordinates":[[[39.184911,38.663194],[39.184809,38.663069],[39.185083,38.662932],[39.185185,38.663057],[39.184911,38.663194]]]}},{"type":"Feature","id":"way/700804311","properties":{"osm_id":"way/700804311","osm_type":"way","building":"yes","name":null,"levels":null,"source":"OpenStreetMap","source_url":"https://www.openstreetmap.org/copyright","licence":"ODbL 1.0","retrieved_on":"2026-09-03","vulnerability_function_id":null,"vulnerability_class":"Not assigned","osm_tags":{"building":"yes"}},"geometry":{"type":"Polygon","coordinates":[[[39.184472,38.662732],[39.184621,38.662657],[39.184794,38.662866],[39.184646,38.662941],[39.184472,38.662732]]]}},{"type":"Feature","id":"way/700804312","properties":{"osm_id":"way/700804312","osm_type":"way","building":"yes","name":null,"levels":null,"source":"OpenStreetMap","source_url":"https://www.openstreetmap.org/copyright","licence":"ODbL 1.0","retrieved_on":"2026-09-03","vulnerability_function_id":null,"vulnerability_class":"Not assigned","osm_tags":{"building":"yes"}},"geometry":{"type":"Polygon","coordinates":[[[39.184302,38.663086],[39.184444,38.663025],[39.18452,38.663147],[39.184699,38.663138],[39.18471,38.66327],[39.184522,38.663275],[39.184442,38.663386],[39.184297,38.663317],[39.184377,38.66321],[39.184302,38.663086]]]}},{"type":"Feature","id":"way/700804313","properties":{"osm_id":"way/700804313","osm_type":"way","building":"yes","name":null,"levels":null,"source":"OpenStreetMap","source_url":"https://www.openstreetmap.org/copyright","licence":"ODbL 1.0","retrieved_on":"2026-09-03","vulnerability_function_id":null,"vulnerability_class":"Not assigned","osm_tags":{"building":"yes"}},"geometry":{"type":"Polygon","coordinates":[[[39.185097,38.663452],[39.185009,38.663331],[39.18526,38.66322],[39.185348,38.663342],[39.185097,38.663452]]]}},{"type":"Feature","id":"way/700804314","properties":{"osm_id":"way/700804314","osm_type":"way","building":"yes","name":null,"levels":null,"source":"OpenStreetMap","source_url":"https://www.openstreetmap.org/copyright","licence":"ODbL 1.0","retrieved_on":"2026-09-03","vulnerability_function_id":null,"vulnerability_class":"Not assigned","osm_tags":{"building":"yes"}},"geometry":{"type":"Polygon","coordinates":[[[39.185817,38.662593],[39.185699,38.66238],[39.185628,38.662404],[39.185608,38.662368],[39.185628,38.662361],[39.185608,38.662325],[39.185637,38.662315],[39.185626,38.662295],[39.185836,38.662224],[39.186054,38.662618],[39.185861,38.662684],[39.185853,38.662669],[39.185821,38.66268],[39.185803,38.662647],[39.185774,38.662657],[39.185751,38.662615],[39.185817,38.662593]]]}},{"type":"Feature","id":"way/700804315","properties":{"osm_id":"way/700804315","osm_type":"way","building":"yes","name":null,"levels":null,"source":"OpenStreetMap","source_url":"https://www.openstreetmap.org/copyright","licence":"ODbL 1.0","retrieved_on":"2026-09-03","vulnerability_function_id":null,"vulnerability_class":"Not assigned","osm_tags":{"building":"yes"}},"geometry":{"type":"Polygon","coordinates":[[[39.184513,38.667176],[39.18449,38.667051],[39.184728,38.667024],[39.184751,38.667149],[39.184513,38.667176]]]}},{"type":"Feature","id":"way/700804316","properties":{"osm_id":"way/700804316","osm_type":"way","building":"yes","name":null,"levels":null,"source":"OpenStreetMap","source_url":"https://www.openstreetmap.org/copyright","licence":"ODbL 1.0","retrieved_on":"2026-09-03","vulnerability_function_id":null,"vulnerability_class":"Not assigned","osm_tags":{"building":"yes"}},"geometry":{"type":"Polygon","coordinates":[[[39.183803,38.665912],[39.183863,38.665784],[39.183992,38.665821],[39.183932,38.665949],[39.183803,38.665912]]]}},{"type":"Feature","id":"way/700804317","properties":{"osm_id":"way/700804317","osm_type":"way","building":"yes","name":null,"levels":null,"source":"OpenStreetMap","source_url":"https://www.openstreetmap.org/copyright","licence":"ODbL 1.0","retrieved_on":"2026-09-03","vulnerability_function_id":null,"vulnerability_class":"Not assigned","osm_tags":{"building":"yes"}},"geometry":{"type":"Polygon","coordinates":[[[39.185902,38.666976],[39.185813,38.666811],[39.185957,38.666764],[39.186045,38.666929],[39.185902,38.666976]]]}},{"type":"Feature","id":"way/700804319","properties":{"osm_id":"way/700804319","osm_type":"way","building":"yes","name":null,"levels":null,"source":"OpenStreetMap","source_url":"https://www.openstreetmap.org/copyright","licence":"ODbL 1.0","retrieved_on":"2026-09-03","vulnerability_function_id":null,"vulnerability_class":"Not assigned","osm_tags":{"building":"yes"}},"geometry":{"type":"Polygon","coordinates":[[[39.185996,38.667121],[39.185955,38.666995],[39.186185,38.66695],[39.186225,38.667076],[39.185996,38.667121]]]}},{"type":"Feature","id":"way/700804320","properties":{"osm_id":"way/700804320","osm_type":"way","building":"yes","name":null,"levels":null,"source":"OpenStreetMap","source_url":"https://www.openstreetmap.org/copyright","licence":"ODbL 1.0","retrieved_on":"2026-09-03","vulnerability_function_id":null,"vulnerability_class":"Not assigned","osm_tags":{"building":"yes"}},"geometry":{"type":"Polygon","coordinates":[[[39.186332,38.667052],[39.186292,38.666927],[39.186521,38.666882],[39.186562,38.667007],[39.186332,38.667052]]]}},{"type":"Feature","id":"way/700804321","properties":{"osm_id":"way/700804321","osm_type":"way","building":"yes","name":null,"levels":null,"source":"OpenStreetMap","source_url":"https://www.openstreetmap.org/copyright","licence":"ODbL 1.0","retrieved_on":"2026-09-03","vulnerability_function_id":null,"vulnerability_class":"Not assigned","osm_tags":{"building":"yes"}},"geometry":{"type":"Polygon","coordinates":[[[39.186349,38.666862],[39.186274,38.666694],[39.186425,38.666653],[39.1865,38.666821],[39.186349,38.666862]]]}},{"type":"Feature","id":"way/700804322","properties":{"osm_id":"way/700804322","osm_type":"way","building":"yes","name":null,"levels":null,"source":"OpenStreetMap","source_url":"https://www.openstreetmap.org/copyright","licence":"ODbL 1.0","retrieved_on":"2026-09-03","vulnerability_function_id":null,"vulnerability_class":"Not assigned","osm_tags":{"building":"yes"}},"geometry":{"type":"Polygon","coordinates":[[[39.188622,38.665082],[39.188849,38.665008],[39.188931,38.665163],[39.188704,38.665236],[39.188622,38.665082]]]}},{"type":"Feature","id":"way/700804323","properties":{"osm_id":"way/700804323","osm_type":"way","building":"yes","name":null,"levels":null,"source":"OpenStreetMap","source_url":"https://www.openstreetmap.org/copyright","licence":"ODbL 1.0","retrieved_on":"2026-09-03","vulnerability_function_id":null,"vulnerability_class":"Not assigned","osm_tags":{"building":"yes"}},"geometry":{"type":"Polygon","coordinates":[[[39.188909,38.66523],[39.189135,38.665156],[39.189217,38.665311],[39.188991,38.665385],[39.188909,38.66523]]]}},{"type":"Feature","id":"way/700804324","properties":{"osm_id":"way/700804324","osm_type":"way","building":"yes","name":null,"levels":null,"source":"OpenStreetMap","source_url":"https://www.openstreetmap.org/copyright","licence":"ODbL 1.0","retrieved_on":"2026-09-03","vulnerability_function_id":null,"vulnerability_class":"Not assigned","osm_tags":{"building":"yes"}},"geometry":{"type":"Polygon","coordinates":[[[39.188579,38.665347],[39.188806,38.665274],[39.188888,38.665429],[39.188661,38.665502],[39.188579,38.665347]]]}},{"type":"Feature","id":"way/700823195","properties":{"osm_id":"way/700823195","osm_type":"way","building":"yes","name":null,"levels":null,"source":"OpenStreetMap","source_url":"https://www.openstreetmap.org/copyright","licence":"ODbL 1.0","retrieved_on":"2026-09-03","vulnerability_function_id":null,"vulnerability_class":"Not assigned","osm_tags":{"building":"yes"}},"geometry":{"type":"Polygon","coordinates":[[[39.191607,38.666584],[39.19166,38.666489],[39.191755,38.666521],[39.191915,38.666575],[39.191862,38.666671],[39.191607,38.666584]]]}},{"type":"Feature","id":"way/700823196","properties":{"osm_id":"way/700823196","osm_type":"way","building":"yes","name":null,"levels":null,"source":"OpenStreetMap","source_url":"https://www.openstreetmap.org/copyright","licence":"ODbL 1.0","retrieved_on":"2026-09-03","vulnerability_function_id":null,"vulnerability_class":"Not assigned","osm_tags":{"building":"yes"}},"geometry":{"type":"Polygon","coordinates":[[[39.191591,38.666467],[39.191672,38.666317],[39.191736,38.666338],[39.191786,38.666245],[39.192045,38.666331],[39.19199,38.666432],[39.191831,38.66638],[39.191755,38.666521],[39.19166,38.666489],[39.191591,38.666467]]]}},{"type":"Feature","id":"way/700823197","properties":{"osm_id":"way/700823197","osm_type":"way","building":"yes","name":null,"levels":null,"source":"OpenStreetMap","source_url":"https://www.openstreetmap.org/copyright","licence":"ODbL 1.0","retrieved_on":"2026-09-03","vulnerability_function_id":null,"vulnerability_class":"Not assigned","osm_tags":{"building":"yes"}},"geometry":{"type":"Polygon","coordinates":[[[39.191902,38.666018],[39.191949,38.665916],[39.192038,38.665943],[39.192187,38.665985],[39.192141,38.666085],[39.191902,38.666018]]]}},{"type":"Feature","id":"way/700823198","properties":{"osm_id":"way/700823198","osm_type":"way","building":"yes","name":null,"levels":null,"source":"OpenStreetMap","source_url":"https://www.openstreetmap.org/copyright","licence":"ODbL 1.0","retrieved_on":"2026-09-03","vulnerability_function_id":null,"vulnerability_class":"Not assigned","osm_tags":{"building":"yes"}},"geometry":{"type":"Polygon","coordinates":[[[39.192028,38.665765],[39.192073,38.665665],[39.192312,38.665732],[39.192266,38.665833],[39.192113,38.66579],[39.192028,38.665765]]]}},{"type":"Feature","id":"way/700823199","properties":{"osm_id":"way/700823199","osm_type":"way","building":"yes","name":null,"levels":null,"source":"OpenStreetMap","source_url":"https://www.openstreetmap.org/copyright","licence":"ODbL 1.0","retrieved_on":"2026-09-03","vulnerability_function_id":null,"vulnerability_class":"Not assigned","osm_tags":{"building":"yes"}},"geometry":{"type":"Polygon","coordinates":[[[39.192113,38.66579],[39.192028,38.665765],[39.191958,38.665744],[39.191884,38.665896],[39.191949,38.665916],[39.192038,38.665943],[39.192113,38.66579]]]}},{"type":"Feature","id":"way/700823200","properties":{"osm_id":"way/700823200","osm_type":"way","building":"yes","name":null,"levels":null,"source":"OpenStreetMap","source_url":"https://www.openstreetmap.org/copyright","licence":"ODbL 1.0","retrieved_on":"2026-09-03","vulnerability_function_id":null,"vulnerability_class":"Not assigned","osm_tags":{"building":"yes"}},"geometry":{"type":"Polygon","coordinates":[[[39.191391,38.665986],[39.191476,38.66582],[39.191675,38.665882],[39.19159,38.666048],[39.191391,38.665986]]]}},{"type":"Feature","id":"way/700823201","properties":{"osm_id":"way/700823201","osm_type":"way","building":"yes","name":null,"levels":null,"source":"OpenStreetMap","source_url":"https://www.openstreetmap.org/copyright","licence":"ODbL 1.0","retrieved_on":"2026-09-03","vulnerability_function_id":null,"vulnerability_class":"Not assigned","osm_tags":{"building":"yes"}},"geometry":{"type":"Polygon","coordinates":[[[39.190381,38.663969],[39.190609,38.663858],[39.190727,38.663999],[39.190711,38.664028],[39.190507,38.66412],[39.190464,38.664099],[39.190381,38.663969]]]}},{"type":"Feature","id":"way/700823202","properties":{"osm_id":"way/700823202","osm_type":"way","building":"yes","name":null,"levels":null,"source":"OpenStreetMap","source_url":"https://www.openstreetmap.org/copyright","licence":"ODbL 1.0","retrieved_on":"2026-09-03","vulnerability_function_id":null,"vulnerability_class":"Not assigned","osm_tags":{"building":"yes"}},"geometry":{"type":"Polygon","coordinates":[[[39.188502,38.664761],[39.18877,38.664656],[39.188939,38.664918],[39.188787,38.664977],[39.188689,38.664826],[39.188573,38.664871],[39.188502,38.664761]]]}},{"type":"Feature","id":"way/700823204","properties":{"osm_id":"way/700823204","osm_type":"way","building":"yes","name":null,"levels":null,"source":"OpenStreetMap","source_url":"https://www.openstreetmap.org/copyright","licence":"ODbL 1.0","retrieved_on":"2026-09-03","vulnerability_function_id":null,"vulnerability_class":"Not assigned","osm_tags":{"building":"yes"}},"geometry":{"type":"Polygon","coordinates":[[[39.191044,38.666398],[39.191063,38.666357],[39.191088,38.666364],[39.191098,38.666343],[39.191122,38.666351],[39.191136,38.666322],[39.191332,38.66638],[39.191322,38.666402],[39.191351,38.66641],[39.191343,38.666427],[39.191376,38.666437],[39.191347,38.666496],[39.191329,38.666491],[39.191304,38.666544],[39.191222,38.666519],[39.191232,38.666499],[39.191126,38.666467],[39.191115,38.666489],[39.191042,38.666467],[39.191071,38.666406],[39.191044,38.666398]]]}},{"type":"Feature","id":"way/700823205","properties":{"osm_id":"way/700823205","osm_type":"way","building":"yes","name":null,"levels":null,"source":"OpenStreetMap","source_url":"https://www.openstreetmap.org/copyright","licence":"ODbL 1.0","retrieved_on":"2026-09-03","vulnerability_function_id":null,"vulnerability_class":"Not assigned","osm_tags":{"building":"yes"}},"geometry":{"type":"Polygon","coordinates":[[[39.190227,38.667859],[39.190344,38.667632],[39.190514,38.667685],[39.190397,38.667912],[39.190227,38.667859]]]}},{"type":"Feature","id":"way/700823206","properties":{"osm_id":"way/700823206","osm_type":"way","building":"yes","name":null,"levels":null,"source":"OpenStreetMap","source_url":"https://www.openstreetmap.org/copyright","licence":"ODbL 1.0","retrieved_on":"2026-09-03","vulnerability_function_id":null,"vulnerability_class":"Not assigned","osm_tags":{"building":"yes"}},"geometry":{"type":"Polygon","coordinates":[[[39.191551,38.667785],[39.191591,38.667711],[39.191734,38.667758],[39.191694,38.667832],[39.191551,38.667785]]]}},{"type":"Feature","id":"way/700823208","properties":{"osm_id":"way/700823208","osm_type":"way","building":"yes","name":null,"levels":null,"source":"OpenStreetMap","source_url":"https://www.openstreetmap.org/copyright","licence":"ODbL 1.0","retrieved_on":"2026-09-03","vulnerability_function_id":null,"vulnerability_class":"Not assigned","osm_tags":{"building":"yes"}},"geometry":{"type":"Polygon","coordinates":[[[39.187754,38.666053],[39.188134,38.665911],[39.188159,38.665953],[39.188189,38.665941],[39.188246,38.666034],[39.188124,38.66608],[39.188113,38.666062],[39.187947,38.666124],[39.187957,38.66614],[39.187825,38.666189],[39.1878,38.666149],[39.187785,38.666155],[39.18776,38.666114],[39.187786,38.666104],[39.187754,38.666053]]]}},{"type":"Feature","id":"way/700823209","properties":{"osm_id":"way/700823209","osm_type":"way","building":"yes","name":null,"levels":null,"source":"OpenStreetMap","source_url":"https://www.openstreetmap.org/copyright","licence":"ODbL 1.0","retrieved_on":"2026-09-03","vulnerability_function_id":null,"vulnerability_class":"Not assigned","osm_tags":{"building":"yes"}},"geometry":{"type":"Polygon","coordinates":[[[39.18807,38.666556],[39.18845,38.666414],[39.188425,38.666373],[39.188455,38.666362],[39.188398,38.666269],[39.188276,38.666314],[39.188286,38.666332],[39.188121,38.666394],[39.188111,38.666379],[39.187979,38.666428],[39.188003,38.666468],[39.187988,38.666474],[39.188013,38.666515],[39.188039,38.666505],[39.18807,38.666556]]]}},{"type":"Feature","id":"way/700823210","properties":{"osm_id":"way/700823210","osm_type":"way","building":"yes","name":null,"levels":null,"source":"OpenStreetMap","source_url":"https://www.openstreetmap.org/copyright","licence":"ODbL 1.0","retrieved_on":"2026-09-03","vulnerability_function_id":null,"vulnerability_class":"Not assigned","osm_tags":{"building":"yes"}},"geometry":{"type":"Polygon","coordinates":[[[39.187189,38.66715],[39.187273,38.667068],[39.187395,38.667042],[39.187589,38.667152],[39.18746,38.667294],[39.187189,38.66715]]]}},{"type":"Feature","id":"way/700823211","properties":{"osm_id":"way/700823211","osm_type":"way","building":"yes","name":null,"levels":null,"source":"OpenStreetMap","source_url":"https://www.openstreetmap.org/copyright","licence":"ODbL 1.0","retrieved_on":"2026-09-03","vulnerability_function_id":null,"vulnerability_class":"Not assigned","osm_tags":{"building":"yes"}},"geometry":{"type":"Polygon","coordinates":[[[39.186535,38.668027],[39.186648,38.667905],[39.186869,38.668036],[39.186764,38.668151],[39.186722,38.668158],[39.186715,38.668127],[39.186671,38.668125],[39.186652,38.668087],[39.186608,38.668089],[39.186596,38.66806],[39.186557,38.668062],[39.186535,38.668027]]]}},{"type":"Feature","id":"way/700823212","properties":{"osm_id":"way/700823212","osm_type":"way","building":"yes","name":null,"levels":null,"source":"OpenStreetMap","source_url":"https://www.openstreetmap.org/copyright","licence":"ODbL 1.0","retrieved_on":"2026-09-03","vulnerability_function_id":null,"vulnerability_class":"Not assigned","osm_tags":{"building":"yes"}},"geometry":{"type":"Polygon","coordinates":[[[39.186242,38.667862],[39.186355,38.66774],[39.186576,38.667871],[39.186471,38.667986],[39.186429,38.667993],[39.186422,38.667962],[39.186378,38.66796],[39.186359,38.667922],[39.186315,38.667924],[39.186303,38.667895],[39.186264,38.667897],[39.186242,38.667862]]]}},{"type":"Feature","id":"way/700823213","properties":{"osm_id":"way/700823213","osm_type":"way","building":"yes","name":null,"levels":null,"source":"OpenStreetMap","source_url":"https://www.openstreetmap.org/copyright","licence":"ODbL 1.0","retrieved_on":"2026-09-03","vulnerability_function_id":null,"vulnerability_class":"Not assigned","osm_tags":{"building":"yes"}},"geometry":{"type":"Polygon","coordinates":[[[39.186709,38.667805],[39.186822,38.667683],[39.187043,38.667814],[39.186938,38.667929],[39.186896,38.667937],[39.186889,38.667906],[39.186845,38.667904],[39.186826,38.667866],[39.186782,38.667867],[39.18677,38.667838],[39.186731,38.66784],[39.186709,38.667805]]]}},{"type":"Feature","id":"way/700823214","properties":{"osm_id":"way/700823214","osm_type":"way","building":"yes","name":null,"levels":null,"source":"OpenStreetMap","source_url":"https://www.openstreetmap.org/copyright","licence":"ODbL 1.0","retrieved_on":"2026-09-03","vulnerability_function_id":null,"vulnerability_class":"Not assigned","osm_tags":{"building":"yes"}},"geometry":{"type":"Polygon","coordinates":[[[39.186128,38.66749],[39.18624,38.667368],[39.186462,38.667499],[39.186357,38.667614],[39.186315,38.667621],[39.186308,38.66759],[39.186264,38.667589],[39.186245,38.66755],[39.1862,38.667552],[39.186189,38.667523],[39.186149,38.667525],[39.186128,38.66749]]]}},{"type":"Feature","id":"way/700823215","properties":{"osm_id":"way/700823215","osm_type":"way","building":"yes","name":null,"levels":null,"source":"OpenStreetMap","source_url":"https://www.openstreetmap.org/copyright","licence":"ODbL 1.0","retrieved_on":"2026-09-03","vulnerability_function_id":null,"vulnerability_class":"Not assigned","osm_tags":{"building":"yes"}},"geometry":{"type":"Polygon","coordinates":[[[39.18592,38.667689],[39.186032,38.667567],[39.186254,38.667698],[39.186149,38.667813],[39.186107,38.66782],[39.1861,38.667789],[39.186056,38.667787],[39.186037,38.667749],[39.185993,38.667751],[39.185981,38.667722],[39.185941,38.667723],[39.18592,38.667689]]]}},{"type":"Feature","id":"way/700823216","properties":{"osm_id":"way/700823216","osm_type":"way","building":"yes","name":null,"levels":null,"source":"OpenStreetMap","source_url":"https://www.openstreetmap.org/copyright","licence":"ODbL 1.0","retrieved_on":"2026-09-03","vulnerability_function_id":null,"vulnerability_class":"Not assigned","osm_tags":{"building":"yes"}},"geometry":{"type":"Polygon","coordinates":[[[39.185681,38.667531],[39.185651,38.667498],[39.185646,38.667469],[39.185739,38.667454],[39.185735,38.667433],[39.185914,38.667391],[39.185919,38.667411],[39.186015,38.667387],[39.18602,38.667442],[39.185982,38.667453],[39.185991,38.667496],[39.185982,38.667515],[39.185949,38.667533],[39.185807,38.667566],[39.185751,38.667566],[39.185737,38.667518],[39.185681,38.667531]]]}},{"type":"Feature","id":"way/700823217","properties":{"osm_id":"way/700823217","osm_type":"way","building":"yes","name":null,"levels":null,"source":"OpenStreetMap","source_url":"https://www.openstreetmap.org/copyright","licence":"ODbL 1.0","retrieved_on":"2026-09-03","vulnerability_function_id":null,"vulnerability_class":"Not assigned","osm_tags":{"building":"yes"}},"geometry":{"type":"Polygon","coordinates":[[[39.183705,38.669407],[39.183875,38.669178],[39.184444,38.669436],[39.184274,38.669665],[39.183705,38.669407]]]}},{"type":"Feature","id":"way/700823218","properties":{"osm_id":"way/700823218","osm_type":"way","building":"yes","name":null,"levels":null,"source":"OpenStreetMap","source_url":"https://www.openstreetmap.org/copyright","licence":"ODbL 1.0","retrieved_on":"2026-09-03","vulnerability_function_id":null,"vulnerability_class":"Not assigned","osm_tags":{"building":"yes"}},"geometry":{"type":"Polygon","coordinates":[[[39.184245,38.670256],[39.184361,38.670092],[39.184563,38.670179],[39.184447,38.670343],[39.184245,38.670256]]]}},{"type":"Feature","id":"way/700823219","properties":{"osm_id":"way/700823219","osm_type":"way","building":"yes","name":null,"levels":null,"source":"OpenStreetMap","source_url":"https://www.openstreetmap.org/copyright","licence":"ODbL 1.0","retrieved_on":"2026-09-03","vulnerability_function_id":null,"vulnerability_class":"Not assigned","osm_tags":{"building":"yes"}},"geometry":{"type":"Polygon","coordinates":[[[39.184095,38.670473],[39.184211,38.67031],[39.184413,38.670397],[39.184297,38.670561],[39.184095,38.670473]]]}},{"type":"Feature","id":"way/700823220","properties":{"osm_id":"way/700823220","osm_type":"way","building":"yes","name":null,"levels":null,"source":"OpenStreetMap","source_url":"https://www.openstreetmap.org/copyright","licence":"ODbL 1.0","retrieved_on":"2026-09-03","vulnerability_function_id":null,"vulnerability_class":"Not assigned","osm_tags":{"building":"yes"}},"geometry":{"type":"Polygon","coordinates":[[[39.183925,38.670687],[39.184041,38.670523],[39.184243,38.67061],[39.184127,38.670774],[39.183925,38.670687]]]}},{"type":"Feature","id":"way/700823221","properties":{"osm_id":"way/700823221","osm_type":"way","building":"yes","name":null,"levels":null,"source":"OpenStreetMap","source_url":"https://www.openstreetmap.org/copyright","licence":"ODbL 1.0","retrieved_on":"2026-09-03","vulnerability_function_id":null,"vulnerability_class":"Not assigned","osm_tags":{"building":"yes"}},"geometry":{"type":"Polygon","coordinates":[[[39.181762,38.672373],[39.181736,38.672229],[39.181945,38.672207],[39.181971,38.672351],[39.181762,38.672373]]]}},{"type":"Feature","id":"way/700823222","properties":{"osm_id":"way/700823222","osm_type":"way","building":"yes","name":null,"levels":null,"source":"OpenStreetMap","source_url":"https://www.openstreetmap.org/copyright","licence":"ODbL 1.0","retrieved_on":"2026-09-03","vulnerability_function_id":null,"vulnerability_class":"Not assigned","osm_tags":{"building":"yes"}},"geometry":{"type":"Polygon","coordinates":[[[39.180292,38.67195],[39.18026,38.671811],[39.180494,38.671778],[39.180526,38.671917],[39.180292,38.67195]]]}},{"type":"Feature","id":"way/700849816","properties":{"osm_id":"way/700849816","osm_type":"way","building":"yes","name":null,"levels":null,"source":"OpenStreetMap","source_url":"https://www.openstreetmap.org/copyright","licence":"ODbL 1.0","retrieved_on":"2026-09-03","vulnerability_function_id":null,"vulnerability_class":"Not assigned","osm_tags":{"building":"yes"}},"geometry":{"type":"Polygon","coordinates":[[[39.180007,38.665593],[39.180168,38.665463],[39.180308,38.665568],[39.180308,38.665597],[39.180302,38.665622],[39.180262,38.665666],[39.180216,38.665685],[39.180174,38.6657],[39.180133,38.665685],[39.180007,38.665593]]]}},{"type":"Feature","id":"way/700849817","properties":{"osm_id":"way/700849817","osm_type":"way","building":"yes","name":null,"levels":null,"source":"OpenStreetMap","source_url":"https://www.openstreetmap.org/copyright","licence":"ODbL 1.0","retrieved_on":"2026-09-03","vulnerability_function_id":null,"vulnerability_class":"Not assigned","osm_tags":{"building":"yes"}},"geometry":{"type":"Polygon","coordinates":[[[39.18381,38.666328],[39.183768,38.666134],[39.183921,38.666114],[39.183963,38.666307],[39.18381,38.666328]]]}},{"type":"Feature","id":"way/700849818","properties":{"osm_id":"way/700849818","osm_type":"way","building":"yes","name":null,"levels":null,"source":"OpenStreetMap","source_url":"https://www.openstreetmap.org/copyright","licence":"ODbL 1.0","retrieved_on":"2026-09-03","vulnerability_function_id":null,"vulnerability_class":"Not assigned","osm_tags":{"building":"yes"}},"geometry":{"type":"Polygon","coordinates":[[[39.184067,38.666294],[39.184025,38.6661],[39.184178,38.66608],[39.18422,38.666274],[39.184067,38.666294]]]}},{"type":"Feature","id":"way/700849819","properties":{"osm_id":"way/700849819","osm_type":"way","building":"yes","name":null,"levels":null,"source":"OpenStreetMap","source_url":"https://www.openstreetmap.org/copyright","licence":"ODbL 1.0","retrieved_on":"2026-09-03","vulnerability_function_id":null,"vulnerability_class":"Not assigned","osm_tags":{"building":"yes"}},"geometry":{"type":"Polygon","coordinates":[[[39.187034,38.667352],[39.187161,38.667203],[39.18743,38.667342],[39.187303,38.667492],[39.187034,38.667352]]]}},{"type":"Feature","id":"way/700849820","properties":{"osm_id":"way/700849820","osm_type":"way","building":"yes","name":null,"levels":null,"source":"OpenStreetMap","source_url":"https://www.openstreetmap.org/copyright","licence":"ODbL 1.0","retrieved_on":"2026-09-03","vulnerability_function_id":null,"vulnerability_class":"Not assigned","osm_tags":{"building":"yes"}},"geometry":{"type":"Polygon","coordinates":[[[39.186861,38.667545],[39.186988,38.667395],[39.187258,38.667535],[39.187131,38.667685],[39.186861,38.667545]]]}},{"type":"Feature","id":"way/700849821","properties":{"osm_id":"way/700849821","osm_type":"way","building":"yes","name":null,"levels":null,"source":"OpenStreetMap","source_url":"https://www.openstreetmap.org/copyright","licence":"ODbL 1.0","retrieved_on":"2026-09-03","vulnerability_function_id":null,"vulnerability_class":"Not assigned","osm_tags":{"building":"yes"}},"geometry":{"type":"Polygon","coordinates":[[[39.186566,38.667381],[39.186693,38.667232],[39.186963,38.667372],[39.186836,38.667521],[39.186566,38.667381]]]}},{"type":"Feature","id":"way/700849822","properties":{"osm_id":"way/700849822","osm_type":"way","building":"yes","name":null,"levels":null,"source":"OpenStreetMap","source_url":"https://www.openstreetmap.org/copyright","licence":"ODbL 1.0","retrieved_on":"2026-09-03","vulnerability_function_id":null,"vulnerability_class":"Not assigned","osm_tags":{"building":"yes"}},"geometry":{"type":"Polygon","coordinates":[[[39.187065,38.665502],[39.187255,38.665429],[39.187392,38.66564],[39.18721,38.665722],[39.187065,38.665502]]]}},{"type":"Feature","id":"way/700849823","properties":{"osm_id":"way/700849823","osm_type":"way","building":"yes","name":null,"levels":null,"source":"OpenStreetMap","source_url":"https://www.openstreetmap.org/copyright","licence":"ODbL 1.0","retrieved_on":"2026-09-03","vulnerability_function_id":null,"vulnerability_class":"Not assigned","osm_tags":{"building":"yes"}},"geometry":{"type":"Polygon","coordinates":[[[39.187076,38.665873],[39.187266,38.665799],[39.187403,38.666011],[39.187221,38.666093],[39.187076,38.665873]]]}},{"type":"Feature","id":"way/700849824","properties":{"osm_id":"way/700849824","osm_type":"way","building":"yes","name":null,"levels":null,"source":"OpenStreetMap","source_url":"https://www.openstreetmap.org/copyright","licence":"ODbL 1.0","retrieved_on":"2026-09-03","vulnerability_function_id":null,"vulnerability_class":"Not assigned","osm_tags":{"building":"yes"}},"geometry":{"type":"Polygon","coordinates":[[[39.186703,38.665307],[39.186893,38.665234],[39.18703,38.665446],[39.186848,38.665527],[39.186703,38.665307]]]}},{"type":"Feature","id":"way/701040335","properties":{"osm_id":"way/701040335","osm_type":"way","building":"yes","name":null,"levels":null,"source":"OpenStreetMap","source_url":"https://www.openstreetmap.org/copyright","licence":"ODbL 1.0","retrieved_on":"2026-09-03","vulnerability_function_id":null,"vulnerability_class":"Not assigned","osm_tags":{"building":"yes"}},"geometry":{"type":"Polygon","coordinates":[[[39.182771,38.666693],[39.182765,38.666663],[39.182744,38.666665],[39.182727,38.666575],[39.182881,38.666558],[39.182876,38.666533],[39.183047,38.666514],[39.183084,38.666724],[39.182983,38.666735],[39.182981,38.666723],[39.182918,38.66673],[39.182908,38.666677],[39.182771,38.666693]]]}},{"type":"Feature","id":"way/701040336","properties":{"osm_id":"way/701040336","osm_type":"way","building":"yes","name":null,"levels":null,"source":"OpenStreetMap","source_url":"https://www.openstreetmap.org/copyright","licence":"ODbL 1.0","retrieved_on":"2026-09-03","vulnerability_function_id":null,"vulnerability_class":"Not assigned","osm_tags":{"building":"yes"}},"geometry":{"type":"Polygon","coordinates":[[[39.183818,38.668626],[39.183916,38.668499],[39.18414,38.668599],[39.184054,38.668732],[39.184012,38.668739],[39.18383,38.668654],[39.183818,38.668626]]]}},{"type":"Feature","id":"way/701040338","properties":{"osm_id":"way/701040338","osm_type":"way","building":"yes","name":null,"levels":null,"source":"OpenStreetMap","source_url":"https://www.openstreetmap.org/copyright","licence":"ODbL 1.0","retrieved_on":"2026-09-03","vulnerability_function_id":null,"vulnerability_class":"Not assigned","osm_tags":{"building":"yes"}},"geometry":{"type":"Polygon","coordinates":[[[39.183578,38.668105],[39.183662,38.668036],[39.183727,38.668074],[39.183804,38.668014],[39.183816,38.668025],[39.183919,38.66793],[39.183933,38.667939],[39.183954,38.667917],[39.183968,38.66793],[39.183993,38.667904],[39.18407,38.667955],[39.18404,38.667977],[39.184054,38.667988],[39.183919,38.668134],[39.183907,38.668171],[39.18387,38.668202],[39.183828,38.668245],[39.183716,38.668176],[39.183737,38.668154],[39.18372,38.66814],[39.183669,38.668185],[39.183625,38.66816],[39.183639,38.668145],[39.183578,38.668105]]]}},{"type":"Feature","id":"way/701040340","properties":{"osm_id":"way/701040340","osm_type":"way","building":"yes","name":null,"levels":null,"source":"OpenStreetMap","source_url":"https://www.openstreetmap.org/copyright","licence":"ODbL 1.0","retrieved_on":"2026-09-03","vulnerability_function_id":null,"vulnerability_class":"Not assigned","osm_tags":{"building":"yes"}},"geometry":{"type":"Polygon","coordinates":[[[39.179905,38.665139],[39.179811,38.665024],[39.179858,38.665011],[39.179924,38.665009],[39.179968,38.665009],[39.180001,38.665035],[39.180082,38.665082],[39.180117,38.665097],[39.180143,38.665111],[39.180127,38.665131],[39.180143,38.66514],[39.180012,38.665286],[39.179924,38.66523],[39.179963,38.665186],[39.179949,38.66517],[39.179963,38.665152],[39.179926,38.665128],[39.179905,38.665139]]]}},{"type":"Feature","id":"way/701040346","properties":{"osm_id":"way/701040346","osm_type":"way","building":"yes","name":null,"levels":null,"source":"OpenStreetMap","source_url":"https://www.openstreetmap.org/copyright","licence":"ODbL 1.0","retrieved_on":"2026-09-03","vulnerability_function_id":null,"vulnerability_class":"Not assigned","osm_tags":{"building":"yes"}},"geometry":{"type":"Polygon","coordinates":[[[39.180178,38.662965],[39.180173,38.662866],[39.179877,38.662874],[39.179879,38.662927],[39.179894,38.662927],[39.179896,38.662973],[39.180178,38.662965]]]}},{"type":"Feature","id":"way/701040348","properties":{"osm_id":"way/701040348","osm_type":"way","building":"yes","name":null,"levels":null,"source":"OpenStreetMap","source_url":"https://www.openstreetmap.org/copyright","licence":"ODbL 1.0","retrieved_on":"2026-09-03","vulnerability_function_id":null,"vulnerability_class":"Not assigned","osm_tags":{"building":"yes"}},"geometry":{"type":"Polygon","coordinates":[[[39.180221,38.664088],[39.180434,38.663978],[39.180423,38.663965],[39.180441,38.663956],[39.18034,38.663837],[39.180319,38.663848],[39.18029,38.663814],[39.180218,38.663852],[39.180232,38.663868],[39.180162,38.663904],[39.180152,38.663892],[39.1801,38.663918],[39.180114,38.663934],[39.180097,38.663943],[39.180107,38.663956],[39.180087,38.663967],[39.180187,38.664085],[39.180209,38.664074],[39.180221,38.664088]]]}},{"type":"Feature","id":"way/701040349","properties":{"osm_id":"way/701040349","osm_type":"way","building":"yes","name":null,"levels":null,"source":"OpenStreetMap","source_url":"https://www.openstreetmap.org/copyright","licence":"ODbL 1.0","retrieved_on":"2026-09-03","vulnerability_function_id":null,"vulnerability_class":"Not assigned","osm_tags":{"building":"yes"}},"geometry":{"type":"Polygon","coordinates":[[[39.180574,38.663899],[39.180787,38.663789],[39.180776,38.663776],[39.180794,38.663767],[39.180694,38.663649],[39.180672,38.66366],[39.180643,38.663626],[39.180571,38.663663],[39.180585,38.66368],[39.180515,38.663716],[39.180505,38.663703],[39.180454,38.66373],[39.180467,38.663746],[39.18045,38.663755],[39.180461,38.663767],[39.18044,38.663778],[39.18054,38.663896],[39.180562,38.663885],[39.180574,38.663899]]]}},{"type":"Feature","id":"way/701040353","properties":{"osm_id":"way/701040353","osm_type":"way","building":"yes","name":null,"levels":null,"source":"OpenStreetMap","source_url":"https://www.openstreetmap.org/copyright","licence":"ODbL 1.0","retrieved_on":"2026-09-03","vulnerability_function_id":null,"vulnerability_class":"Not assigned","osm_tags":{"building":"yes"}},"geometry":{"type":"Polygon","coordinates":[[[39.196586,38.668562],[39.196619,38.668391],[39.196816,38.668415],[39.196783,38.668585],[39.196586,38.668562]]]}},{"type":"Feature","id":"way/701040354","properties":{"osm_id":"way/701040354","osm_type":"way","building":"yes","name":null,"levels":null,"source":"OpenStreetMap","source_url":"https://www.openstreetmap.org/copyright","licence":"ODbL 1.0","retrieved_on":"2026-09-03","vulnerability_function_id":null,"vulnerability_class":"Not assigned","osm_tags":{"building":"yes"}},"geometry":{"type":"Polygon","coordinates":[[[39.196314,38.668567],[39.19633,38.66846],[39.196446,38.668458],[39.196451,38.668431],[39.196537,38.668428],[39.196518,38.668579],[39.196314,38.668567]]]}},{"type":"Feature","id":"way/701040356","properties":{"osm_id":"way/701040356","osm_type":"way","building":"dormitory","name":"Gazi Teknik Lisi Ve Endüstiri Msl Pansiyonu","levels":null,"source":"OpenStreetMap","source_url":"https://www.openstreetmap.org/copyright","licence":"ODbL 1.0","retrieved_on":"2026-09-03","vulnerability_function_id":null,"vulnerability_class":"Not assigned","osm_tags":{"addr:city":"Elazığ","building":"dormitory","name":"Gazi Teknik Lisi Ve Endüstiri Msl Pansiyonu"}},"geometry":{"type":"Polygon","coordinates":[[[39.197978,38.667229],[39.197964,38.667153],[39.198241,38.667121],[39.198256,38.667198],[39.198423,38.667178],[39.198435,38.66724],[39.198405,38.667243],[39.198418,38.66731],[39.198149,38.667342],[39.198135,38.667271],[39.198085,38.667276],[39.198093,38.667319],[39.197902,38.667341],[39.197882,38.66724],[39.197978,38.667229]]]}},{"type":"Feature","id":"way/701040357","properties":{"osm_id":"way/701040357","osm_type":"way","building":"yes","name":null,"levels":null,"source":"OpenStreetMap","source_url":"https://www.openstreetmap.org/copyright","licence":"ODbL 1.0","retrieved_on":"2026-09-03","vulnerability_function_id":null,"vulnerability_class":"Not assigned","osm_tags":{"building":"yes"}},"geometry":{"type":"Polygon","coordinates":[[[39.197357,38.666963],[39.197292,38.666764],[39.1974,38.666742],[39.19739,38.666711],[39.197483,38.666689],[39.197563,38.666912],[39.197357,38.666963]]]}},{"type":"Feature","id":"way/701040358","properties":{"osm_id":"way/701040358","osm_type":"way","building":"yes","name":null,"levels":null,"source":"OpenStreetMap","source_url":"https://www.openstreetmap.org/copyright","licence":"ODbL 1.0","retrieved_on":"2026-09-03","vulnerability_function_id":null,"vulnerability_class":"Not assigned","osm_tags":{"building":"yes"}},"geometry":{"type":"Polygon","coordinates":[[[39.200325,38.667055],[39.200279,38.66683],[39.200388,38.666817],[39.200434,38.667042],[39.200325,38.667055]]]}},{"type":"Feature","id":"way/701040360","properties":{"osm_id":"way/701040360","osm_type":"way","building":"yes","name":null,"levels":null,"source":"OpenStreetMap","source_url":"https://www.openstreetmap.org/copyright","licence":"ODbL 1.0","retrieved_on":"2026-09-03","vulnerability_function_id":null,"vulnerability_class":"Not assigned","osm_tags":{"building":"yes"}},"geometry":{"type":"Polygon","coordinates":[[[39.195463,38.661921],[39.195474,38.661676],[39.195684,38.661682],[39.195673,38.661927],[39.195463,38.661921]]]}},{"type":"Feature","id":"way/701040361","properties":{"osm_id":"way/701040361","osm_type":"way","building":"yes","name":null,"levels":null,"source":"OpenStreetMap","source_url":"https://www.openstreetmap.org/copyright","licence":"ODbL 1.0","retrieved_on":"2026-09-03","vulnerability_function_id":null,"vulnerability_class":"Not assigned","osm_tags":{"building":"yes"}},"geometry":{"type":"Polygon","coordinates":[[[39.195448,38.662234],[39.195459,38.661989],[39.195668,38.661995],[39.195657,38.66224],[39.195448,38.662234]]]}},{"type":"Feature","id":"way/701040362","properties":{"osm_id":"way/701040362","osm_type":"way","building":"yes","name":null,"levels":null,"source":"OpenStreetMap","source_url":"https://www.openstreetmap.org/copyright","licence":"ODbL 1.0","retrieved_on":"2026-09-03","vulnerability_function_id":null,"vulnerability_class":"Not assigned","osm_tags":{"building":"yes"}},"geometry":{"type":"Polygon","coordinates":[[[39.191628,38.66165],[39.191682,38.661459],[39.191879,38.661493],[39.191824,38.661684],[39.191628,38.66165]]]}},{"type":"Feature","id":"way/701040363","properties":{"osm_id":"way/701040363","osm_type":"way","building":"yes","name":null,"levels":null,"source":"OpenStreetMap","source_url":"https://www.openstreetmap.org/copyright","licence":"ODbL 1.0","retrieved_on":"2026-09-03","vulnerability_function_id":null,"vulnerability_class":"Not assigned","osm_tags":{"building":"yes"}},"geometry":{"type":"Polygon","coordinates":[[[39.191409,38.665681],[39.191706,38.665573],[39.191776,38.66567],[39.19175,38.665679],[39.191764,38.665708],[39.191717,38.665719],[39.191715,38.665743],[39.191729,38.665766],[39.191619,38.665808],[39.191577,38.665746],[39.191512,38.665772],[39.191489,38.665765],[39.191482,38.665745],[39.191442,38.665748],[39.191409,38.665681]]]}},{"type":"Feature","id":"way/701235058","properties":{"osm_id":"way/701235058","osm_type":"way","building":"yes","name":null,"levels":null,"source":"OpenStreetMap","source_url":"https://www.openstreetmap.org/copyright","licence":"ODbL 1.0","retrieved_on":"2026-09-03","vulnerability_function_id":null,"vulnerability_class":"Not assigned","osm_tags":{"building":"yes"}},"geometry":{"type":"Polygon","coordinates":[[[39.188947,38.664575],[39.189124,38.664503],[39.189249,38.664691],[39.189072,38.664763],[39.188947,38.664575]]]}},{"type":"Feature","id":"way/701235060","properties":{"osm_id":"way/701235060","osm_type":"way","building":"yes","name":null,"levels":null,"source":"OpenStreetMap","source_url":"https://www.openstreetmap.org/copyright","licence":"ODbL 1.0","retrieved_on":"2026-09-03","vulnerability_function_id":null,"vulnerability_class":"Not assigned","osm_tags":{"building":"yes"}},"geometry":{"type":"Polygon","coordinates":[[[39.194285,38.666298],[39.194281,38.666194],[39.194541,38.666187],[39.194546,38.666291],[39.194285,38.666298]]]}},{"type":"Feature","id":"way/701235061","properties":{"osm_id":"way/701235061","osm_type":"way","building":"yes","name":null,"levels":null,"source":"OpenStreetMap","source_url":"https://www.openstreetmap.org/copyright","licence":"ODbL 1.0","retrieved_on":"2026-09-03","vulnerability_function_id":null,"vulnerability_class":"Not assigned","osm_tags":{"building":"yes"}},"geometry":{"type":"Polygon","coordinates":[[[39.194244,38.666475],[39.19424,38.666371],[39.1945,38.666365],[39.194504,38.666469],[39.194244,38.666475]]]}},{"type":"Feature","id":"way/701235062","properties":{"osm_id":"way/701235062","osm_type":"way","building":"yes","name":null,"levels":null,"source":"OpenStreetMap","source_url":"https://www.openstreetmap.org/copyright","licence":"ODbL 1.0","retrieved_on":"2026-09-03","vulnerability_function_id":null,"vulnerability_class":"Not assigned","osm_tags":{"building":"yes"}},"geometry":{"type":"Polygon","coordinates":[[[39.194605,38.666418],[39.194616,38.666213],[39.194744,38.666217],[39.194734,38.666422],[39.194605,38.666418]]]}},{"type":"Feature","id":"way/701235063","properties":{"osm_id":"way/701235063","osm_type":"way","building":"apartments","name":"manolya","levels":"4","source":"OpenStreetMap","source_url":"https://www.openstreetmap.org/copyright","licence":"ODbL 1.0","retrieved_on":"2026-09-03","vulnerability_function_id":null,"vulnerability_class":"Not assigned","osm_tags":{"building":"apartments","building:flats":"16","building:levels":"4","name":"manolya"}},"geometry":{"type":"Polygon","coordinates":[[[39.193998,38.667634],[39.193977,38.667435],[39.194196,38.667421],[39.194216,38.66762],[39.193998,38.667634]]]}},{"type":"Feature","id":"way/701235064","properties":{"osm_id":"way/701235064","osm_type":"way","building":"apartments","name":null,"levels":"4","source":"OpenStreetMap","source_url":"https://www.openstreetmap.org/copyright","licence":"ODbL 1.0","retrieved_on":"2026-09-03","vulnerability_function_id":null,"vulnerability_class":"Not assigned","osm_tags":{"building":"apartments","building:flats":"16","building:levels":"4"}},"geometry":{"type":"Polygon","coordinates":[[[39.193967,38.667379],[39.193946,38.667181],[39.194165,38.667167],[39.194186,38.667365],[39.193967,38.667379]]]}},{"type":"Feature","id":"way/701235065","properties":{"osm_id":"way/701235065","osm_type":"way","building":"apartments","name":null,"levels":null,"source":"OpenStreetMap","source_url":"https://www.openstreetmap.org/copyright","licence":"ODbL 1.0","retrieved_on":"2026-09-03","vulnerability_function_id":null,"vulnerability_class":"Not assigned","osm_tags":{"building":"apartments"}},"geometry":{"type":"Polygon","coordinates":[[[39.194429,38.667572],[39.194393,38.667425],[39.194671,38.667384],[39.194707,38.667531],[39.194429,38.667572]]]}},{"type":"Feature","id":"way/701235066","properties":{"osm_id":"way/701235066","osm_type":"way","building":"apartments","name":null,"levels":null,"source":"OpenStreetMap","source_url":"https://www.openstreetmap.org/copyright","licence":"ODbL 1.0","retrieved_on":"2026-09-03","vulnerability_function_id":null,"vulnerability_class":"Not assigned","osm_tags":{"building":"apartments"}},"geometry":{"type":"Polygon","coordinates":[[[39.194757,38.667522],[39.194721,38.667375],[39.195,38.667334],[39.195036,38.667481],[39.194757,38.667522]]]}},{"type":"Feature","id":"way/701235067","properties":{"osm_id":"way/701235067","osm_type":"way","building":"apartments","name":null,"levels":null,"source":"OpenStreetMap","source_url":"https://www.openstreetmap.org/copyright","licence":"ODbL 1.0","retrieved_on":"2026-09-03","vulnerability_function_id":null,"vulnerability_class":"Not assigned","osm_tags":{"building":"apartments"}},"geometry":{"type":"Polygon","coordinates":[[[39.194708,38.667288],[39.194688,38.667139],[39.19497,38.667116],[39.19499,38.667265],[39.194708,38.667288]]]}},{"type":"Feature","id":"way/701235068","properties":{"osm_id":"way/701235068","osm_type":"way","building":"apartments","name":null,"levels":null,"source":"OpenStreetMap","source_url":"https://www.openstreetmap.org/copyright","licence":"ODbL 1.0","retrieved_on":"2026-09-03","vulnerability_function_id":null,"vulnerability_class":"Not assigned","osm_tags":{"building":"apartments"}},"geometry":{"type":"Polygon","coordinates":[[[39.194374,38.667323],[39.194354,38.667174],[39.194636,38.66715],[39.194656,38.667299],[39.194374,38.667323]]]}},{"type":"Feature","id":"way/701235070","properties":{"osm_id":"way/701235070","osm_type":"way","building":"yes","name":null,"levels":null,"source":"OpenStreetMap","source_url":"https://www.openstreetmap.org/copyright","licence":"ODbL 1.0","retrieved_on":"2026-09-03","vulnerability_function_id":null,"vulnerability_class":"Not assigned","osm_tags":{"building":"yes"}},"geometry":{"type":"Polygon","coordinates":[[[39.196956,38.665466],[39.19692,38.665345],[39.197277,38.665281],[39.197312,38.665402],[39.196956,38.665466]]]}},{"type":"Feature","id":"way/701235071","properties":{"osm_id":"way/701235071","osm_type":"way","building":"yes","name":null,"levels":null,"source":"OpenStreetMap","source_url":"https://www.openstreetmap.org/copyright","licence":"ODbL 1.0","retrieved_on":"2026-09-03","vulnerability_function_id":null,"vulnerability_class":"Not assigned","osm_tags":{"building":"yes"}},"geometry":{"type":"Polygon","coordinates":[[[39.197372,38.665385],[39.197336,38.665264],[39.197692,38.6652],[39.197727,38.665321],[39.197372,38.665385]]]}},{"type":"Feature","id":"way/701235072","properties":{"osm_id":"way/701235072","osm_type":"way","building":"yes","name":null,"levels":null,"source":"OpenStreetMap","source_url":"https://www.openstreetmap.org/copyright","licence":"ODbL 1.0","retrieved_on":"2026-09-03","vulnerability_function_id":null,"vulnerability_class":"Not assigned","osm_tags":{"building":"yes"}},"geometry":{"type":"Polygon","coordinates":[[[39.197784,38.665301],[39.197749,38.665179],[39.198105,38.665116],[39.19814,38.665237],[39.197784,38.665301]]]}},{"type":"Feature","id":"way/701235073","properties":{"osm_id":"way/701235073","osm_type":"way","building":"yes","name":null,"levels":null,"source":"OpenStreetMap","source_url":"https://www.openstreetmap.org/copyright","licence":"ODbL 1.0","retrieved_on":"2026-09-03","vulnerability_function_id":null,"vulnerability_class":"Not assigned","osm_tags":{"building":"yes"}},"geometry":{"type":"Polygon","coordinates":[[[39.203012,38.668049],[39.203103,38.667988],[39.20333,38.668194],[39.203239,38.668255],[39.203012,38.668049]]]}},{"type":"Feature","id":"way/701235074","properties":{"osm_id":"way/701235074","osm_type":"way","building":"yes","name":null,"levels":null,"source":"OpenStreetMap","source_url":"https://www.openstreetmap.org/copyright","licence":"ODbL 1.0","retrieved_on":"2026-09-03","vulnerability_function_id":null,"vulnerability_class":"Not assigned","osm_tags":{"building":"yes"}},"geometry":{"type":"Polygon","coordinates":[[[39.2029,38.668142],[39.202991,38.66808],[39.203218,38.668286],[39.203127,38.668348],[39.2029,38.668142]]]}},{"type":"Feature","id":"way/701235075","properties":{"osm_id":"way/701235075","osm_type":"way","building":"yes","name":null,"levels":null,"source":"OpenStreetMap","source_url":"https://www.openstreetmap.org/copyright","licence":"ODbL 1.0","retrieved_on":"2026-09-03","vulnerability_function_id":null,"vulnerability_class":"Not assigned","osm_tags":{"building":"yes"}},"geometry":{"type":"Polygon","coordinates":[[[39.20346,38.667741],[39.203339,38.667594],[39.203665,38.66743],[39.203787,38.667577],[39.20346,38.667741]]]}},{"type":"Feature","id":"way/701235076","properties":{"osm_id":"way/701235076","osm_type":"way","building":"yes","name":null,"levels":null,"source":"OpenStreetMap","source_url":"https://www.openstreetmap.org/copyright","licence":"ODbL 1.0","retrieved_on":"2026-09-03","vulnerability_function_id":null,"vulnerability_class":"Not assigned","osm_tags":{"building":"yes"}},"geometry":{"type":"Polygon","coordinates":[[[39.202998,38.667775],[39.203236,38.667636],[39.20347,38.667871],[39.203379,38.667922],[39.203292,38.667842],[39.203264,38.667858],[39.203355,38.66794],[39.203246,38.667999],[39.202998,38.667775]]]}},{"type":"Feature","id":"way/701235077","properties":{"osm_id":"way/701235077","osm_type":"way","building":"hotel","name":null,"levels":null,"source":"OpenStreetMap","source_url":"https://www.openstreetmap.org/copyright","licence":"ODbL 1.0","retrieved_on":"2026-09-03","vulnerability_function_id":null,"vulnerability_class":"Not assigned","osm_tags":{"building":"hotel"}},"geometry":{"type":"Polygon","coordinates":[[[39.21767,38.674392],[39.217638,38.674184],[39.218149,38.674137],[39.21818,38.674345],[39.21767,38.674392]]]}},{"type":"Feature","id":"way/701268176","properties":{"osm_id":"way/701268176","osm_type":"way","building":"yes","name":null,"levels":null,"source":"OpenStreetMap","source_url":"https://www.openstreetmap.org/copyright","licence":"ODbL 1.0","retrieved_on":"2026-09-03","vulnerability_function_id":null,"vulnerability_class":"Not assigned","osm_tags":{"building":"yes"}},"geometry":{"type":"Polygon","coordinates":[[[39.222161,38.682876],[39.222203,38.682724],[39.222344,38.682748],[39.222302,38.6829],[39.222161,38.682876]]]}},{"type":"Feature","id":"way/701268177","properties":{"osm_id":"way/701268177","osm_type":"way","building":"yes","name":null,"levels":null,"source":"OpenStreetMap","source_url":"https://www.openstreetmap.org/copyright","licence":"ODbL 1.0","retrieved_on":"2026-09-03","vulnerability_function_id":null,"vulnerability_class":"Not assigned","osm_tags":{"building":"yes"}},"geometry":{"type":"Polygon","coordinates":[[[39.222153,38.682674],[39.222182,38.682562],[39.222381,38.682593],[39.222353,38.682705],[39.222153,38.682674]]]}},{"type":"Feature","id":"way/701268179","properties":{"osm_id":"way/701268179","osm_type":"way","building":"yes","name":null,"levels":"8","source":"OpenStreetMap","source_url":"https://www.openstreetmap.org/copyright","licence":"ODbL 1.0","retrieved_on":"2026-09-03","vulnerability_function_id":null,"vulnerability_class":"Not assigned","osm_tags":{"building":"yes","building:levels":"8"}},"geometry":{"type":"Polygon","coordinates":[[[39.219998,38.68332],[39.220012,38.683142],[39.220032,38.683128],[39.220059,38.683115],[39.220089,38.68311],[39.220289,38.683129],[39.220266,38.683294],[39.220205,38.683294],[39.220199,38.683337],[39.219998,38.68332]]]}},{"type":"Feature","id":"way/701268181","properties":{"osm_id":"way/701268181","osm_type":"way","building":"yes","name":null,"levels":null,"source":"OpenStreetMap","source_url":"https://www.openstreetmap.org/copyright","licence":"ODbL 1.0","retrieved_on":"2026-09-03","vulnerability_function_id":null,"vulnerability_class":"Not assigned","osm_tags":{"building":"yes"}},"geometry":{"type":"Polygon","coordinates":[[[39.224838,38.679135],[39.224887,38.678881],[39.225128,38.678909],[39.225079,38.679164],[39.224838,38.679135]]]}},{"type":"Feature","id":"way/701268183","properties":{"osm_id":"way/701268183","osm_type":"way","building":"yes","name":null,"levels":null,"source":"OpenStreetMap","source_url":"https://www.openstreetmap.org/copyright","licence":"ODbL 1.0","retrieved_on":"2026-09-03","vulnerability_function_id":null,"vulnerability_class":"Not assigned","osm_tags":{"building":"yes"}},"geometry":{"type":"Polygon","coordinates":[[[39.214909,38.683269],[39.21501,38.683048],[39.215181,38.683096],[39.215079,38.683317],[39.214909,38.683269]]]}},{"type":"Feature","id":"way/701268184","properties":{"osm_id":"way/701268184","osm_type":"way","building":"yes","name":null,"levels":null,"source":"OpenStreetMap","source_url":"https://www.openstreetmap.org/copyright","licence":"ODbL 1.0","retrieved_on":"2026-09-03","vulnerability_function_id":null,"vulnerability_class":"Not assigned","osm_tags":{"building":"yes"}},"geometry":{"type":"Polygon","coordinates":[[[39.214742,38.683502],[39.214887,38.683325],[39.215018,38.68339],[39.214872,38.683567],[39.214742,38.683502]]]}},{"type":"Feature","id":"way/701268185","properties":{"osm_id":"way/701268185","osm_type":"way","building":"yes","name":null,"levels":null,"source":"OpenStreetMap","source_url":"https://www.openstreetmap.org/copyright","licence":"ODbL 1.0","retrieved_on":"2026-09-03","vulnerability_function_id":null,"vulnerability_class":"Not assigned","osm_tags":{"building":"yes"}},"geometry":{"type":"Polygon","coordinates":[[[39.212363,38.6838],[39.212461,38.683644],[39.21264,38.683712],[39.212542,38.683868],[39.212363,38.6838]]]}},{"type":"Feature","id":"way/701268186","properties":{"osm_id":"way/701268186","osm_type":"way","building":"yes","name":null,"levels":null,"source":"OpenStreetMap","source_url":"https://www.openstreetmap.org/copyright","licence":"ODbL 1.0","retrieved_on":"2026-09-03","vulnerability_function_id":null,"vulnerability_class":"Not assigned","osm_tags":{"building":"yes"}},"geometry":{"type":"Polygon","coordinates":[[[39.21224,38.684008],[39.212338,38.683852],[39.212517,38.68392],[39.212419,38.684076],[39.21224,38.684008]]]}},{"type":"Feature","id":"way/701268187","properties":{"osm_id":"way/701268187","osm_type":"way","building":"yes","name":null,"levels":null,"source":"OpenStreetMap","source_url":"https://www.openstreetmap.org/copyright","licence":"ODbL 1.0","retrieved_on":"2026-09-03","vulnerability_function_id":null,"vulnerability_class":"Not assigned","osm_tags":{"building":"yes"}},"geometry":{"type":"Polygon","coordinates":[[[39.212114,38.684188],[39.212202,38.684049],[39.212253,38.684069],[39.212245,38.684081],[39.212343,38.684119],[39.21235,38.684108],[39.21241,38.684131],[39.212323,38.684268],[39.212114,38.684188]]]}},{"type":"Feature","id":"way/701268188","properties":{"osm_id":"way/701268188","osm_type":"way","building":"yes","name":null,"levels":null,"source":"OpenStreetMap","source_url":"https://www.openstreetmap.org/copyright","licence":"ODbL 1.0","retrieved_on":"2026-09-03","vulnerability_function_id":null,"vulnerability_class":"Not assigned","osm_tags":{"building":"yes"}},"geometry":{"type":"Polygon","coordinates":[[[39.212735,38.684882],[39.212854,38.684743],[39.213003,38.684821],[39.212884,38.68496],[39.212735,38.684882]]]}},{"type":"Feature","id":"way/701268189","properties":{"osm_id":"way/701268189","osm_type":"way","building":"yes","name":null,"levels":null,"source":"OpenStreetMap","source_url":"https://www.openstreetmap.org/copyright","licence":"ODbL 1.0","retrieved_on":"2026-09-03","vulnerability_function_id":null,"vulnerability_class":"Not assigned","osm_tags":{"building":"yes"}},"geometry":{"type":"Polygon","coordinates":[[[39.211896,38.684082],[39.212022,38.683872],[39.212194,38.683934],[39.212068,38.684145],[39.211896,38.684082]]]}},{"type":"Feature","id":"way/701268190","properties":{"osm_id":"way/701268190","osm_type":"way","building":"yes","name":null,"levels":null,"source":"OpenStreetMap","source_url":"https://www.openstreetmap.org/copyright","licence":"ODbL 1.0","retrieved_on":"2026-09-03","vulnerability_function_id":null,"vulnerability_class":"Not assigned","osm_tags":{"building":"yes"}},"geometry":{"type":"Polygon","coordinates":[[[39.212193,38.683799],[39.212328,38.683568],[39.212415,38.683599],[39.21228,38.68383],[39.212193,38.683799]]]}},{"type":"Feature","id":"way/701268191","properties":{"osm_id":"way/701268191","osm_type":"way","building":"yes","name":null,"levels":null,"source":"OpenStreetMap","source_url":"https://www.openstreetmap.org/copyright","licence":"ODbL 1.0","retrieved_on":"2026-09-03","vulnerability_function_id":null,"vulnerability_class":"Not assigned","osm_tags":{"building":"yes"}},"geometry":{"type":"Polygon","coordinates":[[[39.211685,38.683637],[39.211801,38.683496],[39.21196,38.683578],[39.211864,38.683726],[39.211685,38.683637]]]}},{"type":"Feature","id":"way/701268192","properties":{"osm_id":"way/701268192","osm_type":"way","building":"yes","name":null,"levels":null,"source":"OpenStreetMap","source_url":"https://www.openstreetmap.org/copyright","licence":"ODbL 1.0","retrieved_on":"2026-09-03","vulnerability_function_id":null,"vulnerability_class":"Not assigned","osm_tags":{"building":"yes"}},"geometry":{"type":"Polygon","coordinates":[[[39.211588,38.683755],[39.211641,38.683681],[39.211855,38.683774],[39.211802,38.683848],[39.211588,38.683755]]]}},{"type":"Feature","id":"way/701268193","properties":{"osm_id":"way/701268193","osm_type":"way","building":"yes","name":null,"levels":null,"source":"OpenStreetMap","source_url":"https://www.openstreetmap.org/copyright","licence":"ODbL 1.0","retrieved_on":"2026-09-03","vulnerability_function_id":null,"vulnerability_class":"Not assigned","osm_tags":{"building":"yes"}},"geometry":{"type":"Polygon","coordinates":[[[39.211109,38.683926],[39.211239,38.683777],[39.211391,38.683859],[39.211261,38.684007],[39.211109,38.683926]]]}},{"type":"Feature","id":"way/701268194","properties":{"osm_id":"way/701268194","osm_type":"way","building":"yes","name":null,"levels":null,"source":"OpenStreetMap","source_url":"https://www.openstreetmap.org/copyright","licence":"ODbL 1.0","retrieved_on":"2026-09-03","vulnerability_function_id":null,"vulnerability_class":"Not assigned","osm_tags":{"building":"yes"}},"geometry":{"type":"Polygon","coordinates":[[[39.211427,38.68301],[39.211439,38.682963],[39.211791,38.682975],[39.211726,38.68315],[39.211427,38.68301]]]}},{"type":"Feature","id":"way/701268195","properties":{"osm_id":"way/701268195","osm_type":"way","building":"yes","name":null,"levels":null,"source":"OpenStreetMap","source_url":"https://www.openstreetmap.org/copyright","licence":"ODbL 1.0","retrieved_on":"2026-09-03","vulnerability_function_id":null,"vulnerability_class":"Not assigned","osm_tags":{"building":"yes"}},"geometry":{"type":"Polygon","coordinates":[[[39.212994,38.683804],[39.213074,38.683661],[39.213344,38.683764],[39.213267,38.683881],[39.213139,38.683827],[39.213102,38.683867],[39.212994,38.683804]]]}},{"type":"Feature","id":"way/701268196","properties":{"osm_id":"way/701268196","osm_type":"way","building":"yes","name":null,"levels":null,"source":"OpenStreetMap","source_url":"https://www.openstreetmap.org/copyright","licence":"ODbL 1.0","retrieved_on":"2026-09-03","vulnerability_function_id":null,"vulnerability_class":"Not assigned","osm_tags":{"building":"yes"}},"geometry":{"type":"Polygon","coordinates":[[[39.211998,38.683062],[39.212004,38.682956],[39.212294,38.682961],[39.212276,38.683122],[39.212176,38.683122],[39.212091,38.683105],[39.212089,38.683064],[39.211998,38.683062]]]}},{"type":"Feature","id":"way/701268197","properties":{"osm_id":"way/701268197","osm_type":"way","building":"yes","name":null,"levels":null,"source":"OpenStreetMap","source_url":"https://www.openstreetmap.org/copyright","licence":"ODbL 1.0","retrieved_on":"2026-09-03","vulnerability_function_id":null,"vulnerability_class":"Not assigned","osm_tags":{"building":"yes"}},"geometry":{"type":"Polygon","coordinates":[[[39.212176,38.683122],[39.212276,38.683122],[39.212248,38.683322],[39.212227,38.683329],[39.212205,38.683332],[39.212038,38.683276],[39.212109,38.68318],[39.212136,38.683184],[39.212176,38.683122]]]}},{"type":"Feature","id":"way/701268198","properties":{"osm_id":"way/701268198","osm_type":"way","building":"yes","name":null,"levels":null,"source":"OpenStreetMap","source_url":"https://www.openstreetmap.org/copyright","licence":"ODbL 1.0","retrieved_on":"2026-09-03","vulnerability_function_id":null,"vulnerability_class":"Not assigned","osm_tags":{"building":"yes"}},"geometry":{"type":"Polygon","coordinates":[[[39.212329,38.68338],[39.212378,38.683076],[39.212587,38.683108],[39.212546,38.68321],[39.212502,38.683202],[39.212487,38.683295],[39.212538,38.683303],[39.212489,38.683403],[39.212329,38.68338]]]}},{"type":"Feature","id":"way/701268199","properties":{"osm_id":"way/701268199","osm_type":"way","building":"yes","name":null,"levels":null,"source":"OpenStreetMap","source_url":"https://www.openstreetmap.org/copyright","licence":"ODbL 1.0","retrieved_on":"2026-09-03","vulnerability_function_id":null,"vulnerability_class":"Not assigned","osm_tags":{"building":"yes"}},"geometry":{"type":"Polygon","coordinates":[[[39.212489,38.683403],[39.212538,38.683303],[39.212559,38.683262],[39.212894,38.683365],[39.212916,38.683322],[39.213101,38.683375],[39.213061,38.683438],[39.213032,38.683465],[39.212981,38.683503],[39.212955,38.683508],[39.21291,38.68351],[39.212489,38.683403]]]}},{"type":"Feature","id":"way/701268200","properties":{"osm_id":"way/701268200","osm_type":"way","building":"yes","name":null,"levels":null,"source":"OpenStreetMap","source_url":"https://www.openstreetmap.org/copyright","licence":"ODbL 1.0","retrieved_on":"2026-09-03","vulnerability_function_id":null,"vulnerability_class":"Not assigned","osm_tags":{"building":"yes"}},"geometry":{"type":"Polygon","coordinates":[[[39.214131,38.683543],[39.214209,38.683466],[39.214455,38.683616],[39.214378,38.683694],[39.214131,38.683543]]]}},{"type":"Feature","id":"way/701268201","properties":{"osm_id":"way/701268201","osm_type":"way","building":"yes","name":null,"levels":null,"source":"OpenStreetMap","source_url":"https://www.openstreetmap.org/copyright","licence":"ODbL 1.0","retrieved_on":"2026-09-03","vulnerability_function_id":null,"vulnerability_class":"Not assigned","osm_tags":{"building":"yes"}},"geometry":{"type":"Polygon","coordinates":[[[39.217443,38.685563],[39.217431,38.685403],[39.217618,38.685395],[39.21763,38.685555],[39.217443,38.685563]]]}},{"type":"Feature","id":"way/701268202","properties":{"osm_id":"way/701268202","osm_type":"way","building":"yes","name":null,"levels":null,"source":"OpenStreetMap","source_url":"https://www.openstreetmap.org/copyright","licence":"ODbL 1.0","retrieved_on":"2026-09-03","vulnerability_function_id":null,"vulnerability_class":"Not assigned","osm_tags":{"building":"yes"}},"geometry":{"type":"Polygon","coordinates":[[[39.218982,38.684781],[39.219011,38.684582],[39.219524,38.684628],[39.219495,38.684823],[39.219295,38.684805],[39.219303,38.684747],[39.219163,38.684734],[39.219153,38.684796],[39.218982,38.684781]]]}},{"type":"Feature","id":"way/701268203","properties":{"osm_id":"way/701268203","osm_type":"way","building":"yes","name":null,"levels":null,"source":"OpenStreetMap","source_url":"https://www.openstreetmap.org/copyright","licence":"ODbL 1.0","retrieved_on":"2026-09-03","vulnerability_function_id":null,"vulnerability_class":"Not assigned","osm_tags":{"building":"yes"}},"geometry":{"type":"Polygon","coordinates":[[[39.218933,38.683962],[39.218935,38.683687],[39.219126,38.683676],[39.219108,38.683654],[39.219124,38.683578],[39.219265,38.683595],[39.219165,38.683967],[39.218933,38.683962]]]}},{"type":"Feature","id":"way/701268204","properties":{"osm_id":"way/701268204","osm_type":"way","building":"yes","name":null,"levels":null,"source":"OpenStreetMap","source_url":"https://www.openstreetmap.org/copyright","licence":"ODbL 1.0","retrieved_on":"2026-09-03","vulnerability_function_id":null,"vulnerability_class":"Not assigned","osm_tags":{"building":"yes"}},"geometry":{"type":"Polygon","coordinates":[[[39.218393,38.682617],[39.218441,38.682379],[39.218575,38.682395],[39.218554,38.682499],[39.218601,38.682504],[39.218574,38.682639],[39.218393,38.682617]]]}},{"type":"Feature","id":"way/701268205","properties":{"osm_id":"way/701268205","osm_type":"way","building":"yes","name":null,"levels":null,"source":"OpenStreetMap","source_url":"https://www.openstreetmap.org/copyright","licence":"ODbL 1.0","retrieved_on":"2026-09-03","vulnerability_function_id":null,"vulnerability_class":"Not assigned","osm_tags":{"building":"yes"}},"geometry":{"type":"Polygon","coordinates":[[[39.218681,38.682627],[39.218716,38.682467],[39.219109,38.68252],[39.219071,38.682679],[39.218681,38.682627]]]}},{"type":"Feature","id":"way/701268206","properties":{"osm_id":"way/701268206","osm_type":"way","building":"yes","name":null,"levels":null,"source":"OpenStreetMap","source_url":"https://www.openstreetmap.org/copyright","licence":"ODbL 1.0","retrieved_on":"2026-09-03","vulnerability_function_id":null,"vulnerability_class":"Not assigned","osm_tags":{"building":"yes"}},"geometry":{"type":"Polygon","coordinates":[[[39.219069,38.682691],[39.219071,38.682679],[39.219109,38.68252],[39.219311,38.682548],[39.219272,38.682719],[39.219069,38.682691]]]}},{"type":"Feature","id":"way/701268207","properties":{"osm_id":"way/701268207","osm_type":"way","building":"yes","name":null,"levels":null,"source":"OpenStreetMap","source_url":"https://www.openstreetmap.org/copyright","licence":"ODbL 1.0","retrieved_on":"2026-09-03","vulnerability_function_id":null,"vulnerability_class":"Not assigned","osm_tags":{"building":"yes"}},"geometry":{"type":"Polygon","coordinates":[[[39.219323,38.682757],[39.219364,38.682595],[39.219487,38.682613],[39.21948,38.682642],[39.219589,38.682659],[39.219593,38.682642],[39.219571,38.682639],[39.219595,38.682542],[39.219829,38.682577],[39.219766,38.682825],[39.219323,38.682757]]]}},{"type":"Feature","id":"way/701268209","properties":{"osm_id":"way/701268209","osm_type":"way","building":"yes","name":null,"levels":null,"source":"OpenStreetMap","source_url":"https://www.openstreetmap.org/copyright","licence":"ODbL 1.0","retrieved_on":"2026-09-03","vulnerability_function_id":null,"vulnerability_class":"Not assigned","osm_tags":{"building":"yes"}},"geometry":{"type":"Polygon","coordinates":[[[39.219216,38.682086],[39.219265,38.681888],[39.219376,38.681904],[39.219327,38.682102],[39.219216,38.682086]]]}},{"type":"Feature","id":"way/701268210","properties":{"osm_id":"way/701268210","osm_type":"way","building":"yes","name":null,"levels":null,"source":"OpenStreetMap","source_url":"https://www.openstreetmap.org/copyright","licence":"ODbL 1.0","retrieved_on":"2026-09-03","vulnerability_function_id":null,"vulnerability_class":"Not assigned","osm_tags":{"building":"yes"}},"geometry":{"type":"Polygon","coordinates":[[[39.219748,38.682009],[39.219793,38.681829],[39.220017,38.681863],[39.219972,38.682043],[39.219748,38.682009]]]}},{"type":"Feature","id":"way/701268211","properties":{"osm_id":"way/701268211","osm_type":"way","building":"yes","name":null,"levels":null,"source":"OpenStreetMap","source_url":"https://www.openstreetmap.org/copyright","licence":"ODbL 1.0","retrieved_on":"2026-09-03","vulnerability_function_id":null,"vulnerability_class":"Not assigned","osm_tags":{"building":"yes"}},"geometry":{"type":"Polygon","coordinates":[[[39.218718,38.681101],[39.218767,38.680918],[39.21902,38.680959],[39.218971,38.681142],[39.218718,38.681101]]]}},{"type":"Feature","id":"way/701293072","properties":{"osm_id":"way/701293072","osm_type":"way","building":"yes","name":null,"levels":null,"source":"OpenStreetMap","source_url":"https://www.openstreetmap.org/copyright","licence":"ODbL 1.0","retrieved_on":"2026-09-03","vulnerability_function_id":null,"vulnerability_class":"Not assigned","osm_tags":{"building":"yes"}},"geometry":{"type":"Polygon","coordinates":[[[39.219137,38.681404],[39.219157,38.681264],[39.219332,38.68128],[39.219311,38.68142],[39.219137,38.681404]]]}},{"type":"Feature","id":"way/701293073","properties":{"osm_id":"way/701293073","osm_type":"way","building":"yes","name":null,"levels":null,"source":"OpenStreetMap","source_url":"https://www.openstreetmap.org/copyright","licence":"ODbL 1.0","retrieved_on":"2026-09-03","vulnerability_function_id":null,"vulnerability_class":"Not assigned","osm_tags":{"building":"yes"}},"geometry":{"type":"Polygon","coordinates":[[[39.218918,38.680375],[39.218959,38.680183],[39.219205,38.680215],[39.219164,38.680407],[39.218918,38.680375]]]}},{"type":"Feature","id":"way/701293074","properties":{"osm_id":"way/701293074","osm_type":"way","building":"yes","name":null,"levels":null,"source":"OpenStreetMap","source_url":"https://www.openstreetmap.org/copyright","licence":"ODbL 1.0","retrieved_on":"2026-09-03","vulnerability_function_id":null,"vulnerability_class":"Not assigned","osm_tags":{"building":"yes"}},"geometry":{"type":"Polygon","coordinates":[[[39.218859,38.680652],[39.218901,38.680469],[39.219067,38.680492],[39.219025,38.680675],[39.218859,38.680652]]]}},{"type":"Feature","id":"way/701293075","properties":{"osm_id":"way/701293075","osm_type":"way","building":"yes","name":null,"levels":null,"source":"OpenStreetMap","source_url":"https://www.openstreetmap.org/copyright","licence":"ODbL 1.0","retrieved_on":"2026-09-03","vulnerability_function_id":null,"vulnerability_class":"Not assigned","osm_tags":{"building":"yes"}},"geometry":{"type":"Polygon","coordinates":[[[39.220119,38.680488],[39.22016,38.680336],[39.220371,38.680371],[39.22033,38.680523],[39.220119,38.680488]]]}},{"type":"Feature","id":"way/701293076","properties":{"osm_id":"way/701293076","osm_type":"way","building":"yes","name":null,"levels":null,"source":"OpenStreetMap","source_url":"https://www.openstreetmap.org/copyright","licence":"ODbL 1.0","retrieved_on":"2026-09-03","vulnerability_function_id":null,"vulnerability_class":"Not assigned","osm_tags":{"building":"yes"}},"geometry":{"type":"Polygon","coordinates":[[[39.217148,38.681137],[39.217191,38.680959],[39.217597,38.681019],[39.217554,38.6812],[39.217404,38.681178],[39.21742,38.681114],[39.217304,38.681097],[39.217289,38.681158],[39.217148,38.681137]]]}},{"type":"Feature","id":"way/701293080","properties":{"osm_id":"way/701293080","osm_type":"way","building":"yes","name":null,"levels":null,"source":"OpenStreetMap","source_url":"https://www.openstreetmap.org/copyright","licence":"ODbL 1.0","retrieved_on":"2026-09-03","vulnerability_function_id":null,"vulnerability_class":"Not assigned","osm_tags":{"building":"yes"}},"geometry":{"type":"Polygon","coordinates":[[[39.223347,38.681038],[39.223501,38.681056],[39.223431,38.681422],[39.223277,38.681404],[39.223347,38.681038]]]}},{"type":"Feature","id":"way/701293081","properties":{"osm_id":"way/701293081","osm_type":"way","building":"yes","name":null,"levels":null,"source":"OpenStreetMap","source_url":"https://www.openstreetmap.org/copyright","licence":"ODbL 1.0","retrieved_on":"2026-09-03","vulnerability_function_id":null,"vulnerability_class":"Not assigned","osm_tags":{"building":"yes"}},"geometry":{"type":"Polygon","coordinates":[[[39.221801,38.682055],[39.221828,38.681878],[39.222031,38.681896],[39.222004,38.682074],[39.221801,38.682055]]]}},{"type":"Feature","id":"way/701293082","properties":{"osm_id":"way/701293082","osm_type":"way","building":"yes","name":null,"levels":null,"source":"OpenStreetMap","source_url":"https://www.openstreetmap.org/copyright","licence":"ODbL 1.0","retrieved_on":"2026-09-03","vulnerability_function_id":null,"vulnerability_class":"Not assigned","osm_tags":{"building":"yes"}},"geometry":{"type":"Polygon","coordinates":[[[39.221447,38.682047],[39.221477,38.681839],[39.221702,38.681858],[39.221672,38.682067],[39.221447,38.682047]]]}},{"type":"Feature","id":"way/701293083","properties":{"osm_id":"way/701293083","osm_type":"way","building":"yes","name":null,"levels":null,"source":"OpenStreetMap","source_url":"https://www.openstreetmap.org/copyright","licence":"ODbL 1.0","retrieved_on":"2026-09-03","vulnerability_function_id":null,"vulnerability_class":"Not assigned","osm_tags":{"building":"yes"}},"geometry":{"type":"Polygon","coordinates":[[[39.21954,38.682454],[39.219581,38.682296],[39.219885,38.682344],[39.219844,38.682502],[39.21954,38.682454]]]}},{"type":"Feature","id":"way/701293084","properties":{"osm_id":"way/701293084","osm_type":"way","building":"yes","name":null,"levels":null,"source":"OpenStreetMap","source_url":"https://www.openstreetmap.org/copyright","licence":"ODbL 1.0","retrieved_on":"2026-09-03","vulnerability_function_id":null,"vulnerability_class":"Not assigned","osm_tags":{"building":"yes"}},"geometry":{"type":"Polygon","coordinates":[[[39.220447,38.682641],[39.220512,38.682352],[39.220712,38.68238],[39.220647,38.682668],[39.220447,38.682641]]]}},{"type":"Feature","id":"way/701293085","properties":{"osm_id":"way/701293085","osm_type":"way","building":"yes","name":null,"levels":null,"source":"OpenStreetMap","source_url":"https://www.openstreetmap.org/copyright","licence":"ODbL 1.0","retrieved_on":"2026-09-03","vulnerability_function_id":null,"vulnerability_class":"Not assigned","osm_tags":{"building":"yes"}},"geometry":{"type":"Polygon","coordinates":[[[39.218778,38.682044],[39.218805,38.681862],[39.218933,38.681874],[39.218905,38.682056],[39.218778,38.682044]]]}},{"type":"Feature","id":"way/701293086","properties":{"osm_id":"way/701293086","osm_type":"way","building":"yes","name":null,"levels":null,"source":"OpenStreetMap","source_url":"https://www.openstreetmap.org/copyright","licence":"ODbL 1.0","retrieved_on":"2026-09-03","vulnerability_function_id":null,"vulnerability_class":"Not assigned","osm_tags":{"building":"yes"}},"geometry":{"type":"Polygon","coordinates":[[[39.215902,38.682616],[39.215916,38.682583],[39.215935,38.682568],[39.215949,38.682519],[39.216374,38.682579],[39.216357,38.68268],[39.216143,38.682641],[39.216091,38.682643],[39.216033,38.68264],[39.215902,38.682616]]]}},{"type":"Feature","id":"way/701293087","properties":{"osm_id":"way/701293087","osm_type":"way","building":"yes","name":null,"levels":null,"source":"OpenStreetMap","source_url":"https://www.openstreetmap.org/copyright","licence":"ODbL 1.0","retrieved_on":"2026-09-03","vulnerability_function_id":null,"vulnerability_class":"Not assigned","osm_tags":{"building":"yes"}},"geometry":{"type":"Polygon","coordinates":[[[39.216339,38.682793],[39.216357,38.68268],[39.216374,38.682579],[39.216495,38.682588],[39.216463,38.682793],[39.216339,38.682793]]]}},{"type":"Feature","id":"way/701293088","properties":{"osm_id":"way/701293088","osm_type":"way","building":"yes","name":null,"levels":null,"source":"OpenStreetMap","source_url":"https://www.openstreetmap.org/copyright","licence":"ODbL 1.0","retrieved_on":"2026-09-03","vulnerability_function_id":null,"vulnerability_class":"Not assigned","osm_tags":{"building":"yes"}},"geometry":{"type":"Polygon","coordinates":[[[39.2127,38.680875],[39.212777,38.680726],[39.212868,38.680749],[39.212842,38.680813],[39.21285,38.680827],[39.212891,38.680775],[39.212925,38.680757],[39.21295,38.680751],[39.213031,38.680756],[39.213055,38.680767],[39.212822,38.680967],[39.2127,38.680875]]]}},{"type":"Feature","id":"way/701293089","properties":{"osm_id":"way/701293089","osm_type":"way","building":"yes","name":null,"levels":null,"source":"OpenStreetMap","source_url":"https://www.openstreetmap.org/copyright","licence":"ODbL 1.0","retrieved_on":"2026-09-03","vulnerability_function_id":null,"vulnerability_class":"Not assigned","osm_tags":{"building":"yes"}},"geometry":{"type":"Polygon","coordinates":[[[39.213011,38.680483],[39.213074,38.680492],[39.213025,38.680648],[39.212923,38.680638],[39.212925,38.680626],[39.212852,38.680624],[39.212824,38.680602],[39.212791,38.680578],[39.212874,38.6803],[39.212939,38.680059],[39.212964,38.680032],[39.213011,38.679931],[39.213171,38.679975],[39.213011,38.680483]]]}},{"type":"Feature","id":"way/701293090","properties":{"osm_id":"way/701293090","osm_type":"way","building":"yes","name":null,"levels":null,"source":"OpenStreetMap","source_url":"https://www.openstreetmap.org/copyright","licence":"ODbL 1.0","retrieved_on":"2026-09-03","vulnerability_function_id":null,"vulnerability_class":"Not assigned","osm_tags":{"building":"yes"}},"geometry":{"type":"Polygon","coordinates":[[[39.212669,38.679199],[39.212829,38.67882],[39.212997,38.678863],[39.212837,38.679242],[39.212669,38.679199]]]}},{"type":"Feature","id":"way/701293091","properties":{"osm_id":"way/701293091","osm_type":"way","building":"yes","name":null,"levels":null,"source":"OpenStreetMap","source_url":"https://www.openstreetmap.org/copyright","licence":"ODbL 1.0","retrieved_on":"2026-09-03","vulnerability_function_id":null,"vulnerability_class":"Not assigned","osm_tags":{"building":"yes"}},"geometry":{"type":"Polygon","coordinates":[[[39.212528,38.679503],[39.212643,38.679243],[39.212812,38.679288],[39.212697,38.679548],[39.212528,38.679503]]]}},{"type":"Feature","id":"way/701293092","properties":{"osm_id":"way/701293092","osm_type":"way","building":"yes","name":null,"levels":null,"source":"OpenStreetMap","source_url":"https://www.openstreetmap.org/copyright","licence":"ODbL 1.0","retrieved_on":"2026-09-03","vulnerability_function_id":null,"vulnerability_class":"Not assigned","osm_tags":{"building":"yes"}},"geometry":{"type":"Polygon","coordinates":[[[39.2131,38.678844],[39.213217,38.678581],[39.213375,38.678624],[39.213259,38.678887],[39.2131,38.678844]]]}},{"type":"Feature","id":"way/701293094","properties":{"osm_id":"way/701293094","osm_type":"way","building":"yes","name":null,"levels":null,"source":"OpenStreetMap","source_url":"https://www.openstreetmap.org/copyright","licence":"ODbL 1.0","retrieved_on":"2026-09-03","vulnerability_function_id":null,"vulnerability_class":"Not assigned","osm_tags":{"building":"yes"}},"geometry":{"type":"Polygon","coordinates":[[[39.212643,38.678642],[39.21301,38.677614],[39.212781,38.677581],[39.212751,38.677674],[39.212816,38.677689],[39.212727,38.677955],[39.212676,38.67794],[39.212571,38.678223],[39.212648,38.678243],[39.212545,38.678533],[39.21244,38.678505],[39.212408,38.6786],[39.212643,38.678642]]]}},{"type":"Feature","id":"way/701293096","properties":{"osm_id":"way/701293096","osm_type":"way","building":"yes","name":null,"levels":null,"source":"OpenStreetMap","source_url":"https://www.openstreetmap.org/copyright","licence":"ODbL 1.0","retrieved_on":"2026-09-03","vulnerability_function_id":null,"vulnerability_class":"Not assigned","osm_tags":{"building":"yes"}},"geometry":{"type":"Polygon","coordinates":[[[39.210601,38.682203],[39.210828,38.681981],[39.210983,38.682077],[39.210756,38.682299],[39.210601,38.682203]]]}},{"type":"Feature","id":"way/701293100","properties":{"osm_id":"way/701293100","osm_type":"way","building":"yes","name":null,"levels":null,"source":"OpenStreetMap","source_url":"https://www.openstreetmap.org/copyright","licence":"ODbL 1.0","retrieved_on":"2026-09-03","vulnerability_function_id":null,"vulnerability_class":"Not assigned","osm_tags":{"building":"yes"}},"geometry":{"type":"Polygon","coordinates":[[[39.210266,38.682943],[39.210412,38.682801],[39.210616,38.682929],[39.210469,38.683071],[39.210266,38.682943]]]}},{"type":"Feature","id":"way/701293102","properties":{"osm_id":"way/701293102","osm_type":"way","building":"yes","name":null,"levels":null,"source":"OpenStreetMap","source_url":"https://www.openstreetmap.org/copyright","licence":"ODbL 1.0","retrieved_on":"2026-09-03","vulnerability_function_id":null,"vulnerability_class":"Not assigned","osm_tags":{"building":"yes"}},"geometry":{"type":"Polygon","coordinates":[[[39.208862,38.682623],[39.20894,38.682465],[39.209111,38.682517],[39.209033,38.682674],[39.208862,38.682623]]]}},{"type":"Feature","id":"way/701293103","properties":{"osm_id":"way/701293103","osm_type":"way","building":"yes","name":null,"levels":null,"source":"OpenStreetMap","source_url":"https://www.openstreetmap.org/copyright","licence":"ODbL 1.0","retrieved_on":"2026-09-03","vulnerability_function_id":null,"vulnerability_class":"Not assigned","osm_tags":{"building":"yes"}},"geometry":{"type":"Polygon","coordinates":[[[39.208628,38.682558],[39.208709,38.682394],[39.20888,38.682445],[39.208799,38.68261],[39.208628,38.682558]]]}},{"type":"Feature","id":"way/701293104","properties":{"osm_id":"way/701293104","osm_type":"way","building":"yes","name":null,"levels":null,"source":"OpenStreetMap","source_url":"https://www.openstreetmap.org/copyright","licence":"ODbL 1.0","retrieved_on":"2026-09-03","vulnerability_function_id":null,"vulnerability_class":"Not assigned","osm_tags":{"building":"yes"}},"geometry":{"type":"Polygon","coordinates":[[[39.209378,38.682416],[39.209458,38.682246],[39.209659,38.682304],[39.209579,38.682474],[39.209378,38.682416]]]}},{"type":"Feature","id":"way/701293108","properties":{"osm_id":"way/701293108","osm_type":"way","building":"yes","name":null,"levels":null,"source":"OpenStreetMap","source_url":"https://www.openstreetmap.org/copyright","licence":"ODbL 1.0","retrieved_on":"2026-09-03","vulnerability_function_id":null,"vulnerability_class":"Not assigned","osm_tags":{"building":"yes"}},"geometry":{"type":"Polygon","coordinates":[[[39.209061,38.6763],[39.20911,38.676125],[39.209444,38.676182],[39.209395,38.676357],[39.209061,38.6763]]]}},{"type":"Feature","id":"way/701310460","properties":{"osm_id":"way/701310460","osm_type":"way","building":"yes","name":null,"levels":null,"source":"OpenStreetMap","source_url":"https://www.openstreetmap.org/copyright","licence":"ODbL 1.0","retrieved_on":"2026-09-03","vulnerability_function_id":null,"vulnerability_class":"Not assigned","osm_tags":{"building":"yes"}},"geometry":{"type":"Polygon","coordinates":[[[39.187519,38.665475],[39.18745,38.665374],[39.18732,38.665428],[39.187389,38.665529],[39.187519,38.665475]]]}},{"type":"Feature","id":"way/701310461","properties":{"osm_id":"way/701310461","osm_type":"way","building":"yes","name":null,"levels":null,"source":"OpenStreetMap","source_url":"https://www.openstreetmap.org/copyright","licence":"ODbL 1.0","retrieved_on":"2026-09-03","vulnerability_function_id":null,"vulnerability_class":"Not assigned","osm_tags":{"building":"yes"}},"geometry":{"type":"Polygon","coordinates":[[[39.187532,38.665475],[39.187758,38.665374],[39.187844,38.665493],[39.187618,38.665593],[39.187532,38.665475]]]}},{"type":"Feature","id":"way/701310462","properties":{"osm_id":"way/701310462","osm_type":"way","building":"yes","name":null,"levels":null,"source":"OpenStreetMap","source_url":"https://www.openstreetmap.org/copyright","licence":"ODbL 1.0","retrieved_on":"2026-09-03","vulnerability_function_id":null,"vulnerability_class":"Not assigned","osm_tags":{"building":"yes"}},"geometry":{"type":"Polygon","coordinates":[[[39.194042,38.663718],[39.193981,38.663616],[39.194278,38.663508],[39.194339,38.663609],[39.194042,38.663718]]]}},{"type":"Feature","id":"way/701310463","properties":{"osm_id":"way/701310463","osm_type":"way","building":"yes","name":null,"levels":null,"source":"OpenStreetMap","source_url":"https://www.openstreetmap.org/copyright","licence":"ODbL 1.0","retrieved_on":"2026-09-03","vulnerability_function_id":null,"vulnerability_class":"Not assigned","osm_tags":{"building":"yes"}},"geometry":{"type":"Polygon","coordinates":[[[39.194682,38.664345],[39.194601,38.664241],[39.194835,38.66413],[39.194916,38.664235],[39.194682,38.664345]]]}},{"type":"Feature","id":"way/701310464","properties":{"osm_id":"way/701310464","osm_type":"way","building":"yes","name":null,"levels":null,"source":"OpenStreetMap","source_url":"https://www.openstreetmap.org/copyright","licence":"ODbL 1.0","retrieved_on":"2026-09-03","vulnerability_function_id":null,"vulnerability_class":"Not assigned","osm_tags":{"building":"yes"}},"geometry":{"type":"Polygon","coordinates":[[[39.194159,38.663861],[39.194111,38.663759],[39.194412,38.663673],[39.19446,38.663775],[39.194159,38.663861]]]}},{"type":"Feature","id":"way/701310466","properties":{"osm_id":"way/701310466","osm_type":"way","building":"yes","name":null,"levels":null,"source":"OpenStreetMap","source_url":"https://www.openstreetmap.org/copyright","licence":"ODbL 1.0","retrieved_on":"2026-09-03","vulnerability_function_id":null,"vulnerability_class":"Not assigned","osm_tags":{"building":"yes"}},"geometry":{"type":"Polygon","coordinates":[[[39.186546,38.661735],[39.186433,38.661529],[39.186789,38.66141],[39.186902,38.661617],[39.186546,38.661735]]]}},{"type":"Feature","id":"way/701310467","properties":{"osm_id":"way/701310467","osm_type":"way","building":"yes","name":null,"levels":null,"source":"OpenStreetMap","source_url":"https://www.openstreetmap.org/copyright","licence":"ODbL 1.0","retrieved_on":"2026-09-03","vulnerability_function_id":null,"vulnerability_class":"Not assigned","osm_tags":{"building":"yes"}},"geometry":{"type":"Polygon","coordinates":[[[39.196583,38.668776],[39.196609,38.668613],[39.196767,38.668628],[39.196741,38.668791],[39.196583,38.668776]]]}},{"type":"Feature","id":"way/701310468","properties":{"osm_id":"way/701310468","osm_type":"way","building":"yes","name":null,"levels":null,"source":"OpenStreetMap","source_url":"https://www.openstreetmap.org/copyright","licence":"ODbL 1.0","retrieved_on":"2026-09-03","vulnerability_function_id":null,"vulnerability_class":"Not assigned","osm_tags":{"building":"yes"}},"geometry":{"type":"Polygon","coordinates":[[[39.201936,38.664077],[39.202033,38.663815],[39.202212,38.663853],[39.202102,38.664098],[39.202011,38.66411],[39.201936,38.664077]]]}},{"type":"Feature","id":"way/701310469","properties":{"osm_id":"way/701310469","osm_type":"way","building":"yes","name":null,"levels":null,"source":"OpenStreetMap","source_url":"https://www.openstreetmap.org/copyright","licence":"ODbL 1.0","retrieved_on":"2026-09-03","vulnerability_function_id":null,"vulnerability_class":"Not assigned","osm_tags":{"building":"yes"}},"geometry":{"type":"Polygon","coordinates":[[[39.201953,38.664466],[39.2021,38.664315],[39.202196,38.664372],[39.202049,38.664523],[39.201953,38.664466]]]}},{"type":"Feature","id":"way/701310470","properties":{"osm_id":"way/701310470","osm_type":"way","building":"yes","name":null,"levels":null,"source":"OpenStreetMap","source_url":"https://www.openstreetmap.org/copyright","licence":"ODbL 1.0","retrieved_on":"2026-09-03","vulnerability_function_id":null,"vulnerability_class":"Not assigned","osm_tags":{"building":"yes"}},"geometry":{"type":"Polygon","coordinates":[[[39.201892,38.665767],[39.20208,38.665697],[39.202191,38.665854],[39.20199,38.665918],[39.201892,38.665767]]]}},{"type":"Feature","id":"way/701310471","properties":{"osm_id":"way/701310471","osm_type":"way","building":"yes","name":null,"levels":null,"source":"OpenStreetMap","source_url":"https://www.openstreetmap.org/copyright","licence":"ODbL 1.0","retrieved_on":"2026-09-03","vulnerability_function_id":null,"vulnerability_class":"Not assigned","osm_tags":{"building":"yes"}},"geometry":{"type":"Polygon","coordinates":[[[39.201457,38.666462],[39.201421,38.666307],[39.201769,38.666232],[39.201813,38.666383],[39.201457,38.666462]]]}},{"type":"Feature","id":"way/701310472","properties":{"osm_id":"way/701310472","osm_type":"way","building":"yes","name":null,"levels":null,"source":"OpenStreetMap","source_url":"https://www.openstreetmap.org/copyright","licence":"ODbL 1.0","retrieved_on":"2026-09-03","vulnerability_function_id":null,"vulnerability_class":"Not assigned","osm_tags":{"building":"yes"}},"geometry":{"type":"Polygon","coordinates":[[[39.20719,38.669434],[39.207325,38.669617],[39.207463,38.669544],[39.207518,38.669506],[39.207224,38.669382],[39.20719,38.6694],[39.20719,38.669434]]]}},{"type":"Feature","id":"way/701310473","properties":{"osm_id":"way/701310473","osm_type":"way","building":"yes","name":null,"levels":null,"source":"OpenStreetMap","source_url":"https://www.openstreetmap.org/copyright","licence":"ODbL 1.0","retrieved_on":"2026-09-03","vulnerability_function_id":null,"vulnerability_class":"Not assigned","osm_tags":{"building":"yes"}},"geometry":{"type":"Polygon","coordinates":[[[39.208392,38.667888],[39.208458,38.667774],[39.208766,38.667882],[39.2087,38.667996],[39.208392,38.667888]]]}},{"type":"Feature","id":"way/701310474","properties":{"osm_id":"way/701310474","osm_type":"way","building":"yes","name":null,"levels":null,"source":"OpenStreetMap","source_url":"https://www.openstreetmap.org/copyright","licence":"ODbL 1.0","retrieved_on":"2026-09-03","vulnerability_function_id":null,"vulnerability_class":"Not assigned","osm_tags":{"building":"yes"}},"geometry":{"type":"Polygon","coordinates":[[[39.208067,38.666313],[39.208081,38.666207],[39.207636,38.66615],[39.207655,38.66627],[39.208067,38.666313]]]}},{"type":"Feature","id":"way/701310475","properties":{"osm_id":"way/701310475","osm_type":"way","building":"yes","name":null,"levels":null,"source":"OpenStreetMap","source_url":"https://www.openstreetmap.org/copyright","licence":"ODbL 1.0","retrieved_on":"2026-09-03","vulnerability_function_id":null,"vulnerability_class":"Not assigned","osm_tags":{"building":"yes"}},"geometry":{"type":"Polygon","coordinates":[[[39.206865,38.664592],[39.206886,38.664419],[39.207058,38.664432],[39.207037,38.664605],[39.206865,38.664592]]]}},{"type":"Feature","id":"way/701310476","properties":{"osm_id":"way/701310476","osm_type":"way","building":"yes","name":null,"levels":null,"source":"OpenStreetMap","source_url":"https://www.openstreetmap.org/copyright","licence":"ODbL 1.0","retrieved_on":"2026-09-03","vulnerability_function_id":null,"vulnerability_class":"Not assigned","osm_tags":{"building":"yes"}},"geometry":{"type":"Polygon","coordinates":[[[39.206839,38.664817],[39.20686,38.664644],[39.207032,38.664657],[39.207011,38.66483],[39.206839,38.664817]]]}},{"type":"Feature","id":"way/701310477","properties":{"osm_id":"way/701310477","osm_type":"way","building":"yes","name":null,"levels":null,"source":"OpenStreetMap","source_url":"https://www.openstreetmap.org/copyright","licence":"ODbL 1.0","retrieved_on":"2026-09-03","vulnerability_function_id":null,"vulnerability_class":"Not assigned","osm_tags":{"building":"yes"}},"geometry":{"type":"Polygon","coordinates":[[[39.206815,38.665034],[39.206836,38.664862],[39.207008,38.664874],[39.206986,38.665047],[39.206815,38.665034]]]}},{"type":"Feature","id":"way/701310478","properties":{"osm_id":"way/701310478","osm_type":"way","building":"yes","name":null,"levels":null,"source":"OpenStreetMap","source_url":"https://www.openstreetmap.org/copyright","licence":"ODbL 1.0","retrieved_on":"2026-09-03","vulnerability_function_id":null,"vulnerability_class":"Not assigned","osm_tags":{"building":"yes"}},"geometry":{"type":"Polygon","coordinates":[[[39.206767,38.665521],[39.206773,38.665463],[39.206955,38.665476],[39.206934,38.66566],[39.206623,38.665638],[39.206624,38.665554],[39.206637,38.665512],[39.206767,38.665521]]]}},{"type":"Feature","id":"way/701310479","properties":{"osm_id":"way/701310479","osm_type":"way","building":"yes","name":null,"levels":null,"source":"OpenStreetMap","source_url":"https://www.openstreetmap.org/copyright","licence":"ODbL 1.0","retrieved_on":"2026-09-03","vulnerability_function_id":null,"vulnerability_class":"Not assigned","osm_tags":{"building":"yes"}},"geometry":{"type":"Polygon","coordinates":[[[39.206673,38.665281],[39.206692,38.665151],[39.206799,38.665161],[39.206806,38.665115],[39.206997,38.665132],[39.206971,38.665308],[39.206673,38.665281]]]}},{"type":"Feature","id":"way/701310480","properties":{"osm_id":"way/701310480","osm_type":"way","building":"yes","name":null,"levels":null,"source":"OpenStreetMap","source_url":"https://www.openstreetmap.org/copyright","licence":"ODbL 1.0","retrieved_on":"2026-09-03","vulnerability_function_id":null,"vulnerability_class":"Not assigned","osm_tags":{"building":"yes"}},"geometry":{"type":"Polygon","coordinates":[[[39.207181,38.665572],[39.207211,38.665306],[39.207383,38.665318],[39.207352,38.665584],[39.207181,38.665572]]]}},{"type":"Feature","id":"way/701310481","properties":{"osm_id":"way/701310481","osm_type":"way","building":"yes","name":null,"levels":null,"source":"OpenStreetMap","source_url":"https://www.openstreetmap.org/copyright","licence":"ODbL 1.0","retrieved_on":"2026-09-03","vulnerability_function_id":null,"vulnerability_class":"Not assigned","osm_tags":{"building":"yes"}},"geometry":{"type":"Polygon","coordinates":[[[39.207212,38.665267],[39.207239,38.665102],[39.207409,38.665118],[39.207383,38.665284],[39.207212,38.665267]]]}},{"type":"Feature","id":"way/701310482","properties":{"osm_id":"way/701310482","osm_type":"way","building":"yes","name":null,"levels":null,"source":"OpenStreetMap","source_url":"https://www.openstreetmap.org/copyright","licence":"ODbL 1.0","retrieved_on":"2026-09-03","vulnerability_function_id":null,"vulnerability_class":"Not assigned","osm_tags":{"building":"yes"}},"geometry":{"type":"Polygon","coordinates":[[[39.207233,38.665064],[39.20726,38.664899],[39.20743,38.664916],[39.207403,38.665081],[39.207233,38.665064]]]}},{"type":"Feature","id":"way/701310483","properties":{"osm_id":"way/701310483","osm_type":"way","building":"yes","name":null,"levels":null,"source":"OpenStreetMap","source_url":"https://www.openstreetmap.org/copyright","licence":"ODbL 1.0","retrieved_on":"2026-09-03","vulnerability_function_id":null,"vulnerability_class":"Not assigned","osm_tags":{"building":"yes"}},"geometry":{"type":"Polygon","coordinates":[[[39.207261,38.664853],[39.207288,38.664687],[39.207458,38.664704],[39.207431,38.664869],[39.207261,38.664853]]]}},{"type":"Feature","id":"way/701310484","properties":{"osm_id":"way/701310484","osm_type":"way","building":"yes","name":null,"levels":null,"source":"OpenStreetMap","source_url":"https://www.openstreetmap.org/copyright","licence":"ODbL 1.0","retrieved_on":"2026-09-03","vulnerability_function_id":null,"vulnerability_class":"Not assigned","osm_tags":{"building":"yes"}},"geometry":{"type":"Polygon","coordinates":[[[39.207287,38.664645],[39.207313,38.66448],[39.207484,38.664496],[39.207457,38.664661],[39.207287,38.664645]]]}},{"type":"Feature","id":"way/701310485","properties":{"osm_id":"way/701310485","osm_type":"way","building":"yes","name":null,"levels":null,"source":"OpenStreetMap","source_url":"https://www.openstreetmap.org/copyright","licence":"ODbL 1.0","retrieved_on":"2026-09-03","vulnerability_function_id":null,"vulnerability_class":"Not assigned","osm_tags":{"building":"yes"}},"geometry":{"type":"Polygon","coordinates":[[[39.207322,38.664329],[39.207348,38.664164],[39.207519,38.664181],[39.207492,38.664346],[39.207322,38.664329]]]}},{"type":"Feature","id":"way/701310486","properties":{"osm_id":"way/701310486","osm_type":"way","building":"yes","name":null,"levels":null,"source":"OpenStreetMap","source_url":"https://www.openstreetmap.org/copyright","licence":"ODbL 1.0","retrieved_on":"2026-09-03","vulnerability_function_id":null,"vulnerability_class":"Not assigned","osm_tags":{"building":"yes"}},"geometry":{"type":"Polygon","coordinates":[[[39.207352,38.66411],[39.207379,38.663945],[39.207549,38.663962],[39.207523,38.664127],[39.207352,38.66411]]]}},{"type":"Feature","id":"way/701310487","properties":{"osm_id":"way/701310487","osm_type":"way","building":"yes","name":null,"levels":null,"source":"OpenStreetMap","source_url":"https://www.openstreetmap.org/copyright","licence":"ODbL 1.0","retrieved_on":"2026-09-03","vulnerability_function_id":null,"vulnerability_class":"Not assigned","osm_tags":{"building":"yes"}},"geometry":{"type":"Polygon","coordinates":[[[39.206692,38.663204],[39.206968,38.663219],[39.20695,38.663414],[39.206675,38.663398],[39.206692,38.663204]]]}},{"type":"Feature","id":"way/701310488","properties":{"osm_id":"way/701310488","osm_type":"way","building":"yes","name":null,"levels":null,"source":"OpenStreetMap","source_url":"https://www.openstreetmap.org/copyright","licence":"ODbL 1.0","retrieved_on":"2026-09-03","vulnerability_function_id":null,"vulnerability_class":"Not assigned","osm_tags":{"building":"yes"}},"geometry":{"type":"Polygon","coordinates":[[[39.204378,38.664395],[39.204457,38.664214],[39.204674,38.664272],[39.204595,38.664453],[39.204378,38.664395]]]}},{"type":"Feature","id":"way/701310489","properties":{"osm_id":"way/701310489","osm_type":"way","building":"yes","name":null,"levels":null,"source":"OpenStreetMap","source_url":"https://www.openstreetmap.org/copyright","licence":"ODbL 1.0","retrieved_on":"2026-09-03","vulnerability_function_id":null,"vulnerability_class":"Not assigned","osm_tags":{"building":"yes"}},"geometry":{"type":"Polygon","coordinates":[[[39.205565,38.664776],[39.205612,38.664651],[39.205864,38.664707],[39.205818,38.664833],[39.205565,38.664776]]]}},{"type":"Feature","id":"way/701310490","properties":{"osm_id":"way/701310490","osm_type":"way","building":"yes","name":null,"levels":null,"source":"OpenStreetMap","source_url":"https://www.openstreetmap.org/copyright","licence":"ODbL 1.0","retrieved_on":"2026-09-03","vulnerability_function_id":null,"vulnerability_class":"Not assigned","osm_tags":{"building":"yes"}},"geometry":{"type":"Polygon","coordinates":[[[39.205257,38.667498],[39.205452,38.667069],[39.205467,38.667074],[39.205499,38.667007],[39.205615,38.667039],[39.205399,38.667547],[39.205257,38.667498]]]}},{"type":"Feature","id":"way/701310491","properties":{"osm_id":"way/701310491","osm_type":"way","building":"yes","name":null,"levels":null,"source":"OpenStreetMap","source_url":"https://www.openstreetmap.org/copyright","licence":"ODbL 1.0","retrieved_on":"2026-09-03","vulnerability_function_id":null,"vulnerability_class":"Not assigned","osm_tags":{"building":"yes"}},"geometry":{"type":"Polygon","coordinates":[[[39.211341,38.672292],[39.211444,38.672158],[39.211621,38.672241],[39.211518,38.672375],[39.211341,38.672292]]]}},{"type":"Feature","id":"way/701310492","properties":{"osm_id":"way/701310492","osm_type":"way","building":"yes","name":null,"levels":null,"source":"OpenStreetMap","source_url":"https://www.openstreetmap.org/copyright","licence":"ODbL 1.0","retrieved_on":"2026-09-03","vulnerability_function_id":null,"vulnerability_class":"Not assigned","osm_tags":{"building":"yes"}},"geometry":{"type":"Polygon","coordinates":[[[39.21251,38.672618],[39.212568,38.672449],[39.212764,38.67249],[39.212706,38.672659],[39.21251,38.672618]]]}},{"type":"Feature","id":"way/701310493","properties":{"osm_id":"way/701310493","osm_type":"way","building":"yes","name":null,"levels":null,"source":"OpenStreetMap","source_url":"https://www.openstreetmap.org/copyright","licence":"ODbL 1.0","retrieved_on":"2026-09-03","vulnerability_function_id":null,"vulnerability_class":"Not assigned","osm_tags":{"building":"yes"}},"geometry":{"type":"Polygon","coordinates":[[[39.212782,38.672667],[39.212832,38.672518],[39.21301,38.672554],[39.212961,38.672703],[39.212782,38.672667]]]}},{"type":"Feature","id":"way/701310494","properties":{"osm_id":"way/701310494","osm_type":"way","building":"yes","name":null,"levels":null,"source":"OpenStreetMap","source_url":"https://www.openstreetmap.org/copyright","licence":"ODbL 1.0","retrieved_on":"2026-09-03","vulnerability_function_id":null,"vulnerability_class":"Not assigned","osm_tags":{"building":"yes"}},"geometry":{"type":"Polygon","coordinates":[[[39.212291,38.673204],[39.212304,38.673141],[39.212397,38.673164],[39.212365,38.673123],[39.212491,38.673058],[39.212688,38.673287],[39.212688,38.673314],[39.212678,38.673333],[39.212629,38.67333],[39.212474,38.673299],[39.21234,38.673239],[39.212291,38.673204]]]}},{"type":"Feature","id":"way/701310495","properties":{"osm_id":"way/701310495","osm_type":"way","building":"yes","name":null,"levels":null,"source":"OpenStreetMap","source_url":"https://www.openstreetmap.org/copyright","licence":"ODbL 1.0","retrieved_on":"2026-09-03","vulnerability_function_id":null,"vulnerability_class":"Not assigned","osm_tags":{"building":"yes"}},"geometry":{"type":"Polygon","coordinates":[[[39.210919,38.673026],[39.210913,38.673006],[39.211066,38.672839],[39.211192,38.672922],[39.211161,38.672945],[39.211602,38.673209],[39.211466,38.673353],[39.210919,38.673026]]]}},{"type":"Feature","id":"way/701310496","properties":{"osm_id":"way/701310496","osm_type":"way","building":"yes","name":null,"levels":null,"source":"OpenStreetMap","source_url":"https://www.openstreetmap.org/copyright","licence":"ODbL 1.0","retrieved_on":"2026-09-03","vulnerability_function_id":null,"vulnerability_class":"Not assigned","osm_tags":{"building":"yes"}},"geometry":{"type":"Polygon","coordinates":[[[39.211348,38.672917],[39.211497,38.672781],[39.211714,38.672927],[39.211682,38.672957],[39.21157,38.673065],[39.211348,38.672917]]]}},{"type":"Feature","id":"way/701310497","properties":{"osm_id":"way/701310497","osm_type":"way","building":"yes","name":null,"levels":null,"source":"OpenStreetMap","source_url":"https://www.openstreetmap.org/copyright","licence":"ODbL 1.0","retrieved_on":"2026-09-03","vulnerability_function_id":null,"vulnerability_class":"Not assigned","osm_tags":{"building":"yes"}},"geometry":{"type":"Polygon","coordinates":[[[39.21109,38.672829],[39.211164,38.672759],[39.211328,38.672863],[39.211253,38.672934],[39.21109,38.672829]]]}},{"type":"Feature","id":"way/701310498","properties":{"osm_id":"way/701310498","osm_type":"way","building":"yes","name":null,"levels":null,"source":"OpenStreetMap","source_url":"https://www.openstreetmap.org/copyright","licence":"ODbL 1.0","retrieved_on":"2026-09-03","vulnerability_function_id":null,"vulnerability_class":"Not assigned","osm_tags":{"building":"yes"}},"geometry":{"type":"Polygon","coordinates":[[[39.212475,38.669867],[39.212394,38.669708],[39.212631,38.669635],[39.212712,38.669794],[39.212475,38.669867]]]}},{"type":"Feature","id":"way/701334223","properties":{"osm_id":"way/701334223","osm_type":"way","building":"yes","name":null,"levels":null,"source":"OpenStreetMap","source_url":"https://www.openstreetmap.org/copyright","licence":"ODbL 1.0","retrieved_on":"2026-09-03","vulnerability_function_id":null,"vulnerability_class":"Not assigned","osm_tags":{"building":"yes"}},"geometry":{"type":"Polygon","coordinates":[[[39.18725,38.663259],[39.187421,38.663201],[39.187536,38.663406],[39.187364,38.663464],[39.18725,38.663259]]]}},{"type":"Feature","id":"way/701334224","properties":{"osm_id":"way/701334224","osm_type":"way","building":"yes","name":null,"levels":null,"source":"OpenStreetMap","source_url":"https://www.openstreetmap.org/copyright","licence":"ODbL 1.0","retrieved_on":"2026-09-03","vulnerability_function_id":null,"vulnerability_class":"Not assigned","osm_tags":{"building":"yes"}},"geometry":{"type":"Polygon","coordinates":[[[39.203654,38.664815],[39.203733,38.664706],[39.204164,38.664897],[39.204086,38.665006],[39.203654,38.664815]]]}},{"type":"Feature","id":"way/701334225","properties":{"osm_id":"way/701334225","osm_type":"way","building":"yes","name":null,"levels":null,"source":"OpenStreetMap","source_url":"https://www.openstreetmap.org/copyright","licence":"ODbL 1.0","retrieved_on":"2026-09-03","vulnerability_function_id":null,"vulnerability_class":"Not assigned","osm_tags":{"building":"yes"}},"geometry":{"type":"Polygon","coordinates":[[[39.206103,38.664218],[39.206129,38.66405],[39.206332,38.664069],[39.206305,38.664237],[39.206103,38.664218]]]}},{"type":"Feature","id":"way/701334227","properties":{"osm_id":"way/701334227","osm_type":"way","building":"yes","name":null,"levels":null,"source":"OpenStreetMap","source_url":"https://www.openstreetmap.org/copyright","licence":"ODbL 1.0","retrieved_on":"2026-09-03","vulnerability_function_id":null,"vulnerability_class":"Not assigned","osm_tags":{"building":"yes"}},"geometry":{"type":"Polygon","coordinates":[[[39.211676,38.666419],[39.211646,38.666231],[39.212036,38.66616],[39.212057,38.666362],[39.211676,38.666419]]]}},{"type":"Feature","id":"way/701334233","properties":{"osm_id":"way/701334233","osm_type":"way","building":"yes","name":null,"levels":null,"source":"OpenStreetMap","source_url":"https://www.openstreetmap.org/copyright","licence":"ODbL 1.0","retrieved_on":"2026-09-03","vulnerability_function_id":null,"vulnerability_class":"Not assigned","osm_tags":{"building":"yes"}},"geometry":{"type":"Polygon","coordinates":[[[39.228952,38.687385],[39.229033,38.687226],[39.229242,38.687291],[39.229161,38.687449],[39.228952,38.687385]]]}},{"type":"Feature","id":"way/701334235","properties":{"osm_id":"way/701334235","osm_type":"way","building":"yes","name":null,"levels":null,"source":"OpenStreetMap","source_url":"https://www.openstreetmap.org/copyright","licence":"ODbL 1.0","retrieved_on":"2026-09-03","vulnerability_function_id":null,"vulnerability_class":"Not assigned","osm_tags":{"building":"yes"}},"geometry":{"type":"Polygon","coordinates":[[[39.21529,38.686776],[39.215325,38.686672],[39.215777,38.686765],[39.215742,38.686869],[39.21529,38.686776]]]}},{"type":"Feature","id":"way/701334239","properties":{"osm_id":"way/701334239","osm_type":"way","building":"yes","name":null,"levels":null,"source":"OpenStreetMap","source_url":"https://www.openstreetmap.org/copyright","licence":"ODbL 1.0","retrieved_on":"2026-09-03","vulnerability_function_id":null,"vulnerability_class":"Not assigned","osm_tags":{"building":"yes"}},"geometry":{"type":"Polygon","coordinates":[[[39.209545,38.681482],[39.209624,38.681351],[39.209966,38.681477],[39.209887,38.681608],[39.209545,38.681482]]]}},{"type":"Feature","id":"way/701334240","properties":{"osm_id":"way/701334240","osm_type":"way","building":"yes","name":null,"levels":null,"source":"OpenStreetMap","source_url":"https://www.openstreetmap.org/copyright","licence":"ODbL 1.0","retrieved_on":"2026-09-03","vulnerability_function_id":null,"vulnerability_class":"Not assigned","osm_tags":{"building":"yes"}},"geometry":{"type":"Polygon","coordinates":[[[39.209088,38.681411],[39.209198,38.681211],[39.209409,38.681282],[39.209336,38.681415],[39.209223,38.681377],[39.209186,38.681444],[39.209088,38.681411]]]}},{"type":"Feature","id":"way/701334241","properties":{"osm_id":"way/701334241","osm_type":"way","building":"yes","name":null,"levels":null,"source":"OpenStreetMap","source_url":"https://www.openstreetmap.org/copyright","licence":"ODbL 1.0","retrieved_on":"2026-09-03","vulnerability_function_id":null,"vulnerability_class":"Not assigned","osm_tags":{"building":"yes"}},"geometry":{"type":"Polygon","coordinates":[[[39.209081,38.679823],[39.209162,38.67966],[39.209422,38.679738],[39.20934,38.679902],[39.209081,38.679823]]]}},{"type":"Feature","id":"way/701334242","properties":{"osm_id":"way/701334242","osm_type":"way","building":"yes","name":null,"levels":null,"source":"OpenStreetMap","source_url":"https://www.openstreetmap.org/copyright","licence":"ODbL 1.0","retrieved_on":"2026-09-03","vulnerability_function_id":null,"vulnerability_class":"Not assigned","osm_tags":{"building":"yes"}},"geometry":{"type":"Polygon","coordinates":[[[39.209392,38.679913],[39.209472,38.679747],[39.209722,38.679821],[39.209641,38.679987],[39.209392,38.679913]]]}},{"type":"Feature","id":"way/701334243","properties":{"osm_id":"way/701334243","osm_type":"way","building":"yes","name":null,"levels":null,"source":"OpenStreetMap","source_url":"https://www.openstreetmap.org/copyright","licence":"ODbL 1.0","retrieved_on":"2026-09-03","vulnerability_function_id":null,"vulnerability_class":"Not assigned","osm_tags":{"building":"yes"}},"geometry":{"type":"Polygon","coordinates":[[[39.209059,38.68008],[39.209137,38.679927],[39.209425,38.680017],[39.209346,38.68017],[39.209059,38.68008]]]}},{"type":"Feature","id":"way/701334244","properties":{"osm_id":"way/701334244","osm_type":"way","building":"yes","name":null,"levels":null,"source":"OpenStreetMap","source_url":"https://www.openstreetmap.org/copyright","licence":"ODbL 1.0","retrieved_on":"2026-09-03","vulnerability_function_id":null,"vulnerability_class":"Not assigned","osm_tags":{"building":"yes"}},"geometry":{"type":"Polygon","coordinates":[[[39.209457,38.680032],[39.209747,38.680119],[39.209672,38.680271],[39.209382,38.680184],[39.209457,38.680032]]]}},{"type":"Feature","id":"way/701506028","properties":{"osm_id":"way/701506028","osm_type":"way","building":"yes","name":null,"levels":null,"source":"OpenStreetMap","source_url":"https://www.openstreetmap.org/copyright","licence":"ODbL 1.0","retrieved_on":"2026-09-03","vulnerability_function_id":null,"vulnerability_class":"Not assigned","osm_tags":{"building":"yes"}},"geometry":{"type":"Polygon","coordinates":[[[39.183489,38.662072],[39.183429,38.661983],[39.183602,38.661912],[39.183661,38.662001],[39.183489,38.662072]]]}},{"type":"Feature","id":"way/701506029","properties":{"osm_id":"way/701506029","osm_type":"way","building":"yes","name":null,"levels":null,"source":"OpenStreetMap","source_url":"https://www.openstreetmap.org/copyright","licence":"ODbL 1.0","retrieved_on":"2026-09-03","vulnerability_function_id":null,"vulnerability_class":"Not assigned","osm_tags":{"building":"yes"}},"geometry":{"type":"Polygon","coordinates":[[[39.183147,38.662217],[39.183087,38.662128],[39.18326,38.662057],[39.18332,38.662146],[39.183147,38.662217]]]}},{"type":"Feature","id":"way/701506030","properties":{"osm_id":"way/701506030","osm_type":"way","building":"yes","name":null,"levels":null,"source":"OpenStreetMap","source_url":"https://www.openstreetmap.org/copyright","licence":"ODbL 1.0","retrieved_on":"2026-09-03","vulnerability_function_id":null,"vulnerability_class":"Not assigned","osm_tags":{"building":"yes"}},"geometry":{"type":"Polygon","coordinates":[[[39.184019,38.661113],[39.184011,38.660981],[39.184328,38.660969],[39.184336,38.6611],[39.184019,38.661113]]]}},{"type":"Feature","id":"way/701506031","properties":{"osm_id":"way/701506031","osm_type":"way","building":"yes","name":null,"levels":null,"source":"OpenStreetMap","source_url":"https://www.openstreetmap.org/copyright","licence":"ODbL 1.0","retrieved_on":"2026-09-03","vulnerability_function_id":null,"vulnerability_class":"Not assigned","osm_tags":{"building":"yes"}},"geometry":{"type":"Polygon","coordinates":[[[39.182436,38.660872],[39.18241,38.660629],[39.182659,38.660612],[39.182672,38.660727],[39.182575,38.660733],[39.182589,38.660862],[39.182436,38.660872]]]}},{"type":"Feature","id":"way/701506032","properties":{"osm_id":"way/701506032","osm_type":"way","building":"mosque","name":"İmam-ı Azam Camii","levels":null,"source":"OpenStreetMap","source_url":"https://www.openstreetmap.org/copyright","licence":"ODbL 1.0","retrieved_on":"2026-09-03","vulnerability_function_id":null,"vulnerability_class":"Not assigned","osm_tags":{"amenity":"place_of_worship","building":"mosque","name":"İmam-ı Azam Camii","religion":"muslim"}},"geometry":{"type":"Polygon","coordinates":[[[39.18791,38.661349],[39.187913,38.661072],[39.188251,38.661074],[39.188248,38.661351],[39.18791,38.661349]]]}},{"type":"Feature","id":"way/701506036","properties":{"osm_id":"way/701506036","osm_type":"way","building":"yes","name":null,"levels":null,"source":"OpenStreetMap","source_url":"https://www.openstreetmap.org/copyright","licence":"ODbL 1.0","retrieved_on":"2026-09-03","vulnerability_function_id":null,"vulnerability_class":"Not assigned","osm_tags":{"building":"yes"}},"geometry":{"type":"Polygon","coordinates":[[[39.190038,38.661452],[39.190088,38.661261],[39.190263,38.661288],[39.190213,38.66148],[39.190038,38.661452]]]}},{"type":"Feature","id":"way/701506037","properties":{"osm_id":"way/701506037","osm_type":"way","building":"yes","name":null,"levels":null,"source":"OpenStreetMap","source_url":"https://www.openstreetmap.org/copyright","licence":"ODbL 1.0","retrieved_on":"2026-09-03","vulnerability_function_id":null,"vulnerability_class":"Not assigned","osm_tags":{"building":"yes"}},"geometry":{"type":"Polygon","coordinates":[[[39.190362,38.661497],[39.190403,38.661335],[39.190603,38.661366],[39.190562,38.661528],[39.190362,38.661497]]]}},{"type":"Feature","id":"way/701506038","properties":{"osm_id":"way/701506038","osm_type":"way","building":"yes","name":null,"levels":null,"source":"OpenStreetMap","source_url":"https://www.openstreetmap.org/copyright","licence":"ODbL 1.0","retrieved_on":"2026-09-03","vulnerability_function_id":null,"vulnerability_class":"Not assigned","osm_tags":{"building":"yes"}},"geometry":{"type":"Polygon","coordinates":[[[39.194016,38.662246],[39.194039,38.662141],[39.194176,38.662159],[39.19418,38.66214],[39.194247,38.662149],[39.194222,38.662264],[39.19428,38.662271],[39.19427,38.66232],[39.194247,38.662317],[39.194234,38.66238],[39.194152,38.662369],[39.194149,38.662382],[39.194021,38.662366],[39.194025,38.662349],[39.193953,38.662339],[39.193966,38.662277],[39.193947,38.662275],[39.193955,38.662238],[39.194016,38.662246]]]}},{"type":"Feature","id":"way/701506039","properties":{"osm_id":"way/701506039","osm_type":"way","building":"yes","name":null,"levels":null,"source":"OpenStreetMap","source_url":"https://www.openstreetmap.org/copyright","licence":"ODbL 1.0","retrieved_on":"2026-09-03","vulnerability_function_id":null,"vulnerability_class":"Not assigned","osm_tags":{"building":"yes"}},"geometry":{"type":"Polygon","coordinates":[[[39.194758,38.662462],[39.194778,38.662374],[39.194799,38.662377],[39.194807,38.662341],[39.194854,38.662347],[39.194874,38.66226],[39.194936,38.662269],[39.194941,38.662245],[39.195049,38.66226],[39.195037,38.662314],[39.195054,38.662316],[39.195041,38.662373],[39.195074,38.662378],[39.195067,38.662406],[39.195083,38.662408],[39.195061,38.662505],[39.194959,38.662491],[39.194956,38.662504],[39.194855,38.66249],[39.194858,38.662476],[39.194758,38.662462]]]}},{"type":"Feature","id":"way/701506040","properties":{"osm_id":"way/701506040","osm_type":"way","building":"yes","name":null,"levels":null,"source":"OpenStreetMap","source_url":"https://www.openstreetmap.org/copyright","licence":"ODbL 1.0","retrieved_on":"2026-09-03","vulnerability_function_id":null,"vulnerability_class":"Not assigned","osm_tags":{"building":"yes"}},"geometry":{"type":"Polygon","coordinates":[[[39.183808,38.660291],[39.183774,38.660045],[39.183923,38.660033],[39.183956,38.660279],[39.183808,38.660291]]]}},{"type":"Feature","id":"way/701506043","properties":{"osm_id":"way/701506043","osm_type":"way","building":"mosque","name":null,"levels":null,"source":"OpenStreetMap","source_url":"https://www.openstreetmap.org/copyright","licence":"ODbL 1.0","retrieved_on":"2026-09-03","vulnerability_function_id":null,"vulnerability_class":"Not assigned","osm_tags":{"amenity":"place_of_worship","building":"mosque","religion":"muslim"}},"geometry":{"type":"Polygon","coordinates":[[[39.188306,38.663604],[39.188339,38.663407],[39.18855,38.663428],[39.188516,38.663625],[39.188306,38.663604]]]}},{"type":"Feature","id":"way/701506044","properties":{"osm_id":"way/701506044","osm_type":"way","building":"yes","name":"Fırat Liman Başkanlığı","levels":null,"source":"OpenStreetMap","source_url":"https://www.openstreetmap.org/copyright","licence":"ODbL 1.0","retrieved_on":"2026-09-03","vulnerability_function_id":null,"vulnerability_class":"Not assigned","osm_tags":{"building":"yes","name":"Fırat Liman Başkanlığı","office":"government"}},"geometry":{"type":"Polygon","coordinates":[[[39.196098,38.66768],[39.196081,38.667599],[39.196295,38.667571],[39.196328,38.667722],[39.196068,38.667755],[39.196053,38.667686],[39.196098,38.66768]]]}},{"type":"Feature","id":"way/701506045","properties":{"osm_id":"way/701506045","osm_type":"way","building":"yes","name":null,"levels":null,"source":"OpenStreetMap","source_url":"https://www.openstreetmap.org/copyright","licence":"ODbL 1.0","retrieved_on":"2026-09-03","vulnerability_function_id":null,"vulnerability_class":"Not assigned","osm_tags":{"building":"yes"}},"geometry":{"type":"Polygon","coordinates":[[[39.19556,38.667365],[39.195673,38.666966],[39.195818,38.666991],[39.195704,38.66739],[39.19556,38.667365]]]}},{"type":"Feature","id":"way/701506047","properties":{"osm_id":"way/701506047","osm_type":"way","building":"yes","name":null,"levels":null,"source":"OpenStreetMap","source_url":"https://www.openstreetmap.org/copyright","licence":"ODbL 1.0","retrieved_on":"2026-09-03","vulnerability_function_id":null,"vulnerability_class":"Not assigned","osm_tags":{"building":"yes"}},"geometry":{"type":"Polygon","coordinates":[[[39.195773,38.667377],[39.195833,38.667152],[39.195889,38.66716],[39.195904,38.667127],[39.19588,38.667123],[39.195885,38.667088],[39.195902,38.667096],[39.195912,38.667043],[39.196076,38.667074],[39.196019,38.667256],[39.196048,38.667262],[39.196011,38.667342],[39.196001,38.667357],[39.195949,38.667347],[39.195947,38.667365],[39.195887,38.667359],[39.195882,38.667386],[39.195842,38.667388],[39.195773,38.667377]]]}},{"type":"Feature","id":"way/701506048","properties":{"osm_id":"way/701506048","osm_type":"way","building":"yes","name":null,"levels":null,"source":"OpenStreetMap","source_url":"https://www.openstreetmap.org/copyright","licence":"ODbL 1.0","retrieved_on":"2026-09-03","vulnerability_function_id":null,"vulnerability_class":"Not assigned","osm_tags":{"building":"yes"}},"geometry":{"type":"Polygon","coordinates":[[[39.197666,38.667342],[39.197637,38.667196],[39.197798,38.667176],[39.197827,38.667322],[39.197666,38.667342]]]}},{"type":"Feature","id":"way/701506049","properties":{"osm_id":"way/701506049","osm_type":"way","building":"yes","name":null,"levels":null,"source":"OpenStreetMap","source_url":"https://www.openstreetmap.org/copyright","licence":"ODbL 1.0","retrieved_on":"2026-09-03","vulnerability_function_id":null,"vulnerability_class":"Not assigned","osm_tags":{"building":"yes"}},"geometry":{"type":"Polygon","coordinates":[[[39.195636,38.666815],[39.195606,38.666533],[39.195354,38.666549],[39.195384,38.666832],[39.195636,38.666815]]]}},{"type":"Feature","id":"way/701506050","properties":{"osm_id":"way/701506050","osm_type":"way","building":"yes","name":null,"levels":null,"source":"OpenStreetMap","source_url":"https://www.openstreetmap.org/copyright","licence":"ODbL 1.0","retrieved_on":"2026-09-03","vulnerability_function_id":null,"vulnerability_class":"Not assigned","osm_tags":{"building":"yes"}},"geometry":{"type":"Polygon","coordinates":[[[39.198054,38.666018],[39.198024,38.665889],[39.198417,38.665833],[39.198447,38.665962],[39.198054,38.666018]]]}},{"type":"Feature","id":"way/701506051","properties":{"osm_id":"way/701506051","osm_type":"way","building":"yes","name":null,"levels":null,"source":"OpenStreetMap","source_url":"https://www.openstreetmap.org/copyright","licence":"ODbL 1.0","retrieved_on":"2026-09-03","vulnerability_function_id":null,"vulnerability_class":"Not assigned","osm_tags":{"building":"yes"}},"geometry":{"type":"Polygon","coordinates":[[[39.200103,38.666331],[39.20005,38.666054],[39.199883,38.666074],[39.199936,38.666351],[39.200103,38.666331]]]}},{"type":"Feature","id":"way/701506052","properties":{"osm_id":"way/701506052","osm_type":"way","building":"school","name":null,"levels":null,"source":"OpenStreetMap","source_url":"https://www.openstreetmap.org/copyright","licence":"ODbL 1.0","retrieved_on":"2026-09-03","vulnerability_function_id":null,"vulnerability_class":"Not assigned","osm_tags":{"building":"school"}},"geometry":{"type":"Polygon","coordinates":[[[39.201164,38.664767],[39.201496,38.664596],[39.201607,38.664728],[39.201275,38.664899],[39.201164,38.664767]]]}},{"type":"Feature","id":"way/701506053","properties":{"osm_id":"way/701506053","osm_type":"way","building":"school","name":null,"levels":null,"source":"OpenStreetMap","source_url":"https://www.openstreetmap.org/copyright","licence":"ODbL 1.0","retrieved_on":"2026-09-03","vulnerability_function_id":null,"vulnerability_class":"Not assigned","osm_tags":{"building":"school"}},"geometry":{"type":"Polygon","coordinates":[[[39.201314,38.665011],[39.201496,38.664947],[39.201656,38.665227],[39.201475,38.66529],[39.201314,38.665011]]]}},{"type":"Feature","id":"way/701506055","properties":{"osm_id":"way/701506055","osm_type":"way","building":"yes","name":null,"levels":null,"source":"OpenStreetMap","source_url":"https://www.openstreetmap.org/copyright","licence":"ODbL 1.0","retrieved_on":"2026-09-03","vulnerability_function_id":null,"vulnerability_class":"Not assigned","osm_tags":{"building":"yes"}},"geometry":{"type":"Polygon","coordinates":[[[39.201029,38.667586],[39.201216,38.66742],[39.201434,38.667569],[39.201359,38.667636],[39.201245,38.667557],[39.201219,38.66758],[39.201335,38.66766],[39.201249,38.667737],[39.201029,38.667586]]]}},{"type":"Feature","id":"way/701506056","properties":{"osm_id":"way/701506056","osm_type":"way","building":"yes","name":null,"levels":null,"source":"OpenStreetMap","source_url":"https://www.openstreetmap.org/copyright","licence":"ODbL 1.0","retrieved_on":"2026-09-03","vulnerability_function_id":null,"vulnerability_class":"Not assigned","osm_tags":{"building":"yes"}},"geometry":{"type":"Polygon","coordinates":[[[39.199532,38.666735],[39.199713,38.666708],[39.19975,38.66686],[39.199569,38.666887],[39.199532,38.666735]]]}},{"type":"Feature","id":"way/701506057","properties":{"osm_id":"way/701506057","osm_type":"way","building":"yes","name":null,"levels":null,"source":"OpenStreetMap","source_url":"https://www.openstreetmap.org/copyright","licence":"ODbL 1.0","retrieved_on":"2026-09-03","vulnerability_function_id":null,"vulnerability_class":"Not assigned","osm_tags":{"building":"yes"}},"geometry":{"type":"Polygon","coordinates":[[[39.199801,38.666784],[39.199778,38.666686],[39.200032,38.666639],[39.200086,38.666844],[39.199918,38.666866],[39.199898,38.666766],[39.199801,38.666784]]]}},{"type":"Feature","id":"way/701506058","properties":{"osm_id":"way/701506058","osm_type":"way","building":"yes","name":null,"levels":null,"source":"OpenStreetMap","source_url":"https://www.openstreetmap.org/copyright","licence":"ODbL 1.0","retrieved_on":"2026-09-03","vulnerability_function_id":null,"vulnerability_class":"Not assigned","osm_tags":{"building":"yes"}},"geometry":{"type":"Polygon","coordinates":[[[39.199923,38.666915],[39.200089,38.666897],[39.200117,38.667095],[39.199863,38.667124],[39.199849,38.667011],[39.19994,38.667],[39.199923,38.666915]]]}},{"type":"Feature","id":"way/701506059","properties":{"osm_id":"way/701506059","osm_type":"way","building":"yes","name":null,"levels":null,"source":"OpenStreetMap","source_url":"https://www.openstreetmap.org/copyright","licence":"ODbL 1.0","retrieved_on":"2026-09-03","vulnerability_function_id":null,"vulnerability_class":"Not assigned","osm_tags":{"building":"yes"}},"geometry":{"type":"Polygon","coordinates":[[[39.199291,38.669346],[39.199237,38.669214],[39.199438,38.669164],[39.199492,38.669296],[39.199291,38.669346]]]}},{"type":"Feature","id":"way/701506060","properties":{"osm_id":"way/701506060","osm_type":"way","building":"yes","name":null,"levels":null,"source":"OpenStreetMap","source_url":"https://www.openstreetmap.org/copyright","licence":"ODbL 1.0","retrieved_on":"2026-09-03","vulnerability_function_id":null,"vulnerability_class":"Not assigned","osm_tags":{"building":"yes"}},"geometry":{"type":"Polygon","coordinates":[[[39.201983,38.666193],[39.202208,38.666151],[39.202245,38.666272],[39.20202,38.666314],[39.201983,38.666193]]]}},{"type":"Feature","id":"way/701506061","properties":{"osm_id":"way/701506061","osm_type":"way","building":"yes","name":null,"levels":null,"source":"OpenStreetMap","source_url":"https://www.openstreetmap.org/copyright","licence":"ODbL 1.0","retrieved_on":"2026-09-03","vulnerability_function_id":null,"vulnerability_class":"Not assigned","osm_tags":{"building":"yes"}},"geometry":{"type":"Polygon","coordinates":[[[39.20207,38.666373],[39.202293,38.666328],[39.202335,38.666451],[39.202112,38.666497],[39.20207,38.666373]]]}},{"type":"Feature","id":"way/701506062","properties":{"osm_id":"way/701506062","osm_type":"way","building":"yes","name":null,"levels":null,"source":"OpenStreetMap","source_url":"https://www.openstreetmap.org/copyright","licence":"ODbL 1.0","retrieved_on":"2026-09-03","vulnerability_function_id":null,"vulnerability_class":"Not assigned","osm_tags":{"building":"yes"}},"geometry":{"type":"Polygon","coordinates":[[[39.202108,38.664533],[39.202232,38.664408],[39.202372,38.664492],[39.202248,38.664618],[39.202108,38.664533]]]}},{"type":"Feature","id":"way/701506063","properties":{"osm_id":"way/701506063","osm_type":"way","building":"yes","name":null,"levels":null,"source":"OpenStreetMap","source_url":"https://www.openstreetmap.org/copyright","licence":"ODbL 1.0","retrieved_on":"2026-09-03","vulnerability_function_id":null,"vulnerability_class":"Not assigned","osm_tags":{"building":"yes"}},"geometry":{"type":"Polygon","coordinates":[[[39.206069,38.66321],[39.206107,38.663089],[39.206314,38.663129],[39.206276,38.663249],[39.206069,38.66321]]]}},{"type":"Feature","id":"way/701506064","properties":{"osm_id":"way/701506064","osm_type":"way","building":"yes","name":null,"levels":null,"source":"OpenStreetMap","source_url":"https://www.openstreetmap.org/copyright","licence":"ODbL 1.0","retrieved_on":"2026-09-03","vulnerability_function_id":null,"vulnerability_class":"Not assigned","osm_tags":{"building":"yes"}},"geometry":{"type":"Polygon","coordinates":[[[39.206012,38.663364],[39.206052,38.663257],[39.206255,38.663303],[39.206215,38.66341],[39.206012,38.663364]]]}},{"type":"Feature","id":"way/701506065","properties":{"osm_id":"way/701506065","osm_type":"way","building":"yes","name":null,"levels":null,"source":"OpenStreetMap","source_url":"https://www.openstreetmap.org/copyright","licence":"ODbL 1.0","retrieved_on":"2026-09-03","vulnerability_function_id":null,"vulnerability_class":"Not assigned","osm_tags":{"building":"yes"}},"geometry":{"type":"Polygon","coordinates":[[[39.206322,38.663407],[39.206353,38.663186],[39.206477,38.663196],[39.206446,38.663418],[39.206322,38.663407]]]}},{"type":"Feature","id":"way/701506066","properties":{"osm_id":"way/701506066","osm_type":"way","building":"yes","name":null,"levels":null,"source":"OpenStreetMap","source_url":"https://www.openstreetmap.org/copyright","licence":"ODbL 1.0","retrieved_on":"2026-09-03","vulnerability_function_id":null,"vulnerability_class":"Not assigned","osm_tags":{"building":"yes"}},"geometry":{"type":"Polygon","coordinates":[[[39.206999,38.663392],[39.207023,38.663232],[39.207168,38.663245],[39.207145,38.663404],[39.206999,38.663392]]]}},{"type":"Feature","id":"way/701506067","properties":{"osm_id":"way/701506067","osm_type":"way","building":"yes","name":null,"levels":null,"source":"OpenStreetMap","source_url":"https://www.openstreetmap.org/copyright","licence":"ODbL 1.0","retrieved_on":"2026-09-03","vulnerability_function_id":null,"vulnerability_class":"Not assigned","osm_tags":{"building":"yes"}},"geometry":{"type":"Polygon","coordinates":[[[39.206937,38.668771],[39.207118,38.668432],[39.207255,38.66847],[39.207151,38.668656],[39.207168,38.668662],[39.207128,38.668728],[39.207151,38.668736],[39.207099,38.668823],[39.206937,38.668771]]]}},{"type":"Feature","id":"way/701506068","properties":{"osm_id":"way/701506068","osm_type":"way","building":"yes","name":null,"levels":null,"source":"OpenStreetMap","source_url":"https://www.openstreetmap.org/copyright","licence":"ODbL 1.0","retrieved_on":"2026-09-03","vulnerability_function_id":null,"vulnerability_class":"Not assigned","osm_tags":{"building":"yes"}},"geometry":{"type":"Polygon","coordinates":[[[39.208056,38.668891],[39.208131,38.668768],[39.208439,38.668882],[39.208364,38.669005],[39.208056,38.668891]]]}},{"type":"Feature","id":"way/701506069","properties":{"osm_id":"way/701506069","osm_type":"way","building":"yes","name":null,"levels":null,"source":"OpenStreetMap","source_url":"https://www.openstreetmap.org/copyright","licence":"ODbL 1.0","retrieved_on":"2026-09-03","vulnerability_function_id":null,"vulnerability_class":"Not assigned","osm_tags":{"building":"yes"}},"geometry":{"type":"Polygon","coordinates":[[[39.20851,38.667736],[39.208561,38.667574],[39.208806,38.667659],[39.208732,38.667808],[39.20851,38.667736]]]}},{"type":"Feature","id":"way/701520179","properties":{"osm_id":"way/701520179","osm_type":"way","building":"yes","name":null,"levels":null,"source":"OpenStreetMap","source_url":"https://www.openstreetmap.org/copyright","licence":"ODbL 1.0","retrieved_on":"2026-09-03","vulnerability_function_id":null,"vulnerability_class":"Not assigned","osm_tags":{"building":"yes"}},"geometry":{"type":"Polygon","coordinates":[[[39.216961,38.667751],[39.217528,38.667453],[39.217699,38.667655],[39.217129,38.667949],[39.216961,38.667751]]]}},{"type":"Feature","id":"way/701520180","properties":{"osm_id":"way/701520180","osm_type":"way","building":"yes","name":null,"levels":null,"source":"OpenStreetMap","source_url":"https://www.openstreetmap.org/copyright","licence":"ODbL 1.0","retrieved_on":"2026-09-03","vulnerability_function_id":null,"vulnerability_class":"Not assigned","osm_tags":{"building":"yes"}},"geometry":{"type":"Polygon","coordinates":[[[39.219341,38.669277],[39.219521,38.669219],[39.219666,38.66949],[39.219486,38.669549],[39.219341,38.669277]]]}},{"type":"Feature","id":"way/701520184","properties":{"osm_id":"way/701520184","osm_type":"way","building":"roof","name":null,"levels":null,"source":"OpenStreetMap","source_url":"https://www.openstreetmap.org/copyright","licence":"ODbL 1.0","retrieved_on":"2026-09-03","vulnerability_function_id":null,"vulnerability_class":"Not assigned","osm_tags":{"building":"roof"}},"geometry":{"type":"Polygon","coordinates":[[[39.2225,38.668919],[39.222505,38.668678],[39.222412,38.668676],[39.222411,38.668733],[39.222371,38.668732],[39.222368,38.668869],[39.222402,38.66887],[39.222401,38.668918],[39.2225,38.668919]]]}},{"type":"Feature","id":"way/701520185","properties":{"osm_id":"way/701520185","osm_type":"way","building":"yes","name":null,"levels":null,"source":"OpenStreetMap","source_url":"https://www.openstreetmap.org/copyright","licence":"ODbL 1.0","retrieved_on":"2026-09-03","vulnerability_function_id":null,"vulnerability_class":"Not assigned","osm_tags":{"building":"yes"}},"geometry":{"type":"Polygon","coordinates":[[[39.222368,38.668869],[39.222371,38.668732],[39.222278,38.668737],[39.222368,38.668869]]]}},{"type":"Feature","id":"way/701550384","properties":{"osm_id":"way/701550384","osm_type":"way","building":"yes","name":null,"levels":null,"source":"OpenStreetMap","source_url":"https://www.openstreetmap.org/copyright","licence":"ODbL 1.0","retrieved_on":"2026-09-03","vulnerability_function_id":null,"vulnerability_class":"Not assigned","osm_tags":{"building":"yes"}},"geometry":{"type":"Polygon","coordinates":[[[39.226606,38.676458],[39.226881,38.676693],[39.226844,38.676928],[39.226645,38.676909],[39.226651,38.67681],[39.226606,38.676772],[39.226624,38.676647],[39.22656,38.676631],[39.226606,38.676458]]]}},{"type":"Feature","id":"way/701550386","properties":{"osm_id":"way/701550386","osm_type":"way","building":"yes","name":null,"levels":null,"source":"OpenStreetMap","source_url":"https://www.openstreetmap.org/copyright","licence":"ODbL 1.0","retrieved_on":"2026-09-03","vulnerability_function_id":null,"vulnerability_class":"Not assigned","osm_tags":{"building":"yes"}},"geometry":{"type":"Polygon","coordinates":[[[39.216463,38.682793],[39.216495,38.682588],[39.216691,38.68262],[39.216669,38.6828],[39.216463,38.682793]]]}},{"type":"Feature","id":"way/701585005","properties":{"osm_id":"way/701585005","osm_type":"way","building":"commercial","name":"Ticaret Borsası","levels":null,"source":"OpenStreetMap","source_url":"https://www.openstreetmap.org/copyright","licence":"ODbL 1.0","retrieved_on":"2026-09-03","vulnerability_function_id":null,"vulnerability_class":"Not assigned","osm_tags":{"building":"commercial","name":"Ticaret Borsası"}},"geometry":{"type":"Polygon","coordinates":[[[39.224236,38.672062],[39.224212,38.672058],[39.224325,38.671736],[39.224352,38.671738],[39.224413,38.671535],[39.224488,38.671531],[39.224542,38.671516],[39.224582,38.671518],[39.224727,38.671715],[39.224958,38.672027],[39.225028,38.67214],[39.225097,38.672219],[39.225116,38.672253],[39.225122,38.672282],[39.225073,38.672301],[39.225046,38.67233],[39.224998,38.672349],[39.224201,38.672169],[39.224236,38.672062]]]}},{"type":"Feature","id":"way/701585006","properties":{"osm_id":"way/701585006","osm_type":"way","building":"yes","name":"Elâzığ Valiliği","levels":null,"source":"OpenStreetMap","source_url":"https://www.openstreetmap.org/copyright","licence":"ODbL 1.0","retrieved_on":"2026-09-03","vulnerability_function_id":null,"vulnerability_class":"Not assigned","osm_tags":{"addr:city":"Elazığ","building":"yes","name":"Elâzığ Valiliği","office":"government"}},"geometry":{"type":"Polygon","coordinates":[[[39.223284,38.674391],[39.223363,38.67416],[39.223785,38.674248],[39.223709,38.674473],[39.223633,38.674458],[39.223641,38.674436],[39.223561,38.674419],[39.223554,38.674442],[39.223459,38.674422],[39.223467,38.674398],[39.223391,38.674382],[39.223381,38.674411],[39.223284,38.674391]]]}},{"type":"Feature","id":"way/701585010","properties":{"osm_id":"way/701585010","osm_type":"way","building":"yes","name":null,"levels":null,"source":"OpenStreetMap","source_url":"https://www.openstreetmap.org/copyright","licence":"ODbL 1.0","retrieved_on":"2026-09-03","vulnerability_function_id":null,"vulnerability_class":"Not assigned","osm_tags":{"building":"yes"}},"geometry":{"type":"Polygon","coordinates":[[[39.223301,38.675027],[39.223333,38.674886],[39.223312,38.674862],[39.223075,38.674879],[39.223062,38.675005],[39.223301,38.675027]]]}},{"type":"Feature","id":"way/701585011","properties":{"osm_id":"way/701585011","osm_type":"way","building":"yes","name":null,"levels":null,"source":"OpenStreetMap","source_url":"https://www.openstreetmap.org/copyright","licence":"ODbL 1.0","retrieved_on":"2026-09-03","vulnerability_function_id":null,"vulnerability_class":"Not assigned","osm_tags":{"building":"yes"}},"geometry":{"type":"Polygon","coordinates":[[[39.223793,38.67478],[39.223423,38.67481],[39.22336,38.675219],[39.223745,38.675256],[39.223753,38.675183],[39.223793,38.67478]]]}},{"type":"Feature","id":"way/701585012","properties":{"osm_id":"way/701585012","osm_type":"way","building":"yes","name":null,"levels":null,"source":"OpenStreetMap","source_url":"https://www.openstreetmap.org/copyright","licence":"ODbL 1.0","retrieved_on":"2026-09-03","vulnerability_function_id":null,"vulnerability_class":"Not assigned","osm_tags":{"building":"yes"}},"geometry":{"type":"Polygon","coordinates":[[[39.22412,38.681293],[39.224177,38.680996],[39.223817,38.680958],[39.223804,38.681067],[39.223841,38.681069],[39.223833,38.681276],[39.22412,38.681293]]]}},{"type":"Feature","id":"way/701585013","properties":{"osm_id":"way/701585013","osm_type":"way","building":"yes","name":null,"levels":null,"source":"OpenStreetMap","source_url":"https://www.openstreetmap.org/copyright","licence":"ODbL 1.0","retrieved_on":"2026-09-03","vulnerability_function_id":null,"vulnerability_class":"Not assigned","osm_tags":{"building":"yes"}},"geometry":{"type":"Polygon","coordinates":[[[39.224665,38.681356],[39.224708,38.681132],[39.225097,38.681176],[39.225175,38.681192],[39.225201,38.681201],[39.225217,38.681276],[39.225191,38.681414],[39.224665,38.681356]]]}},{"type":"Feature","id":"way/701585015","properties":{"osm_id":"way/701585015","osm_type":"way","building":"yes","name":null,"levels":null,"source":"OpenStreetMap","source_url":"https://www.openstreetmap.org/copyright","licence":"ODbL 1.0","retrieved_on":"2026-09-03","vulnerability_function_id":null,"vulnerability_class":"Not assigned","osm_tags":{"building":"yes"}},"geometry":{"type":"Polygon","coordinates":[[[39.222771,38.680991],[39.222813,38.680755],[39.222945,38.680769],[39.222904,38.681005],[39.222771,38.680991]]]}},{"type":"Feature","id":"way/701585016","properties":{"osm_id":"way/701585016","osm_type":"way","building":"yes","name":null,"levels":null,"source":"OpenStreetMap","source_url":"https://www.openstreetmap.org/copyright","licence":"ODbL 1.0","retrieved_on":"2026-09-03","vulnerability_function_id":null,"vulnerability_class":"Not assigned","osm_tags":{"building":"yes"}},"geometry":{"type":"Polygon","coordinates":[[[39.222976,38.681023],[39.223018,38.680787],[39.22315,38.680801],[39.223109,38.681037],[39.222976,38.681023]]]}},{"type":"Feature","id":"way/701585017","properties":{"osm_id":"way/701585017","osm_type":"way","building":"yes","name":null,"levels":null,"source":"OpenStreetMap","source_url":"https://www.openstreetmap.org/copyright","licence":"ODbL 1.0","retrieved_on":"2026-09-03","vulnerability_function_id":null,"vulnerability_class":"Not assigned","osm_tags":{"building":"yes"}},"geometry":{"type":"Polygon","coordinates":[[[39.224625,38.680234],[39.224676,38.67994],[39.224833,38.679956],[39.224782,38.680251],[39.224625,38.680234]]]}},{"type":"Feature","id":"way/701585019","properties":{"osm_id":"way/701585019","osm_type":"way","building":"yes","name":null,"levels":null,"source":"OpenStreetMap","source_url":"https://www.openstreetmap.org/copyright","licence":"ODbL 1.0","retrieved_on":"2026-09-03","vulnerability_function_id":null,"vulnerability_class":"Not assigned","osm_tags":{"building":"yes"}},"geometry":{"type":"Polygon","coordinates":[[[39.217726,38.68578],[39.217705,38.685635],[39.217908,38.685617],[39.217929,38.685761],[39.217726,38.68578]]]}},{"type":"Feature","id":"way/701585020","properties":{"osm_id":"way/701585020","osm_type":"way","building":"yes","name":null,"levels":null,"source":"OpenStreetMap","source_url":"https://www.openstreetmap.org/copyright","licence":"ODbL 1.0","retrieved_on":"2026-09-03","vulnerability_function_id":null,"vulnerability_class":"Not assigned","osm_tags":{"building":"yes"}},"geometry":{"type":"Polygon","coordinates":[[[39.219171,38.682398],[39.219207,38.682242],[39.219517,38.682286],[39.21948,38.682443],[39.219171,38.682398]]]}},{"type":"Feature","id":"way/701585021","properties":{"osm_id":"way/701585021","osm_type":"way","building":"yes","name":null,"levels":null,"source":"OpenStreetMap","source_url":"https://www.openstreetmap.org/copyright","licence":"ODbL 1.0","retrieved_on":"2026-09-03","vulnerability_function_id":null,"vulnerability_class":"Not assigned","osm_tags":{"building":"yes"}},"geometry":{"type":"Polygon","coordinates":[[[39.221289,38.68161],[39.221312,38.681473],[39.221367,38.681479],[39.221376,38.68142],[39.221555,38.681438],[39.221522,38.681633],[39.221289,38.68161]]]}},{"type":"Feature","id":"way/701585022","properties":{"osm_id":"way/701585022","osm_type":"way","building":"yes","name":null,"levels":null,"source":"OpenStreetMap","source_url":"https://www.openstreetmap.org/copyright","licence":"ODbL 1.0","retrieved_on":"2026-09-03","vulnerability_function_id":null,"vulnerability_class":"Not assigned","osm_tags":{"building":"yes"}},"geometry":{"type":"Polygon","coordinates":[[[39.214969,38.681245],[39.21501,38.681101],[39.215093,38.681113],[39.215162,38.680931],[39.21509,38.68091],[39.215176,38.680776],[39.215385,38.680885],[39.215211,38.681296],[39.214969,38.681245]]]}},{"type":"Feature","id":"way/701585023","properties":{"osm_id":"way/701585023","osm_type":"way","building":"yes","name":null,"levels":null,"source":"OpenStreetMap","source_url":"https://www.openstreetmap.org/copyright","licence":"ODbL 1.0","retrieved_on":"2026-09-03","vulnerability_function_id":null,"vulnerability_class":"Not assigned","osm_tags":{"building":"yes"}},"geometry":{"type":"Polygon","coordinates":[[[39.208897,38.680026],[39.208996,38.679841],[39.209103,38.679876],[39.209005,38.680061],[39.208897,38.680026]]]}},{"type":"Feature","id":"way/701605848","properties":{"osm_id":"way/701605848","osm_type":"way","building":"yes","name":null,"levels":null,"source":"OpenStreetMap","source_url":"https://www.openstreetmap.org/copyright","licence":"ODbL 1.0","retrieved_on":"2026-09-03","vulnerability_function_id":null,"vulnerability_class":"Not assigned","osm_tags":{"building":"yes"}},"geometry":{"type":"Polygon","coordinates":[[[39.196512,38.665405],[39.196491,38.665213],[39.196707,38.665199],[39.196728,38.66539],[39.196512,38.665405]]]}},{"type":"Feature","id":"way/701605849","properties":{"osm_id":"way/701605849","osm_type":"way","building":"yes","name":null,"levels":null,"source":"OpenStreetMap","source_url":"https://www.openstreetmap.org/copyright","licence":"ODbL 1.0","retrieved_on":"2026-09-03","vulnerability_function_id":null,"vulnerability_class":"Not assigned","osm_tags":{"building":"yes"}},"geometry":{"type":"Polygon","coordinates":[[[39.196251,38.665425],[39.196229,38.665233],[39.196445,38.665219],[39.196467,38.66541],[39.196251,38.665425]]]}},{"type":"Feature","id":"way/701605850","properties":{"osm_id":"way/701605850","osm_type":"way","building":"yes","name":null,"levels":null,"source":"OpenStreetMap","source_url":"https://www.openstreetmap.org/copyright","licence":"ODbL 1.0","retrieved_on":"2026-09-03","vulnerability_function_id":null,"vulnerability_class":"Not assigned","osm_tags":{"building":"yes"}},"geometry":{"type":"Polygon","coordinates":[[[39.196283,38.665657],[39.196261,38.665466],[39.196478,38.665451],[39.196499,38.665642],[39.196283,38.665657]]]}},{"type":"Feature","id":"way/701605851","properties":{"osm_id":"way/701605851","osm_type":"way","building":"yes","name":null,"levels":null,"source":"OpenStreetMap","source_url":"https://www.openstreetmap.org/copyright","licence":"ODbL 1.0","retrieved_on":"2026-09-03","vulnerability_function_id":null,"vulnerability_class":"Not assigned","osm_tags":{"building":"yes"}},"geometry":{"type":"Polygon","coordinates":[[[39.196538,38.66564],[39.196516,38.665449],[39.196732,38.665434],[39.196754,38.665626],[39.196538,38.66564]]]}},{"type":"Feature","id":"way/701605852","properties":{"osm_id":"way/701605852","osm_type":"way","building":"yes","name":null,"levels":null,"source":"OpenStreetMap","source_url":"https://www.openstreetmap.org/copyright","licence":"ODbL 1.0","retrieved_on":"2026-09-03","vulnerability_function_id":null,"vulnerability_class":"Not assigned","osm_tags":{"building":"yes"}},"geometry":{"type":"Polygon","coordinates":[[[39.194516,38.666729],[39.194507,38.666597],[39.194756,38.666574],[39.194773,38.666703],[39.194724,38.666723],[39.19456,38.666738],[39.194516,38.666729]]]}},{"type":"Feature","id":"way/701605853","properties":{"osm_id":"way/701605853","osm_type":"way","building":"yes","name":null,"levels":null,"source":"OpenStreetMap","source_url":"https://www.openstreetmap.org/copyright","licence":"ODbL 1.0","retrieved_on":"2026-09-03","vulnerability_function_id":null,"vulnerability_class":"Not assigned","osm_tags":{"building":"yes"}},"geometry":{"type":"Polygon","coordinates":[[[39.194138,38.666752],[39.194128,38.666621],[39.194378,38.666597],[39.194395,38.666727],[39.194345,38.666747],[39.194182,38.666761],[39.194138,38.666752]]]}},{"type":"Feature","id":"way/701605854","properties":{"osm_id":"way/701605854","osm_type":"way","building":"yes","name":null,"levels":null,"source":"OpenStreetMap","source_url":"https://www.openstreetmap.org/copyright","licence":"ODbL 1.0","retrieved_on":"2026-09-03","vulnerability_function_id":null,"vulnerability_class":"Not assigned","osm_tags":{"building":"yes"}},"geometry":{"type":"Polygon","coordinates":[[[39.200672,38.664453],[39.200679,38.664308],[39.2009,38.664314],[39.200894,38.664459],[39.200672,38.664453]]]}},{"type":"Feature","id":"way/701605855","properties":{"osm_id":"way/701605855","osm_type":"way","building":"yes","name":null,"levels":null,"source":"OpenStreetMap","source_url":"https://www.openstreetmap.org/copyright","licence":"ODbL 1.0","retrieved_on":"2026-09-03","vulnerability_function_id":null,"vulnerability_class":"Not assigned","osm_tags":{"building":"yes"}},"geometry":{"type":"Polygon","coordinates":[[[39.211939,38.678749],[39.211971,38.678613],[39.212265,38.678656],[39.212232,38.678792],[39.211939,38.678749]]]}},{"type":"Feature","id":"way/701605856","properties":{"osm_id":"way/701605856","osm_type":"way","building":"yes","name":null,"levels":null,"source":"OpenStreetMap","source_url":"https://www.openstreetmap.org/copyright","licence":"ODbL 1.0","retrieved_on":"2026-09-03","vulnerability_function_id":null,"vulnerability_class":"Not assigned","osm_tags":{"building":"yes"}},"geometry":{"type":"Polygon","coordinates":[[[39.214664,38.680388],[39.214839,38.680178],[39.214946,38.680233],[39.21477,38.680442],[39.214664,38.680388]]]}},{"type":"Feature","id":"way/701745356","properties":{"osm_id":"way/701745356","osm_type":"way","building":"yes","name":null,"levels":null,"source":"OpenStreetMap","source_url":"https://www.openstreetmap.org/copyright","licence":"ODbL 1.0","retrieved_on":"2026-09-03","vulnerability_function_id":null,"vulnerability_class":"Not assigned","osm_tags":{"building":"yes"}},"geometry":{"type":"Polygon","coordinates":[[[39.181985,38.671424],[39.18213,38.671219],[39.182316,38.671299],[39.18217,38.671504],[39.181985,38.671424]]]}},{"type":"Feature","id":"way/701745357","properties":{"osm_id":"way/701745357","osm_type":"way","building":"yes","name":null,"levels":null,"source":"OpenStreetMap","source_url":"https://www.openstreetmap.org/copyright","licence":"ODbL 1.0","retrieved_on":"2026-09-03","vulnerability_function_id":null,"vulnerability_class":"Not assigned","osm_tags":{"building":"yes"}},"geometry":{"type":"Polygon","coordinates":[[[39.18213,38.671219],[39.182316,38.671299],[39.182354,38.671316],[39.182425,38.671217],[39.182201,38.67112],[39.18213,38.671219]]]}},{"type":"Feature","id":"way/701767884","properties":{"osm_id":"way/701767884","osm_type":"way","building":"yes","name":null,"levels":null,"source":"OpenStreetMap","source_url":"https://www.openstreetmap.org/copyright","licence":"ODbL 1.0","retrieved_on":"2026-09-03","vulnerability_function_id":null,"vulnerability_class":"Not assigned","osm_tags":{"building":"yes"}},"geometry":{"type":"Polygon","coordinates":[[[39.212167,38.670361],[39.212096,38.670236],[39.211534,38.670502],[39.211544,38.670772],[39.211739,38.670758],[39.211732,38.670576],[39.212167,38.670361]]]}},{"type":"Feature","id":"way/701767885","properties":{"osm_id":"way/701767885","osm_type":"way","building":"school","name":null,"levels":null,"source":"OpenStreetMap","source_url":"https://www.openstreetmap.org/copyright","licence":"ODbL 1.0","retrieved_on":"2026-09-03","vulnerability_function_id":null,"vulnerability_class":"Not assigned","osm_tags":{"building":"school"}},"geometry":{"type":"Polygon","coordinates":[[[39.216179,38.668826],[39.216366,38.668922],[39.216123,38.669209],[39.215936,38.669112],[39.216179,38.668826]]]}},{"type":"Feature","id":"way/701767909","properties":{"osm_id":"way/701767909","osm_type":"way","building":"yes","name":"Süryani Kadim Kilisesi","levels":null,"source":"OpenStreetMap","source_url":"https://www.openstreetmap.org/copyright","licence":"ODbL 1.0","retrieved_on":"2026-09-03","vulnerability_function_id":null,"vulnerability_class":"Not assigned","osm_tags":{"addr:city":"Elazığ","amenity":"place_of_worship","building":"yes","name":"Süryani Kadim Kilisesi","religion":"christian"}},"geometry":{"type":"Polygon","coordinates":[[[39.229987,38.680085],[39.230151,38.680014],[39.230229,38.680123],[39.230162,38.680152],[39.230193,38.680196],[39.230096,38.680239],[39.229987,38.680085]]]}},{"type":"Feature","id":"way/701837038","properties":{"osm_id":"way/701837038","osm_type":"way","building":"yes","name":null,"levels":null,"source":"OpenStreetMap","source_url":"https://www.openstreetmap.org/copyright","licence":"ODbL 1.0","retrieved_on":"2026-09-03","vulnerability_function_id":null,"vulnerability_class":"Not assigned","osm_tags":{"building":"yes"}},"geometry":{"type":"Polygon","coordinates":[[[39.228382,38.686202],[39.228592,38.685871],[39.228746,38.685935],[39.228526,38.686264],[39.228382,38.686202]]]}},{"type":"Feature","id":"way/701837044","properties":{"osm_id":"way/701837044","osm_type":"way","building":"yes","name":null,"levels":null,"source":"OpenStreetMap","source_url":"https://www.openstreetmap.org/copyright","licence":"ODbL 1.0","retrieved_on":"2026-09-03","vulnerability_function_id":null,"vulnerability_class":"Not assigned","osm_tags":{"building":"yes"}},"geometry":{"type":"Polygon","coordinates":[[[39.229467,38.685016],[39.229491,38.684865],[39.229662,38.68476],[39.229724,38.684764],[39.229748,38.684779],[39.229711,38.685026],[39.229684,38.685049],[39.229467,38.685016]]]}},{"type":"Feature","id":"way/701868434","properties":{"osm_id":"way/701868434","osm_type":"way","building":"yes","name":null,"levels":null,"source":"OpenStreetMap","source_url":"https://www.openstreetmap.org/copyright","licence":"ODbL 1.0","retrieved_on":"2026-09-03","vulnerability_function_id":null,"vulnerability_class":"Not assigned","osm_tags":{"building":"yes"}},"geometry":{"type":"Polygon","coordinates":[[[39.218595,38.681575],[39.218631,38.681452],[39.218879,38.681496],[39.218843,38.681619],[39.218595,38.681575]]]}},{"type":"Feature","id":"way/701881153","properties":{"osm_id":"way/701881153","osm_type":"way","building":"yes","name":null,"levels":null,"source":"OpenStreetMap","source_url":"https://www.openstreetmap.org/copyright","licence":"ODbL 1.0","retrieved_on":"2026-09-03","vulnerability_function_id":null,"vulnerability_class":"Not assigned","osm_tags":{"building":"yes"}},"geometry":{"type":"Polygon","coordinates":[[[39.18769,38.662111],[39.187584,38.661958],[39.187537,38.661978],[39.187516,38.66197],[39.187301,38.662068],[39.187307,38.662087],[39.187266,38.662105],[39.187369,38.662253],[39.187411,38.662236],[39.187424,38.662255],[39.187658,38.662156],[39.187641,38.662132],[39.18769,38.662111]]]}},{"type":"Feature","id":"way/701881154","properties":{"osm_id":"way/701881154","osm_type":"way","building":"yes","name":null,"levels":null,"source":"OpenStreetMap","source_url":"https://www.openstreetmap.org/copyright","licence":"ODbL 1.0","retrieved_on":"2026-09-03","vulnerability_function_id":null,"vulnerability_class":"Not assigned","osm_tags":{"building":"yes"}},"geometry":{"type":"Polygon","coordinates":[[[39.193529,38.661931],[39.193557,38.661823],[39.193838,38.661867],[39.193812,38.66197],[39.193784,38.661966],[39.193777,38.661994],[39.193735,38.661987],[39.193731,38.662005],[39.193611,38.661986],[39.193615,38.661972],[39.193565,38.661965],[39.193572,38.661938],[39.193529,38.661931]]]}},{"type":"Feature","id":"way/701881155","properties":{"osm_id":"way/701881155","osm_type":"way","building":"yes","name":null,"levels":null,"source":"OpenStreetMap","source_url":"https://www.openstreetmap.org/copyright","licence":"ODbL 1.0","retrieved_on":"2026-09-03","vulnerability_function_id":null,"vulnerability_class":"Not assigned","osm_tags":{"building":"yes"}},"geometry":{"type":"Polygon","coordinates":[[[39.193167,38.661853],[39.193195,38.661745],[39.193476,38.661789],[39.193449,38.661893],[39.193422,38.661888],[39.193415,38.661916],[39.193373,38.66191],[39.193369,38.661928],[39.193249,38.661909],[39.193252,38.661895],[39.193203,38.661887],[39.19321,38.66186],[39.193167,38.661853]]]}},{"type":"Feature","id":"way/701881156","properties":{"osm_id":"way/701881156","osm_type":"way","building":"yes","name":null,"levels":null,"source":"OpenStreetMap","source_url":"https://www.openstreetmap.org/copyright","licence":"ODbL 1.0","retrieved_on":"2026-09-03","vulnerability_function_id":null,"vulnerability_class":"Not assigned","osm_tags":{"building":"yes"}},"geometry":{"type":"Polygon","coordinates":[[[39.194488,38.661677],[39.194516,38.661569],[39.194797,38.661613],[39.19477,38.661716],[39.194743,38.661712],[39.194736,38.66174],[39.194694,38.661734],[39.19469,38.661751],[39.19457,38.661733],[39.194574,38.661719],[39.194524,38.661711],[39.194531,38.661684],[39.194488,38.661677]]]}},{"type":"Feature","id":"way/701881157","properties":{"osm_id":"way/701881157","osm_type":"way","building":"yes","name":null,"levels":null,"source":"OpenStreetMap","source_url":"https://www.openstreetmap.org/copyright","licence":"ODbL 1.0","retrieved_on":"2026-09-03","vulnerability_function_id":null,"vulnerability_class":"Not assigned","osm_tags":{"building":"yes"}},"geometry":{"type":"Polygon","coordinates":[[[39.194809,38.661798],[39.194837,38.66169],[39.195118,38.661734],[39.195092,38.661837],[39.195064,38.661833],[39.195057,38.661861],[39.195016,38.661854],[39.195011,38.661872],[39.194891,38.661853],[39.194895,38.661839],[39.194845,38.661831],[39.194852,38.661805],[39.194809,38.661798]]]}},{"type":"Feature","id":"way/701881160","properties":{"osm_id":"way/701881160","osm_type":"way","building":"yes","name":null,"levels":null,"source":"OpenStreetMap","source_url":"https://www.openstreetmap.org/copyright","licence":"ODbL 1.0","retrieved_on":"2026-09-03","vulnerability_function_id":null,"vulnerability_class":"Not assigned","osm_tags":{"building":"yes"}},"geometry":{"type":"Polygon","coordinates":[[[39.216229,38.685644],[39.216224,38.685454],[39.216353,38.685452],[39.216358,38.685642],[39.216229,38.685644]]]}},{"type":"Feature","id":"way/701881161","properties":{"osm_id":"way/701881161","osm_type":"way","building":"yes","name":null,"levels":null,"source":"OpenStreetMap","source_url":"https://www.openstreetmap.org/copyright","licence":"ODbL 1.0","retrieved_on":"2026-09-03","vulnerability_function_id":null,"vulnerability_class":"Not assigned","osm_tags":{"building":"yes"}},"geometry":{"type":"Polygon","coordinates":[[[39.214746,38.685847],[39.214783,38.685726],[39.214999,38.685766],[39.214962,38.685887],[39.214746,38.685847]]]}},{"type":"Feature","id":"way/701881162","properties":{"osm_id":"way/701881162","osm_type":"way","building":"yes","name":null,"levels":null,"source":"OpenStreetMap","source_url":"https://www.openstreetmap.org/copyright","licence":"ODbL 1.0","retrieved_on":"2026-09-03","vulnerability_function_id":null,"vulnerability_class":"Not assigned","osm_tags":{"building":"yes"}},"geometry":{"type":"Polygon","coordinates":[[[39.21646,38.689738],[39.216425,38.689548],[39.216598,38.689552],[39.216572,38.689738],[39.21646,38.689738]]]}},{"type":"Feature","id":"way/702052461","properties":{"osm_id":"way/702052461","osm_type":"way","building":"yes","name":null,"levels":null,"source":"OpenStreetMap","source_url":"https://www.openstreetmap.org/copyright","licence":"ODbL 1.0","retrieved_on":"2026-09-03","vulnerability_function_id":null,"vulnerability_class":"Not assigned","osm_tags":{"building":"yes"}},"geometry":{"type":"Polygon","coordinates":[[[39.225066,38.680491],[39.225084,38.680367],[39.225363,38.680392],[39.22534,38.680553],[39.225148,38.680535],[39.225153,38.680498],[39.225066,38.680491]]]}},{"type":"Feature","id":"way/702052462","properties":{"osm_id":"way/702052462","osm_type":"way","building":"yes","name":null,"levels":null,"source":"OpenStreetMap","source_url":"https://www.openstreetmap.org/copyright","licence":"ODbL 1.0","retrieved_on":"2026-09-03","vulnerability_function_id":null,"vulnerability_class":"Not assigned","osm_tags":{"building":"yes"}},"geometry":{"type":"Polygon","coordinates":[[[39.224583,38.680494],[39.224604,38.680345],[39.224863,38.680367],[39.224849,38.680469],[39.224749,38.68046],[39.224743,38.680507],[39.224583,38.680494]]]}},{"type":"Feature","id":"way/702052463","properties":{"osm_id":"way/702052463","osm_type":"way","building":"yes","name":null,"levels":null,"source":"OpenStreetMap","source_url":"https://www.openstreetmap.org/copyright","licence":"ODbL 1.0","retrieved_on":"2026-09-03","vulnerability_function_id":null,"vulnerability_class":"Not assigned","osm_tags":{"building":"yes"}},"geometry":{"type":"Polygon","coordinates":[[[39.224853,38.68049],[39.224874,38.680362],[39.225053,38.68038],[39.225035,38.680489],[39.224961,38.680482],[39.224958,38.680501],[39.224853,38.68049]]]}},{"type":"Feature","id":"way/702052464","properties":{"osm_id":"way/702052464","osm_type":"way","building":"yes","name":null,"levels":null,"source":"OpenStreetMap","source_url":"https://www.openstreetmap.org/copyright","licence":"ODbL 1.0","retrieved_on":"2026-09-03","vulnerability_function_id":null,"vulnerability_class":"Not assigned","osm_tags":{"building":"yes"}},"geometry":{"type":"Polygon","coordinates":[[[39.224271,38.680291],[39.224484,38.680309],[39.224463,38.68046],[39.224303,38.680447],[39.224309,38.680406],[39.224255,38.680401],[39.224271,38.680291]]]}},{"type":"Feature","id":"way/702052465","properties":{"osm_id":"way/702052465","osm_type":"way","building":"yes","name":null,"levels":null,"source":"OpenStreetMap","source_url":"https://www.openstreetmap.org/copyright","licence":"ODbL 1.0","retrieved_on":"2026-09-03","vulnerability_function_id":null,"vulnerability_class":"Not assigned","osm_tags":{"building":"yes"}},"geometry":{"type":"Polygon","coordinates":[[[39.224165,38.681709],[39.224221,38.681403],[39.224699,38.681454],[39.224673,38.681579],[39.224392,38.681543],[39.22438,38.681596],[39.224495,38.681609],[39.224478,38.68174],[39.224165,38.681709]]]}},{"type":"Feature","id":"way/702052466","properties":{"osm_id":"way/702052466","osm_type":"way","building":"yes","name":null,"levels":null,"source":"OpenStreetMap","source_url":"https://www.openstreetmap.org/copyright","licence":"ODbL 1.0","retrieved_on":"2026-09-03","vulnerability_function_id":null,"vulnerability_class":"Not assigned","osm_tags":{"building":"yes"}},"geometry":{"type":"Polygon","coordinates":[[[39.224673,38.681579],[39.224699,38.681454],[39.224957,38.681487],[39.224931,38.681612],[39.224673,38.681579]]]}},{"type":"Feature","id":"way/702052467","properties":{"osm_id":"way/702052467","osm_type":"way","building":"yes","name":null,"levels":null,"source":"OpenStreetMap","source_url":"https://www.openstreetmap.org/copyright","licence":"ODbL 1.0","retrieved_on":"2026-09-03","vulnerability_function_id":null,"vulnerability_class":"Not assigned","osm_tags":{"building":"yes"}},"geometry":{"type":"Polygon","coordinates":[[[39.222135,38.681378],[39.22218,38.681234],[39.222405,38.681276],[39.22236,38.681421],[39.222135,38.681378]]]}},{"type":"Feature","id":"way/702191127","properties":{"osm_id":"way/702191127","osm_type":"way","building":"yes","name":null,"levels":null,"source":"OpenStreetMap","source_url":"https://www.openstreetmap.org/copyright","licence":"ODbL 1.0","retrieved_on":"2026-09-03","vulnerability_function_id":null,"vulnerability_class":"Not assigned","osm_tags":{"building":"yes"}},"geometry":{"type":"Polygon","coordinates":[[[39.224554,38.671221],[39.224672,38.671031],[39.224733,38.671017],[39.225019,38.671066],[39.225052,38.671102],[39.225007,38.671275],[39.224873,38.67127],[39.224861,38.671237],[39.224885,38.671193],[39.224867,38.67119],[39.224859,38.671209],[39.224771,38.671193],[39.224777,38.671174],[39.224749,38.671166],[39.224731,38.671197],[39.224861,38.671361],[39.224727,38.671421],[39.224554,38.671221]]]}},{"type":"Feature","id":"way/702191128","properties":{"osm_id":"way/702191128","osm_type":"way","building":"yes","name":null,"levels":null,"source":"OpenStreetMap","source_url":"https://www.openstreetmap.org/copyright","licence":"ODbL 1.0","retrieved_on":"2026-09-03","vulnerability_function_id":null,"vulnerability_class":"Not assigned","osm_tags":{"building":"yes"}},"geometry":{"type":"Polygon","coordinates":[[[39.224199,38.671107],[39.224388,38.671248],[39.224331,38.671427],[39.22414,38.671395],[39.224172,38.671278],[39.224114,38.671259],[39.224199,38.671107]]]}},{"type":"Feature","id":"way/702191129","properties":{"osm_id":"way/702191129","osm_type":"way","building":"yes","name":null,"levels":null,"source":"OpenStreetMap","source_url":"https://www.openstreetmap.org/copyright","licence":"ODbL 1.0","retrieved_on":"2026-09-03","vulnerability_function_id":null,"vulnerability_class":"Not assigned","osm_tags":{"building":"yes"}},"geometry":{"type":"Polygon","coordinates":[[[39.224114,38.671259],[39.224199,38.671107],[39.224087,38.671033],[39.224023,38.671141],[39.223999,38.671181],[39.22405,38.6712],[39.224034,38.671235],[39.224114,38.671259]]]}},{"type":"Feature","id":"way/702191131","properties":{"osm_id":"way/702191131","osm_type":"way","building":"yes","name":null,"levels":null,"source":"OpenStreetMap","source_url":"https://www.openstreetmap.org/copyright","licence":"ODbL 1.0","retrieved_on":"2026-09-03","vulnerability_function_id":null,"vulnerability_class":"Not assigned","osm_tags":{"building":"yes"}},"geometry":{"type":"Polygon","coordinates":[[[39.223684,38.670729],[39.223787,38.67057],[39.224004,38.670655],[39.223901,38.670814],[39.223684,38.670729]]]}},{"type":"Feature","id":"way/702191133","properties":{"osm_id":"way/702191133","osm_type":"way","building":"yes","name":null,"levels":null,"source":"OpenStreetMap","source_url":"https://www.openstreetmap.org/copyright","licence":"ODbL 1.0","retrieved_on":"2026-09-03","vulnerability_function_id":null,"vulnerability_class":"Not assigned","osm_tags":{"building":"yes"}},"geometry":{"type":"Polygon","coordinates":[[[39.22626,38.673528],[39.226267,38.673093],[39.226045,38.673086],[39.226005,38.673084],[39.22595,38.673138],[39.225893,38.6732],[39.225808,38.673217],[39.225792,38.67326],[39.225784,38.673358],[39.225828,38.673514],[39.225853,38.673532],[39.22626,38.673528]]]}},{"type":"Feature","id":"way/702191134","properties":{"osm_id":"way/702191134","osm_type":"way","building":"yes","name":null,"levels":null,"source":"OpenStreetMap","source_url":"https://www.openstreetmap.org/copyright","licence":"ODbL 1.0","retrieved_on":"2026-09-03","vulnerability_function_id":null,"vulnerability_class":"Not assigned","osm_tags":{"building":"yes"}},"geometry":{"type":"Polygon","coordinates":[[[39.225028,38.675403],[39.225117,38.675254],[39.225312,38.675416],[39.225326,38.675444],[39.225282,38.67564],[39.224971,38.675582],[39.224997,38.675481],[39.225093,38.675498],[39.225101,38.675468],[39.225058,38.675454],[39.225028,38.675403]]]}},{"type":"Feature","id":"way/702201689","properties":{"osm_id":"way/702201689","osm_type":"way","building":"yes","name":null,"levels":null,"source":"OpenStreetMap","source_url":"https://www.openstreetmap.org/copyright","licence":"ODbL 1.0","retrieved_on":"2026-09-03","vulnerability_function_id":null,"vulnerability_class":"Not assigned","osm_tags":{"building":"yes"}},"geometry":{"type":"Polygon","coordinates":[[[39.201436,38.667243],[39.201627,38.667085],[39.201791,38.6672],[39.201646,38.667302],[39.201594,38.667264],[39.201548,38.667305],[39.201436,38.667243]]]}},{"type":"Feature","id":"way/702201690","properties":{"osm_id":"way/702201690","osm_type":"way","building":"yes","name":null,"levels":null,"source":"OpenStreetMap","source_url":"https://www.openstreetmap.org/copyright","licence":"ODbL 1.0","retrieved_on":"2026-09-03","vulnerability_function_id":null,"vulnerability_class":"Not assigned","osm_tags":{"building":"yes"}},"geometry":{"type":"Polygon","coordinates":[[[39.203066,38.668706],[39.202925,38.668598],[39.203005,38.668529],[39.203042,38.668556],[39.203058,38.668542],[39.20303,38.668514],[39.203105,38.668452],[39.203255,38.668594],[39.203066,38.668706]]]}},{"type":"Feature","id":"way/702201691","properties":{"osm_id":"way/702201691","osm_type":"way","building":"yes","name":null,"levels":null,"source":"OpenStreetMap","source_url":"https://www.openstreetmap.org/copyright","licence":"ODbL 1.0","retrieved_on":"2026-09-03","vulnerability_function_id":null,"vulnerability_class":"Not assigned","osm_tags":{"building":"yes"}},"geometry":{"type":"Polygon","coordinates":[[[39.204665,38.667783],[39.204691,38.667707],[39.204868,38.66775],[39.204779,38.667942],[39.204749,38.667924],[39.204665,38.667783]]]}},{"type":"Feature","id":"way/702201692","properties":{"osm_id":"way/702201692","osm_type":"way","building":"yes","name":null,"levels":null,"source":"OpenStreetMap","source_url":"https://www.openstreetmap.org/copyright","licence":"ODbL 1.0","retrieved_on":"2026-09-03","vulnerability_function_id":null,"vulnerability_class":"Not assigned","osm_tags":{"building":"yes"}},"geometry":{"type":"Polygon","coordinates":[[[39.204349,38.666488],[39.204395,38.666348],[39.20456,38.666382],[39.204514,38.666521],[39.204349,38.666488]]]}},{"type":"Feature","id":"way/702201694","properties":{"osm_id":"way/702201694","osm_type":"way","building":"yes","name":null,"levels":null,"source":"OpenStreetMap","source_url":"https://www.openstreetmap.org/copyright","licence":"ODbL 1.0","retrieved_on":"2026-09-03","vulnerability_function_id":null,"vulnerability_class":"Not assigned","osm_tags":{"building":"yes"}},"geometry":{"type":"Polygon","coordinates":[[[39.204193,38.665063],[39.204264,38.664953],[39.204361,38.664994],[39.204384,38.665051],[39.204386,38.665112],[39.204355,38.665164],[39.204223,38.665106],[39.204235,38.665086],[39.204193,38.665063]]]}},{"type":"Feature","id":"way/702201695","properties":{"osm_id":"way/702201695","osm_type":"way","building":"yes","name":null,"levels":null,"source":"OpenStreetMap","source_url":"https://www.openstreetmap.org/copyright","licence":"ODbL 1.0","retrieved_on":"2026-09-03","vulnerability_function_id":null,"vulnerability_class":"Not assigned","osm_tags":{"building":"yes"}},"geometry":{"type":"Polygon","coordinates":[[[39.204747,38.664625],[39.204802,38.66448],[39.205076,38.664546],[39.205097,38.664564],[39.205106,38.664582],[39.205064,38.664664],[39.205042,38.664676],[39.205012,38.664683],[39.204747,38.664625]]]}},{"type":"Feature","id":"way/702201696","properties":{"osm_id":"way/702201696","osm_type":"way","building":"yes","name":null,"levels":null,"source":"OpenStreetMap","source_url":"https://www.openstreetmap.org/copyright","licence":"ODbL 1.0","retrieved_on":"2026-09-03","vulnerability_function_id":null,"vulnerability_class":"Not assigned","osm_tags":{"building":"yes"}},"geometry":{"type":"Polygon","coordinates":[[[39.203893,38.663653],[39.203814,38.663595],[39.203982,38.663454],[39.204061,38.663512],[39.203893,38.663653]]]}},{"type":"Feature","id":"way/702201697","properties":{"osm_id":"way/702201697","osm_type":"way","building":"yes","name":null,"levels":null,"source":"OpenStreetMap","source_url":"https://www.openstreetmap.org/copyright","licence":"ODbL 1.0","retrieved_on":"2026-09-03","vulnerability_function_id":null,"vulnerability_class":"Not assigned","osm_tags":{"building":"yes"}},"geometry":{"type":"Polygon","coordinates":[[[39.203592,38.663673],[39.20367,38.663598],[39.203774,38.663664],[39.203695,38.663739],[39.203592,38.663673]]]}},{"type":"Feature","id":"way/702201698","properties":{"osm_id":"way/702201698","osm_type":"way","building":"yes","name":null,"levels":null,"source":"OpenStreetMap","source_url":"https://www.openstreetmap.org/copyright","licence":"ODbL 1.0","retrieved_on":"2026-09-03","vulnerability_function_id":null,"vulnerability_class":"Not assigned","osm_tags":{"building":"yes"}},"geometry":{"type":"Polygon","coordinates":[[[39.203822,38.663535],[39.203753,38.663482],[39.203868,38.66339],[39.203937,38.663443],[39.203822,38.663535]]]}},{"type":"Feature","id":"way/702201699","properties":{"osm_id":"way/702201699","osm_type":"way","building":"yes","name":null,"levels":null,"source":"OpenStreetMap","source_url":"https://www.openstreetmap.org/copyright","licence":"ODbL 1.0","retrieved_on":"2026-09-03","vulnerability_function_id":null,"vulnerability_class":"Not assigned","osm_tags":{"building":"yes"}},"geometry":{"type":"Polygon","coordinates":[[[39.204532,38.663551],[39.204622,38.663396],[39.204777,38.663451],[39.204687,38.663606],[39.204532,38.663551]]]}},{"type":"Feature","id":"way/702201700","properties":{"osm_id":"way/702201700","osm_type":"way","building":"yes","name":null,"levels":null,"source":"OpenStreetMap","source_url":"https://www.openstreetmap.org/copyright","licence":"ODbL 1.0","retrieved_on":"2026-09-03","vulnerability_function_id":null,"vulnerability_class":"Not assigned","osm_tags":{"building":"yes"}},"geometry":{"type":"Polygon","coordinates":[[[39.205357,38.665862],[39.205861,38.665922],[39.205835,38.666141],[39.205628,38.666103],[39.20563,38.66605],[39.205322,38.665997],[39.205357,38.665862]]]}},{"type":"Feature","id":"way/702201701","properties":{"osm_id":"way/702201701","osm_type":"way","building":"yes","name":null,"levels":null,"source":"OpenStreetMap","source_url":"https://www.openstreetmap.org/copyright","licence":"ODbL 1.0","retrieved_on":"2026-09-03","vulnerability_function_id":null,"vulnerability_class":"Not assigned","osm_tags":{"building":"yes"}},"geometry":{"type":"Polygon","coordinates":[[[39.208129,38.673068],[39.20817,38.672953],[39.208422,38.673007],[39.208382,38.673122],[39.208129,38.673068]]]}},{"type":"Feature","id":"way/702201702","properties":{"osm_id":"way/702201702","osm_type":"way","building":"yes","name":null,"levels":null,"source":"OpenStreetMap","source_url":"https://www.openstreetmap.org/copyright","licence":"ODbL 1.0","retrieved_on":"2026-09-03","vulnerability_function_id":null,"vulnerability_class":"Not assigned","osm_tags":{"building":"yes"}},"geometry":{"type":"Polygon","coordinates":[[[39.209826,38.672352],[39.209735,38.672277],[39.209898,38.672157],[39.209989,38.672231],[39.209826,38.672352]]]}},{"type":"Feature","id":"way/702201703","properties":{"osm_id":"way/702201703","osm_type":"way","building":"yes","name":null,"levels":null,"source":"OpenStreetMap","source_url":"https://www.openstreetmap.org/copyright","licence":"ODbL 1.0","retrieved_on":"2026-09-03","vulnerability_function_id":null,"vulnerability_class":"Not assigned","osm_tags":{"building":"yes"}},"geometry":{"type":"Polygon","coordinates":[[[39.211645,38.673089],[39.211682,38.672957],[39.211714,38.672927],[39.212035,38.673137],[39.212052,38.67317],[39.21196,38.673316],[39.211816,38.673277],[39.211751,38.673259],[39.211798,38.67322],[39.21185,38.673193],[39.211832,38.673172],[39.211808,38.673178],[39.211753,38.673155],[39.211645,38.673089]]]}},{"type":"Feature","id":"way/702201704","properties":{"osm_id":"way/702201704","osm_type":"way","building":"yes","name":null,"levels":null,"source":"OpenStreetMap","source_url":"https://www.openstreetmap.org/copyright","licence":"ODbL 1.0","retrieved_on":"2026-09-03","vulnerability_function_id":null,"vulnerability_class":"Not assigned","osm_tags":{"building":"yes"}},"geometry":{"type":"Polygon","coordinates":[[[39.211816,38.673277],[39.21196,38.673316],[39.211846,38.673562],[39.211661,38.673481],[39.211645,38.673461],[39.211692,38.673326],[39.211781,38.67335],[39.211816,38.673277]]]}},{"type":"Feature","id":"way/702201705","properties":{"osm_id":"way/702201705","osm_type":"way","building":"yes","name":null,"levels":null,"source":"OpenStreetMap","source_url":"https://www.openstreetmap.org/copyright","licence":"ODbL 1.0","retrieved_on":"2026-09-03","vulnerability_function_id":null,"vulnerability_class":"Not assigned","osm_tags":{"building":"yes"}},"geometry":{"type":"Polygon","coordinates":[[[39.211645,38.673461],[39.211619,38.673453],[39.211598,38.673442],[39.211582,38.673424],[39.211542,38.673416],[39.211531,38.673402],[39.211584,38.673256],[39.211706,38.673283],[39.211692,38.673326],[39.211645,38.673461]]]}},{"type":"Feature","id":"way/702201706","properties":{"osm_id":"way/702201706","osm_type":"way","building":"yes","name":null,"levels":null,"source":"OpenStreetMap","source_url":"https://www.openstreetmap.org/copyright","licence":"ODbL 1.0","retrieved_on":"2026-09-03","vulnerability_function_id":null,"vulnerability_class":"Not assigned","osm_tags":{"building":"yes"}},"geometry":{"type":"Polygon","coordinates":[[[39.222612,38.674023],[39.22262,38.673755],[39.222716,38.673764],[39.222716,38.673899],[39.222769,38.673894],[39.223003,38.67388],[39.222968,38.674004],[39.222612,38.674023]]]}},{"type":"Feature","id":"way/702201707","properties":{"osm_id":"way/702201707","osm_type":"way","building":"yes","name":null,"levels":null,"source":"OpenStreetMap","source_url":"https://www.openstreetmap.org/copyright","licence":"ODbL 1.0","retrieved_on":"2026-09-03","vulnerability_function_id":null,"vulnerability_class":"Not assigned","osm_tags":{"building":"yes"}},"geometry":{"type":"Polygon","coordinates":[[[39.222769,38.673894],[39.222767,38.673777],[39.222862,38.673658],[39.222879,38.673668],[39.222903,38.673642],[39.223059,38.673768],[39.223003,38.67388],[39.222769,38.673894]]]}},{"type":"Feature","id":"way/702201709","properties":{"osm_id":"way/702201709","osm_type":"way","building":"yes","name":null,"levels":null,"source":"OpenStreetMap","source_url":"https://www.openstreetmap.org/copyright","licence":"ODbL 1.0","retrieved_on":"2026-09-03","vulnerability_function_id":null,"vulnerability_class":"Not assigned","osm_tags":{"building":"yes"}},"geometry":{"type":"Polygon","coordinates":[[[39.225215,38.675136],[39.225373,38.675016],[39.225561,38.675167],[39.225403,38.675287],[39.225215,38.675136]]]}},{"type":"Feature","id":"way/702201710","properties":{"osm_id":"way/702201710","osm_type":"way","building":"yes","name":null,"levels":null,"source":"OpenStreetMap","source_url":"https://www.openstreetmap.org/copyright","licence":"ODbL 1.0","retrieved_on":"2026-09-03","vulnerability_function_id":null,"vulnerability_class":"Not assigned","osm_tags":{"addr:city":"Elazığ","addr:district":"Merkez","addr:housenumber":"6","addr:neighbourhood":"İcadiye Mahallesi","addr:street":"Kuyulu Sokak","building":"yes"}},"geometry":{"type":"Polygon","coordinates":[[[39.225989,38.675357],[39.225924,38.67505],[39.226151,38.674992],[39.2262,38.675047],[39.226171,38.675058],[39.226209,38.675111],[39.226185,38.675114],[39.226263,38.675244],[39.225989,38.675357]]]}},{"type":"Feature","id":"way/702201711","properties":{"osm_id":"way/702201711","osm_type":"way","building":"school","name":null,"levels":null,"source":"OpenStreetMap","source_url":"https://www.openstreetmap.org/copyright","licence":"ODbL 1.0","retrieved_on":"2026-09-03","vulnerability_function_id":null,"vulnerability_class":"Not assigned","osm_tags":{"building":"school"}},"geometry":{"type":"Polygon","coordinates":[[[39.228617,38.67724],[39.228806,38.67716],[39.229001,38.677442],[39.228813,38.677521],[39.228617,38.67724]]]}},{"type":"Feature","id":"way/702372850","properties":{"osm_id":"way/702372850","osm_type":"way","building":"yes","name":null,"levels":null,"source":"OpenStreetMap","source_url":"https://www.openstreetmap.org/copyright","licence":"ODbL 1.0","retrieved_on":"2026-09-03","vulnerability_function_id":null,"vulnerability_class":"Not assigned","osm_tags":{"building":"yes"}},"geometry":{"type":"Polygon","coordinates":[[[39.225255,38.679382],[39.225296,38.679186],[39.22559,38.679223],[39.225549,38.67942],[39.225255,38.679382]]]}},{"type":"Feature","id":"way/702372851","properties":{"osm_id":"way/702372851","osm_type":"way","building":"yes","name":null,"levels":null,"source":"OpenStreetMap","source_url":"https://www.openstreetmap.org/copyright","licence":"ODbL 1.0","retrieved_on":"2026-09-03","vulnerability_function_id":null,"vulnerability_class":"Not assigned","osm_tags":{"building":"yes"}},"geometry":{"type":"Polygon","coordinates":[[[39.225041,38.679351],[39.225079,38.679197],[39.225209,38.679216],[39.225171,38.67937],[39.225041,38.679351]]]}},{"type":"Feature","id":"way/702372852","properties":{"osm_id":"way/702372852","osm_type":"way","building":"yes","name":null,"levels":null,"source":"OpenStreetMap","source_url":"https://www.openstreetmap.org/copyright","licence":"ODbL 1.0","retrieved_on":"2026-09-03","vulnerability_function_id":null,"vulnerability_class":"Not assigned","osm_tags":{"building":"yes"}},"geometry":{"type":"Polygon","coordinates":[[[39.224827,38.679623],[39.224855,38.67948],[39.225174,38.679519],[39.225149,38.679645],[39.225079,38.679636],[39.225055,38.679651],[39.224827,38.679623]]]}},{"type":"Feature","id":"way/702372853","properties":{"osm_id":"way/702372853","osm_type":"way","building":"yes","name":null,"levels":null,"source":"OpenStreetMap","source_url":"https://www.openstreetmap.org/copyright","licence":"ODbL 1.0","retrieved_on":"2026-09-03","vulnerability_function_id":null,"vulnerability_class":"Not assigned","osm_tags":{"building":"yes"}},"geometry":{"type":"Polygon","coordinates":[[[39.224855,38.686169],[39.224876,38.686029],[39.225015,38.68604],[39.225199,38.68606],[39.225277,38.685545],[39.225606,38.685575],[39.225506,38.68623],[39.224855,38.686169]]]}},{"type":"Feature","id":"way/702372854","properties":{"osm_id":"way/702372854","osm_type":"way","building":"roof","name":null,"levels":null,"source":"OpenStreetMap","source_url":"https://www.openstreetmap.org/copyright","licence":"ODbL 1.0","retrieved_on":"2026-09-03","vulnerability_function_id":null,"vulnerability_class":"Not assigned","osm_tags":{"building":"roof"}},"geometry":{"type":"Polygon","coordinates":[[[39.224876,38.686029],[39.225015,38.68604],[39.225049,38.685775],[39.224773,38.685753],[39.224755,38.685895],[39.224892,38.685906],[39.224876,38.686029]]]}},{"type":"Feature","id":"way/702372858","properties":{"osm_id":"way/702372858","osm_type":"way","building":"yes","name":null,"levels":null,"source":"OpenStreetMap","source_url":"https://www.openstreetmap.org/copyright","licence":"ODbL 1.0","retrieved_on":"2026-09-03","vulnerability_function_id":null,"vulnerability_class":"Not assigned","osm_tags":{"building":"yes"}},"geometry":{"type":"Polygon","coordinates":[[[39.214166,38.682692],[39.214208,38.682542],[39.214509,38.682593],[39.214466,38.682743],[39.214166,38.682692]]]}},{"type":"Feature","id":"way/702372859","properties":{"osm_id":"way/702372859","osm_type":"way","building":"yes","name":null,"levels":null,"source":"OpenStreetMap","source_url":"https://www.openstreetmap.org/copyright","licence":"ODbL 1.0","retrieved_on":"2026-09-03","vulnerability_function_id":null,"vulnerability_class":"Not assigned","osm_tags":{"building":"yes"}},"geometry":{"type":"Polygon","coordinates":[[[39.212885,38.682638],[39.212874,38.682322],[39.21303,38.682318],[39.213041,38.682635],[39.212885,38.682638]]]}},{"type":"Feature","id":"way/702372860","properties":{"osm_id":"way/702372860","osm_type":"way","building":"yes","name":null,"levels":null,"source":"OpenStreetMap","source_url":"https://www.openstreetmap.org/copyright","licence":"ODbL 1.0","retrieved_on":"2026-09-03","vulnerability_function_id":null,"vulnerability_class":"Not assigned","osm_tags":{"building":"yes"}},"geometry":{"type":"Polygon","coordinates":[[[39.213615,38.681859],[39.213622,38.681736],[39.21364,38.681669],[39.214068,38.681794],[39.214019,38.681938],[39.213615,38.681859]]]}},{"type":"Feature","id":"way/702372861","properties":{"osm_id":"way/702372861","osm_type":"way","building":"yes","name":null,"levels":null,"source":"OpenStreetMap","source_url":"https://www.openstreetmap.org/copyright","licence":"ODbL 1.0","retrieved_on":"2026-09-03","vulnerability_function_id":null,"vulnerability_class":"Not assigned","osm_tags":{"building":"yes"}},"geometry":{"type":"Polygon","coordinates":[[[39.210566,38.68014],[39.210632,38.679943],[39.210755,38.679968],[39.210689,38.680165],[39.210566,38.68014]]]}},{"type":"Feature","id":"way/702372862","properties":{"osm_id":"way/702372862","osm_type":"way","building":"yes","name":null,"levels":null,"source":"OpenStreetMap","source_url":"https://www.openstreetmap.org/copyright","licence":"ODbL 1.0","retrieved_on":"2026-09-03","vulnerability_function_id":null,"vulnerability_class":"Not assigned","osm_tags":{"building":"yes"}},"geometry":{"type":"Polygon","coordinates":[[[39.210484,38.680433],[39.210529,38.680321],[39.210873,38.680406],[39.210828,38.680518],[39.210484,38.680433]]]}},{"type":"Feature","id":"way/702372863","properties":{"osm_id":"way/702372863","osm_type":"way","building":"yes","name":null,"levels":null,"source":"OpenStreetMap","source_url":"https://www.openstreetmap.org/copyright","licence":"ODbL 1.0","retrieved_on":"2026-09-03","vulnerability_function_id":null,"vulnerability_class":"Not assigned","osm_tags":{"building":"yes"}},"geometry":{"type":"Polygon","coordinates":[[[39.207365,38.680093],[39.207576,38.680141],[39.207586,38.680116],[39.207658,38.680132],[39.20765,38.680153],[39.207895,38.680209],[39.207904,38.680185],[39.207991,38.680205],[39.207981,38.680232],[39.208035,38.680244],[39.208043,38.680223],[39.208099,38.680236],[39.208154,38.680089],[39.207614,38.679966],[39.207397,38.680007],[39.207365,38.680093]]]}},{"type":"Feature","id":"way/702412302","properties":{"osm_id":"way/702412302","osm_type":"way","building":"mosque","name":null,"levels":null,"source":"OpenStreetMap","source_url":"https://www.openstreetmap.org/copyright","licence":"ODbL 1.0","retrieved_on":"2026-09-03","vulnerability_function_id":null,"vulnerability_class":"Not assigned","osm_tags":{"amenity":"place_of_worship","building":"mosque","religion":"muslim"}},"geometry":{"type":"Polygon","coordinates":[[[39.206821,38.66915],[39.206835,38.668939],[39.207092,38.668949],[39.207078,38.66916],[39.206821,38.66915]]]}},{"type":"Feature","id":"way/702412324","properties":{"osm_id":"way/702412324","osm_type":"way","building":"yes","name":null,"levels":null,"source":"OpenStreetMap","source_url":"https://www.openstreetmap.org/copyright","licence":"ODbL 1.0","retrieved_on":"2026-09-03","vulnerability_function_id":null,"vulnerability_class":"Not assigned","osm_tags":{"building":"yes"}},"geometry":{"type":"Polygon","coordinates":[[[39.213541,38.677093],[39.213591,38.676943],[39.213952,38.677016],[39.213902,38.677166],[39.213541,38.677093]]]}},{"type":"Feature","id":"way/702441391","properties":{"osm_id":"way/702441391","osm_type":"way","building":"yes","name":null,"levels":null,"source":"OpenStreetMap","source_url":"https://www.openstreetmap.org/copyright","licence":"ODbL 1.0","retrieved_on":"2026-09-03","vulnerability_function_id":null,"vulnerability_class":"Not assigned","osm_tags":{"building":"yes"}},"geometry":{"type":"Polygon","coordinates":[[[39.212868,38.677231],[39.21289,38.677197],[39.212936,38.67705],[39.212557,38.676981],[39.212529,38.677024],[39.212502,38.677111],[39.212508,38.677144],[39.212505,38.677163],[39.212652,38.67719],[39.212677,38.677111],[39.212742,38.677125],[39.21272,38.677207],[39.212868,38.677231]]]}},{"type":"Feature","id":"way/702441392","properties":{"osm_id":"way/702441392","osm_type":"way","building":"yes","name":null,"levels":null,"source":"OpenStreetMap","source_url":"https://www.openstreetmap.org/copyright","licence":"ODbL 1.0","retrieved_on":"2026-09-03","vulnerability_function_id":null,"vulnerability_class":"Not assigned","osm_tags":{"building":"yes"}},"geometry":{"type":"Polygon","coordinates":[[[39.213531,38.676795],[39.214141,38.67688],[39.214202,38.676873],[39.214218,38.676656],[39.214196,38.676639],[39.21354,38.676723],[39.213531,38.676795]]]}},{"type":"Feature","id":"way/702702087","properties":{"osm_id":"way/702702087","osm_type":"way","building":"yes","name":null,"levels":null,"source":"OpenStreetMap","source_url":"https://www.openstreetmap.org/copyright","licence":"ODbL 1.0","retrieved_on":"2026-09-03","vulnerability_function_id":null,"vulnerability_class":"Not assigned","osm_tags":{"building":"yes"}},"geometry":{"type":"Polygon","coordinates":[[[39.185183,38.659936],[39.185287,38.659798],[39.185523,38.659907],[39.185418,38.660045],[39.185183,38.659936]]]}},{"type":"Feature","id":"way/702703439","properties":{"osm_id":"way/702703439","osm_type":"way","building":"yes","name":null,"levels":null,"source":"OpenStreetMap","source_url":"https://www.openstreetmap.org/copyright","licence":"ODbL 1.0","retrieved_on":"2026-09-03","vulnerability_function_id":null,"vulnerability_class":"Not assigned","osm_tags":{"building":"yes"}},"geometry":{"type":"Polygon","coordinates":[[[39.192969,38.661088],[39.193037,38.660806],[39.19315,38.660823],[39.193082,38.661105],[39.192969,38.661088]]]}},{"type":"Feature","id":"way/702703440","properties":{"osm_id":"way/702703440","osm_type":"way","building":"yes","name":null,"levels":null,"source":"OpenStreetMap","source_url":"https://www.openstreetmap.org/copyright","licence":"ODbL 1.0","retrieved_on":"2026-09-03","vulnerability_function_id":null,"vulnerability_class":"Not assigned","osm_tags":{"building":"yes"}},"geometry":{"type":"Polygon","coordinates":[[[39.194112,38.660421],[39.194229,38.660338],[39.194412,38.660494],[39.194296,38.660577],[39.194112,38.660421]]]}},{"type":"Feature","id":"way/702703441","properties":{"osm_id":"way/702703441","osm_type":"way","building":"yes","name":null,"levels":null,"source":"OpenStreetMap","source_url":"https://www.openstreetmap.org/copyright","licence":"ODbL 1.0","retrieved_on":"2026-09-03","vulnerability_function_id":null,"vulnerability_class":"Not assigned","osm_tags":{"building":"yes"}},"geometry":{"type":"Polygon","coordinates":[[[39.194411,38.660673],[39.194527,38.66059],[39.194711,38.660747],[39.194594,38.66083],[39.194411,38.660673]]]}},{"type":"Feature","id":"way/702703442","properties":{"osm_id":"way/702703442","osm_type":"way","building":"yes","name":null,"levels":null,"source":"OpenStreetMap","source_url":"https://www.openstreetmap.org/copyright","licence":"ODbL 1.0","retrieved_on":"2026-09-03","vulnerability_function_id":null,"vulnerability_class":"Not assigned","osm_tags":{"building":"yes"}},"geometry":{"type":"Polygon","coordinates":[[[39.194483,38.660503],[39.194516,38.660406],[39.19484,38.660473],[39.194808,38.66057],[39.194483,38.660503]]]}},{"type":"Feature","id":"way/702875138","properties":{"osm_id":"way/702875138","osm_type":"way","building":"yes","name":null,"levels":null,"source":"OpenStreetMap","source_url":"https://www.openstreetmap.org/copyright","licence":"ODbL 1.0","retrieved_on":"2026-09-03","vulnerability_function_id":null,"vulnerability_class":"Not assigned","osm_tags":{"building":"yes"}},"geometry":{"type":"Polygon","coordinates":[[[39.208179,38.678912],[39.208268,38.6787],[39.208447,38.678746],[39.208358,38.678958],[39.208179,38.678912]]]}},{"type":"Feature","id":"way/708733949","properties":{"osm_id":"way/708733949","osm_type":"way","building":"yes","name":null,"levels":null,"source":"OpenStreetMap","source_url":"https://www.openstreetmap.org/copyright","licence":"ODbL 1.0","retrieved_on":"2026-09-03","vulnerability_function_id":null,"vulnerability_class":"Not assigned","osm_tags":{"building":"yes"}},"geometry":{"type":"Polygon","coordinates":[[[39.194047,38.665527],[39.1941,38.665349],[39.194259,38.665378],[39.194205,38.665556],[39.194047,38.665527]]]}},{"type":"Feature","id":"way/708733950","properties":{"osm_id":"way/708733950","osm_type":"way","building":"yes","name":null,"levels":null,"source":"OpenStreetMap","source_url":"https://www.openstreetmap.org/copyright","licence":"ODbL 1.0","retrieved_on":"2026-09-03","vulnerability_function_id":null,"vulnerability_class":"Not assigned","osm_tags":{"building":"yes"}},"geometry":{"type":"Polygon","coordinates":[[[39.194361,38.665597],[39.194415,38.665419],[39.194573,38.665449],[39.194519,38.665627],[39.194361,38.665597]]]}},{"type":"Feature","id":"way/708733951","properties":{"osm_id":"way/708733951","osm_type":"way","building":"yes","name":null,"levels":null,"source":"OpenStreetMap","source_url":"https://www.openstreetmap.org/copyright","licence":"ODbL 1.0","retrieved_on":"2026-09-03","vulnerability_function_id":null,"vulnerability_class":"Not assigned","osm_tags":{"building":"yes"}},"geometry":{"type":"Polygon","coordinates":[[[39.192823,38.665473],[39.193163,38.665471],[39.193193,38.665448],[39.193225,38.665412],[39.193222,38.665357],[39.193212,38.665335],[39.193201,38.665309],[39.193177,38.665295],[39.192852,38.665288],[39.192815,38.665307],[39.192788,38.665324],[39.192783,38.665376],[39.19278,38.665414],[39.192791,38.665443],[39.192823,38.665473]]]}},{"type":"Feature","id":"way/708733952","properties":{"osm_id":"way/708733952","osm_type":"way","building":"yes","name":null,"levels":null,"source":"OpenStreetMap","source_url":"https://www.openstreetmap.org/copyright","licence":"ODbL 1.0","retrieved_on":"2026-09-03","vulnerability_function_id":null,"vulnerability_class":"Not assigned","osm_tags":{"building":"yes"}},"geometry":{"type":"Polygon","coordinates":[[[39.192683,38.665726],[39.193024,38.665724],[39.193053,38.665701],[39.193086,38.665665],[39.193083,38.665611],[39.193072,38.665588],[39.193061,38.665563],[39.193037,38.665548],[39.192713,38.665542],[39.192675,38.665561],[39.192648,38.665577],[39.192643,38.66563],[39.19264,38.665667],[39.192651,38.665697],[39.192683,38.665726]]]}},{"type":"Feature","id":"way/708733953","properties":{"osm_id":"way/708733953","osm_type":"way","building":"yes","name":null,"levels":null,"source":"OpenStreetMap","source_url":"https://www.openstreetmap.org/copyright","licence":"ODbL 1.0","retrieved_on":"2026-09-03","vulnerability_function_id":null,"vulnerability_class":"Not assigned","osm_tags":{"building":"yes"}},"geometry":{"type":"Polygon","coordinates":[[[39.192571,38.665971],[39.192911,38.665969],[39.192941,38.665946],[39.192973,38.66591],[39.19297,38.665856],[39.19296,38.665833],[39.192949,38.665808],[39.192925,38.665793],[39.1926,38.665787],[39.192563,38.665806],[39.192536,38.665822],[39.19253,38.665875],[39.192528,38.665912],[39.192538,38.665942],[39.192571,38.665971]]]}},{"type":"Feature","id":"way/708733954","properties":{"osm_id":"way/708733954","osm_type":"way","building":"yes","name":null,"levels":null,"source":"OpenStreetMap","source_url":"https://www.openstreetmap.org/copyright","licence":"ODbL 1.0","retrieved_on":"2026-09-03","vulnerability_function_id":null,"vulnerability_class":"Not assigned","osm_tags":{"building":"yes"}},"geometry":{"type":"Polygon","coordinates":[[[39.192439,38.666222],[39.19278,38.66622],[39.192809,38.666197],[39.192842,38.666162],[39.192839,38.666107],[39.192828,38.666084],[39.192817,38.666059],[39.192793,38.666044],[39.192469,38.666038],[39.192431,38.666057],[39.192404,38.666074],[39.192399,38.666126],[39.192396,38.666164],[39.192407,38.666193],[39.192439,38.666222]]]}},{"type":"Feature","id":"way/708733955","properties":{"osm_id":"way/708733955","osm_type":"way","building":"yes","name":null,"levels":null,"source":"OpenStreetMap","source_url":"https://www.openstreetmap.org/copyright","licence":"ODbL 1.0","retrieved_on":"2026-09-03","vulnerability_function_id":null,"vulnerability_class":"Not assigned","osm_tags":{"building":"yes"}},"geometry":{"type":"Polygon","coordinates":[[[39.192348,38.666468],[39.192689,38.666465],[39.192718,38.666442],[39.19275,38.666407],[39.192748,38.666352],[39.192737,38.666329],[39.192726,38.666304],[39.192702,38.666289],[39.192378,38.666283],[39.19234,38.666302],[39.192313,38.666319],[39.192308,38.666371],[39.192305,38.666409],[39.192316,38.666438],[39.192348,38.666468]]]}},{"type":"Feature","id":"way/708733956","properties":{"osm_id":"way/708733956","osm_type":"way","building":"yes","name":null,"levels":null,"source":"OpenStreetMap","source_url":"https://www.openstreetmap.org/copyright","licence":"ODbL 1.0","retrieved_on":"2026-09-03","vulnerability_function_id":null,"vulnerability_class":"Not assigned","osm_tags":{"building":"yes"}},"geometry":{"type":"Polygon","coordinates":[[[39.192232,38.66653],[39.192554,38.666533],[39.192552,38.666643],[39.19223,38.66664],[39.192232,38.66653]]]}},{"type":"Feature","id":"way/708733957","properties":{"osm_id":"way/708733957","osm_type":"way","building":"yes","name":null,"levels":null,"source":"OpenStreetMap","source_url":"https://www.openstreetmap.org/copyright","licence":"ODbL 1.0","retrieved_on":"2026-09-03","vulnerability_function_id":null,"vulnerability_class":"Not assigned","osm_tags":{"building":"yes"}},"geometry":{"type":"Polygon","coordinates":[[[39.192085,38.668411],[39.192099,38.668298],[39.192109,38.66825],[39.19215,38.668237],[39.192179,38.668189],[39.192152,38.668179],[39.192243,38.668011],[39.192485,38.668086],[39.192426,38.668191],[39.192343,38.668164],[39.192273,38.668287],[39.192493,38.668292],[39.192512,38.668237],[39.192533,38.668153],[39.192817,38.668206],[39.19282,38.668237],[39.192809,38.668256],[39.192804,38.668319],[39.192791,38.668338],[39.192745,38.668354],[39.192686,38.668363],[39.19267,38.668375],[39.192595,38.668386],[39.192547,38.668382],[39.192506,38.668382],[39.192498,38.668409],[39.192085,38.668411]]]}},{"type":"Feature","id":"way/708733958","properties":{"osm_id":"way/708733958","osm_type":"way","building":"yes","name":null,"levels":null,"source":"OpenStreetMap","source_url":"https://www.openstreetmap.org/copyright","licence":"ODbL 1.0","retrieved_on":"2026-09-03","vulnerability_function_id":null,"vulnerability_class":"Not assigned","osm_tags":{"building":"yes"}},"geometry":{"type":"Polygon","coordinates":[[[39.187845,38.66861],[39.187965,38.668442],[39.188247,38.668565],[39.188127,38.668733],[39.187845,38.66861]]]}},{"type":"Feature","id":"way/708733959","properties":{"osm_id":"way/708733959","osm_type":"way","building":"yes","name":null,"levels":null,"source":"OpenStreetMap","source_url":"https://www.openstreetmap.org/copyright","licence":"ODbL 1.0","retrieved_on":"2026-09-03","vulnerability_function_id":null,"vulnerability_class":"Not assigned","osm_tags":{"building":"yes"}},"geometry":{"type":"Polygon","coordinates":[[[39.197981,38.672762],[39.198039,38.672598],[39.19848,38.672692],[39.198422,38.672857],[39.197981,38.672762]]]}},{"type":"Feature","id":"way/708733960","properties":{"osm_id":"way/708733960","osm_type":"way","building":"yes","name":null,"levels":null,"source":"OpenStreetMap","source_url":"https://www.openstreetmap.org/copyright","licence":"ODbL 1.0","retrieved_on":"2026-09-03","vulnerability_function_id":null,"vulnerability_class":"Not assigned","osm_tags":{"building":"yes"}},"geometry":{"type":"Polygon","coordinates":[[[39.197426,38.672661],[39.197484,38.672496],[39.197926,38.672591],[39.197868,38.672756],[39.197426,38.672661]]]}},{"type":"Feature","id":"way/708733961","properties":{"osm_id":"way/708733961","osm_type":"way","building":"yes","name":null,"levels":null,"source":"OpenStreetMap","source_url":"https://www.openstreetmap.org/copyright","licence":"ODbL 1.0","retrieved_on":"2026-09-03","vulnerability_function_id":null,"vulnerability_class":"Not assigned","osm_tags":{"building":"yes"}},"geometry":{"type":"Polygon","coordinates":[[[39.196878,38.672573],[39.196936,38.672408],[39.197377,38.672502],[39.19732,38.672667],[39.196878,38.672573]]]}},{"type":"Feature","id":"way/727729978","properties":{"osm_id":"way/727729978","osm_type":"way","building":"roof","name":null,"levels":null,"source":"OpenStreetMap","source_url":"https://www.openstreetmap.org/copyright","licence":"ODbL 1.0","retrieved_on":"2026-09-03","vulnerability_function_id":null,"vulnerability_class":"Not assigned","osm_tags":{"building":"roof"}},"geometry":{"type":"Polygon","coordinates":[[[39.197526,38.669666],[39.197589,38.669654],[39.197543,38.669513],[39.197479,38.669525],[39.197526,38.669666]]]}},{"type":"Feature","id":"way/727729979","properties":{"osm_id":"way/727729979","osm_type":"way","building":"yes","name":null,"levels":null,"source":"OpenStreetMap","source_url":"https://www.openstreetmap.org/copyright","licence":"ODbL 1.0","retrieved_on":"2026-09-03","vulnerability_function_id":null,"vulnerability_class":"Not assigned","osm_tags":{"building":"yes"}},"geometry":{"type":"Polygon","coordinates":[[[39.197168,38.66945],[39.19742,38.669396],[39.197386,38.669299],[39.197134,38.669353],[39.197168,38.66945]]]}},{"type":"Feature","id":"way/727729980","properties":{"osm_id":"way/727729980","osm_type":"way","building":"yes","name":null,"levels":null,"source":"OpenStreetMap","source_url":"https://www.openstreetmap.org/copyright","licence":"ODbL 1.0","retrieved_on":"2026-09-03","vulnerability_function_id":null,"vulnerability_class":"Not assigned","osm_tags":{"building":"yes"}},"geometry":{"type":"Polygon","coordinates":[[[39.196942,38.669497],[39.197131,38.669458],[39.197134,38.669457],[39.197094,38.669337],[39.196901,38.669377],[39.196942,38.669497]]]}},{"type":"Feature","id":"way/727729981","properties":{"osm_id":"way/727729981","osm_type":"way","building":"roof","name":null,"levels":null,"source":"OpenStreetMap","source_url":"https://www.openstreetmap.org/copyright","licence":"ODbL 1.0","retrieved_on":"2026-09-03","vulnerability_function_id":null,"vulnerability_class":"Not assigned","osm_tags":{"building":"roof"}},"geometry":{"type":"Polygon","coordinates":[[[39.196962,38.669715],[39.197299,38.669645],[39.197243,38.66948],[39.197146,38.6695],[39.197131,38.669458],[39.196942,38.669497],[39.196956,38.66954],[39.196906,38.66955],[39.196962,38.669715]]]}},{"type":"Feature","id":"way/766540509","properties":{"osm_id":"way/766540509","osm_type":"way","building":"yes","name":null,"levels":null,"source":"OpenStreetMap","source_url":"https://www.openstreetmap.org/copyright","licence":"ODbL 1.0","retrieved_on":"2026-09-03","vulnerability_function_id":null,"vulnerability_class":"Not assigned","osm_tags":{"building":"yes"}},"geometry":{"type":"Polygon","coordinates":[[[39.207406,38.663508],[39.207417,38.663418],[39.207672,38.663423],[39.207661,38.66353],[39.207406,38.663508]]]}},{"type":"Feature","id":"way/766540511","properties":{"osm_id":"way/766540511","osm_type":"way","building":"school","name":null,"levels":null,"source":"OpenStreetMap","source_url":"https://www.openstreetmap.org/copyright","licence":"ODbL 1.0","retrieved_on":"2026-09-03","vulnerability_function_id":null,"vulnerability_class":"Not assigned","osm_tags":{"building":"school"}},"geometry":{"type":"Polygon","coordinates":[[[39.211587,38.661226],[39.211589,38.661058],[39.212034,38.661061],[39.212032,38.661229],[39.211587,38.661226]]]}},{"type":"Feature","id":"way/767634983","properties":{"osm_id":"way/767634983","osm_type":"way","building":"yes","name":null,"levels":null,"source":"OpenStreetMap","source_url":"https://www.openstreetmap.org/copyright","licence":"ODbL 1.0","retrieved_on":"2026-09-03","vulnerability_function_id":null,"vulnerability_class":"Not assigned","osm_tags":{"building":"yes"}},"geometry":{"type":"Polygon","coordinates":[[[39.22588,38.678138],[39.225897,38.678039],[39.226168,38.678068],[39.226151,38.678167],[39.22588,38.678138]]]}},{"type":"Feature","id":"way/767634984","properties":{"osm_id":"way/767634984","osm_type":"way","building":"yes","name":null,"levels":null,"source":"OpenStreetMap","source_url":"https://www.openstreetmap.org/copyright","licence":"ODbL 1.0","retrieved_on":"2026-09-03","vulnerability_function_id":null,"vulnerability_class":"Not assigned","osm_tags":{"building":"yes"}},"geometry":{"type":"Polygon","coordinates":[[[39.226677,38.678775],[39.226724,38.678556],[39.226855,38.678549],[39.226845,38.678709],[39.226957,38.678724],[39.226967,38.678658],[39.226943,38.678636],[39.226967,38.678534],[39.227135,38.67856],[39.227055,38.678822],[39.226677,38.678775]]]}},{"type":"Feature","id":"way/767634986","properties":{"osm_id":"way/767634986","osm_type":"way","building":"yes","name":null,"levels":null,"source":"OpenStreetMap","source_url":"https://www.openstreetmap.org/copyright","licence":"ODbL 1.0","retrieved_on":"2026-09-03","vulnerability_function_id":null,"vulnerability_class":"Not assigned","osm_tags":{"building":"yes"}},"geometry":{"type":"Polygon","coordinates":[[[39.226747,38.678461],[39.22678,38.678253],[39.226953,38.678264],[39.226943,38.678465],[39.226747,38.678461]]]}},{"type":"Feature","id":"way/767634987","properties":{"osm_id":"way/767634987","osm_type":"way","building":"yes","name":null,"levels":null,"source":"OpenStreetMap","source_url":"https://www.openstreetmap.org/copyright","licence":"ODbL 1.0","retrieved_on":"2026-09-03","vulnerability_function_id":null,"vulnerability_class":"Not assigned","osm_tags":{"building":"yes"}},"geometry":{"type":"Polygon","coordinates":[[[39.226999,38.678312],[39.227013,38.678206],[39.227177,38.678199],[39.22713,38.678312],[39.226999,38.678312]]]}},{"type":"Feature","id":"way/767634991","properties":{"osm_id":"way/767634991","osm_type":"way","building":"yes","name":null,"levels":null,"source":"OpenStreetMap","source_url":"https://www.openstreetmap.org/copyright","licence":"ODbL 1.0","retrieved_on":"2026-09-03","vulnerability_function_id":null,"vulnerability_class":"Not assigned","osm_tags":{"building":"yes"}},"geometry":{"type":"Polygon","coordinates":[[[39.225355,38.679114],[39.225523,38.678892],[39.225673,38.678921],[39.225617,38.679173],[39.225355,38.679114]]]}},{"type":"Feature","id":"way/767634992","properties":{"osm_id":"way/767634992","osm_type":"way","building":"yes","name":null,"levels":null,"source":"OpenStreetMap","source_url":"https://www.openstreetmap.org/copyright","licence":"ODbL 1.0","retrieved_on":"2026-09-03","vulnerability_function_id":null,"vulnerability_class":"Not assigned","osm_tags":{"building":"yes"}},"geometry":{"type":"Polygon","coordinates":[[[39.222754,38.679074],[39.22281,38.678812],[39.222782,38.678783],[39.222805,38.67871],[39.222978,38.678721],[39.22296,38.67879],[39.223025,38.678808],[39.222992,38.678983],[39.223076,38.678972],[39.223048,38.679111],[39.222754,38.679074]]]}},{"type":"Feature","id":"way/767634993","properties":{"osm_id":"way/767634993","osm_type":"way","building":"yes","name":null,"levels":null,"source":"OpenStreetMap","source_url":"https://www.openstreetmap.org/copyright","licence":"ODbL 1.0","retrieved_on":"2026-09-03","vulnerability_function_id":null,"vulnerability_class":"Not assigned","osm_tags":{"building":"yes"}},"geometry":{"type":"Polygon","coordinates":[[[39.223048,38.679111],[39.223076,38.678972],[39.223324,38.678998],[39.223329,38.679147],[39.223048,38.679111]]]}},{"type":"Feature","id":"way/767634994","properties":{"osm_id":"way/767634994","osm_type":"way","building":"yes","name":null,"levels":null,"source":"OpenStreetMap","source_url":"https://www.openstreetmap.org/copyright","licence":"ODbL 1.0","retrieved_on":"2026-09-03","vulnerability_function_id":null,"vulnerability_class":"Not assigned","osm_tags":{"building":"yes"}},"geometry":{"type":"Polygon","coordinates":[[[39.223427,38.679005],[39.223487,38.678692],[39.223617,38.678712],[39.223581,38.679023],[39.223427,38.679005]]]}},{"type":"Feature","id":"way/767634995","properties":{"osm_id":"way/767634995","osm_type":"way","building":"yes","name":null,"levels":null,"source":"OpenStreetMap","source_url":"https://www.openstreetmap.org/copyright","licence":"ODbL 1.0","retrieved_on":"2026-09-03","vulnerability_function_id":null,"vulnerability_class":"Not assigned","osm_tags":{"building":"yes"}},"geometry":{"type":"Polygon","coordinates":[[[39.222983,38.67856],[39.223008,38.678479],[39.223543,38.678549],[39.223487,38.678692],[39.223216,38.678659],[39.22323,38.678579],[39.222983,38.67856]]]}},{"type":"Feature","id":"way/767634997","properties":{"osm_id":"way/767634997","osm_type":"way","building":"yes","name":null,"levels":null,"source":"OpenStreetMap","source_url":"https://www.openstreetmap.org/copyright","licence":"ODbL 1.0","retrieved_on":"2026-09-03","vulnerability_function_id":null,"vulnerability_class":"Not assigned","osm_tags":{"building":"yes"}},"geometry":{"type":"Polygon","coordinates":[[[39.223204,38.678414],[39.223236,38.678281],[39.223659,38.678328],[39.223614,38.678449],[39.223204,38.678414]]]}},{"type":"Feature","id":"way/767634998","properties":{"osm_id":"way/767634998","osm_type":"way","building":"yes","name":null,"levels":null,"source":"OpenStreetMap","source_url":"https://www.openstreetmap.org/copyright","licence":"ODbL 1.0","retrieved_on":"2026-09-03","vulnerability_function_id":null,"vulnerability_class":"Not assigned","osm_tags":{"building":"yes"}},"geometry":{"type":"Polygon","coordinates":[[[39.223451,38.678245],[39.223487,38.677991],[39.223667,38.678007],[39.223631,38.678261],[39.223451,38.678245]]]}},{"type":"Feature","id":"way/767635000","properties":{"osm_id":"way/767635000","osm_type":"way","building":"yes","name":null,"levels":null,"source":"OpenStreetMap","source_url":"https://www.openstreetmap.org/copyright","licence":"ODbL 1.0","retrieved_on":"2026-09-03","vulnerability_function_id":null,"vulnerability_class":"Not assigned","osm_tags":{"building":"yes"}},"geometry":{"type":"Polygon","coordinates":[[[39.222305,38.678965],[39.222274,38.678946],[39.222286,38.678786],[39.222067,38.678768],[39.222039,38.679041],[39.222292,38.679072],[39.222305,38.678965]]]}},{"type":"Feature","id":"way/767635001","properties":{"osm_id":"way/767635001","osm_type":"way","building":"yes","name":null,"levels":null,"source":"OpenStreetMap","source_url":"https://www.openstreetmap.org/copyright","licence":"ODbL 1.0","retrieved_on":"2026-09-03","vulnerability_function_id":null,"vulnerability_class":"Not assigned","osm_tags":{"building":"yes"}},"geometry":{"type":"Polygon","coordinates":[[[39.222061,38.678759],[39.222146,38.678412],[39.222416,38.678437],[39.22239,38.678614],[39.222322,38.678614],[39.22226,38.678773],[39.222061,38.678759]]]}},{"type":"Feature","id":"way/767635002","properties":{"osm_id":"way/767635002","osm_type":"way","building":"yes","name":null,"levels":null,"source":"OpenStreetMap","source_url":"https://www.openstreetmap.org/copyright","licence":"ODbL 1.0","retrieved_on":"2026-09-03","vulnerability_function_id":null,"vulnerability_class":"Not assigned","osm_tags":{"building":"yes"}},"geometry":{"type":"Polygon","coordinates":[[[39.222292,38.679072],[39.22261,38.679098],[39.222647,38.678755],[39.222445,38.678745],[39.222432,38.678838],[39.222462,38.67884],[39.22245,38.678922],[39.222412,38.678919],[39.222402,38.67897],[39.222305,38.678965],[39.222292,38.679072]]]}},{"type":"Feature","id":"way/768628585","properties":{"osm_id":"way/768628585","osm_type":"way","building":"yes","name":null,"levels":null,"source":"OpenStreetMap","source_url":"https://www.openstreetmap.org/copyright","licence":"ODbL 1.0","retrieved_on":"2026-09-03","vulnerability_function_id":null,"vulnerability_class":"Not assigned","osm_tags":{"building":"yes"}},"geometry":{"type":"Polygon","coordinates":[[[39.183308,38.66034],[39.183291,38.660184],[39.183571,38.660166],[39.183575,38.660203],[39.183635,38.660199],[39.183648,38.660318],[39.183308,38.66034]]]}},{"type":"Feature","id":"way/768628586","properties":{"osm_id":"way/768628586","osm_type":"way","building":"yes","name":null,"levels":null,"source":"OpenStreetMap","source_url":"https://www.openstreetmap.org/copyright","licence":"ODbL 1.0","retrieved_on":"2026-09-03","vulnerability_function_id":null,"vulnerability_class":"Not assigned","osm_tags":{"building":"yes"}},"geometry":{"type":"Polygon","coordinates":[[[39.183212,38.660103],[39.183188,38.659956],[39.18337,38.659938],[39.183394,38.660085],[39.183212,38.660103]]]}},{"type":"Feature","id":"way/768628587","properties":{"osm_id":"way/768628587","osm_type":"way","building":"yes","name":null,"levels":null,"source":"OpenStreetMap","source_url":"https://www.openstreetmap.org/copyright","licence":"ODbL 1.0","retrieved_on":"2026-09-03","vulnerability_function_id":null,"vulnerability_class":"Not assigned","osm_tags":{"building":"yes"}},"geometry":{"type":"Polygon","coordinates":[[[39.18413,38.660677],[39.184127,38.660591],[39.184123,38.660469],[39.184278,38.660472],[39.184309,38.660653],[39.184267,38.660659],[39.18413,38.660677]]]}},{"type":"Feature","id":"way/768628588","properties":{"osm_id":"way/768628588","osm_type":"way","building":"yes","name":null,"levels":null,"source":"OpenStreetMap","source_url":"https://www.openstreetmap.org/copyright","licence":"ODbL 1.0","retrieved_on":"2026-09-03","vulnerability_function_id":null,"vulnerability_class":"Not assigned","osm_tags":{"building":"yes"}},"geometry":{"type":"Polygon","coordinates":[[[39.183781,38.660661],[39.183775,38.66052],[39.183996,38.660515],[39.184002,38.660655],[39.183781,38.660661]]]}},{"type":"Feature","id":"way/768628589","properties":{"osm_id":"way/768628589","osm_type":"way","building":"yes","name":null,"levels":null,"source":"OpenStreetMap","source_url":"https://www.openstreetmap.org/copyright","licence":"ODbL 1.0","retrieved_on":"2026-09-03","vulnerability_function_id":null,"vulnerability_class":"Not assigned","osm_tags":{"building":"yes"}},"geometry":{"type":"Polygon","coordinates":[[[39.183275,38.660699],[39.183236,38.660494],[39.183561,38.660456],[39.183601,38.660661],[39.183275,38.660699]]]}},{"type":"Feature","id":"way/768628590","properties":{"osm_id":"way/768628590","osm_type":"way","building":"yes","name":null,"levels":null,"source":"OpenStreetMap","source_url":"https://www.openstreetmap.org/copyright","licence":"ODbL 1.0","retrieved_on":"2026-09-03","vulnerability_function_id":null,"vulnerability_class":"Not assigned","osm_tags":{"building":"yes"}},"geometry":{"type":"Polygon","coordinates":[[[39.18403,38.660876],[39.184021,38.66074],[39.184282,38.66073],[39.184291,38.660865],[39.18403,38.660876]]]}},{"type":"Feature","id":"way/768628591","properties":{"osm_id":"way/768628591","osm_type":"way","building":"yes","name":null,"levels":null,"source":"OpenStreetMap","source_url":"https://www.openstreetmap.org/copyright","licence":"ODbL 1.0","retrieved_on":"2026-09-03","vulnerability_function_id":null,"vulnerability_class":"Not assigned","osm_tags":{"building":"yes"}},"geometry":{"type":"Polygon","coordinates":[[[39.18331,38.660916],[39.183285,38.660771],[39.183555,38.660742],[39.18358,38.660888],[39.18331,38.660916]]]}},{"type":"Feature","id":"way/768628592","properties":{"osm_id":"way/768628592","osm_type":"way","building":"yes","name":null,"levels":null,"source":"OpenStreetMap","source_url":"https://www.openstreetmap.org/copyright","licence":"ODbL 1.0","retrieved_on":"2026-09-03","vulnerability_function_id":null,"vulnerability_class":"Not assigned","osm_tags":{"building":"yes"}},"geometry":{"type":"Polygon","coordinates":[[[39.183747,38.661149],[39.183738,38.661027],[39.183985,38.661015],[39.183994,38.661138],[39.183747,38.661149]]]}},{"type":"Feature","id":"way/768628593","properties":{"osm_id":"way/768628593","osm_type":"way","building":"yes","name":null,"levels":null,"source":"OpenStreetMap","source_url":"https://www.openstreetmap.org/copyright","licence":"ODbL 1.0","retrieved_on":"2026-09-03","vulnerability_function_id":null,"vulnerability_class":"Not assigned","osm_tags":{"building":"yes"}},"geometry":{"type":"Polygon","coordinates":[[[39.183442,38.661173],[39.183428,38.661036],[39.183666,38.661021],[39.183681,38.661158],[39.183442,38.661173]]]}},{"type":"Feature","id":"way/768628594","properties":{"osm_id":"way/768628594","osm_type":"way","building":"yes","name":null,"levels":null,"source":"OpenStreetMap","source_url":"https://www.openstreetmap.org/copyright","licence":"ODbL 1.0","retrieved_on":"2026-09-03","vulnerability_function_id":null,"vulnerability_class":"Not assigned","osm_tags":{"building":"yes"}},"geometry":{"type":"Polygon","coordinates":[[[39.182555,38.661195],[39.182532,38.661021],[39.182812,38.660998],[39.182836,38.661172],[39.182555,38.661195]]]}},{"type":"Feature","id":"way/768628595","properties":{"osm_id":"way/768628595","osm_type":"way","building":"yes","name":null,"levels":null,"source":"OpenStreetMap","source_url":"https://www.openstreetmap.org/copyright","licence":"ODbL 1.0","retrieved_on":"2026-09-03","vulnerability_function_id":null,"vulnerability_class":"Not assigned","osm_tags":{"building":"yes"}},"geometry":{"type":"Polygon","coordinates":[[[39.182791,38.660723],[39.182774,38.660585],[39.183158,38.660557],[39.183188,38.660803],[39.183006,38.660817],[39.182993,38.660708],[39.182791,38.660723]]]}},{"type":"Feature","id":"way/769424254","properties":{"osm_id":"way/769424254","osm_type":"way","building":"yes","name":null,"levels":null,"source":"OpenStreetMap","source_url":"https://www.openstreetmap.org/copyright","licence":"ODbL 1.0","retrieved_on":"2026-09-03","vulnerability_function_id":null,"vulnerability_class":"Not assigned","osm_tags":{"building":"yes"}},"geometry":{"type":"Polygon","coordinates":[[[39.197893,38.687013],[39.197966,38.687013],[39.197954,38.686928],[39.197897,38.686925],[39.197893,38.687013]]]}},{"type":"Feature","id":"way/769424255","properties":{"osm_id":"way/769424255","osm_type":"way","building":"yes","name":null,"levels":null,"source":"OpenStreetMap","source_url":"https://www.openstreetmap.org/copyright","licence":"ODbL 1.0","retrieved_on":"2026-09-03","vulnerability_function_id":null,"vulnerability_class":"Not assigned","osm_tags":{"building":"yes"}},"geometry":{"type":"Polygon","coordinates":[[[39.197917,38.686779],[39.198015,38.686775],[39.198023,38.686725],[39.197913,38.686725],[39.197917,38.686779]]]}},{"type":"Feature","id":"way/769424256","properties":{"osm_id":"way/769424256","osm_type":"way","building":"yes","name":null,"levels":null,"source":"OpenStreetMap","source_url":"https://www.openstreetmap.org/copyright","licence":"ODbL 1.0","retrieved_on":"2026-09-03","vulnerability_function_id":null,"vulnerability_class":"Not assigned","osm_tags":{"building":"yes"}},"geometry":{"type":"Polygon","coordinates":[[[39.197112,38.685998],[39.197254,38.686039],[39.197364,38.685849],[39.197133,38.685811],[39.197112,38.685998]]]}},{"type":"Feature","id":"way/769424257","properties":{"osm_id":"way/769424257","osm_type":"way","building":"yes","name":null,"levels":null,"source":"OpenStreetMap","source_url":"https://www.openstreetmap.org/copyright","licence":"ODbL 1.0","retrieved_on":"2026-09-03","vulnerability_function_id":null,"vulnerability_class":"Not assigned","osm_tags":{"building":"yes"}},"geometry":{"type":"Polygon","coordinates":[[[39.197498,38.686176],[39.197568,38.686191],[39.197584,38.686138],[39.197527,38.686125],[39.197498,38.686176]]]}},{"type":"Feature","id":"way/770455079","properties":{"osm_id":"way/770455079","osm_type":"way","building":"yes","name":null,"levels":null,"source":"OpenStreetMap","source_url":"https://www.openstreetmap.org/copyright","licence":"ODbL 1.0","retrieved_on":"2026-09-03","vulnerability_function_id":null,"vulnerability_class":"Not assigned","osm_tags":{"building":"yes"}},"geometry":{"type":"Polygon","coordinates":[[[39.185061,38.660529],[39.185236,38.660561],[39.185267,38.660456],[39.185414,38.660482],[39.185452,38.660354],[39.18513,38.660296],[39.185061,38.660529]]]}},{"type":"Feature","id":"way/770455080","properties":{"osm_id":"way/770455080","osm_type":"way","building":"yes","name":null,"levels":null,"source":"OpenStreetMap","source_url":"https://www.openstreetmap.org/copyright","licence":"ODbL 1.0","retrieved_on":"2026-09-03","vulnerability_function_id":null,"vulnerability_class":"Not assigned","osm_tags":{"building":"yes"}},"geometry":{"type":"Polygon","coordinates":[[[39.185581,38.660635],[39.185781,38.660621],[39.18576,38.660435],[39.18556,38.660448],[39.185581,38.660635]]]}},{"type":"Feature","id":"way/770455081","properties":{"osm_id":"way/770455081","osm_type":"way","building":"yes","name":null,"levels":null,"source":"OpenStreetMap","source_url":"https://www.openstreetmap.org/copyright","licence":"ODbL 1.0","retrieved_on":"2026-09-03","vulnerability_function_id":null,"vulnerability_class":"Not assigned","osm_tags":{"building":"yes"}},"geometry":{"type":"Polygon","coordinates":[[[39.185059,38.660799],[39.1853,38.660784],[39.185281,38.660601],[39.18504,38.660616],[39.185059,38.660799]]]}},{"type":"Feature","id":"way/770455082","properties":{"osm_id":"way/770455082","osm_type":"way","building":"yes","name":null,"levels":null,"source":"OpenStreetMap","source_url":"https://www.openstreetmap.org/copyright","licence":"ODbL 1.0","retrieved_on":"2026-09-03","vulnerability_function_id":null,"vulnerability_class":"Not assigned","osm_tags":{"building":"yes"}},"geometry":{"type":"Polygon","coordinates":[[[39.1851,38.661073],[39.185269,38.661066],[39.185253,38.66083],[39.185084,38.660837],[39.1851,38.661073]]]}},{"type":"Feature","id":"way/770455083","properties":{"osm_id":"way/770455083","osm_type":"way","building":"yes","name":null,"levels":null,"source":"OpenStreetMap","source_url":"https://www.openstreetmap.org/copyright","licence":"ODbL 1.0","retrieved_on":"2026-09-03","vulnerability_function_id":null,"vulnerability_class":"Not assigned","osm_tags":{"building":"yes"}},"geometry":{"type":"Polygon","coordinates":[[[39.185332,38.661063],[39.185579,38.661043],[39.185554,38.660853],[39.185307,38.660873],[39.185332,38.661063]]]}},{"type":"Feature","id":"way/770455084","properties":{"osm_id":"way/770455084","osm_type":"way","building":"yes","name":null,"levels":null,"source":"OpenStreetMap","source_url":"https://www.openstreetmap.org/copyright","licence":"ODbL 1.0","retrieved_on":"2026-09-03","vulnerability_function_id":null,"vulnerability_class":"Not assigned","osm_tags":{"building":"yes"}},"geometry":{"type":"Polygon","coordinates":[[[39.185624,38.661008],[39.185825,38.660992],[39.185803,38.660814],[39.185601,38.66083],[39.185624,38.661008]]]}},{"type":"Feature","id":"way/770455085","properties":{"osm_id":"way/770455085","osm_type":"way","building":"yes","name":null,"levels":null,"source":"OpenStreetMap","source_url":"https://www.openstreetmap.org/copyright","licence":"ODbL 1.0","retrieved_on":"2026-09-03","vulnerability_function_id":null,"vulnerability_class":"Not assigned","osm_tags":{"building":"yes"}},"geometry":{"type":"Polygon","coordinates":[[[39.182878,38.661799],[39.183027,38.661731],[39.18295,38.661627],[39.183035,38.661588],[39.182944,38.661465],[39.182709,38.661572],[39.182878,38.661799]]]}},{"type":"Feature","id":"way/770455086","properties":{"osm_id":"way/770455086","osm_type":"way","building":"yes","name":null,"levels":null,"source":"OpenStreetMap","source_url":"https://www.openstreetmap.org/copyright","licence":"ODbL 1.0","retrieved_on":"2026-09-03","vulnerability_function_id":null,"vulnerability_class":"Not assigned","osm_tags":{"building":"yes"}},"geometry":{"type":"Polygon","coordinates":[[[39.183696,38.661679],[39.183871,38.661628],[39.183801,38.661482],[39.183626,38.661533],[39.183696,38.661679]]]}},{"type":"Feature","id":"way/770455087","properties":{"osm_id":"way/770455087","osm_type":"way","building":"yes","name":null,"levels":null,"source":"OpenStreetMap","source_url":"https://www.openstreetmap.org/copyright","licence":"ODbL 1.0","retrieved_on":"2026-09-03","vulnerability_function_id":null,"vulnerability_class":"Not assigned","osm_tags":{"building":"yes"}},"geometry":{"type":"Polygon","coordinates":[[[39.183266,38.661789],[39.183481,38.661695],[39.183323,38.661476],[39.183108,38.661571],[39.183266,38.661789]]]}},{"type":"Feature","id":"way/770455088","properties":{"osm_id":"way/770455088","osm_type":"way","building":"yes","name":null,"levels":null,"source":"OpenStreetMap","source_url":"https://www.openstreetmap.org/copyright","licence":"ODbL 1.0","retrieved_on":"2026-09-03","vulnerability_function_id":null,"vulnerability_class":"Not assigned","osm_tags":{"building":"yes"}},"geometry":{"type":"Polygon","coordinates":[[[39.183035,38.661965],[39.183232,38.661884],[39.183177,38.661801],[39.182979,38.661882],[39.183035,38.661965]]]}},{"type":"Feature","id":"way/770455089","properties":{"osm_id":"way/770455089","osm_type":"way","building":"yes","name":null,"levels":null,"source":"OpenStreetMap","source_url":"https://www.openstreetmap.org/copyright","licence":"ODbL 1.0","retrieved_on":"2026-09-03","vulnerability_function_id":null,"vulnerability_class":"Not assigned","osm_tags":{"building":"yes"}},"geometry":{"type":"Polygon","coordinates":[[[39.181876,38.661859],[39.182009,38.661865],[39.182022,38.661681],[39.18189,38.661675],[39.181876,38.661859]]]}},{"type":"Feature","id":"way/770455090","properties":{"osm_id":"way/770455090","osm_type":"way","building":"yes","name":null,"levels":null,"source":"OpenStreetMap","source_url":"https://www.openstreetmap.org/copyright","licence":"ODbL 1.0","retrieved_on":"2026-09-03","vulnerability_function_id":null,"vulnerability_class":"Not assigned","osm_tags":{"building":"yes"}},"geometry":{"type":"Polygon","coordinates":[[[39.18169,38.661575],[39.181961,38.6616],[39.181983,38.661454],[39.181713,38.661429],[39.18169,38.661575]]]}},{"type":"Feature","id":"way/770455091","properties":{"osm_id":"way/770455091","osm_type":"way","building":"yes","name":null,"levels":null,"source":"OpenStreetMap","source_url":"https://www.openstreetmap.org/copyright","licence":"ODbL 1.0","retrieved_on":"2026-09-03","vulnerability_function_id":null,"vulnerability_class":"Not assigned","osm_tags":{"building":"yes"}},"geometry":{"type":"Polygon","coordinates":[[[39.181198,38.66112],[39.181499,38.661145],[39.18152,38.660991],[39.181219,38.660966],[39.181198,38.66112]]]}},{"type":"Feature","id":"way/770455092","properties":{"osm_id":"way/770455092","osm_type":"way","building":"yes","name":null,"levels":null,"source":"OpenStreetMap","source_url":"https://www.openstreetmap.org/copyright","licence":"ODbL 1.0","retrieved_on":"2026-09-03","vulnerability_function_id":null,"vulnerability_class":"Not assigned","osm_tags":{"building":"yes"}},"geometry":{"type":"Polygon","coordinates":[[[39.180814,38.660974],[39.18111,38.660997],[39.18113,38.660838],[39.180835,38.660815],[39.180814,38.660974]]]}},{"type":"Feature","id":"way/770455093","properties":{"osm_id":"way/770455093","osm_type":"way","building":"yes","name":null,"levels":null,"source":"OpenStreetMap","source_url":"https://www.openstreetmap.org/copyright","licence":"ODbL 1.0","retrieved_on":"2026-09-03","vulnerability_function_id":null,"vulnerability_class":"Not assigned","osm_tags":{"building":"yes"}},"geometry":{"type":"Polygon","coordinates":[[[39.181252,38.660897],[39.181477,38.660869],[39.181432,38.66065],[39.181207,38.660679],[39.181252,38.660897]]]}},{"type":"Feature","id":"way/770455094","properties":{"osm_id":"way/770455094","osm_type":"way","building":"yes","name":null,"levels":null,"source":"OpenStreetMap","source_url":"https://www.openstreetmap.org/copyright","licence":"ODbL 1.0","retrieved_on":"2026-09-03","vulnerability_function_id":null,"vulnerability_class":"Not assigned","osm_tags":{"building":"yes"}},"geometry":{"type":"Polygon","coordinates":[[[39.181184,38.660563],[39.181342,38.660586],[39.181371,38.660463],[39.181212,38.660441],[39.181184,38.660563]]]}},{"type":"Feature","id":"way/770455095","properties":{"osm_id":"way/770455095","osm_type":"way","building":"yes","name":null,"levels":null,"source":"OpenStreetMap","source_url":"https://www.openstreetmap.org/copyright","licence":"ODbL 1.0","retrieved_on":"2026-09-03","vulnerability_function_id":null,"vulnerability_class":"Not assigned","osm_tags":{"building":"yes"}},"geometry":{"type":"Polygon","coordinates":[[[39.181099,38.660263],[39.181286,38.660259],[39.181282,38.660134],[39.181094,38.660139],[39.181099,38.660263]]]}},{"type":"Feature","id":"way/770455096","properties":{"osm_id":"way/770455096","osm_type":"way","building":"yes","name":null,"levels":null,"source":"OpenStreetMap","source_url":"https://www.openstreetmap.org/copyright","licence":"ODbL 1.0","retrieved_on":"2026-09-03","vulnerability_function_id":null,"vulnerability_class":"Not assigned","osm_tags":{"building":"yes"}},"geometry":{"type":"Polygon","coordinates":[[[39.180683,38.660013],[39.180859,38.659982],[39.180773,38.659687],[39.180597,38.659718],[39.180683,38.660013]]]}},{"type":"Feature","id":"way/770455101","properties":{"osm_id":"way/770455101","osm_type":"way","building":"yes","name":null,"levels":null,"source":"OpenStreetMap","source_url":"https://www.openstreetmap.org/copyright","licence":"ODbL 1.0","retrieved_on":"2026-09-03","vulnerability_function_id":null,"vulnerability_class":"Not assigned","osm_tags":{"building":"yes"}},"geometry":{"type":"Polygon","coordinates":[[[39.180799,38.660391],[39.180922,38.660381],[39.180948,38.660583],[39.180825,38.660593],[39.180799,38.660391]]]}},{"type":"Feature","id":"way/770455103","properties":{"osm_id":"way/770455103","osm_type":"way","building":"yes","name":null,"levels":null,"source":"OpenStreetMap","source_url":"https://www.openstreetmap.org/copyright","licence":"ODbL 1.0","retrieved_on":"2026-09-03","vulnerability_function_id":null,"vulnerability_class":"Not assigned","osm_tags":{"building":"yes"}},"geometry":{"type":"Polygon","coordinates":[[[39.179885,38.659947],[39.180387,38.660035],[39.180448,38.659822],[39.18025,38.659788],[39.180225,38.659876],[39.17992,38.659823],[39.179885,38.659947]]]}},{"type":"Feature","id":"way/770455120","properties":{"osm_id":"way/770455120","osm_type":"way","building":"yes","name":null,"levels":null,"source":"OpenStreetMap","source_url":"https://www.openstreetmap.org/copyright","licence":"ODbL 1.0","retrieved_on":"2026-09-03","vulnerability_function_id":null,"vulnerability_class":"Not assigned","osm_tags":{"building":"yes"}},"geometry":{"type":"Polygon","coordinates":[[[39.180191,38.660651],[39.180316,38.660665],[39.180357,38.660468],[39.180229,38.660461],[39.180191,38.660651]]]}},{"type":"Feature","id":"way/770654155","properties":{"osm_id":"way/770654155","osm_type":"way","building":"yes","name":null,"levels":null,"source":"OpenStreetMap","source_url":"https://www.openstreetmap.org/copyright","licence":"ODbL 1.0","retrieved_on":"2026-09-03","vulnerability_function_id":null,"vulnerability_class":"Not assigned","osm_tags":{"building":"yes"}},"geometry":{"type":"Polygon","coordinates":[[[39.224792,38.685148],[39.224869,38.684664],[39.22521,38.684697],[39.225186,38.684847],[39.225038,38.684833],[39.225012,38.684993],[39.225062,38.684998],[39.225051,38.685061],[39.22512,38.685068],[39.225102,38.685178],[39.224792,38.685148]]]}},{"type":"Feature","id":"way/770654156","properties":{"osm_id":"way/770654156","osm_type":"way","building":"yes","name":null,"levels":null,"source":"OpenStreetMap","source_url":"https://www.openstreetmap.org/copyright","licence":"ODbL 1.0","retrieved_on":"2026-09-03","vulnerability_function_id":null,"vulnerability_class":"Not assigned","osm_tags":{"building":"yes"}},"geometry":{"type":"Polygon","coordinates":[[[39.225222,38.685197],[39.225233,38.685083],[39.225332,38.685089],[39.225321,38.685203],[39.225222,38.685197]]]}},{"type":"Feature","id":"way/770654157","properties":{"osm_id":"way/770654157","osm_type":"way","building":"yes","name":null,"levels":null,"source":"OpenStreetMap","source_url":"https://www.openstreetmap.org/copyright","licence":"ODbL 1.0","retrieved_on":"2026-09-03","vulnerability_function_id":null,"vulnerability_class":"Not assigned","osm_tags":{"building":"yes"}},"geometry":{"type":"Polygon","coordinates":[[[39.226524,38.684992],[39.226581,38.684839],[39.226748,38.684877],[39.226691,38.68503],[39.226524,38.684992]]]}},{"type":"Feature","id":"way/770654158","properties":{"osm_id":"way/770654158","osm_type":"way","building":"yes","name":null,"levels":null,"source":"OpenStreetMap","source_url":"https://www.openstreetmap.org/copyright","licence":"ODbL 1.0","retrieved_on":"2026-09-03","vulnerability_function_id":null,"vulnerability_class":"Not assigned","osm_tags":{"building":"yes"}},"geometry":{"type":"Polygon","coordinates":[[[39.225904,38.684908],[39.225926,38.684765],[39.22611,38.684782],[39.226063,38.685094],[39.225887,38.685078],[39.225898,38.685007],[39.225973,38.685014],[39.225988,38.684916],[39.225904,38.684908]]]}},{"type":"Feature","id":"way/770654159","properties":{"osm_id":"way/770654159","osm_type":"way","building":"yes","name":null,"levels":null,"source":"OpenStreetMap","source_url":"https://www.openstreetmap.org/copyright","licence":"ODbL 1.0","retrieved_on":"2026-09-03","vulnerability_function_id":null,"vulnerability_class":"Not assigned","osm_tags":{"building":"yes"}},"geometry":{"type":"Polygon","coordinates":[[[39.22575,38.684978],[39.225784,38.684771],[39.225666,38.68476],[39.225662,38.684841],[39.225632,38.684966],[39.22575,38.684978]]]}},{"type":"Feature","id":"way/770654160","properties":{"osm_id":"way/770654160","osm_type":"way","building":"yes","name":null,"levels":null,"source":"OpenStreetMap","source_url":"https://www.openstreetmap.org/copyright","licence":"ODbL 1.0","retrieved_on":"2026-09-03","vulnerability_function_id":null,"vulnerability_class":"Not assigned","osm_tags":{"building":"yes"}},"geometry":{"type":"Polygon","coordinates":[[[39.225277,38.684917],[39.225305,38.684721],[39.225423,38.684731],[39.225395,38.684927],[39.225277,38.684917]]]}},{"type":"Feature","id":"way/770654161","properties":{"osm_id":"way/770654161","osm_type":"way","building":"yes","name":null,"levels":null,"source":"OpenStreetMap","source_url":"https://www.openstreetmap.org/copyright","licence":"ODbL 1.0","retrieved_on":"2026-09-03","vulnerability_function_id":null,"vulnerability_class":"Not assigned","osm_tags":{"building":"yes"}},"geometry":{"type":"Polygon","coordinates":[[[39.22551,38.684956],[39.225567,38.684847],[39.225624,38.684851],[39.225613,38.684963],[39.22551,38.684956]]]}},{"type":"Feature","id":"way/770654162","properties":{"osm_id":"way/770654162","osm_type":"way","building":"yes","name":null,"levels":null,"source":"OpenStreetMap","source_url":"https://www.openstreetmap.org/copyright","licence":"ODbL 1.0","retrieved_on":"2026-09-03","vulnerability_function_id":null,"vulnerability_class":"Not assigned","osm_tags":{"building":"yes"}},"geometry":{"type":"Polygon","coordinates":[[[39.225459,38.68486],[39.225445,38.68477],[39.225648,38.684751],[39.225662,38.684841],[39.225459,38.68486]]]}},{"type":"Feature","id":"way/770654164","properties":{"osm_id":"way/770654164","osm_type":"way","building":"yes","name":null,"levels":null,"source":"OpenStreetMap","source_url":"https://www.openstreetmap.org/copyright","licence":"ODbL 1.0","retrieved_on":"2026-09-03","vulnerability_function_id":null,"vulnerability_class":"Not assigned","osm_tags":{"building":"yes"}},"geometry":{"type":"Polygon","coordinates":[[[39.226399,38.68505],[39.226282,38.685014],[39.226373,38.684829],[39.226491,38.684865],[39.226399,38.68505]]]}},{"type":"Feature","id":"way/770654165","properties":{"osm_id":"way/770654165","osm_type":"way","building":"yes","name":null,"levels":null,"source":"OpenStreetMap","source_url":"https://www.openstreetmap.org/copyright","licence":"ODbL 1.0","retrieved_on":"2026-09-03","vulnerability_function_id":null,"vulnerability_class":"Not assigned","osm_tags":{"building":"yes"}},"geometry":{"type":"Polygon","coordinates":[[[39.226437,38.685288],[39.226444,38.685221],[39.226547,38.685227],[39.22654,38.685295],[39.226437,38.685288]]]}},{"type":"Feature","id":"way/770654166","properties":{"osm_id":"way/770654166","osm_type":"way","building":"yes","name":null,"levels":null,"source":"OpenStreetMap","source_url":"https://www.openstreetmap.org/copyright","licence":"ODbL 1.0","retrieved_on":"2026-09-03","vulnerability_function_id":null,"vulnerability_class":"Not assigned","osm_tags":{"building":"yes"}},"geometry":{"type":"Polygon","coordinates":[[[39.227375,38.68516],[39.227287,38.685106],[39.227104,38.685286],[39.227191,38.68534],[39.227375,38.68516]]]}},{"type":"Feature","id":"way/770654167","properties":{"osm_id":"way/770654167","osm_type":"way","building":"yes","name":null,"levels":null,"source":"OpenStreetMap","source_url":"https://www.openstreetmap.org/copyright","licence":"ODbL 1.0","retrieved_on":"2026-09-03","vulnerability_function_id":null,"vulnerability_class":"Not assigned","osm_tags":{"building":"yes"}},"geometry":{"type":"Polygon","coordinates":[[[39.228004,38.685211],[39.227821,38.685138],[39.227948,38.684945],[39.227989,38.684961],[39.228012,38.684928],[39.227931,38.684896],[39.228013,38.68477],[39.228538,38.684979],[39.228477,38.685073],[39.228125,38.684933],[39.228078,38.685005],[39.228126,38.685024],[39.228004,38.685211]]]}},{"type":"Feature","id":"way/770654168","properties":{"osm_id":"way/770654168","osm_type":"way","building":"yes","name":null,"levels":null,"source":"OpenStreetMap","source_url":"https://www.openstreetmap.org/copyright","licence":"ODbL 1.0","retrieved_on":"2026-09-03","vulnerability_function_id":null,"vulnerability_class":"Not assigned","osm_tags":{"building":"yes"}},"geometry":{"type":"Polygon","coordinates":[[[39.228362,38.685353],[39.228197,38.685282],[39.228299,38.685136],[39.228379,38.68517],[39.228393,38.685151],[39.228617,38.685247],[39.228535,38.685364],[39.228396,38.685305],[39.228362,38.685353]]]}},{"type":"Feature","id":"way/770654993","properties":{"osm_id":"way/770654993","osm_type":"way","building":"yes","name":null,"levels":null,"source":"OpenStreetMap","source_url":"https://www.openstreetmap.org/copyright","licence":"ODbL 1.0","retrieved_on":"2026-09-03","vulnerability_function_id":null,"vulnerability_class":"Not assigned","osm_tags":{"building":"yes"}},"geometry":{"type":"Polygon","coordinates":[[[39.228533,38.682641],[39.228568,38.682532],[39.228634,38.682545],[39.228646,38.682508],[39.228529,38.682484],[39.228515,38.682529],[39.228312,38.682489],[39.228372,38.682305],[39.228841,38.682398],[39.228748,38.682684],[39.228533,38.682641]]]}},{"type":"Feature","id":"way/770654994","properties":{"osm_id":"way/770654994","osm_type":"way","building":"yes","name":null,"levels":null,"source":"OpenStreetMap","source_url":"https://www.openstreetmap.org/copyright","licence":"ODbL 1.0","retrieved_on":"2026-09-03","vulnerability_function_id":null,"vulnerability_class":"Not assigned","osm_tags":{"building":"yes"}},"geometry":{"type":"Polygon","coordinates":[[[39.229262,38.682498],[39.229368,38.682159],[39.229498,38.682184],[39.229392,38.682523],[39.229262,38.682498]]]}},{"type":"Feature","id":"way/770654995","properties":{"osm_id":"way/770654995","osm_type":"way","building":"yes","name":null,"levels":null,"source":"OpenStreetMap","source_url":"https://www.openstreetmap.org/copyright","licence":"ODbL 1.0","retrieved_on":"2026-09-03","vulnerability_function_id":null,"vulnerability_class":"Not assigned","osm_tags":{"building":"yes"}},"geometry":{"type":"Polygon","coordinates":[[[39.22903,38.682215],[39.228843,38.68218],[39.228931,38.681897],[39.229372,38.681981],[39.229314,38.682165],[39.229171,38.682138],[39.229183,38.682101],[39.229073,38.68208],[39.22903,38.682215]]]}},{"type":"Feature","id":"way/770654996","properties":{"osm_id":"way/770654996","osm_type":"way","building":"yes","name":null,"levels":null,"source":"OpenStreetMap","source_url":"https://www.openstreetmap.org/copyright","licence":"ODbL 1.0","retrieved_on":"2026-09-03","vulnerability_function_id":null,"vulnerability_class":"Not assigned","osm_tags":{"building":"yes"}},"geometry":{"type":"Polygon","coordinates":[[[39.227629,38.682252],[39.227662,38.681924],[39.227604,38.68192],[39.227615,38.681802],[39.22771,38.681808],[39.227714,38.681765],[39.227913,38.681777],[39.227908,38.681827],[39.228173,38.681843],[39.228178,38.681799],[39.228387,38.681812],[39.228408,38.681604],[39.228583,38.681615],[39.228553,38.681906],[39.228343,38.681894],[39.228303,38.682288],[39.228079,38.682274],[39.228114,38.681936],[39.228062,38.681933],[39.228066,38.681891],[39.227914,38.681882],[39.227875,38.682267],[39.227629,38.682252]]]}},{"type":"Feature","id":"way/770654997","properties":{"osm_id":"way/770654997","osm_type":"way","building":"yes","name":null,"levels":null,"source":"OpenStreetMap","source_url":"https://www.openstreetmap.org/copyright","licence":"ODbL 1.0","retrieved_on":"2026-09-03","vulnerability_function_id":null,"vulnerability_class":"Not assigned","osm_tags":{"building":"yes"}},"geometry":{"type":"Polygon","coordinates":[[[39.228536,38.681531],[39.228547,38.681409],[39.228805,38.681423],[39.228794,38.681545],[39.228536,38.681531]]]}},{"type":"Feature","id":"way/770654998","properties":{"osm_id":"way/770654998","osm_type":"way","building":"yes","name":null,"levels":null,"source":"OpenStreetMap","source_url":"https://www.openstreetmap.org/copyright","licence":"ODbL 1.0","retrieved_on":"2026-09-03","vulnerability_function_id":null,"vulnerability_class":"Not assigned","osm_tags":{"building":"yes"}},"geometry":{"type":"Polygon","coordinates":[[[39.228307,38.681517],[39.228312,38.681445],[39.228422,38.68145],[39.228417,38.681522],[39.228307,38.681517]]]}},{"type":"Feature","id":"way/771023941","properties":{"osm_id":"way/771023941","osm_type":"way","building":"yes","name":null,"levels":null,"source":"OpenStreetMap","source_url":"https://www.openstreetmap.org/copyright","licence":"ODbL 1.0","retrieved_on":"2026-09-03","vulnerability_function_id":null,"vulnerability_class":"Not assigned","osm_tags":{"building":"yes"}},"geometry":{"type":"Polygon","coordinates":[[[39.22449,38.660613],[39.224679,38.660635],[39.224707,38.660487],[39.224519,38.660465],[39.22449,38.660613]]]}},{"type":"Feature","id":"way/771023942","properties":{"osm_id":"way/771023942","osm_type":"way","building":"yes","name":null,"levels":null,"source":"OpenStreetMap","source_url":"https://www.openstreetmap.org/copyright","licence":"ODbL 1.0","retrieved_on":"2026-09-03","vulnerability_function_id":null,"vulnerability_class":"Not assigned","osm_tags":{"building":"yes"}},"geometry":{"type":"Polygon","coordinates":[[[39.224818,38.660478],[39.225064,38.660487],[39.225053,38.660685],[39.224921,38.66068],[39.224924,38.660621],[39.22481,38.660618],[39.224818,38.660478]]]}},{"type":"Feature","id":"way/771024216","properties":{"osm_id":"way/771024216","osm_type":"way","building":"yes","name":null,"levels":null,"source":"OpenStreetMap","source_url":"https://www.openstreetmap.org/copyright","licence":"ODbL 1.0","retrieved_on":"2026-09-03","vulnerability_function_id":null,"vulnerability_class":"Not assigned","osm_tags":{"building":"yes"}},"geometry":{"type":"Polygon","coordinates":[[[39.226349,38.660313],[39.226475,38.660335],[39.226518,38.660191],[39.226393,38.660168],[39.226349,38.660313]]]}},{"type":"Feature","id":"way/771024217","properties":{"osm_id":"way/771024217","osm_type":"way","building":"yes","name":null,"levels":null,"source":"OpenStreetMap","source_url":"https://www.openstreetmap.org/copyright","licence":"ODbL 1.0","retrieved_on":"2026-09-03","vulnerability_function_id":null,"vulnerability_class":"Not assigned","osm_tags":{"building":"yes"}},"geometry":{"type":"Polygon","coordinates":[[[39.226273,38.660575],[39.226501,38.660587],[39.226488,38.660743],[39.226259,38.660731],[39.226273,38.660575]]]}},{"type":"Feature","id":"way/771024218","properties":{"osm_id":"way/771024218","osm_type":"way","building":"yes","name":null,"levels":null,"source":"OpenStreetMap","source_url":"https://www.openstreetmap.org/copyright","licence":"ODbL 1.0","retrieved_on":"2026-09-03","vulnerability_function_id":null,"vulnerability_class":"Not assigned","osm_tags":{"building":"yes"}},"geometry":{"type":"Polygon","coordinates":[[[39.226316,38.660531],[39.226535,38.660557],[39.226571,38.660375],[39.226352,38.660348],[39.226316,38.660531]]]}},{"type":"Feature","id":"way/771024421","properties":{"osm_id":"way/771024421","osm_type":"way","building":"yes","name":null,"levels":null,"source":"OpenStreetMap","source_url":"https://www.openstreetmap.org/copyright","licence":"ODbL 1.0","retrieved_on":"2026-09-03","vulnerability_function_id":null,"vulnerability_class":"Not assigned","osm_tags":{"building":"yes"}},"geometry":{"type":"Polygon","coordinates":[[[39.226565,38.659937],[39.226708,38.659952],[39.226694,38.660039],[39.22655,38.660024],[39.226565,38.659937]]]}},{"type":"Feature","id":"way/771024422","properties":{"osm_id":"way/771024422","osm_type":"way","building":"yes","name":null,"levels":null,"source":"OpenStreetMap","source_url":"https://www.openstreetmap.org/copyright","licence":"ODbL 1.0","retrieved_on":"2026-09-03","vulnerability_function_id":null,"vulnerability_class":"Not assigned","osm_tags":{"building":"yes"}},"geometry":{"type":"Polygon","coordinates":[[[39.226899,38.659933],[39.227185,38.659961],[39.227168,38.660072],[39.226881,38.660044],[39.226899,38.659933]]]}},{"type":"Feature","id":"way/771024423","properties":{"osm_id":"way/771024423","osm_type":"way","building":"yes","name":null,"levels":null,"source":"OpenStreetMap","source_url":"https://www.openstreetmap.org/copyright","licence":"ODbL 1.0","retrieved_on":"2026-09-03","vulnerability_function_id":null,"vulnerability_class":"Not assigned","osm_tags":{"building":"yes"}},"geometry":{"type":"Polygon","coordinates":[[[39.227353,38.659883],[39.227471,38.659893],[39.227447,38.660081],[39.227329,38.660072],[39.227353,38.659883]]]}},{"type":"Feature","id":"way/771024425","properties":{"osm_id":"way/771024425","osm_type":"way","building":"yes","name":null,"levels":null,"source":"OpenStreetMap","source_url":"https://www.openstreetmap.org/copyright","licence":"ODbL 1.0","retrieved_on":"2026-09-03","vulnerability_function_id":null,"vulnerability_class":"Not assigned","osm_tags":{"building":"yes"}},"geometry":{"type":"Polygon","coordinates":[[[39.226676,38.660561],[39.226925,38.660566],[39.226921,38.660718],[39.226671,38.660713],[39.226676,38.660561]]]}},{"type":"Feature","id":"way/771024426","properties":{"osm_id":"way/771024426","osm_type":"way","building":"yes","name":null,"levels":null,"source":"OpenStreetMap","source_url":"https://www.openstreetmap.org/copyright","licence":"ODbL 1.0","retrieved_on":"2026-09-03","vulnerability_function_id":null,"vulnerability_class":"Not assigned","osm_tags":{"building":"yes"}},"geometry":{"type":"Polygon","coordinates":[[[39.227048,38.660533],[39.227279,38.66053],[39.227283,38.660676],[39.227052,38.66068],[39.227048,38.660533]]]}},{"type":"Feature","id":"way/771024428","properties":{"osm_id":"way/771024428","osm_type":"way","building":"yes","name":null,"levels":null,"source":"OpenStreetMap","source_url":"https://www.openstreetmap.org/copyright","licence":"ODbL 1.0","retrieved_on":"2026-09-03","vulnerability_function_id":null,"vulnerability_class":"Not assigned","osm_tags":{"building":"yes"}},"geometry":{"type":"Polygon","coordinates":[[[39.227919,38.660003],[39.228142,38.660085],[39.228226,38.659946],[39.228002,38.659864],[39.227919,38.660003]]]}},{"type":"Feature","id":"way/771024429","properties":{"osm_id":"way/771024429","osm_type":"way","building":"yes","name":null,"levels":null,"source":"OpenStreetMap","source_url":"https://www.openstreetmap.org/copyright","licence":"ODbL 1.0","retrieved_on":"2026-09-03","vulnerability_function_id":null,"vulnerability_class":"Not assigned","osm_tags":{"building":"yes"}},"geometry":{"type":"Polygon","coordinates":[[[39.228244,38.660103],[39.228541,38.660123],[39.22856,38.659948],[39.228263,38.659928],[39.228244,38.660103]]]}},{"type":"Feature","id":"way/771024730","properties":{"osm_id":"way/771024730","osm_type":"way","building":"yes","name":null,"levels":null,"source":"OpenStreetMap","source_url":"https://www.openstreetmap.org/copyright","licence":"ODbL 1.0","retrieved_on":"2026-09-03","vulnerability_function_id":null,"vulnerability_class":"Not assigned","osm_tags":{"building":"yes"}},"geometry":{"type":"Polygon","coordinates":[[[39.227562,38.660431],[39.227601,38.660321],[39.227759,38.660354],[39.227698,38.660435],[39.227562,38.660431]]]}},{"type":"Feature","id":"way/771024731","properties":{"osm_id":"way/771024731","osm_type":"way","building":"yes","name":null,"levels":null,"source":"OpenStreetMap","source_url":"https://www.openstreetmap.org/copyright","licence":"ODbL 1.0","retrieved_on":"2026-09-03","vulnerability_function_id":null,"vulnerability_class":"Not assigned","osm_tags":{"building":"yes"}},"geometry":{"type":"Polygon","coordinates":[[[39.227531,38.660531],[39.227639,38.660537],[39.227627,38.660667],[39.227519,38.660661],[39.227531,38.660531]]]}},{"type":"Feature","id":"way/771024732","properties":{"osm_id":"way/771024732","osm_type":"way","building":"yes","name":null,"levels":null,"source":"OpenStreetMap","source_url":"https://www.openstreetmap.org/copyright","licence":"ODbL 1.0","retrieved_on":"2026-09-03","vulnerability_function_id":null,"vulnerability_class":"Not assigned","osm_tags":{"building":"yes"}},"geometry":{"type":"Polygon","coordinates":[[[39.227782,38.660435],[39.227885,38.660431],[39.22793,38.660294],[39.227835,38.660275],[39.227782,38.660435]]]}},{"type":"Feature","id":"way/771024733","properties":{"osm_id":"way/771024733","osm_type":"way","building":"yes","name":null,"levels":null,"source":"OpenStreetMap","source_url":"https://www.openstreetmap.org/copyright","licence":"ODbL 1.0","retrieved_on":"2026-09-03","vulnerability_function_id":null,"vulnerability_class":"Not assigned","osm_tags":{"building":"yes"}},"geometry":{"type":"Polygon","coordinates":[[[39.227728,38.660529],[39.227857,38.660526],[39.227862,38.660667],[39.227732,38.660669],[39.227728,38.660529]]]}},{"type":"Feature","id":"way/771024734","properties":{"osm_id":"way/771024734","osm_type":"way","building":"yes","name":null,"levels":null,"source":"OpenStreetMap","source_url":"https://www.openstreetmap.org/copyright","licence":"ODbL 1.0","retrieved_on":"2026-09-03","vulnerability_function_id":null,"vulnerability_class":"Not assigned","osm_tags":{"building":"yes"}},"geometry":{"type":"Polygon","coordinates":[[[39.22836,38.660536],[39.228505,38.660521],[39.228528,38.660659],[39.228383,38.660674],[39.22836,38.660536]]]}},{"type":"Feature","id":"way/771024735","properties":{"osm_id":"way/771024735","osm_type":"way","building":"yes","name":null,"levels":null,"source":"OpenStreetMap","source_url":"https://www.openstreetmap.org/copyright","licence":"ODbL 1.0","retrieved_on":"2026-09-03","vulnerability_function_id":null,"vulnerability_class":"Not assigned","osm_tags":{"building":"yes","layer":"-1"}},"geometry":{"type":"Polygon","coordinates":[[[39.228232,38.660564],[39.228321,38.660554],[39.228343,38.660685],[39.228254,38.660694],[39.228232,38.660564]]]}},{"type":"Feature","id":"way/771024736","properties":{"osm_id":"way/771024736","osm_type":"way","building":"yes","name":null,"levels":null,"source":"OpenStreetMap","source_url":"https://www.openstreetmap.org/copyright","licence":"ODbL 1.0","retrieved_on":"2026-09-03","vulnerability_function_id":null,"vulnerability_class":"Not assigned","osm_tags":{"building":"yes"}},"geometry":{"type":"Polygon","coordinates":[[[39.227992,38.660582],[39.228172,38.66056],[39.228196,38.660682],[39.228016,38.660704],[39.227992,38.660582]]]}},{"type":"Feature","id":"way/771511235","properties":{"osm_id":"way/771511235","osm_type":"way","building":"yes","name":null,"levels":null,"source":"OpenStreetMap","source_url":"https://www.openstreetmap.org/copyright","licence":"ODbL 1.0","retrieved_on":"2026-09-03","vulnerability_function_id":null,"vulnerability_class":"Not assigned","osm_tags":{"building":"yes"}},"geometry":{"type":"Polygon","coordinates":[[[39.200128,38.666209],[39.200247,38.666184],[39.200297,38.666327],[39.200164,38.666352],[39.200128,38.666209]]]}},{"type":"Feature","id":"way/771511236","properties":{"osm_id":"way/771511236","osm_type":"way","building":"yes","name":null,"levels":null,"source":"OpenStreetMap","source_url":"https://www.openstreetmap.org/copyright","licence":"ODbL 1.0","retrieved_on":"2026-09-03","vulnerability_function_id":null,"vulnerability_class":"Not assigned","osm_tags":{"building":"yes"}},"geometry":{"type":"Polygon","coordinates":[[[39.200171,38.666124],[39.200357,38.666081],[39.200296,38.665919],[39.20011,38.665962],[39.200171,38.666124]]]}},{"type":"Feature","id":"way/771511237","properties":{"osm_id":"way/771511237","osm_type":"way","building":"yes","name":null,"levels":null,"source":"OpenStreetMap","source_url":"https://www.openstreetmap.org/copyright","licence":"ODbL 1.0","retrieved_on":"2026-09-03","vulnerability_function_id":null,"vulnerability_class":"Not assigned","osm_tags":{"building":"yes"}},"geometry":{"type":"Polygon","coordinates":[[[39.200258,38.666178],[39.200448,38.666133],[39.200505,38.666279],[39.200315,38.666324],[39.200258,38.666178]]]}},{"type":"Feature","id":"way/771511238","properties":{"osm_id":"way/771511238","osm_type":"way","building":"yes","name":null,"levels":null,"source":"OpenStreetMap","source_url":"https://www.openstreetmap.org/copyright","licence":"ODbL 1.0","retrieved_on":"2026-09-03","vulnerability_function_id":null,"vulnerability_class":"Not assigned","osm_tags":{"building":"yes"}},"geometry":{"type":"Polygon","coordinates":[[[39.200504,38.66613],[39.200725,38.666072],[39.200786,38.666213],[39.200565,38.666271],[39.200504,38.66613]]]}},{"type":"Feature","id":"way/771511239","properties":{"osm_id":"way/771511239","osm_type":"way","building":"yes","name":null,"levels":null,"source":"OpenStreetMap","source_url":"https://www.openstreetmap.org/copyright","licence":"ODbL 1.0","retrieved_on":"2026-09-03","vulnerability_function_id":null,"vulnerability_class":"Not assigned","osm_tags":{"building":"yes"}},"geometry":{"type":"Polygon","coordinates":[[[39.200337,38.665923],[39.200454,38.66589],[39.200512,38.666017],[39.200395,38.66605],[39.200337,38.665923]]]}},{"type":"Feature","id":"way/771511240","properties":{"osm_id":"way/771511240","osm_type":"way","building":"yes","name":null,"levels":null,"source":"OpenStreetMap","source_url":"https://www.openstreetmap.org/copyright","licence":"ODbL 1.0","retrieved_on":"2026-09-03","vulnerability_function_id":null,"vulnerability_class":"Not assigned","osm_tags":{"building":"yes"}},"geometry":{"type":"Polygon","coordinates":[[[39.200561,38.665869],[39.200474,38.665892],[39.200537,38.666038],[39.200624,38.666016],[39.200561,38.665869]]]}},{"type":"Feature","id":"way/771511241","properties":{"osm_id":"way/771511241","osm_type":"way","building":"yes","name":null,"levels":null,"source":"OpenStreetMap","source_url":"https://www.openstreetmap.org/copyright","licence":"ODbL 1.0","retrieved_on":"2026-09-03","vulnerability_function_id":null,"vulnerability_class":"Not assigned","osm_tags":{"building":"yes"}},"geometry":{"type":"Polygon","coordinates":[[[39.200803,38.666213],[39.200743,38.666065],[39.200935,38.666018],[39.200995,38.666166],[39.200803,38.666213]]]}},{"type":"Feature","id":"way/771511242","properties":{"osm_id":"way/771511242","osm_type":"way","building":"yes","name":null,"levels":null,"source":"OpenStreetMap","source_url":"https://www.openstreetmap.org/copyright","licence":"ODbL 1.0","retrieved_on":"2026-09-03","vulnerability_function_id":null,"vulnerability_class":"Not assigned","osm_tags":{"building":"yes"}},"geometry":{"type":"Polygon","coordinates":[[[39.200976,38.666021],[39.201189,38.665964],[39.201252,38.666105],[39.201038,38.666162],[39.200976,38.666021]]]}},{"type":"Feature","id":"way/771511243","properties":{"osm_id":"way/771511243","osm_type":"way","building":"yes","name":null,"levels":null,"source":"OpenStreetMap","source_url":"https://www.openstreetmap.org/copyright","licence":"ODbL 1.0","retrieved_on":"2026-09-03","vulnerability_function_id":null,"vulnerability_class":"Not assigned","osm_tags":{"building":"yes"}},"geometry":{"type":"Polygon","coordinates":[[[39.200613,38.665858],[39.200795,38.665808],[39.200865,38.665964],[39.200683,38.666014],[39.200613,38.665858]]]}},{"type":"Feature","id":"way/771511244","properties":{"osm_id":"way/771511244","osm_type":"way","building":"yes","name":null,"levels":null,"source":"OpenStreetMap","source_url":"https://www.openstreetmap.org/copyright","licence":"ODbL 1.0","retrieved_on":"2026-09-03","vulnerability_function_id":null,"vulnerability_class":"Not assigned","osm_tags":{"building":"yes"}},"geometry":{"type":"Polygon","coordinates":[[[39.200816,38.665804],[39.201022,38.665743],[39.201098,38.665901],[39.200891,38.665961],[39.200816,38.665804]]]}},{"type":"Feature","id":"way/771511245","properties":{"osm_id":"way/771511245","osm_type":"way","building":"yes","name":null,"levels":null,"source":"OpenStreetMap","source_url":"https://www.openstreetmap.org/copyright","licence":"ODbL 1.0","retrieved_on":"2026-09-03","vulnerability_function_id":null,"vulnerability_class":"Not assigned","osm_tags":{"building":"yes"}},"geometry":{"type":"Polygon","coordinates":[[[39.201742,38.665823],[39.201867,38.66577],[39.201971,38.66592],[39.201846,38.665973],[39.201742,38.665823]]]}},{"type":"Feature","id":"way/771511246","properties":{"osm_id":"way/771511246","osm_type":"way","building":"yes","name":null,"levels":null,"source":"OpenStreetMap","source_url":"https://www.openstreetmap.org/copyright","licence":"ODbL 1.0","retrieved_on":"2026-09-03","vulnerability_function_id":null,"vulnerability_class":"Not assigned","osm_tags":{"building":"yes"}},"geometry":{"type":"Polygon","coordinates":[[[39.201597,38.665866],[39.201724,38.66583],[39.201819,38.665947],[39.201826,38.665974],[39.201684,38.666009],[39.201597,38.665866]]]}},{"type":"Feature","id":"way/771511247","properties":{"osm_id":"way/771511247","osm_type":"way","building":"yes","name":null,"levels":null,"source":"OpenStreetMap","source_url":"https://www.openstreetmap.org/copyright","licence":"ODbL 1.0","retrieved_on":"2026-09-03","vulnerability_function_id":null,"vulnerability_class":"Not assigned","osm_tags":{"building":"yes"}},"geometry":{"type":"Polygon","coordinates":[[[39.201452,38.666066],[39.201635,38.666017],[39.201549,38.665823],[39.201366,38.665872],[39.201452,38.666066]]]}},{"type":"Feature","id":"way/771511248","properties":{"osm_id":"way/771511248","osm_type":"way","building":"yes","name":null,"levels":null,"source":"OpenStreetMap","source_url":"https://www.openstreetmap.org/copyright","licence":"ODbL 1.0","retrieved_on":"2026-09-03","vulnerability_function_id":null,"vulnerability_class":"Not assigned","osm_tags":{"building":"yes"}},"geometry":{"type":"Polygon","coordinates":[[[39.201245,38.665766],[39.201432,38.665717],[39.201473,38.665813],[39.201286,38.665861],[39.201245,38.665766]]]}},{"type":"Feature","id":"way/771511249","properties":{"osm_id":"way/771511249","osm_type":"way","building":"yes","name":null,"levels":null,"source":"OpenStreetMap","source_url":"https://www.openstreetmap.org/copyright","licence":"ODbL 1.0","retrieved_on":"2026-09-03","vulnerability_function_id":null,"vulnerability_class":"Not assigned","osm_tags":{"building":"yes"}},"geometry":{"type":"Polygon","coordinates":[[[39.201425,38.665626],[39.201551,38.665588],[39.201619,38.665727],[39.201493,38.665765],[39.201425,38.665626]]]}},{"type":"Feature","id":"way/771511250","properties":{"osm_id":"way/771511250","osm_type":"way","building":"yes","name":null,"levels":null,"source":"OpenStreetMap","source_url":"https://www.openstreetmap.org/copyright","licence":"ODbL 1.0","retrieved_on":"2026-09-03","vulnerability_function_id":null,"vulnerability_class":"Not assigned","osm_tags":{"building":"yes"}},"geometry":{"type":"Polygon","coordinates":[[[39.202263,38.665873],[39.20221,38.665754],[39.202384,38.665707],[39.202437,38.665826],[39.202263,38.665873]]]}},{"type":"Feature","id":"way/771511251","properties":{"osm_id":"way/771511251","osm_type":"way","building":"yes","name":null,"levels":null,"source":"OpenStreetMap","source_url":"https://www.openstreetmap.org/copyright","licence":"ODbL 1.0","retrieved_on":"2026-09-03","vulnerability_function_id":null,"vulnerability_class":"Not assigned","osm_tags":{"building":"yes"}},"geometry":{"type":"Polygon","coordinates":[[[39.202464,38.665708],[39.202612,38.665659],[39.202678,38.66578],[39.20253,38.665829],[39.202464,38.665708]]]}},{"type":"Feature","id":"way/771511252","properties":{"osm_id":"way/771511252","osm_type":"way","building":"yes","name":null,"levels":null,"source":"OpenStreetMap","source_url":"https://www.openstreetmap.org/copyright","licence":"ODbL 1.0","retrieved_on":"2026-09-03","vulnerability_function_id":null,"vulnerability_class":"Not assigned","osm_tags":{"building":"yes"}},"geometry":{"type":"Polygon","coordinates":[[[39.20229,38.665658],[39.202243,38.665595],[39.202471,38.665489],[39.202519,38.665552],[39.20229,38.665658]]]}},{"type":"Feature","id":"way/771511253","properties":{"osm_id":"way/771511253","osm_type":"way","building":"yes","name":null,"levels":null,"source":"OpenStreetMap","source_url":"https://www.openstreetmap.org/copyright","licence":"ODbL 1.0","retrieved_on":"2026-09-03","vulnerability_function_id":null,"vulnerability_class":"Not assigned","osm_tags":{"building":"yes"}},"geometry":{"type":"Polygon","coordinates":[[[39.202889,38.665421],[39.202812,38.665331],[39.202932,38.665268],[39.20301,38.665358],[39.202889,38.665421]]]}},{"type":"Feature","id":"way/771511254","properties":{"osm_id":"way/771511254","osm_type":"way","building":"yes","name":null,"levels":null,"source":"OpenStreetMap","source_url":"https://www.openstreetmap.org/copyright","licence":"ODbL 1.0","retrieved_on":"2026-09-03","vulnerability_function_id":null,"vulnerability_class":"Not assigned","osm_tags":{"building":"yes"}},"geometry":{"type":"Polygon","coordinates":[[[39.203225,38.66535],[39.203306,38.665238],[39.203436,38.665295],[39.203355,38.665407],[39.203225,38.66535]]]}},{"type":"Feature","id":"way/771511920","properties":{"osm_id":"way/771511920","osm_type":"way","building":"yes","name":null,"levels":null,"source":"OpenStreetMap","source_url":"https://www.openstreetmap.org/copyright","licence":"ODbL 1.0","retrieved_on":"2026-09-03","vulnerability_function_id":null,"vulnerability_class":"Not assigned","osm_tags":{"building":"yes"}},"geometry":{"type":"Polygon","coordinates":[[[39.180852,38.664384],[39.180976,38.66454],[39.181348,38.664358],[39.181223,38.664203],[39.180852,38.664384]]]}},{"type":"Feature","id":"way/771511921","properties":{"osm_id":"way/771511921","osm_type":"way","building":"yes","name":null,"levels":null,"source":"OpenStreetMap","source_url":"https://www.openstreetmap.org/copyright","licence":"ODbL 1.0","retrieved_on":"2026-09-03","vulnerability_function_id":null,"vulnerability_class":"Not assigned","osm_tags":{"building":"yes"}},"geometry":{"type":"Polygon","coordinates":[[[39.181399,38.664313],[39.181783,38.664131],[39.181654,38.663965],[39.18127,38.664147],[39.181399,38.664313]]]}},{"type":"Feature","id":"way/771511922","properties":{"osm_id":"way/771511922","osm_type":"way","building":"yes","name":null,"levels":null,"source":"OpenStreetMap","source_url":"https://www.openstreetmap.org/copyright","licence":"ODbL 1.0","retrieved_on":"2026-09-03","vulnerability_function_id":null,"vulnerability_class":"Not assigned","osm_tags":{"building":"yes"}},"geometry":{"type":"Polygon","coordinates":[[[39.181786,38.664085],[39.182189,38.663942],[39.182092,38.663774],[39.181688,38.663916],[39.181786,38.664085]]]}},{"type":"Feature","id":"way/771511923","properties":{"osm_id":"way/771511923","osm_type":"way","building":"yes","name":null,"levels":null,"source":"OpenStreetMap","source_url":"https://www.openstreetmap.org/copyright","licence":"ODbL 1.0","retrieved_on":"2026-09-03","vulnerability_function_id":null,"vulnerability_class":"Not assigned","osm_tags":{"building":"yes"}},"geometry":{"type":"Polygon","coordinates":[[[39.181376,38.664695],[39.181764,38.66456],[39.18168,38.664414],[39.181244,38.664566],[39.181376,38.664695]]]}},{"type":"Feature","id":"way/771511924","properties":{"osm_id":"way/771511924","osm_type":"way","building":"yes","name":null,"levels":null,"source":"OpenStreetMap","source_url":"https://www.openstreetmap.org/copyright","licence":"ODbL 1.0","retrieved_on":"2026-09-03","vulnerability_function_id":null,"vulnerability_class":"Not assigned","osm_tags":{"building":"yes"}},"geometry":{"type":"Polygon","coordinates":[[[39.181736,38.664372],[39.182138,38.664228],[39.182225,38.664376],[39.181823,38.66452],[39.181736,38.664372]]]}},{"type":"Feature","id":"way/771511925","properties":{"osm_id":"way/771511925","osm_type":"way","building":"yes","name":null,"levels":null,"source":"OpenStreetMap","source_url":"https://www.openstreetmap.org/copyright","licence":"ODbL 1.0","retrieved_on":"2026-09-03","vulnerability_function_id":null,"vulnerability_class":"Not assigned","osm_tags":{"building":"yes"}},"geometry":{"type":"Polygon","coordinates":[[[39.182298,38.664305],[39.182686,38.66418],[39.182606,38.664029],[39.182218,38.664154],[39.182298,38.664305]]]}},{"type":"Feature","id":"way/771511926","properties":{"osm_id":"way/771511926","osm_type":"way","building":"yes","name":null,"levels":null,"source":"OpenStreetMap","source_url":"https://www.openstreetmap.org/copyright","licence":"ODbL 1.0","retrieved_on":"2026-09-03","vulnerability_function_id":null,"vulnerability_class":"Not assigned","osm_tags":{"building":"yes"}},"geometry":{"type":"Polygon","coordinates":[[[39.18284,38.664075],[39.18317,38.663942],[39.183076,38.663801],[39.1827,38.663953],[39.18284,38.664075]]]}},{"type":"Feature","id":"way/771511927","properties":{"osm_id":"way/771511927","osm_type":"way","building":"yes","name":null,"levels":null,"source":"OpenStreetMap","source_url":"https://www.openstreetmap.org/copyright","licence":"ODbL 1.0","retrieved_on":"2026-09-03","vulnerability_function_id":null,"vulnerability_class":"Not assigned","osm_tags":{"building":"yes"}},"geometry":{"type":"Polygon","coordinates":[[[39.182404,38.663593],[39.182541,38.663747],[39.182661,38.663681],[39.182524,38.663528],[39.182404,38.663593]]]}},{"type":"Feature","id":"way/771511928","properties":{"osm_id":"way/771511928","osm_type":"way","building":"yes","name":null,"levels":null,"source":"OpenStreetMap","source_url":"https://www.openstreetmap.org/copyright","licence":"ODbL 1.0","retrieved_on":"2026-09-03","vulnerability_function_id":null,"vulnerability_class":"Not assigned","osm_tags":{"building":"yes"}},"geometry":{"type":"Polygon","coordinates":[[[39.182692,38.663622],[39.183093,38.663458],[39.182913,38.66332],[39.18258,38.663456],[39.182692,38.663622]]]}},{"type":"Feature","id":"way/771511929","properties":{"osm_id":"way/771511929","osm_type":"way","building":"yes","name":null,"levels":null,"source":"OpenStreetMap","source_url":"https://www.openstreetmap.org/copyright","licence":"ODbL 1.0","retrieved_on":"2026-09-03","vulnerability_function_id":null,"vulnerability_class":"Not assigned","osm_tags":{"building":"yes"}},"geometry":{"type":"Polygon","coordinates":[[[39.183073,38.663401],[39.183391,38.663265],[39.183285,38.663114],[39.182893,38.663282],[39.183073,38.663401]]]}},{"type":"Feature","id":"way/771511930","properties":{"osm_id":"way/771511930","osm_type":"way","building":"yes","name":null,"levels":null,"source":"OpenStreetMap","source_url":"https://www.openstreetmap.org/copyright","licence":"ODbL 1.0","retrieved_on":"2026-09-03","vulnerability_function_id":null,"vulnerability_class":"Not assigned","osm_tags":{"building":"yes"}},"geometry":{"type":"Polygon","coordinates":[[[39.183416,38.663241],[39.183791,38.663107],[39.18369,38.662935],[39.183315,38.663069],[39.183416,38.663241]]]}},{"type":"Feature","id":"way/771511931","properties":{"osm_id":"way/771511931","osm_type":"way","building":"yes","name":null,"levels":null,"source":"OpenStreetMap","source_url":"https://www.openstreetmap.org/copyright","licence":"ODbL 1.0","retrieved_on":"2026-09-03","vulnerability_function_id":null,"vulnerability_class":"Not assigned","osm_tags":{"building":"yes"}},"geometry":{"type":"Polygon","coordinates":[[[39.181802,38.664839],[39.181886,38.664823],[39.18191,38.664764],[39.181854,38.664726],[39.181765,38.664751],[39.181762,38.664798],[39.181802,38.664839]]]}},{"type":"Feature","id":"way/771511932","properties":{"osm_id":"way/771511932","osm_type":"way","building":"yes","name":null,"levels":null,"source":"OpenStreetMap","source_url":"https://www.openstreetmap.org/copyright","licence":"ODbL 1.0","retrieved_on":"2026-09-03","vulnerability_function_id":null,"vulnerability_class":"Not assigned","osm_tags":{"building":"yes"}},"geometry":{"type":"Polygon","coordinates":[[[39.182004,38.665025],[39.182255,38.664942],[39.182391,38.665041],[39.182457,38.664923],[39.182351,38.664865],[39.182371,38.664713],[39.182207,38.664733],[39.182168,38.664846],[39.18193,38.664895],[39.182004,38.665025]]]}},{"type":"Feature","id":"way/771511933","properties":{"osm_id":"way/771511933","osm_type":"way","building":"yes","name":null,"levels":null,"source":"OpenStreetMap","source_url":"https://www.openstreetmap.org/copyright","licence":"ODbL 1.0","retrieved_on":"2026-09-03","vulnerability_function_id":null,"vulnerability_class":"Not assigned","osm_tags":{"building":"yes"}},"geometry":{"type":"Polygon","coordinates":[[[39.182552,38.665011],[39.182808,38.664989],[39.182848,38.66487],[39.183001,38.664822],[39.182945,38.664713],[39.182812,38.664754],[39.182672,38.664663],[39.182511,38.664701],[39.18247,38.664804],[39.18262,38.664841],[39.182552,38.665011]]]}},{"type":"Feature","id":"way/771511934","properties":{"osm_id":"way/771511934","osm_type":"way","building":"yes","name":null,"levels":null,"source":"OpenStreetMap","source_url":"https://www.openstreetmap.org/copyright","licence":"ODbL 1.0","retrieved_on":"2026-09-03","vulnerability_function_id":null,"vulnerability_class":"Not assigned","osm_tags":{"building":"yes"}},"geometry":{"type":"Polygon","coordinates":[[[39.183061,38.664942],[39.18327,38.664889],[39.183359,38.664934],[39.183454,38.664821],[39.183366,38.664776],[39.18341,38.664642],[39.183185,38.664677],[39.183207,38.664765],[39.183037,38.664792],[39.182952,38.664873],[39.183061,38.664942]]]}},{"type":"Feature","id":"way/771511935","properties":{"osm_id":"way/771511935","osm_type":"way","building":"yes","name":null,"levels":null,"source":"OpenStreetMap","source_url":"https://www.openstreetmap.org/copyright","licence":"ODbL 1.0","retrieved_on":"2026-09-03","vulnerability_function_id":null,"vulnerability_class":"Not assigned","osm_tags":{"building":"yes"}},"geometry":{"type":"Polygon","coordinates":[[[39.183085,38.664422],[39.183461,38.664289],[39.183448,38.664266],[39.183374,38.664138],[39.182998,38.664271],[39.183085,38.664422]]]}},{"type":"Feature","id":"way/771511936","properties":{"osm_id":"way/771511936","osm_type":"way","building":"yes","name":null,"levels":null,"source":"OpenStreetMap","source_url":"https://www.openstreetmap.org/copyright","licence":"ODbL 1.0","retrieved_on":"2026-09-03","vulnerability_function_id":null,"vulnerability_class":"Not assigned","osm_tags":{"building":"yes"}},"geometry":{"type":"Polygon","coordinates":[[[39.183647,38.664381],[39.183962,38.664259],[39.183865,38.664108],[39.1835,38.66425],[39.183647,38.664381]]]}},{"type":"Feature","id":"way/771511937","properties":{"osm_id":"way/771511937","osm_type":"way","building":"yes","name":null,"levels":null,"source":"OpenStreetMap","source_url":"https://www.openstreetmap.org/copyright","licence":"ODbL 1.0","retrieved_on":"2026-09-03","vulnerability_function_id":null,"vulnerability_class":"Not assigned","osm_tags":{"building":"yes"}},"geometry":{"type":"Polygon","coordinates":[[[39.183987,38.664246],[39.184072,38.664383],[39.184456,38.664236],[39.18437,38.664099],[39.183987,38.664246]]]}},{"type":"Feature","id":"way/771511938","properties":{"osm_id":"way/771511938","osm_type":"way","building":"yes","name":null,"levels":null,"source":"OpenStreetMap","source_url":"https://www.openstreetmap.org/copyright","licence":"ODbL 1.0","retrieved_on":"2026-09-03","vulnerability_function_id":null,"vulnerability_class":"Not assigned","osm_tags":{"building":"yes"}},"geometry":{"type":"Polygon","coordinates":[[[39.183861,38.664075],[39.184259,38.663931],[39.184162,38.663769],[39.183765,38.663912],[39.183861,38.664075]]]}},{"type":"Feature","id":"way/771511939","properties":{"osm_id":"way/771511939","osm_type":"way","building":"yes","name":null,"levels":null,"source":"OpenStreetMap","source_url":"https://www.openstreetmap.org/copyright","licence":"ODbL 1.0","retrieved_on":"2026-09-03","vulnerability_function_id":null,"vulnerability_class":"Not assigned","osm_tags":{"building":"yes"}},"geometry":{"type":"Polygon","coordinates":[[[39.18459,38.66435],[39.184945,38.664209],[39.184843,38.664053],[39.184488,38.664194],[39.18459,38.66435]]]}},{"type":"Feature","id":"way/771511941","properties":{"osm_id":"way/771511941","osm_type":"way","building":"yes","name":null,"levels":null,"source":"OpenStreetMap","source_url":"https://www.openstreetmap.org/copyright","licence":"ODbL 1.0","retrieved_on":"2026-09-03","vulnerability_function_id":null,"vulnerability_class":"Not assigned","osm_tags":{"building":"yes"}},"geometry":{"type":"Polygon","coordinates":[[[39.185152,38.66379],[39.185415,38.663837],[39.185552,38.663765],[39.185606,38.663575],[39.185232,38.663509],[39.185152,38.66379]]]}},{"type":"Feature","id":"way/771511942","properties":{"osm_id":"way/771511942","osm_type":"way","building":"yes","name":null,"levels":null,"source":"OpenStreetMap","source_url":"https://www.openstreetmap.org/copyright","licence":"ODbL 1.0","retrieved_on":"2026-09-03","vulnerability_function_id":null,"vulnerability_class":"Not assigned","osm_tags":{"building":"yes"}},"geometry":{"type":"Polygon","coordinates":[[[39.184667,38.663749],[39.185058,38.663593],[39.184941,38.663413],[39.18455,38.663569],[39.184667,38.663749]]]}},{"type":"Feature","id":"way/771511943","properties":{"osm_id":"way/771511943","osm_type":"way","building":"yes","name":null,"levels":null,"source":"OpenStreetMap","source_url":"https://www.openstreetmap.org/copyright","licence":"ODbL 1.0","retrieved_on":"2026-09-03","vulnerability_function_id":null,"vulnerability_class":"Not assigned","osm_tags":{"building":"yes"}},"geometry":{"type":"Polygon","coordinates":[[[39.185625,38.663353],[39.185912,38.663507],[39.186086,38.663311],[39.185798,38.663156],[39.185625,38.663353]]]}},{"type":"Feature","id":"way/771511944","properties":{"osm_id":"way/771511944","osm_type":"way","building":"yes","name":null,"levels":null,"source":"OpenStreetMap","source_url":"https://www.openstreetmap.org/copyright","licence":"ODbL 1.0","retrieved_on":"2026-09-03","vulnerability_function_id":null,"vulnerability_class":"Not assigned","osm_tags":{"building":"yes"}},"geometry":{"type":"Polygon","coordinates":[[[39.185585,38.663158],[39.185888,38.663046],[39.185745,38.662809],[39.185442,38.662921],[39.185585,38.663158]]]}},{"type":"Feature","id":"way/771511945","properties":{"osm_id":"way/771511945","osm_type":"way","building":"yes","name":null,"levels":null,"source":"OpenStreetMap","source_url":"https://www.openstreetmap.org/copyright","licence":"ODbL 1.0","retrieved_on":"2026-09-03","vulnerability_function_id":null,"vulnerability_class":"Not assigned","osm_tags":{"building":"yes"}},"geometry":{"type":"Polygon","coordinates":[[[39.186054,38.663191],[39.186371,38.66307],[39.186215,38.662821],[39.185899,38.662942],[39.186054,38.663191]]]}},{"type":"Feature","id":"way/771512766","properties":{"osm_id":"way/771512766","osm_type":"way","building":"yes","name":null,"levels":null,"source":"OpenStreetMap","source_url":"https://www.openstreetmap.org/copyright","licence":"ODbL 1.0","retrieved_on":"2026-09-03","vulnerability_function_id":null,"vulnerability_class":"Not assigned","osm_tags":{"building":"yes"}},"geometry":{"type":"Polygon","coordinates":[[[39.203593,38.665549],[39.203677,38.665446],[39.20382,38.665516],[39.203736,38.66562],[39.203593,38.665549]]]}},{"type":"Feature","id":"way/771512767","properties":{"osm_id":"way/771512767","osm_type":"way","building":"yes","name":null,"levels":null,"source":"OpenStreetMap","source_url":"https://www.openstreetmap.org/copyright","licence":"ODbL 1.0","retrieved_on":"2026-09-03","vulnerability_function_id":null,"vulnerability_class":"Not assigned","osm_tags":{"building":"yes"}},"geometry":{"type":"Polygon","coordinates":[[[39.203336,38.665438],[39.203404,38.665368],[39.203499,38.665391],[39.203411,38.665482],[39.203336,38.665438]]]}},{"type":"Feature","id":"way/771512768","properties":{"osm_id":"way/771512768","osm_type":"way","building":"yes","name":null,"levels":null,"source":"OpenStreetMap","source_url":"https://www.openstreetmap.org/copyright","licence":"ODbL 1.0","retrieved_on":"2026-09-03","vulnerability_function_id":null,"vulnerability_class":"Not assigned","osm_tags":{"building":"yes"}},"geometry":{"type":"Polygon","coordinates":[[[39.204757,38.665569],[39.204805,38.665434],[39.205157,38.66551],[39.20511,38.665645],[39.204757,38.665569]]]}},{"type":"Feature","id":"way/771512769","properties":{"osm_id":"way/771512769","osm_type":"way","building":"yes","name":null,"levels":null,"source":"OpenStreetMap","source_url":"https://www.openstreetmap.org/copyright","licence":"ODbL 1.0","retrieved_on":"2026-09-03","vulnerability_function_id":null,"vulnerability_class":"Not assigned","osm_tags":{"building":"yes"}},"geometry":{"type":"Polygon","coordinates":[[[39.205172,38.665628],[39.2052,38.665512],[39.205519,38.665559],[39.205491,38.665675],[39.205172,38.665628]]]}},{"type":"Feature","id":"way/771512770","properties":{"osm_id":"way/771512770","osm_type":"way","building":"yes","name":null,"levels":null,"source":"OpenStreetMap","source_url":"https://www.openstreetmap.org/copyright","licence":"ODbL 1.0","retrieved_on":"2026-09-03","vulnerability_function_id":null,"vulnerability_class":"Not assigned","osm_tags":{"building":"yes"}},"geometry":{"type":"Polygon","coordinates":[[[39.204483,38.665311],[39.204639,38.665347],[39.204709,38.665163],[39.204553,38.665127],[39.204483,38.665311]]]}},{"type":"Feature","id":"way/771512771","properties":{"osm_id":"way/771512771","osm_type":"way","building":"yes","name":null,"levels":null,"source":"OpenStreetMap","source_url":"https://www.openstreetmap.org/copyright","licence":"ODbL 1.0","retrieved_on":"2026-09-03","vulnerability_function_id":null,"vulnerability_class":"Not assigned","osm_tags":{"building":"yes"}},"geometry":{"type":"Polygon","coordinates":[[[39.204705,38.665342],[39.204771,38.665189],[39.205033,38.665257],[39.204988,38.665363],[39.204873,38.665333],[39.20483,38.665375],[39.204705,38.665342]]]}},{"type":"Feature","id":"way/771512772","properties":{"osm_id":"way/771512772","osm_type":"way","building":"yes","name":null,"levels":null,"source":"OpenStreetMap","source_url":"https://www.openstreetmap.org/copyright","licence":"ODbL 1.0","retrieved_on":"2026-09-03","vulnerability_function_id":null,"vulnerability_class":"Not assigned","osm_tags":{"building":"yes"}},"geometry":{"type":"Polygon","coordinates":[[[39.205099,38.665423],[39.205135,38.665287],[39.205329,38.665319],[39.205292,38.665454],[39.205099,38.665423]]]}},{"type":"Feature","id":"way/771512773","properties":{"osm_id":"way/771512773","osm_type":"way","building":"yes","name":null,"levels":null,"source":"OpenStreetMap","source_url":"https://www.openstreetmap.org/copyright","licence":"ODbL 1.0","retrieved_on":"2026-09-03","vulnerability_function_id":null,"vulnerability_class":"Not assigned","osm_tags":{"building":"yes"}},"geometry":{"type":"Polygon","coordinates":[[[39.205337,38.665462],[39.205363,38.665335],[39.205586,38.665362],[39.20556,38.665489],[39.205337,38.665462]]]}},{"type":"Feature","id":"way/771512774","properties":{"osm_id":"way/771512774","osm_type":"way","building":"yes","name":null,"levels":null,"source":"OpenStreetMap","source_url":"https://www.openstreetmap.org/copyright","licence":"ODbL 1.0","retrieved_on":"2026-09-03","vulnerability_function_id":null,"vulnerability_class":"Not assigned","osm_tags":{"building":"yes"}},"geometry":{"type":"Polygon","coordinates":[[[39.205678,38.665691],[39.205704,38.665562],[39.205838,38.665578],[39.205812,38.665708],[39.205678,38.665691]]]}},{"type":"Feature","id":"way/771512775","properties":{"osm_id":"way/771512775","osm_type":"way","building":"yes","name":null,"levels":null,"source":"OpenStreetMap","source_url":"https://www.openstreetmap.org/copyright","licence":"ODbL 1.0","retrieved_on":"2026-09-03","vulnerability_function_id":null,"vulnerability_class":"Not assigned","osm_tags":{"building":"yes"}},"geometry":{"type":"Polygon","coordinates":[[[39.205692,38.665499],[39.20571,38.665396],[39.205837,38.66541],[39.205819,38.665513],[39.205692,38.665499]]]}},{"type":"Feature","id":"way/771512776","properties":{"osm_id":"way/771512776","osm_type":"way","building":"yes","name":null,"levels":null,"source":"OpenStreetMap","source_url":"https://www.openstreetmap.org/copyright","licence":"ODbL 1.0","retrieved_on":"2026-09-03","vulnerability_function_id":null,"vulnerability_class":"Not assigned","osm_tags":{"building":"yes"}},"geometry":{"type":"Polygon","coordinates":[[[39.20583,38.665697],[39.205855,38.665577],[39.205948,38.665589],[39.205922,38.665709],[39.20583,38.665697]]]}},{"type":"Feature","id":"way/771512777","properties":{"osm_id":"way/771512777","osm_type":"way","building":"yes","name":null,"levels":null,"source":"OpenStreetMap","source_url":"https://www.openstreetmap.org/copyright","licence":"ODbL 1.0","retrieved_on":"2026-09-03","vulnerability_function_id":null,"vulnerability_class":"Not assigned","osm_tags":{"building":"yes"}},"geometry":{"type":"Polygon","coordinates":[[[39.205944,38.665728],[39.20597,38.665608],[39.206076,38.665622],[39.20605,38.665742],[39.205944,38.665728]]]}},{"type":"Feature","id":"way/771512778","properties":{"osm_id":"way/771512778","osm_type":"way","building":"yes","name":null,"levels":null,"source":"OpenStreetMap","source_url":"https://www.openstreetmap.org/copyright","licence":"ODbL 1.0","retrieved_on":"2026-09-03","vulnerability_function_id":null,"vulnerability_class":"Not assigned","osm_tags":{"building":"yes"}},"geometry":{"type":"Polygon","coordinates":[[[39.205846,38.665509],[39.205868,38.665398],[39.205981,38.665412],[39.205959,38.665522],[39.205846,38.665509]]]}},{"type":"Feature","id":"way/771512779","properties":{"osm_id":"way/771512779","osm_type":"way","building":"yes","name":null,"levels":null,"source":"OpenStreetMap","source_url":"https://www.openstreetmap.org/copyright","licence":"ODbL 1.0","retrieved_on":"2026-09-03","vulnerability_function_id":null,"vulnerability_class":"Not assigned","osm_tags":{"building":"yes"}},"geometry":{"type":"Polygon","coordinates":[[[39.206094,38.665744],[39.206117,38.665619],[39.20621,38.665629],[39.206186,38.665754],[39.206094,38.665744]]]}},{"type":"Feature","id":"way/771512780","properties":{"osm_id":"way/771512780","osm_type":"way","building":"yes","name":null,"levels":null,"source":"OpenStreetMap","source_url":"https://www.openstreetmap.org/copyright","licence":"ODbL 1.0","retrieved_on":"2026-09-03","vulnerability_function_id":null,"vulnerability_class":"Not assigned","osm_tags":{"building":"yes"}},"geometry":{"type":"Polygon","coordinates":[[[39.205987,38.665527],[39.206007,38.665408],[39.206246,38.665433],[39.206226,38.665552],[39.205987,38.665527]]]}},{"type":"Feature","id":"way/771512781","properties":{"osm_id":"way/771512781","osm_type":"way","building":"yes","name":null,"levels":null,"source":"OpenStreetMap","source_url":"https://www.openstreetmap.org/copyright","licence":"ODbL 1.0","retrieved_on":"2026-09-03","vulnerability_function_id":null,"vulnerability_class":"Not assigned","osm_tags":{"building":"yes"}},"geometry":{"type":"Polygon","coordinates":[[[39.206216,38.66574],[39.206235,38.665628],[39.20646,38.665651],[39.206441,38.665764],[39.206216,38.66574]]]}},{"type":"Feature","id":"way/771512782","properties":{"osm_id":"way/771512782","osm_type":"way","building":"yes","name":null,"levels":null,"source":"OpenStreetMap","source_url":"https://www.openstreetmap.org/copyright","licence":"ODbL 1.0","retrieved_on":"2026-09-03","vulnerability_function_id":null,"vulnerability_class":"Not assigned","osm_tags":{"building":"yes"}},"geometry":{"type":"Polygon","coordinates":[[[39.206249,38.665566],[39.20626,38.665451],[39.2065,38.665466],[39.206488,38.665581],[39.206249,38.665566]]]}},{"type":"Feature","id":"way/771512783","properties":{"osm_id":"way/771512783","osm_type":"way","building":"yes","name":null,"levels":null,"source":"OpenStreetMap","source_url":"https://www.openstreetmap.org/copyright","licence":"ODbL 1.0","retrieved_on":"2026-09-03","vulnerability_function_id":null,"vulnerability_class":"Not assigned","osm_tags":{"building":"yes"}},"geometry":{"type":"Polygon","coordinates":[[[39.206475,38.665767],[39.206492,38.665643],[39.206608,38.665653],[39.20659,38.665777],[39.206475,38.665767]]]}},{"type":"Feature","id":"way/771512784","properties":{"osm_id":"way/771512784","osm_type":"way","building":"yes","name":null,"levels":null,"source":"OpenStreetMap","source_url":"https://www.openstreetmap.org/copyright","licence":"ODbL 1.0","retrieved_on":"2026-09-03","vulnerability_function_id":null,"vulnerability_class":"Not assigned","osm_tags":{"building":"yes"}},"geometry":{"type":"Polygon","coordinates":[[[39.206494,38.665606],[39.206514,38.665457],[39.206601,38.665464],[39.206595,38.665509],[39.206629,38.665512],[39.206624,38.665554],[39.206579,38.665551],[39.206571,38.665612],[39.206494,38.665606]]]}},{"type":"Feature","id":"way/771512785","properties":{"osm_id":"way/771512785","osm_type":"way","building":"yes","name":null,"levels":null,"source":"OpenStreetMap","source_url":"https://www.openstreetmap.org/copyright","licence":"ODbL 1.0","retrieved_on":"2026-09-03","vulnerability_function_id":null,"vulnerability_class":"Not assigned","osm_tags":{"building":"yes"}},"geometry":{"type":"Polygon","coordinates":[[[39.206334,38.665247],[39.206351,38.665133],[39.206623,38.665157],[39.206606,38.665271],[39.206334,38.665247]]]}},{"type":"Feature","id":"way/771512786","properties":{"osm_id":"way/771512786","osm_type":"way","building":"yes","name":null,"levels":null,"source":"OpenStreetMap","source_url":"https://www.openstreetmap.org/copyright","licence":"ODbL 1.0","retrieved_on":"2026-09-03","vulnerability_function_id":null,"vulnerability_class":"Not assigned","osm_tags":{"building":"yes"}},"geometry":{"type":"Polygon","coordinates":[[[39.206348,38.664916],[39.206362,38.664822],[39.206692,38.66485],[39.206679,38.664944],[39.206348,38.664916]]]}},{"type":"Feature","id":"way/771512787","properties":{"osm_id":"way/771512787","osm_type":"way","building":"yes","name":null,"levels":null,"source":"OpenStreetMap","source_url":"https://www.openstreetmap.org/copyright","licence":"ODbL 1.0","retrieved_on":"2026-09-03","vulnerability_function_id":null,"vulnerability_class":"Not assigned","osm_tags":{"building":"yes"}},"geometry":{"type":"Polygon","coordinates":[[[39.205952,38.665217],[39.205976,38.665086],[39.206134,38.665103],[39.20611,38.665234],[39.205952,38.665217]]]}},{"type":"Feature","id":"way/771512788","properties":{"osm_id":"way/771512788","osm_type":"way","building":"yes","name":null,"levels":null,"source":"OpenStreetMap","source_url":"https://www.openstreetmap.org/copyright","licence":"ODbL 1.0","retrieved_on":"2026-09-03","vulnerability_function_id":null,"vulnerability_class":"Not assigned","osm_tags":{"building":"yes"}},"geometry":{"type":"Polygon","coordinates":[[[39.205456,38.665166],[39.205621,38.665191],[39.205647,38.66509],[39.205482,38.665065],[39.205456,38.665166]]]}},{"type":"Feature","id":"way/771512789","properties":{"osm_id":"way/771512789","osm_type":"way","building":"yes","name":null,"levels":null,"source":"OpenStreetMap","source_url":"https://www.openstreetmap.org/copyright","licence":"ODbL 1.0","retrieved_on":"2026-09-03","vulnerability_function_id":null,"vulnerability_class":"Not assigned","osm_tags":{"building":"yes"}},"geometry":{"type":"Polygon","coordinates":[[[39.205654,38.665187],[39.205675,38.665077],[39.205916,38.665104],[39.205895,38.665215],[39.205654,38.665187]]]}},{"type":"Feature","id":"way/771512790","properties":{"osm_id":"way/771512790","osm_type":"way","building":"yes","name":null,"levels":null,"source":"OpenStreetMap","source_url":"https://www.openstreetmap.org/copyright","licence":"ODbL 1.0","retrieved_on":"2026-09-03","vulnerability_function_id":null,"vulnerability_class":"Not assigned","osm_tags":{"building":"yes"}},"geometry":{"type":"Polygon","coordinates":[[[39.205943,38.665048],[39.205957,38.664972],[39.206162,38.664995],[39.206148,38.665072],[39.205943,38.665048]]]}},{"type":"Feature","id":"way/771512791","properties":{"osm_id":"way/771512791","osm_type":"way","building":"yes","name":null,"levels":null,"source":"OpenStreetMap","source_url":"https://www.openstreetmap.org/copyright","licence":"ODbL 1.0","retrieved_on":"2026-09-03","vulnerability_function_id":null,"vulnerability_class":"Not assigned","osm_tags":{"building":"yes"}},"geometry":{"type":"Polygon","coordinates":[[[39.205478,38.665011],[39.205487,38.66495],[39.205779,38.664974],[39.205771,38.665035],[39.205478,38.665011]]]}},{"type":"Feature","id":"way/771512792","properties":{"osm_id":"way/771512792","osm_type":"way","building":"yes","name":null,"levels":null,"source":"OpenStreetMap","source_url":"https://www.openstreetmap.org/copyright","licence":"ODbL 1.0","retrieved_on":"2026-09-03","vulnerability_function_id":null,"vulnerability_class":"Not assigned","osm_tags":{"building":"yes"}},"geometry":{"type":"Polygon","coordinates":[[[39.20552,38.66491],[39.205533,38.664836],[39.205811,38.664866],[39.205798,38.66494],[39.20552,38.66491]]]}},{"type":"Feature","id":"way/771512793","properties":{"osm_id":"way/771512793","osm_type":"way","building":"yes","name":null,"levels":null,"source":"OpenStreetMap","source_url":"https://www.openstreetmap.org/copyright","licence":"ODbL 1.0","retrieved_on":"2026-09-03","vulnerability_function_id":null,"vulnerability_class":"Not assigned","osm_tags":{"building":"yes"}},"geometry":{"type":"Polygon","coordinates":[[[39.205981,38.664871],[39.205995,38.664787],[39.206176,38.664805],[39.206162,38.664889],[39.205981,38.664871]]]}},{"type":"Feature","id":"way/771512794","properties":{"osm_id":"way/771512794","osm_type":"way","building":"yes","name":null,"levels":null,"source":"OpenStreetMap","source_url":"https://www.openstreetmap.org/copyright","licence":"ODbL 1.0","retrieved_on":"2026-09-03","vulnerability_function_id":null,"vulnerability_class":"Not assigned","osm_tags":{"building":"yes"}},"geometry":{"type":"Polygon","coordinates":[[[39.205979,38.664752],[39.206005,38.66462],[39.206229,38.664647],[39.206202,38.66478],[39.205979,38.664752]]]}},{"type":"Feature","id":"way/771512795","properties":{"osm_id":"way/771512795","osm_type":"way","building":"yes","name":null,"levels":null,"source":"OpenStreetMap","source_url":"https://www.openstreetmap.org/copyright","licence":"ODbL 1.0","retrieved_on":"2026-09-03","vulnerability_function_id":null,"vulnerability_class":"Not assigned","osm_tags":{"building":"yes"}},"geometry":{"type":"Polygon","coordinates":[[[39.205995,38.664557],[39.206023,38.66439],[39.206269,38.664415],[39.206242,38.664582],[39.205995,38.664557]]]}},{"type":"Feature","id":"way/771512796","properties":{"osm_id":"way/771512796","osm_type":"way","building":"yes","name":null,"levels":null,"source":"OpenStreetMap","source_url":"https://www.openstreetmap.org/copyright","licence":"ODbL 1.0","retrieved_on":"2026-09-03","vulnerability_function_id":null,"vulnerability_class":"Not assigned","osm_tags":{"building":"yes"}},"geometry":{"type":"Polygon","coordinates":[[[39.205605,38.66462],[39.205625,38.664538],[39.205833,38.664569],[39.205812,38.664651],[39.205605,38.66462]]]}},{"type":"Feature","id":"way/771512797","properties":{"osm_id":"way/771512797","osm_type":"way","building":"yes","name":null,"levels":null,"source":"OpenStreetMap","source_url":"https://www.openstreetmap.org/copyright","licence":"ODbL 1.0","retrieved_on":"2026-09-03","vulnerability_function_id":null,"vulnerability_class":"Not assigned","osm_tags":{"building":"yes"}},"geometry":{"type":"Polygon","coordinates":[[[39.205652,38.664428],[39.205675,38.66433],[39.205848,38.664354],[39.205826,38.664453],[39.205652,38.664428]]]}},{"type":"Feature","id":"way/771512798","properties":{"osm_id":"way/771512798","osm_type":"way","building":"yes","name":null,"levels":null,"source":"OpenStreetMap","source_url":"https://www.openstreetmap.org/copyright","licence":"ODbL 1.0","retrieved_on":"2026-09-03","vulnerability_function_id":null,"vulnerability_class":"Not assigned","osm_tags":{"building":"yes"}},"geometry":{"type":"Polygon","coordinates":[[[39.205759,38.664167],[39.205796,38.664054],[39.206012,38.664097],[39.205975,38.66421],[39.205759,38.664167]]]}},{"type":"Feature","id":"way/771512799","properties":{"osm_id":"way/771512799","osm_type":"way","building":"yes","name":null,"levels":null,"source":"OpenStreetMap","source_url":"https://www.openstreetmap.org/copyright","licence":"ODbL 1.0","retrieved_on":"2026-09-03","vulnerability_function_id":null,"vulnerability_class":"Not assigned","osm_tags":{"building":"yes"}},"geometry":{"type":"Polygon","coordinates":[[[39.205808,38.664015],[39.205841,38.663845],[39.206054,38.663871],[39.206021,38.664041],[39.205808,38.664015]]]}},{"type":"Feature","id":"way/771512800","properties":{"osm_id":"way/771512800","osm_type":"way","building":"yes","name":null,"levels":null,"source":"OpenStreetMap","source_url":"https://www.openstreetmap.org/copyright","licence":"ODbL 1.0","retrieved_on":"2026-09-03","vulnerability_function_id":null,"vulnerability_class":"Not assigned","osm_tags":{"building":"yes"}},"geometry":{"type":"Polygon","coordinates":[[[39.206137,38.664019],[39.206159,38.663881],[39.206379,38.663902],[39.206358,38.66404],[39.206137,38.664019]]]}},{"type":"Feature","id":"way/771512801","properties":{"osm_id":"way/771512801","osm_type":"way","building":"yes","name":null,"levels":null,"source":"OpenStreetMap","source_url":"https://www.openstreetmap.org/copyright","licence":"ODbL 1.0","retrieved_on":"2026-09-03","vulnerability_function_id":null,"vulnerability_class":"Not assigned","osm_tags":{"building":"yes"}},"geometry":{"type":"Polygon","coordinates":[[[39.206185,38.663831],[39.206204,38.663677],[39.20638,38.66369],[39.206361,38.663844],[39.206185,38.663831]]]}},{"type":"Feature","id":"way/771512802","properties":{"osm_id":"way/771512802","osm_type":"way","building":"yes","name":null,"levels":null,"source":"OpenStreetMap","source_url":"https://www.openstreetmap.org/copyright","licence":"ODbL 1.0","retrieved_on":"2026-09-03","vulnerability_function_id":null,"vulnerability_class":"Not assigned","osm_tags":{"building":"yes"}},"geometry":{"type":"Polygon","coordinates":[[[39.205481,38.663766],[39.205503,38.663689],[39.205676,38.66372],[39.205653,38.663796],[39.205481,38.663766]]]}},{"type":"Feature","id":"way/771512803","properties":{"osm_id":"way/771512803","osm_type":"way","building":"yes","name":null,"levels":null,"source":"OpenStreetMap","source_url":"https://www.openstreetmap.org/copyright","licence":"ODbL 1.0","retrieved_on":"2026-09-03","vulnerability_function_id":null,"vulnerability_class":"Not assigned","osm_tags":{"building":"yes"}},"geometry":{"type":"Polygon","coordinates":[[[39.205855,38.663797],[39.205871,38.663725],[39.206106,38.663756],[39.20609,38.663828],[39.205855,38.663797]]]}},{"type":"Feature","id":"way/771512804","properties":{"osm_id":"way/771512804","osm_type":"way","building":"yes","name":null,"levels":null,"source":"OpenStreetMap","source_url":"https://www.openstreetmap.org/copyright","licence":"ODbL 1.0","retrieved_on":"2026-09-03","vulnerability_function_id":null,"vulnerability_class":"Not assigned","osm_tags":{"building":"yes"}},"geometry":{"type":"Polygon","coordinates":[[[39.205901,38.663697],[39.205925,38.663608],[39.206112,38.663638],[39.206088,38.663727],[39.205901,38.663697]]]}},{"type":"Feature","id":"way/771517447","properties":{"osm_id":"way/771517447","osm_type":"way","building":"yes","name":null,"levels":null,"source":"OpenStreetMap","source_url":"https://www.openstreetmap.org/copyright","licence":"ODbL 1.0","retrieved_on":"2026-09-03","vulnerability_function_id":null,"vulnerability_class":"Not assigned","osm_tags":{"building":"yes"}},"geometry":{"type":"Polygon","coordinates":[[[39.205921,38.663583],[39.205962,38.663424],[39.206172,38.663457],[39.206131,38.663616],[39.205921,38.663583]]]}},{"type":"Feature","id":"way/771517448","properties":{"osm_id":"way/771517448","osm_type":"way","building":"yes","name":null,"levels":null,"source":"OpenStreetMap","source_url":"https://www.openstreetmap.org/copyright","licence":"ODbL 1.0","retrieved_on":"2026-09-03","vulnerability_function_id":null,"vulnerability_class":"Not assigned","osm_tags":{"building":"yes"}},"geometry":{"type":"Polygon","coordinates":[[[39.206368,38.663639],[39.206402,38.663496],[39.206204,38.663468],[39.20617,38.66361],[39.206368,38.663639]]]}},{"type":"Feature","id":"way/771517449","properties":{"osm_id":"way/771517449","osm_type":"way","building":"yes","name":null,"levels":null,"source":"OpenStreetMap","source_url":"https://www.openstreetmap.org/copyright","licence":"ODbL 1.0","retrieved_on":"2026-09-03","vulnerability_function_id":null,"vulnerability_class":"Not assigned","osm_tags":{"building":"yes"}},"geometry":{"type":"Polygon","coordinates":[[[39.206613,38.663853],[39.206631,38.663716],[39.206841,38.663733],[39.206824,38.663869],[39.206613,38.663853]]]}},{"type":"Feature","id":"way/771517450","properties":{"osm_id":"way/771517450","osm_type":"way","building":"yes","name":null,"levels":null,"source":"OpenStreetMap","source_url":"https://www.openstreetmap.org/copyright","licence":"ODbL 1.0","retrieved_on":"2026-09-03","vulnerability_function_id":null,"vulnerability_class":"Not assigned","osm_tags":{"building":"yes"}},"geometry":{"type":"Polygon","coordinates":[[[39.206637,38.663665],[39.206654,38.663566],[39.206831,38.663585],[39.206814,38.663683],[39.206637,38.663665]]]}},{"type":"Feature","id":"way/771517451","properties":{"osm_id":"way/771517451","osm_type":"way","building":"yes","name":null,"levels":null,"source":"OpenStreetMap","source_url":"https://www.openstreetmap.org/copyright","licence":"ODbL 1.0","retrieved_on":"2026-09-03","vulnerability_function_id":null,"vulnerability_class":"Not assigned","osm_tags":{"building":"yes"}},"geometry":{"type":"Polygon","coordinates":[[[39.205111,38.663741],[39.205168,38.663597],[39.205378,38.663647],[39.205321,38.663791],[39.205111,38.663741]]]}},{"type":"Feature","id":"way/771517452","properties":{"osm_id":"way/771517452","osm_type":"way","building":"yes","name":null,"levels":null,"source":"OpenStreetMap","source_url":"https://www.openstreetmap.org/copyright","licence":"ODbL 1.0","retrieved_on":"2026-09-03","vulnerability_function_id":null,"vulnerability_class":"Not assigned","osm_tags":{"building":"yes"}},"geometry":{"type":"Polygon","coordinates":[[[39.204758,38.663648],[39.204833,38.663485],[39.205003,38.663533],[39.204929,38.663696],[39.204758,38.663648]]]}},{"type":"Feature","id":"way/771517453","properties":{"osm_id":"way/771517453","osm_type":"way","building":"yes","name":null,"levels":null,"source":"OpenStreetMap","source_url":"https://www.openstreetmap.org/copyright","licence":"ODbL 1.0","retrieved_on":"2026-09-03","vulnerability_function_id":null,"vulnerability_class":"Not assigned","osm_tags":{"building":"yes"}},"geometry":{"type":"Polygon","coordinates":[[[39.204835,38.663464],[39.204901,38.663307],[39.205067,38.66335],[39.205,38.663506],[39.204835,38.663464]]]}},{"type":"Feature","id":"way/771517454","properties":{"osm_id":"way/771517454","osm_type":"way","building":"yes","name":null,"levels":null,"source":"OpenStreetMap","source_url":"https://www.openstreetmap.org/copyright","licence":"ODbL 1.0","retrieved_on":"2026-09-03","vulnerability_function_id":null,"vulnerability_class":"Not assigned","osm_tags":{"building":"yes"}},"geometry":{"type":"Polygon","coordinates":[[[39.204698,38.663255],[39.204814,38.663039],[39.204989,38.663096],[39.204873,38.663311],[39.204698,38.663255]]]}},{"type":"Feature","id":"way/771517455","properties":{"osm_id":"way/771517455","osm_type":"way","building":"yes","name":null,"levels":null,"source":"OpenStreetMap","source_url":"https://www.openstreetmap.org/copyright","licence":"ODbL 1.0","retrieved_on":"2026-09-03","vulnerability_function_id":null,"vulnerability_class":"Not assigned","osm_tags":{"building":"yes"}},"geometry":{"type":"Polygon","coordinates":[[[39.204926,38.663276],[39.205017,38.663106],[39.205175,38.663158],[39.205084,38.663327],[39.204926,38.663276]]]}},{"type":"Feature","id":"way/771517456","properties":{"osm_id":"way/771517456","osm_type":"way","building":"yes","name":null,"levels":null,"source":"OpenStreetMap","source_url":"https://www.openstreetmap.org/copyright","licence":"ODbL 1.0","retrieved_on":"2026-09-03","vulnerability_function_id":null,"vulnerability_class":"Not assigned","osm_tags":{"building":"yes"}},"geometry":{"type":"Polygon","coordinates":[[[39.204888,38.662918],[39.204925,38.662833],[39.205068,38.662871],[39.205031,38.662956],[39.204888,38.662918]]]}},{"type":"Feature","id":"way/771517457","properties":{"osm_id":"way/771517457","osm_type":"way","building":"yes","name":null,"levels":null,"source":"OpenStreetMap","source_url":"https://www.openstreetmap.org/copyright","licence":"ODbL 1.0","retrieved_on":"2026-09-03","vulnerability_function_id":null,"vulnerability_class":"Not assigned","osm_tags":{"building":"yes"}},"geometry":{"type":"Polygon","coordinates":[[[39.205422,38.663028],[39.205454,38.662948],[39.205709,38.663009],[39.205677,38.663088],[39.205422,38.663028]]]}},{"type":"Feature","id":"way/771517458","properties":{"osm_id":"way/771517458","osm_type":"way","building":"yes","name":null,"levels":null,"source":"OpenStreetMap","source_url":"https://www.openstreetmap.org/copyright","licence":"ODbL 1.0","retrieved_on":"2026-09-03","vulnerability_function_id":null,"vulnerability_class":"Not assigned","osm_tags":{"building":"yes"}},"geometry":{"type":"Polygon","coordinates":[[[39.205064,38.662925],[39.205099,38.662826],[39.205256,38.662861],[39.205221,38.662959],[39.205064,38.662925]]]}},{"type":"Feature","id":"way/771517459","properties":{"osm_id":"way/771517459","osm_type":"way","building":"yes","name":null,"levels":null,"source":"OpenStreetMap","source_url":"https://www.openstreetmap.org/copyright","licence":"ODbL 1.0","retrieved_on":"2026-09-03","vulnerability_function_id":null,"vulnerability_class":"Not assigned","osm_tags":{"building":"yes"}},"geometry":{"type":"Polygon","coordinates":[[[39.205697,38.663107],[39.205732,38.663013],[39.205936,38.663059],[39.2059,38.663153],[39.205697,38.663107]]]}},{"type":"Feature","id":"way/771517460","properties":{"osm_id":"way/771517460","osm_type":"way","building":"yes","name":null,"levels":null,"source":"OpenStreetMap","source_url":"https://www.openstreetmap.org/copyright","licence":"ODbL 1.0","retrieved_on":"2026-09-03","vulnerability_function_id":null,"vulnerability_class":"Not assigned","osm_tags":{"building":"yes"}},"geometry":{"type":"Polygon","coordinates":[[[39.205344,38.663233],[39.20542,38.663068],[39.205609,38.663121],[39.205533,38.663287],[39.205344,38.663233]]]}},{"type":"Feature","id":"way/771517461","properties":{"osm_id":"way/771517461","osm_type":"way","building":"yes","name":null,"levels":null,"source":"OpenStreetMap","source_url":"https://www.openstreetmap.org/copyright","licence":"ODbL 1.0","retrieved_on":"2026-09-03","vulnerability_function_id":null,"vulnerability_class":"Not assigned","osm_tags":{"building":"yes"}},"geometry":{"type":"Polygon","coordinates":[[[39.205277,38.663375],[39.205319,38.663278],[39.205467,38.663318],[39.205424,38.663415],[39.205277,38.663375]]]}},{"type":"Feature","id":"way/771517462","properties":{"osm_id":"way/771517462","osm_type":"way","building":"yes","name":null,"levels":null,"source":"OpenStreetMap","source_url":"https://www.openstreetmap.org/copyright","licence":"ODbL 1.0","retrieved_on":"2026-09-03","vulnerability_function_id":null,"vulnerability_class":"Not assigned","osm_tags":{"building":"yes"}},"geometry":{"type":"Polygon","coordinates":[[[39.205192,38.663566],[39.205261,38.663404],[39.205445,38.663452],[39.205377,38.663614],[39.205192,38.663566]]]}},{"type":"Feature","id":"way/771517463","properties":{"osm_id":"way/771517463","osm_type":"way","building":"yes","name":null,"levels":null,"source":"OpenStreetMap","source_url":"https://www.openstreetmap.org/copyright","licence":"ODbL 1.0","retrieved_on":"2026-09-03","vulnerability_function_id":null,"vulnerability_class":"Not assigned","osm_tags":{"building":"yes"}},"geometry":{"type":"Polygon","coordinates":[[[39.205534,38.663648],[39.205662,38.663685],[39.205734,38.66353],[39.205528,38.663471],[39.205497,38.663537],[39.205576,38.663559],[39.205534,38.663648]]]}},{"type":"Feature","id":"way/771517464","properties":{"osm_id":"way/771517464","osm_type":"way","building":"yes","name":null,"levels":null,"source":"OpenStreetMap","source_url":"https://www.openstreetmap.org/copyright","licence":"ODbL 1.0","retrieved_on":"2026-09-03","vulnerability_function_id":null,"vulnerability_class":"Not assigned","osm_tags":{"building":"yes"}},"geometry":{"type":"Polygon","coordinates":[[[39.205586,38.663442],[39.205773,38.663484],[39.20584,38.663302],[39.205653,38.66326],[39.205586,38.663442]]]}},{"type":"Feature","id":"way/771517465","properties":{"osm_id":"way/771517465","osm_type":"way","building":"yes","name":null,"levels":null,"source":"OpenStreetMap","source_url":"https://www.openstreetmap.org/copyright","licence":"ODbL 1.0","retrieved_on":"2026-09-03","vulnerability_function_id":null,"vulnerability_class":"Not assigned","osm_tags":{"building":"yes"}},"geometry":{"type":"Polygon","coordinates":[[[39.205657,38.663225],[39.205688,38.663135],[39.205875,38.663176],[39.205843,38.663265],[39.205657,38.663225]]]}},{"type":"Feature","id":"way/771517466","properties":{"osm_id":"way/771517466","osm_type":"way","building":"yes","name":null,"levels":null,"source":"OpenStreetMap","source_url":"https://www.openstreetmap.org/copyright","licence":"ODbL 1.0","retrieved_on":"2026-09-03","vulnerability_function_id":null,"vulnerability_class":"Not assigned","osm_tags":{"building":"yes"}},"geometry":{"type":"Polygon","coordinates":[[[39.205352,38.662731],[39.205392,38.66263],[39.205503,38.662658],[39.205462,38.662758],[39.205352,38.662731]]]}},{"type":"Feature","id":"way/771517467","properties":{"osm_id":"way/771517467","osm_type":"way","building":"yes","name":null,"levels":null,"source":"OpenStreetMap","source_url":"https://www.openstreetmap.org/copyright","licence":"ODbL 1.0","retrieved_on":"2026-09-03","vulnerability_function_id":null,"vulnerability_class":"Not assigned","osm_tags":{"building":"yes"}},"geometry":{"type":"Polygon","coordinates":[[[39.20549,38.662768],[39.205528,38.662677],[39.205726,38.662727],[39.205688,38.662818],[39.20549,38.662768]]]}},{"type":"Feature","id":"way/771517468","properties":{"osm_id":"way/771517468","osm_type":"way","building":"yes","name":null,"levels":null,"source":"OpenStreetMap","source_url":"https://www.openstreetmap.org/copyright","licence":"ODbL 1.0","retrieved_on":"2026-09-03","vulnerability_function_id":null,"vulnerability_class":"Not assigned","osm_tags":{"building":"yes"}},"geometry":{"type":"Polygon","coordinates":[[[39.205732,38.66285],[39.205764,38.662746],[39.205992,38.662787],[39.205945,38.662885],[39.205732,38.66285]]]}},{"type":"Feature","id":"way/771517469","properties":{"osm_id":"way/771517469","osm_type":"way","building":"yes","name":null,"levels":null,"source":"OpenStreetMap","source_url":"https://www.openstreetmap.org/copyright","licence":"ODbL 1.0","retrieved_on":"2026-09-03","vulnerability_function_id":null,"vulnerability_class":"Not assigned","osm_tags":{"building":"yes"}},"geometry":{"type":"Polygon","coordinates":[[[39.205979,38.662896],[39.206017,38.662779],[39.206167,38.662809],[39.206163,38.662821],[39.206251,38.662839],[39.206216,38.662943],[39.205979,38.662896]]]}},{"type":"Feature","id":"way/771517470","properties":{"osm_id":"way/771517470","osm_type":"way","building":"yes","name":null,"levels":null,"source":"OpenStreetMap","source_url":"https://www.openstreetmap.org/copyright","licence":"ODbL 1.0","retrieved_on":"2026-09-03","vulnerability_function_id":null,"vulnerability_class":"Not assigned","osm_tags":{"building":"yes"}},"geometry":{"type":"Polygon","coordinates":[[[39.205146,38.662545],[39.205187,38.662455],[39.205369,38.662505],[39.205328,38.662596],[39.205146,38.662545]]]}},{"type":"Feature","id":"way/771517471","properties":{"osm_id":"way/771517471","osm_type":"way","building":"yes","name":null,"levels":null,"source":"OpenStreetMap","source_url":"https://www.openstreetmap.org/copyright","licence":"ODbL 1.0","retrieved_on":"2026-09-03","vulnerability_function_id":null,"vulnerability_class":"Not assigned","osm_tags":{"building":"yes"}},"geometry":{"type":"Polygon","coordinates":[[[39.205763,38.662664],[39.205881,38.662668],[39.205886,38.662592],[39.205768,38.662588],[39.205763,38.662664]]]}},{"type":"Feature","id":"way/771517472","properties":{"osm_id":"way/771517472","osm_type":"way","building":"yes","name":null,"levels":null,"source":"OpenStreetMap","source_url":"https://www.openstreetmap.org/copyright","licence":"ODbL 1.0","retrieved_on":"2026-09-03","vulnerability_function_id":null,"vulnerability_class":"Not assigned","osm_tags":{"building":"yes"}},"geometry":{"type":"Polygon","coordinates":[[[39.206373,38.66284],[39.206372,38.662756],[39.20652,38.662755],[39.206521,38.662839],[39.206373,38.66284]]]}},{"type":"Feature","id":"way/771517473","properties":{"osm_id":"way/771517473","osm_type":"way","building":"yes","name":null,"levels":null,"source":"OpenStreetMap","source_url":"https://www.openstreetmap.org/copyright","licence":"ODbL 1.0","retrieved_on":"2026-09-03","vulnerability_function_id":null,"vulnerability_class":"Not assigned","osm_tags":{"building":"yes"}},"geometry":{"type":"Polygon","coordinates":[[[39.206531,38.663021],[39.206568,38.662914],[39.206723,38.662947],[39.206686,38.663054],[39.206531,38.663021]]]}},{"type":"Feature","id":"way/771517474","properties":{"osm_id":"way/771517474","osm_type":"way","building":"yes","name":null,"levels":null,"source":"OpenStreetMap","source_url":"https://www.openstreetmap.org/copyright","licence":"ODbL 1.0","retrieved_on":"2026-09-03","vulnerability_function_id":null,"vulnerability_class":"Not assigned","osm_tags":{"building":"yes"}},"geometry":{"type":"Polygon","coordinates":[[[39.206589,38.662886],[39.206625,38.66278],[39.206769,38.66281],[39.206733,38.662916],[39.206589,38.662886]]]}},{"type":"Feature","id":"way/771517475","properties":{"osm_id":"way/771517475","osm_type":"way","building":"yes","name":null,"levels":null,"source":"OpenStreetMap","source_url":"https://www.openstreetmap.org/copyright","licence":"ODbL 1.0","retrieved_on":"2026-09-03","vulnerability_function_id":null,"vulnerability_class":"Not assigned","osm_tags":{"building":"yes"}},"geometry":{"type":"Polygon","coordinates":[[[39.206734,38.662931],[39.206798,38.662945],[39.206835,38.662849],[39.206771,38.662834],[39.206734,38.662931]]]}},{"type":"Feature","id":"way/771517476","properties":{"osm_id":"way/771517476","osm_type":"way","building":"yes","name":null,"levels":null,"source":"OpenStreetMap","source_url":"https://www.openstreetmap.org/copyright","licence":"ODbL 1.0","retrieved_on":"2026-09-03","vulnerability_function_id":null,"vulnerability_class":"Not assigned","osm_tags":{"building":"yes"}},"geometry":{"type":"Polygon","coordinates":[[[39.206853,38.662955],[39.206885,38.662865],[39.207007,38.662892],[39.206975,38.662982],[39.206853,38.662955]]]}},{"type":"Feature","id":"way/771517477","properties":{"osm_id":"way/771517477","osm_type":"way","building":"yes","name":null,"levels":null,"source":"OpenStreetMap","source_url":"https://www.openstreetmap.org/copyright","licence":"ODbL 1.0","retrieved_on":"2026-09-03","vulnerability_function_id":null,"vulnerability_class":"Not assigned","osm_tags":{"building":"yes"}},"geometry":{"type":"Polygon","coordinates":[[[39.207116,38.663017],[39.207144,38.662942],[39.207253,38.662968],[39.207225,38.663042],[39.207116,38.663017]]]}},{"type":"Feature","id":"way/771517478","properties":{"osm_id":"way/771517478","osm_type":"way","building":"yes","name":null,"levels":null,"source":"OpenStreetMap","source_url":"https://www.openstreetmap.org/copyright","licence":"ODbL 1.0","retrieved_on":"2026-09-03","vulnerability_function_id":null,"vulnerability_class":"Not assigned","osm_tags":{"building":"yes"}},"geometry":{"type":"Polygon","coordinates":[[[39.207275,38.662938],[39.207241,38.663022],[39.207341,38.663047],[39.207375,38.662963],[39.207275,38.662938]]]}},{"type":"Feature","id":"way/771517479","properties":{"osm_id":"way/771517479","osm_type":"way","building":"yes","name":null,"levels":null,"source":"OpenStreetMap","source_url":"https://www.openstreetmap.org/copyright","licence":"ODbL 1.0","retrieved_on":"2026-09-03","vulnerability_function_id":null,"vulnerability_class":"Not assigned","osm_tags":{"building":"yes"}},"geometry":{"type":"Polygon","coordinates":[[[39.206264,38.66299],[39.206297,38.662918],[39.206422,38.662953],[39.206388,38.663025],[39.206264,38.66299]]]}},{"type":"Feature","id":"way/771517480","properties":{"osm_id":"way/771517480","osm_type":"way","building":"yes","name":null,"levels":null,"source":"OpenStreetMap","source_url":"https://www.openstreetmap.org/copyright","licence":"ODbL 1.0","retrieved_on":"2026-09-03","vulnerability_function_id":null,"vulnerability_class":"Not assigned","osm_tags":{"building":"yes"}},"geometry":{"type":"Polygon","coordinates":[[[39.206171,38.662794],[39.206182,38.662702],[39.206286,38.66271],[39.206276,38.662801],[39.206171,38.662794]]]}},{"type":"Feature","id":"way/771517481","properties":{"osm_id":"way/771517481","osm_type":"way","building":"yes","name":null,"levels":null,"source":"OpenStreetMap","source_url":"https://www.openstreetmap.org/copyright","licence":"ODbL 1.0","retrieved_on":"2026-09-03","vulnerability_function_id":null,"vulnerability_class":"Not assigned","osm_tags":{"building":"yes"}},"geometry":{"type":"Polygon","coordinates":[[[39.205659,38.662653],[39.205661,38.662591],[39.205757,38.662592],[39.205756,38.662655],[39.205659,38.662653]]]}},{"type":"Feature","id":"way/771517482","properties":{"osm_id":"way/771517482","osm_type":"way","building":"yes","name":null,"levels":null,"source":"OpenStreetMap","source_url":"https://www.openstreetmap.org/copyright","licence":"ODbL 1.0","retrieved_on":"2026-09-03","vulnerability_function_id":null,"vulnerability_class":"Not assigned","osm_tags":{"building":"yes"}},"geometry":{"type":"Polygon","coordinates":[[[39.205332,38.662168],[39.205331,38.662076],[39.205481,38.662075],[39.205483,38.662167],[39.205332,38.662168]]]}},{"type":"Feature","id":"way/771517483","properties":{"osm_id":"way/771517483","osm_type":"way","building":"yes","name":null,"levels":null,"source":"OpenStreetMap","source_url":"https://www.openstreetmap.org/copyright","licence":"ODbL 1.0","retrieved_on":"2026-09-03","vulnerability_function_id":null,"vulnerability_class":"Not assigned","osm_tags":{"building":"yes"}},"geometry":{"type":"Polygon","coordinates":[[[39.205506,38.662154],[39.205506,38.66205],[39.205635,38.662049],[39.205635,38.662154],[39.205506,38.662154]]]}},{"type":"Feature","id":"way/771517484","properties":{"osm_id":"way/771517484","osm_type":"way","building":"yes","name":null,"levels":null,"source":"OpenStreetMap","source_url":"https://www.openstreetmap.org/copyright","licence":"ODbL 1.0","retrieved_on":"2026-09-03","vulnerability_function_id":null,"vulnerability_class":"Not assigned","osm_tags":{"building":"yes"}},"geometry":{"type":"Polygon","coordinates":[[[39.205645,38.662224],[39.205644,38.662039],[39.20588,38.662038],[39.205881,38.662224],[39.205645,38.662224]]]}},{"type":"Feature","id":"way/771517485","properties":{"osm_id":"way/771517485","osm_type":"way","building":"yes","name":null,"levels":null,"source":"OpenStreetMap","source_url":"https://www.openstreetmap.org/copyright","licence":"ODbL 1.0","retrieved_on":"2026-09-03","vulnerability_function_id":null,"vulnerability_class":"Not assigned","osm_tags":{"building":"yes"}},"geometry":{"type":"Polygon","coordinates":[[[39.206064,38.662276],[39.206061,38.662093],[39.206189,38.662092],[39.206194,38.662162],[39.206192,38.662275],[39.206064,38.662276]]]}},{"type":"Feature","id":"way/771517486","properties":{"osm_id":"way/771517486","osm_type":"way","building":"yes","name":null,"levels":null,"source":"OpenStreetMap","source_url":"https://www.openstreetmap.org/copyright","licence":"ODbL 1.0","retrieved_on":"2026-09-03","vulnerability_function_id":null,"vulnerability_class":"Not assigned","osm_tags":{"building":"yes"}},"geometry":{"type":"Polygon","coordinates":[[[39.206316,38.662045],[39.206201,38.662053],[39.206207,38.662146],[39.206322,38.662144],[39.206316,38.662045]]]}},{"type":"Feature","id":"way/771517487","properties":{"osm_id":"way/771517487","osm_type":"way","building":"yes","name":null,"levels":null,"source":"OpenStreetMap","source_url":"https://www.openstreetmap.org/copyright","licence":"ODbL 1.0","retrieved_on":"2026-09-03","vulnerability_function_id":null,"vulnerability_class":"Not assigned","osm_tags":{"building":"yes"}},"geometry":{"type":"Polygon","coordinates":[[[39.206195,38.662249],[39.206317,38.662248],[39.206316,38.662161],[39.206194,38.662162],[39.206195,38.662249]]]}},{"type":"Feature","id":"way/771517488","properties":{"osm_id":"way/771517488","osm_type":"way","building":"yes","name":null,"levels":null,"source":"OpenStreetMap","source_url":"https://www.openstreetmap.org/copyright","licence":"ODbL 1.0","retrieved_on":"2026-09-03","vulnerability_function_id":null,"vulnerability_class":"Not assigned","osm_tags":{"building":"yes"}},"geometry":{"type":"Polygon","coordinates":[[[39.206356,38.662309],[39.206359,38.662196],[39.206471,38.662198],[39.206468,38.662311],[39.206356,38.662309]]]}},{"type":"Feature","id":"way/771517489","properties":{"osm_id":"way/771517489","osm_type":"way","building":"yes","name":null,"levels":null,"source":"OpenStreetMap","source_url":"https://www.openstreetmap.org/copyright","licence":"ODbL 1.0","retrieved_on":"2026-09-03","vulnerability_function_id":null,"vulnerability_class":"Not assigned","osm_tags":{"building":"yes"}},"geometry":{"type":"Polygon","coordinates":[[[39.206351,38.662176],[39.206355,38.662059],[39.206492,38.662062],[39.206489,38.662179],[39.206351,38.662176]]]}},{"type":"Feature","id":"way/771517490","properties":{"osm_id":"way/771517490","osm_type":"way","building":"yes","name":null,"levels":null,"source":"OpenStreetMap","source_url":"https://www.openstreetmap.org/copyright","licence":"ODbL 1.0","retrieved_on":"2026-09-03","vulnerability_function_id":null,"vulnerability_class":"Not assigned","osm_tags":{"building":"yes"}},"geometry":{"type":"Polygon","coordinates":[[[39.206462,38.662394],[39.206564,38.662399],[39.206577,38.662222],[39.206476,38.662218],[39.206462,38.662394]]]}},{"type":"Feature","id":"way/771517491","properties":{"osm_id":"way/771517491","osm_type":"way","building":"yes","name":null,"levels":null,"source":"OpenStreetMap","source_url":"https://www.openstreetmap.org/copyright","licence":"ODbL 1.0","retrieved_on":"2026-09-03","vulnerability_function_id":null,"vulnerability_class":"Not assigned","osm_tags":{"building":"yes"}},"geometry":{"type":"Polygon","coordinates":[[[39.206649,38.662234],[39.206652,38.662062],[39.206829,38.662064],[39.206825,38.662237],[39.206649,38.662234]]]}},{"type":"Feature","id":"way/771517492","properties":{"osm_id":"way/771517492","osm_type":"way","building":"yes","name":null,"levels":null,"source":"OpenStreetMap","source_url":"https://www.openstreetmap.org/copyright","licence":"ODbL 1.0","retrieved_on":"2026-09-03","vulnerability_function_id":null,"vulnerability_class":"Not assigned","osm_tags":{"building":"yes"}},"geometry":{"type":"Polygon","coordinates":[[[39.20706,38.662216],[39.207178,38.662224],[39.207198,38.662053],[39.20708,38.662044],[39.20706,38.662216]]]}},{"type":"Feature","id":"way/771517493","properties":{"osm_id":"way/771517493","osm_type":"way","building":"yes","name":null,"levels":null,"source":"OpenStreetMap","source_url":"https://www.openstreetmap.org/copyright","licence":"ODbL 1.0","retrieved_on":"2026-09-03","vulnerability_function_id":null,"vulnerability_class":"Not assigned","osm_tags":{"building":"yes"}},"geometry":{"type":"Polygon","coordinates":[[[39.207299,38.662179],[39.207307,38.662063],[39.207448,38.662069],[39.20744,38.662185],[39.207299,38.662179]]]}},{"type":"Feature","id":"way/771517494","properties":{"osm_id":"way/771517494","osm_type":"way","building":"yes","name":null,"levels":null,"source":"OpenStreetMap","source_url":"https://www.openstreetmap.org/copyright","licence":"ODbL 1.0","retrieved_on":"2026-09-03","vulnerability_function_id":null,"vulnerability_class":"Not assigned","osm_tags":{"building":"yes"}},"geometry":{"type":"Polygon","coordinates":[[[39.206943,38.662188],[39.206947,38.662073],[39.207058,38.662075],[39.207054,38.662191],[39.206943,38.662188]]]}},{"type":"Feature","id":"way/771517495","properties":{"osm_id":"way/771517495","osm_type":"way","building":"yes","name":null,"levels":null,"source":"OpenStreetMap","source_url":"https://www.openstreetmap.org/copyright","licence":"ODbL 1.0","retrieved_on":"2026-09-03","vulnerability_function_id":null,"vulnerability_class":"Not assigned","osm_tags":{"building":"yes"}},"geometry":{"type":"Polygon","coordinates":[[[39.206978,38.661826],[39.207011,38.661724],[39.207091,38.661719],[39.207052,38.66184],[39.206978,38.661826]]]}},{"type":"Feature","id":"way/771517496","properties":{"osm_id":"way/771517496","osm_type":"way","building":"yes","name":null,"levels":null,"source":"OpenStreetMap","source_url":"https://www.openstreetmap.org/copyright","licence":"ODbL 1.0","retrieved_on":"2026-09-03","vulnerability_function_id":null,"vulnerability_class":"Not assigned","osm_tags":{"building":"yes"}},"geometry":{"type":"Polygon","coordinates":[[[39.206308,38.661797],[39.206544,38.661785],[39.206527,38.661596],[39.206291,38.661608],[39.206308,38.661797]]]}},{"type":"Feature","id":"way/771517497","properties":{"osm_id":"way/771517497","osm_type":"way","building":"yes","name":null,"levels":null,"source":"OpenStreetMap","source_url":"https://www.openstreetmap.org/copyright","licence":"ODbL 1.0","retrieved_on":"2026-09-03","vulnerability_function_id":null,"vulnerability_class":"Not assigned","osm_tags":{"building":"yes"}},"geometry":{"type":"Polygon","coordinates":[[[39.205962,38.661769],[39.205961,38.661672],[39.20616,38.661656],[39.206167,38.661761],[39.205962,38.661769]]]}},{"type":"Feature","id":"way/771517498","properties":{"osm_id":"way/771517498","osm_type":"way","building":"yes","name":null,"levels":null,"source":"OpenStreetMap","source_url":"https://www.openstreetmap.org/copyright","licence":"ODbL 1.0","retrieved_on":"2026-09-03","vulnerability_function_id":null,"vulnerability_class":"Not assigned","osm_tags":{"building":"yes"}},"geometry":{"type":"Polygon","coordinates":[[[39.205673,38.661468],[39.205678,38.661358],[39.205842,38.661362],[39.205837,38.661473],[39.205673,38.661468]]]}},{"type":"Feature","id":"way/771517499","properties":{"osm_id":"way/771517499","osm_type":"way","building":"yes","name":null,"levels":null,"source":"OpenStreetMap","source_url":"https://www.openstreetmap.org/copyright","licence":"ODbL 1.0","retrieved_on":"2026-09-03","vulnerability_function_id":null,"vulnerability_class":"Not assigned","osm_tags":{"building":"yes"}},"geometry":{"type":"Polygon","coordinates":[[[39.20548,38.661456],[39.205483,38.661362],[39.205619,38.661365],[39.205616,38.661459],[39.20548,38.661456]]]}},{"type":"Feature","id":"way/771517500","properties":{"osm_id":"way/771517500","osm_type":"way","building":"yes","name":null,"levels":null,"source":"OpenStreetMap","source_url":"https://www.openstreetmap.org/copyright","licence":"ODbL 1.0","retrieved_on":"2026-09-03","vulnerability_function_id":null,"vulnerability_class":"Not assigned","osm_tags":{"building":"yes"}},"geometry":{"type":"Polygon","coordinates":[[[39.205246,38.661474],[39.205246,38.661387],[39.205382,38.661387],[39.205381,38.661474],[39.205246,38.661474]]]}},{"type":"Feature","id":"way/771517501","properties":{"osm_id":"way/771517501","osm_type":"way","building":"yes","name":null,"levels":null,"source":"OpenStreetMap","source_url":"https://www.openstreetmap.org/copyright","licence":"ODbL 1.0","retrieved_on":"2026-09-03","vulnerability_function_id":null,"vulnerability_class":"Not assigned","osm_tags":{"building":"yes"}},"geometry":{"type":"Polygon","coordinates":[[[39.205454,38.66172],[39.205574,38.661718],[39.20557,38.66155],[39.20545,38.661552],[39.205454,38.66172]]]}},{"type":"Feature","id":"way/771517502","properties":{"osm_id":"way/771517502","osm_type":"way","building":"yes","name":null,"levels":null,"source":"OpenStreetMap","source_url":"https://www.openstreetmap.org/copyright","licence":"ODbL 1.0","retrieved_on":"2026-09-03","vulnerability_function_id":null,"vulnerability_class":"Not assigned","osm_tags":{"building":"yes"}},"geometry":{"type":"Polygon","coordinates":[[[39.205624,38.661747],[39.205612,38.661614],[39.205749,38.661606],[39.20576,38.66174],[39.205624,38.661747]]]}},{"type":"Feature","id":"way/771518576","properties":{"osm_id":"way/771518576","osm_type":"way","building":"yes","name":null,"levels":null,"source":"OpenStreetMap","source_url":"https://www.openstreetmap.org/copyright","licence":"ODbL 1.0","retrieved_on":"2026-09-03","vulnerability_function_id":null,"vulnerability_class":"Not assigned","osm_tags":{"building":"yes"}},"geometry":{"type":"Polygon","coordinates":[[[39.204417,38.66191],[39.204419,38.661818],[39.204548,38.66182],[39.204547,38.661912],[39.204417,38.66191]]]}},{"type":"Feature","id":"way/771518577","properties":{"osm_id":"way/771518577","osm_type":"way","building":"yes","name":null,"levels":null,"source":"OpenStreetMap","source_url":"https://www.openstreetmap.org/copyright","licence":"ODbL 1.0","retrieved_on":"2026-09-03","vulnerability_function_id":null,"vulnerability_class":"Not assigned","osm_tags":{"building":"yes"}},"geometry":{"type":"Polygon","coordinates":[[[39.204701,38.662582],[39.204731,38.662491],[39.204853,38.662516],[39.204822,38.662607],[39.204701,38.662582]]]}},{"type":"Feature","id":"way/771518578","properties":{"osm_id":"way/771518578","osm_type":"way","building":"yes","name":null,"levels":null,"source":"OpenStreetMap","source_url":"https://www.openstreetmap.org/copyright","licence":"ODbL 1.0","retrieved_on":"2026-09-03","vulnerability_function_id":null,"vulnerability_class":"Not assigned","osm_tags":{"building":"yes"}},"geometry":{"type":"Polygon","coordinates":[[[39.204918,38.662505],[39.20497,38.662355],[39.205114,38.662386],[39.205062,38.662536],[39.204918,38.662505]]]}},{"type":"Feature","id":"way/771518579","properties":{"osm_id":"way/771518579","osm_type":"way","building":"yes","name":null,"levels":null,"source":"OpenStreetMap","source_url":"https://www.openstreetmap.org/copyright","licence":"ODbL 1.0","retrieved_on":"2026-09-03","vulnerability_function_id":null,"vulnerability_class":"Not assigned","osm_tags":{"building":"yes"}},"geometry":{"type":"Polygon","coordinates":[[[39.204886,38.662599],[39.204917,38.662514],[39.205017,38.662536],[39.204986,38.662621],[39.204886,38.662599]]]}},{"type":"Feature","id":"way/771518580","properties":{"osm_id":"way/771518580","osm_type":"way","building":"yes","name":null,"levels":null,"source":"OpenStreetMap","source_url":"https://www.openstreetmap.org/copyright","licence":"ODbL 1.0","retrieved_on":"2026-09-03","vulnerability_function_id":null,"vulnerability_class":"Not assigned","osm_tags":{"building":"yes"}},"geometry":{"type":"Polygon","coordinates":[[[39.203979,38.662433],[39.204,38.662345],[39.204113,38.662361],[39.204092,38.662449],[39.203979,38.662433]]]}},{"type":"Feature","id":"way/771518581","properties":{"osm_id":"way/771518581","osm_type":"way","building":"yes","name":null,"levels":null,"source":"OpenStreetMap","source_url":"https://www.openstreetmap.org/copyright","licence":"ODbL 1.0","retrieved_on":"2026-09-03","vulnerability_function_id":null,"vulnerability_class":"Not assigned","osm_tags":{"building":"yes"}},"geometry":{"type":"Polygon","coordinates":[[[39.204365,38.662265],[39.204392,38.662178],[39.20452,38.662202],[39.204494,38.662289],[39.204365,38.662265]]]}},{"type":"Feature","id":"way/771518582","properties":{"osm_id":"way/771518582","osm_type":"way","building":"yes","name":null,"levels":null,"source":"OpenStreetMap","source_url":"https://www.openstreetmap.org/copyright","licence":"ODbL 1.0","retrieved_on":"2026-09-03","vulnerability_function_id":null,"vulnerability_class":"Not assigned","osm_tags":{"building":"yes"}},"geometry":{"type":"Polygon","coordinates":[[[39.204495,38.662589],[39.204518,38.662512],[39.204599,38.662528],[39.204576,38.662604],[39.204495,38.662589]]]}},{"type":"Feature","id":"way/771518583","properties":{"osm_id":"way/771518583","osm_type":"way","building":"yes","name":null,"levels":null,"source":"OpenStreetMap","source_url":"https://www.openstreetmap.org/copyright","licence":"ODbL 1.0","retrieved_on":"2026-09-03","vulnerability_function_id":null,"vulnerability_class":"Not assigned","osm_tags":{"building":"yes"}},"geometry":{"type":"Polygon","coordinates":[[[39.20414,38.662583],[39.204141,38.66251],[39.204269,38.662511],[39.204268,38.662584],[39.20414,38.662583]]]}},{"type":"Feature","id":"way/771518584","properties":{"osm_id":"way/771518584","osm_type":"way","building":"yes","name":null,"levels":null,"source":"OpenStreetMap","source_url":"https://www.openstreetmap.org/copyright","licence":"ODbL 1.0","retrieved_on":"2026-09-03","vulnerability_function_id":null,"vulnerability_class":"Not assigned","osm_tags":{"building":"yes"}},"geometry":{"type":"Polygon","coordinates":[[[39.203825,38.66253],[39.203777,38.662437],[39.203875,38.662406],[39.203923,38.662499],[39.203825,38.66253]]]}},{"type":"Feature","id":"way/771518585","properties":{"osm_id":"way/771518585","osm_type":"way","building":"yes","name":null,"levels":null,"source":"OpenStreetMap","source_url":"https://www.openstreetmap.org/copyright","licence":"ODbL 1.0","retrieved_on":"2026-09-03","vulnerability_function_id":null,"vulnerability_class":"Not assigned","osm_tags":{"building":"yes"}},"geometry":{"type":"Polygon","coordinates":[[[39.204168,38.662473],[39.204193,38.662359],[39.204307,38.662374],[39.204283,38.662488],[39.204168,38.662473]]]}},{"type":"Feature","id":"way/771518586","properties":{"osm_id":"way/771518586","osm_type":"way","building":"yes","name":null,"levels":null,"source":"OpenStreetMap","source_url":"https://www.openstreetmap.org/copyright","licence":"ODbL 1.0","retrieved_on":"2026-09-03","vulnerability_function_id":null,"vulnerability_class":"Not assigned","osm_tags":{"building":"yes"}},"geometry":{"type":"Polygon","coordinates":[[[39.205767,38.661746],[39.205879,38.661743],[39.205872,38.661597],[39.20576,38.6616],[39.205767,38.661746]]]}},{"type":"Feature","id":"way/771518587","properties":{"osm_id":"way/771518587","osm_type":"way","building":"yes","name":null,"levels":null,"source":"OpenStreetMap","source_url":"https://www.openstreetmap.org/copyright","licence":"ODbL 1.0","retrieved_on":"2026-09-03","vulnerability_function_id":null,"vulnerability_class":"Not assigned","osm_tags":{"building":"yes"}},"geometry":{"type":"Polygon","coordinates":[[[39.204597,38.66142],[39.204588,38.661321],[39.204793,38.66131],[39.204802,38.661408],[39.204597,38.66142]]]}},{"type":"Feature","id":"way/771641781","properties":{"osm_id":"way/771641781","osm_type":"way","building":"yes","name":null,"levels":null,"source":"OpenStreetMap","source_url":"https://www.openstreetmap.org/copyright","licence":"ODbL 1.0","retrieved_on":"2026-09-03","vulnerability_function_id":null,"vulnerability_class":"Not assigned","osm_tags":{"building":"yes"}},"geometry":{"type":"Polygon","coordinates":[[[39.20442,38.664488],[39.204343,38.664664],[39.204526,38.664712],[39.204602,38.664536],[39.20442,38.664488]]]}},{"type":"Feature","id":"way/771641782","properties":{"osm_id":"way/771641782","osm_type":"way","building":"yes","name":null,"levels":null,"source":"OpenStreetMap","source_url":"https://www.openstreetmap.org/copyright","licence":"ODbL 1.0","retrieved_on":"2026-09-03","vulnerability_function_id":null,"vulnerability_class":"Not assigned","osm_tags":{"building":"yes"}},"geometry":{"type":"Polygon","coordinates":[[[39.203969,38.664672],[39.204095,38.664716],[39.204153,38.664614],[39.204027,38.664571],[39.203969,38.664672]]]}},{"type":"Feature","id":"way/771641783","properties":{"osm_id":"way/771641783","osm_type":"way","building":"yes","name":null,"levels":null,"source":"OpenStreetMap","source_url":"https://www.openstreetmap.org/copyright","licence":"ODbL 1.0","retrieved_on":"2026-09-03","vulnerability_function_id":null,"vulnerability_class":"Not assigned","osm_tags":{"building":"yes"}},"geometry":{"type":"Polygon","coordinates":[[[39.203534,38.66448],[39.203602,38.664364],[39.203395,38.664291],[39.203328,38.664406],[39.203534,38.66448]]]}},{"type":"Feature","id":"way/771641784","properties":{"osm_id":"way/771641784","osm_type":"way","building":"yes","name":null,"levels":null,"source":"OpenStreetMap","source_url":"https://www.openstreetmap.org/copyright","licence":"ODbL 1.0","retrieved_on":"2026-09-03","vulnerability_function_id":null,"vulnerability_class":"Not assigned","osm_tags":{"building":"yes"}},"geometry":{"type":"Polygon","coordinates":[[[39.203652,38.664532],[39.203748,38.664388],[39.203665,38.664354],[39.203569,38.664499],[39.203652,38.664532]]]}},{"type":"Feature","id":"way/771641785","properties":{"osm_id":"way/771641785","osm_type":"way","building":"yes","name":null,"levels":null,"source":"OpenStreetMap","source_url":"https://www.openstreetmap.org/copyright","licence":"ODbL 1.0","retrieved_on":"2026-09-03","vulnerability_function_id":null,"vulnerability_class":"Not assigned","osm_tags":{"building":"yes"}},"geometry":{"type":"Polygon","coordinates":[[[39.203357,38.664302],[39.203419,38.664212],[39.203331,38.664175],[39.20327,38.664265],[39.203357,38.664302]]]}},{"type":"Feature","id":"way/771641786","properties":{"osm_id":"way/771641786","osm_type":"way","building":"yes","name":null,"levels":null,"source":"OpenStreetMap","source_url":"https://www.openstreetmap.org/copyright","licence":"ODbL 1.0","retrieved_on":"2026-09-03","vulnerability_function_id":null,"vulnerability_class":"Not assigned","osm_tags":{"building":"yes"}},"geometry":{"type":"Polygon","coordinates":[[[39.203832,38.663173],[39.203899,38.663116],[39.203822,38.663061],[39.203755,38.663117],[39.203832,38.663173]]]}},{"type":"Feature","id":"way/771641787","properties":{"osm_id":"way/771641787","osm_type":"way","building":"yes","name":null,"levels":null,"source":"OpenStreetMap","source_url":"https://www.openstreetmap.org/copyright","licence":"ODbL 1.0","retrieved_on":"2026-09-03","vulnerability_function_id":null,"vulnerability_class":"Not assigned","osm_tags":{"building":"yes"}},"geometry":{"type":"Polygon","coordinates":[[[39.203929,38.663108],[39.204003,38.663045],[39.203938,38.662999],[39.203864,38.663062],[39.203929,38.663108]]]}},{"type":"Feature","id":"way/771641788","properties":{"osm_id":"way/771641788","osm_type":"way","building":"yes","name":null,"levels":null,"source":"OpenStreetMap","source_url":"https://www.openstreetmap.org/copyright","licence":"ODbL 1.0","retrieved_on":"2026-09-03","vulnerability_function_id":null,"vulnerability_class":"Not assigned","osm_tags":{"building":"yes"}},"geometry":{"type":"Polygon","coordinates":[[[39.20336,38.663208],[39.203486,38.663202],[39.203483,38.66316],[39.203357,38.663166],[39.20336,38.663208]]]}},{"type":"Feature","id":"way/771641789","properties":{"osm_id":"way/771641789","osm_type":"way","building":"yes","name":null,"levels":null,"source":"OpenStreetMap","source_url":"https://www.openstreetmap.org/copyright","licence":"ODbL 1.0","retrieved_on":"2026-09-03","vulnerability_function_id":null,"vulnerability_class":"Not assigned","osm_tags":{"building":"yes"}},"geometry":{"type":"Polygon","coordinates":[[[39.20247,38.663929],[39.20271,38.664025],[39.20277,38.663933],[39.20253,38.663837],[39.20247,38.663929]]]}},{"type":"Feature","id":"way/771641790","properties":{"osm_id":"way/771641790","osm_type":"way","building":"yes","name":null,"levels":null,"source":"OpenStreetMap","source_url":"https://www.openstreetmap.org/copyright","licence":"ODbL 1.0","retrieved_on":"2026-09-03","vulnerability_function_id":null,"vulnerability_class":"Not assigned","osm_tags":{"building":"yes"}},"geometry":{"type":"Polygon","coordinates":[[[39.204269,38.663422],[39.204387,38.663469],[39.204443,38.663383],[39.204326,38.663336],[39.204269,38.663422]]]}},{"type":"Feature","id":"way/771643073","properties":{"osm_id":"way/771643073","osm_type":"way","building":"yes","name":null,"levels":null,"source":"OpenStreetMap","source_url":"https://www.openstreetmap.org/copyright","licence":"ODbL 1.0","retrieved_on":"2026-09-03","vulnerability_function_id":null,"vulnerability_class":"Not assigned","osm_tags":{"building":"yes"}},"geometry":{"type":"Polygon","coordinates":[[[39.201901,38.666641],[39.202008,38.666605],[39.201938,38.666476],[39.20183,38.666511],[39.201901,38.666641]]]}},{"type":"Feature","id":"way/771643074","properties":{"osm_id":"way/771643074","osm_type":"way","building":"yes","name":null,"levels":null,"source":"OpenStreetMap","source_url":"https://www.openstreetmap.org/copyright","licence":"ODbL 1.0","retrieved_on":"2026-09-03","vulnerability_function_id":null,"vulnerability_class":"Not assigned","osm_tags":{"building":"yes"}},"geometry":{"type":"Polygon","coordinates":[[[39.201778,38.6667],[39.201858,38.66667],[39.201784,38.666547],[39.201704,38.666576],[39.201778,38.6667]]]}},{"type":"Feature","id":"way/771643075","properties":{"osm_id":"way/771643075","osm_type":"way","building":"yes","name":null,"levels":null,"source":"OpenStreetMap","source_url":"https://www.openstreetmap.org/copyright","licence":"ODbL 1.0","retrieved_on":"2026-09-03","vulnerability_function_id":null,"vulnerability_class":"Not assigned","osm_tags":{"building":"yes"}},"geometry":{"type":"Polygon","coordinates":[[[39.201633,38.666739],[39.201705,38.666725],[39.201664,38.666602],[39.201592,38.666616],[39.201633,38.666739]]]}},{"type":"Feature","id":"way/771643076","properties":{"osm_id":"way/771643076","osm_type":"way","building":"yes","name":null,"levels":null,"source":"OpenStreetMap","source_url":"https://www.openstreetmap.org/copyright","licence":"ODbL 1.0","retrieved_on":"2026-09-03","vulnerability_function_id":null,"vulnerability_class":"Not assigned","osm_tags":{"building":"yes"}},"geometry":{"type":"Polygon","coordinates":[[[39.2013,38.666568],[39.201446,38.666529],[39.201358,38.666326],[39.201212,38.666365],[39.2013,38.666568]]]}},{"type":"Feature","id":"way/771643077","properties":{"osm_id":"way/771643077","osm_type":"way","building":"yes","name":null,"levels":null,"source":"OpenStreetMap","source_url":"https://www.openstreetmap.org/copyright","licence":"ODbL 1.0","retrieved_on":"2026-09-03","vulnerability_function_id":null,"vulnerability_class":"Not assigned","osm_tags":{"building":"yes"}},"geometry":{"type":"Polygon","coordinates":[[[39.201362,38.666733],[39.201523,38.666695],[39.201481,38.666584],[39.201319,38.666622],[39.201362,38.666733]]]}},{"type":"Feature","id":"way/771643078","properties":{"osm_id":"way/771643078","osm_type":"way","building":"yes","name":null,"levels":null,"source":"OpenStreetMap","source_url":"https://www.openstreetmap.org/copyright","licence":"ODbL 1.0","retrieved_on":"2026-09-03","vulnerability_function_id":null,"vulnerability_class":"Not assigned","osm_tags":{"building":"yes"}},"geometry":{"type":"Polygon","coordinates":[[[39.200334,38.666796],[39.200448,38.666777],[39.200389,38.666563],[39.200275,38.666582],[39.200334,38.666796]]]}},{"type":"Feature","id":"way/771643079","properties":{"osm_id":"way/771643079","osm_type":"way","building":"yes","name":null,"levels":null,"source":"OpenStreetMap","source_url":"https://www.openstreetmap.org/copyright","licence":"ODbL 1.0","retrieved_on":"2026-09-03","vulnerability_function_id":null,"vulnerability_class":"Not assigned","osm_tags":{"building":"yes"}},"geometry":{"type":"Polygon","coordinates":[[[39.20078,38.668038],[39.200922,38.667929],[39.200795,38.667828],[39.200653,38.667937],[39.20078,38.668038]]]}},{"type":"Feature","id":"way/771643080","properties":{"osm_id":"way/771643080","osm_type":"way","building":"yes","name":null,"levels":null,"source":"OpenStreetMap","source_url":"https://www.openstreetmap.org/copyright","licence":"ODbL 1.0","retrieved_on":"2026-09-03","vulnerability_function_id":null,"vulnerability_class":"Not assigned","osm_tags":{"building":"yes"}},"geometry":{"type":"Polygon","coordinates":[[[39.200605,38.667812],[39.200643,38.667763],[39.200558,38.667723],[39.200521,38.667772],[39.200605,38.667812]]]}},{"type":"Feature","id":"way/771643081","properties":{"osm_id":"way/771643081","osm_type":"way","building":"yes","name":null,"levels":null,"source":"OpenStreetMap","source_url":"https://www.openstreetmap.org/copyright","licence":"ODbL 1.0","retrieved_on":"2026-09-03","vulnerability_function_id":null,"vulnerability_class":"Not assigned","osm_tags":{"building":"yes"}},"geometry":{"type":"Polygon","coordinates":[[[39.200466,38.667918],[39.20051,38.667924],[39.200529,38.667836],[39.200485,38.667831],[39.200466,38.667918]]]}},{"type":"Feature","id":"way/771643082","properties":{"osm_id":"way/771643082","osm_type":"way","building":"yes","name":null,"levels":null,"source":"OpenStreetMap","source_url":"https://www.openstreetmap.org/copyright","licence":"ODbL 1.0","retrieved_on":"2026-09-03","vulnerability_function_id":null,"vulnerability_class":"Not assigned","osm_tags":{"building":"yes"}},"geometry":{"type":"Polygon","coordinates":[[[39.20067,38.667749],[39.200739,38.667674],[39.200621,38.667607],[39.200552,38.667682],[39.20067,38.667749]]]}},{"type":"Feature","id":"way/771643083","properties":{"osm_id":"way/771643083","osm_type":"way","building":"yes","name":null,"levels":null,"source":"OpenStreetMap","source_url":"https://www.openstreetmap.org/copyright","licence":"ODbL 1.0","retrieved_on":"2026-09-03","vulnerability_function_id":null,"vulnerability_class":"Not assigned","osm_tags":{"building":"yes"}},"geometry":{"type":"Polygon","coordinates":[[[39.20075,38.667476],[39.200673,38.66755],[39.200789,38.667624],[39.200866,38.66755],[39.20075,38.667476]]]}},{"type":"Feature","id":"way/771643084","properties":{"osm_id":"way/771643084","osm_type":"way","building":"yes","name":null,"levels":null,"source":"OpenStreetMap","source_url":"https://www.openstreetmap.org/copyright","licence":"ODbL 1.0","retrieved_on":"2026-09-03","vulnerability_function_id":null,"vulnerability_class":"Not assigned","osm_tags":{"building":"yes"}},"geometry":{"type":"Polygon","coordinates":[[[39.201075,38.66737],[39.200973,38.667292],[39.200803,38.667428],[39.200905,38.667506],[39.201075,38.66737]]]}},{"type":"Feature","id":"way/771643085","properties":{"osm_id":"way/771643085","osm_type":"way","building":"yes","name":null,"levels":null,"source":"OpenStreetMap","source_url":"https://www.openstreetmap.org/copyright","licence":"ODbL 1.0","retrieved_on":"2026-09-03","vulnerability_function_id":null,"vulnerability_class":"Not assigned","osm_tags":{"building":"yes"}},"geometry":{"type":"Polygon","coordinates":[[[39.201035,38.667164],[39.200917,38.667169],[39.200922,38.667263],[39.20104,38.667259],[39.201035,38.667164]]]}},{"type":"Feature","id":"way/771643086","properties":{"osm_id":"way/771643086","osm_type":"way","building":"yes","name":null,"levels":null,"source":"OpenStreetMap","source_url":"https://www.openstreetmap.org/copyright","licence":"ODbL 1.0","retrieved_on":"2026-09-03","vulnerability_function_id":null,"vulnerability_class":"Not assigned","osm_tags":{"building":"yes"}},"geometry":{"type":"Polygon","coordinates":[[[39.200756,38.667332],[39.200863,38.667332],[39.200863,38.667204],[39.200756,38.667204],[39.200756,38.667332]]]}},{"type":"Feature","id":"way/771643087","properties":{"osm_id":"way/771643087","osm_type":"way","building":"yes","name":null,"levels":null,"source":"OpenStreetMap","source_url":"https://www.openstreetmap.org/copyright","licence":"ODbL 1.0","retrieved_on":"2026-09-03","vulnerability_function_id":null,"vulnerability_class":"Not assigned","osm_tags":{"building":"yes"}},"geometry":{"type":"Polygon","coordinates":[[[39.200302,38.667941],[39.200434,38.667928],[39.200418,38.66783],[39.200286,38.667843],[39.200302,38.667941]]]}},{"type":"Feature","id":"way/771643088","properties":{"osm_id":"way/771643088","osm_type":"way","building":"yes","name":null,"levels":null,"source":"OpenStreetMap","source_url":"https://www.openstreetmap.org/copyright","licence":"ODbL 1.0","retrieved_on":"2026-09-03","vulnerability_function_id":null,"vulnerability_class":"Not assigned","osm_tags":{"building":"yes"}},"geometry":{"type":"Polygon","coordinates":[[[39.200353,38.667743],[39.200513,38.667734],[39.200497,38.667554],[39.200337,38.667562],[39.200353,38.667743]]]}},{"type":"Feature","id":"way/771643089","properties":{"osm_id":"way/771643089","osm_type":"way","building":"yes","name":null,"levels":null,"source":"OpenStreetMap","source_url":"https://www.openstreetmap.org/copyright","licence":"ODbL 1.0","retrieved_on":"2026-09-03","vulnerability_function_id":null,"vulnerability_class":"Not assigned","osm_tags":{"building":"yes"}},"geometry":{"type":"Polygon","coordinates":[[[39.200327,38.667508],[39.200503,38.667491],[39.200471,38.667288],[39.200294,38.667305],[39.200327,38.667508]]]}},{"type":"Feature","id":"way/771643090","properties":{"osm_id":"way/771643090","osm_type":"way","building":"yes","name":null,"levels":null,"source":"OpenStreetMap","source_url":"https://www.openstreetmap.org/copyright","licence":"ODbL 1.0","retrieved_on":"2026-09-03","vulnerability_function_id":null,"vulnerability_class":"Not assigned","osm_tags":{"building":"yes"}},"geometry":{"type":"Polygon","coordinates":[[[39.199806,38.668046],[39.200079,38.66801],[39.200063,38.667936],[39.19979,38.667973],[39.199806,38.668046]]]}},{"type":"Feature","id":"way/771643091","properties":{"osm_id":"way/771643091","osm_type":"way","building":"yes","name":null,"levels":null,"source":"OpenStreetMap","source_url":"https://www.openstreetmap.org/copyright","licence":"ODbL 1.0","retrieved_on":"2026-09-03","vulnerability_function_id":null,"vulnerability_class":"Not assigned","osm_tags":{"building":"yes"}},"geometry":{"type":"Polygon","coordinates":[[[39.19982,38.667931],[39.1999,38.667923],[39.199887,38.667837],[39.199806,38.667845],[39.19982,38.667931]]]}},{"type":"Feature","id":"way/771643092","properties":{"osm_id":"way/771643092","osm_type":"way","building":"yes","name":null,"levels":null,"source":"OpenStreetMap","source_url":"https://www.openstreetmap.org/copyright","licence":"ODbL 1.0","retrieved_on":"2026-09-03","vulnerability_function_id":null,"vulnerability_class":"Not assigned","osm_tags":{"building":"yes"}},"geometry":{"type":"Polygon","coordinates":[[[39.200053,38.667696],[39.199814,38.667743],[39.199838,38.667819],[39.200077,38.667772],[39.200053,38.667696]]]}},{"type":"Feature","id":"way/771643093","properties":{"osm_id":"way/771643093","osm_type":"way","building":"yes","name":null,"levels":null,"source":"OpenStreetMap","source_url":"https://www.openstreetmap.org/copyright","licence":"ODbL 1.0","retrieved_on":"2026-09-03","vulnerability_function_id":null,"vulnerability_class":"Not assigned","osm_tags":{"building":"yes"}},"geometry":{"type":"Polygon","coordinates":[[[39.199897,38.667692],[39.200055,38.667662],[39.200037,38.667602],[39.199879,38.667631],[39.199897,38.667692]]]}},{"type":"Feature","id":"way/771643094","properties":{"osm_id":"way/771643094","osm_type":"way","building":"yes","name":null,"levels":null,"source":"OpenStreetMap","source_url":"https://www.openstreetmap.org/copyright","licence":"ODbL 1.0","retrieved_on":"2026-09-03","vulnerability_function_id":null,"vulnerability_class":"Not assigned","osm_tags":{"building":"yes"}},"geometry":{"type":"Polygon","coordinates":[[[39.199865,38.667602],[39.200058,38.667574],[39.200036,38.667484],[39.199844,38.667512],[39.199865,38.667602]]]}},{"type":"Feature","id":"way/771643095","properties":{"osm_id":"way/771643095","osm_type":"way","building":"yes","name":null,"levels":null,"source":"OpenStreetMap","source_url":"https://www.openstreetmap.org/copyright","licence":"ODbL 1.0","retrieved_on":"2026-09-03","vulnerability_function_id":null,"vulnerability_class":"Not assigned","osm_tags":{"building":"yes"}},"geometry":{"type":"Polygon","coordinates":[[[39.199825,38.667307],[39.199832,38.667457],[39.200015,38.667451],[39.200008,38.667302],[39.199825,38.667307]]]}},{"type":"Feature","id":"way/771643096","properties":{"osm_id":"way/771643096","osm_type":"way","building":"yes","name":null,"levels":null,"source":"OpenStreetMap","source_url":"https://www.openstreetmap.org/copyright","licence":"ODbL 1.0","retrieved_on":"2026-09-03","vulnerability_function_id":null,"vulnerability_class":"Not assigned","osm_tags":{"building":"yes"}},"geometry":{"type":"Polygon","coordinates":[[[39.199527,38.667483],[39.199724,38.667477],[39.19972,38.667407],[39.199524,38.667413],[39.199527,38.667483]]]}},{"type":"Feature","id":"way/771643097","properties":{"osm_id":"way/771643097","osm_type":"way","building":"yes","name":null,"levels":null,"source":"OpenStreetMap","source_url":"https://www.openstreetmap.org/copyright","licence":"ODbL 1.0","retrieved_on":"2026-09-03","vulnerability_function_id":null,"vulnerability_class":"Not assigned","osm_tags":{"building":"yes"}},"geometry":{"type":"Polygon","coordinates":[[[39.199476,38.667577],[39.199683,38.667571],[39.19968,38.667514],[39.199474,38.66752],[39.199476,38.667577]]]}},{"type":"Feature","id":"way/771643098","properties":{"osm_id":"way/771643098","osm_type":"way","building":"yes","name":null,"levels":null,"source":"OpenStreetMap","source_url":"https://www.openstreetmap.org/copyright","licence":"ODbL 1.0","retrieved_on":"2026-09-03","vulnerability_function_id":null,"vulnerability_class":"Not assigned","osm_tags":{"building":"yes"}},"geometry":{"type":"Polygon","coordinates":[[[39.1995,38.667676],[39.199696,38.66767],[39.199694,38.667619],[39.199498,38.667625],[39.1995,38.667676]]]}},{"type":"Feature","id":"way/771643099","properties":{"osm_id":"way/771643099","osm_type":"way","building":"yes","name":null,"levels":null,"source":"OpenStreetMap","source_url":"https://www.openstreetmap.org/copyright","licence":"ODbL 1.0","retrieved_on":"2026-09-03","vulnerability_function_id":null,"vulnerability_class":"Not assigned","osm_tags":{"building":"yes"}},"geometry":{"type":"Polygon","coordinates":[[[39.199514,38.667803],[39.199678,38.667799],[39.199675,38.667722],[39.19951,38.667726],[39.199514,38.667803]]]}},{"type":"Feature","id":"way/771643100","properties":{"osm_id":"way/771643100","osm_type":"way","building":"yes","name":null,"levels":null,"source":"OpenStreetMap","source_url":"https://www.openstreetmap.org/copyright","licence":"ODbL 1.0","retrieved_on":"2026-09-03","vulnerability_function_id":null,"vulnerability_class":"Not assigned","osm_tags":{"building":"yes"}},"geometry":{"type":"Polygon","coordinates":[[[39.199517,38.667998],[39.199723,38.667992],[39.199718,38.66787],[39.199511,38.667876],[39.199517,38.667998]]]}},{"type":"Feature","id":"way/771643101","properties":{"osm_id":"way/771643101","osm_type":"way","building":"yes","name":null,"levels":null,"source":"OpenStreetMap","source_url":"https://www.openstreetmap.org/copyright","licence":"ODbL 1.0","retrieved_on":"2026-09-03","vulnerability_function_id":null,"vulnerability_class":"Not assigned","osm_tags":{"building":"yes"}},"geometry":{"type":"Polygon","coordinates":[[[39.199549,38.668193],[39.199725,38.668188],[39.19972,38.668078],[39.199543,38.668083],[39.199549,38.668193]]]}},{"type":"Feature","id":"way/771695330","properties":{"osm_id":"way/771695330","osm_type":"way","building":"yes","name":null,"levels":null,"source":"OpenStreetMap","source_url":"https://www.openstreetmap.org/copyright","licence":"ODbL 1.0","retrieved_on":"2026-09-03","vulnerability_function_id":null,"vulnerability_class":"Not assigned","osm_tags":{"building":"yes"}},"geometry":{"type":"Polygon","coordinates":[[[39.230182,38.684985],[39.229989,38.684943],[39.230005,38.684851],[39.230225,38.684876],[39.230219,38.684997],[39.230182,38.684985]]]}},{"type":"Feature","id":"way/771695332","properties":{"osm_id":"way/771695332","osm_type":"way","building":"yes","name":null,"levels":null,"source":"OpenStreetMap","source_url":"https://www.openstreetmap.org/copyright","licence":"ODbL 1.0","retrieved_on":"2026-09-03","vulnerability_function_id":null,"vulnerability_class":"Not assigned","osm_tags":{"building":"yes"}},"geometry":{"type":"Polygon","coordinates":[[[39.227748,38.683951],[39.227864,38.683969],[39.22786,38.683918],[39.227804,38.683892],[39.227748,38.683951]]]}},{"type":"Feature","id":"way/771695333","properties":{"osm_id":"way/771695333","osm_type":"way","building":"yes","name":null,"levels":null,"source":"OpenStreetMap","source_url":"https://www.openstreetmap.org/copyright","licence":"ODbL 1.0","retrieved_on":"2026-09-03","vulnerability_function_id":null,"vulnerability_class":"Not assigned","osm_tags":{"building":"yes"}},"geometry":{"type":"Polygon","coordinates":[[[39.228373,38.684082],[39.228247,38.684053],[39.228303,38.683896],[39.228462,38.683922],[39.228373,38.684082]]]}},{"type":"Feature","id":"way/771695334","properties":{"osm_id":"way/771695334","osm_type":"way","building":"yes","name":null,"levels":null,"source":"OpenStreetMap","source_url":"https://www.openstreetmap.org/copyright","licence":"ODbL 1.0","retrieved_on":"2026-09-03","vulnerability_function_id":null,"vulnerability_class":"Not assigned","osm_tags":{"building":"yes"}},"geometry":{"type":"Polygon","coordinates":[[[39.228803,38.684108],[39.228859,38.684042],[39.229256,38.684097],[39.229228,38.68418],[39.228803,38.684108]]]}},{"type":"Feature","id":"way/771695335","properties":{"osm_id":"way/771695335","osm_type":"way","building":"yes","name":null,"levels":null,"source":"OpenStreetMap","source_url":"https://www.openstreetmap.org/copyright","licence":"ODbL 1.0","retrieved_on":"2026-09-03","vulnerability_function_id":null,"vulnerability_class":"Not assigned","osm_tags":{"building":"yes"}},"geometry":{"type":"Polygon","coordinates":[[[39.229275,38.68398],[39.228892,38.683918],[39.228915,38.683845],[39.229321,38.683914],[39.229275,38.68398]]]}},{"type":"Feature","id":"way/771695336","properties":{"osm_id":"way/771695336","osm_type":"way","building":"yes","name":null,"levels":null,"source":"OpenStreetMap","source_url":"https://www.openstreetmap.org/copyright","licence":"ODbL 1.0","retrieved_on":"2026-09-03","vulnerability_function_id":null,"vulnerability_class":"Not assigned","osm_tags":{"building":"yes"}},"geometry":{"type":"Polygon","coordinates":[[[39.229606,38.683473],[39.229443,38.683455],[39.22948,38.683324],[39.229625,38.683342],[39.229606,38.683473]]]}},{"type":"Feature","id":"way/771695337","properties":{"osm_id":"way/771695337","osm_type":"way","building":"yes","name":null,"levels":null,"source":"OpenStreetMap","source_url":"https://www.openstreetmap.org/copyright","licence":"ODbL 1.0","retrieved_on":"2026-09-03","vulnerability_function_id":null,"vulnerability_class":"Not assigned","osm_tags":{"building":"yes"}},"geometry":{"type":"Polygon","coordinates":[[[39.229653,38.683306],[39.229494,38.683284],[39.22955,38.683156],[39.229602,38.683134],[39.229718,38.683138],[39.229653,38.683306]]]}},{"type":"Feature","id":"way/771695338","properties":{"osm_id":"way/771695338","osm_type":"way","building":"yes","name":null,"levels":null,"source":"OpenStreetMap","source_url":"https://www.openstreetmap.org/copyright","licence":"ODbL 1.0","retrieved_on":"2026-09-03","vulnerability_function_id":null,"vulnerability_class":"Not assigned","osm_tags":{"building":"yes"}},"geometry":{"type":"Polygon","coordinates":[[[39.229387,38.683495],[39.229419,38.683422],[39.228696,38.683309],[39.228696,38.683368],[39.228822,38.683397],[39.228868,38.68343],[39.228943,38.683462],[39.228915,38.683564],[39.229051,38.683597],[39.229088,38.683506],[39.2292,38.683502],[39.229251,38.683459],[39.229387,38.683495]]]}},{"type":"Feature","id":"way/771695358","properties":{"osm_id":"way/771695358","osm_type":"way","building":"yes","name":null,"levels":null,"source":"OpenStreetMap","source_url":"https://www.openstreetmap.org/copyright","licence":"ODbL 1.0","retrieved_on":"2026-09-03","vulnerability_function_id":null,"vulnerability_class":"Not assigned","osm_tags":{"building":"yes"}},"geometry":{"type":"Polygon","coordinates":[[[39.22997,38.682132],[39.230039,38.681839],[39.229777,38.681848],[39.22976,38.682099],[39.22997,38.682132]]]}},{"type":"Feature","id":"way/771695359","properties":{"osm_id":"way/771695359","osm_type":"way","building":"yes","name":null,"levels":null,"source":"OpenStreetMap","source_url":"https://www.openstreetmap.org/copyright","licence":"ODbL 1.0","retrieved_on":"2026-09-03","vulnerability_function_id":null,"vulnerability_class":"Not assigned","osm_tags":{"building":"yes"}},"geometry":{"type":"Polygon","coordinates":[[[39.229728,38.681701],[39.230013,38.681802],[39.230163,38.681471],[39.229836,38.681425],[39.229728,38.681701]]]}},{"type":"Feature","id":"way/771695362","properties":{"osm_id":"way/771695362","osm_type":"way","building":"yes","name":null,"levels":null,"source":"OpenStreetMap","source_url":"https://www.openstreetmap.org/copyright","licence":"ODbL 1.0","retrieved_on":"2026-09-03","vulnerability_function_id":null,"vulnerability_class":"Not assigned","osm_tags":{"building":"yes"}},"geometry":{"type":"Polygon","coordinates":[[[39.230034,38.680558],[39.229782,38.680273],[39.2299,38.680294],[39.230109,38.680529],[39.230034,38.680558]]]}},{"type":"Feature","id":"way/771695375","properties":{"osm_id":"way/771695375","osm_type":"way","building":"yes","name":null,"levels":null,"source":"OpenStreetMap","source_url":"https://www.openstreetmap.org/copyright","licence":"ODbL 1.0","retrieved_on":"2026-09-03","vulnerability_function_id":null,"vulnerability_class":"Not assigned","osm_tags":{"building":"yes"}},"geometry":{"type":"Polygon","coordinates":[[[39.228672,38.678204],[39.228336,38.678168],[39.228345,38.678029],[39.228578,38.678124],[39.228672,38.678204]]]}},{"type":"Feature","id":"way/771695376","properties":{"osm_id":"way/771695376","osm_type":"way","building":"yes","name":null,"levels":null,"source":"OpenStreetMap","source_url":"https://www.openstreetmap.org/copyright","licence":"ODbL 1.0","retrieved_on":"2026-09-03","vulnerability_function_id":null,"vulnerability_class":"Not assigned","osm_tags":{"building":"yes"}},"geometry":{"type":"Polygon","coordinates":[[[39.228009,38.678168],[39.227794,38.678146],[39.227859,38.677577],[39.228074,38.677723],[39.228009,38.678168]]]}},{"type":"Feature","id":"way/771695377","properties":{"osm_id":"way/771695377","osm_type":"way","building":"yes","name":null,"levels":null,"source":"OpenStreetMap","source_url":"https://www.openstreetmap.org/copyright","licence":"ODbL 1.0","retrieved_on":"2026-09-03","vulnerability_function_id":null,"vulnerability_class":"Not assigned","osm_tags":{"building":"yes"}},"geometry":{"type":"Polygon","coordinates":[[[39.227495,38.678138],[39.227318,38.678087],[39.227355,38.677825],[39.227504,38.677883],[39.227495,38.678138]]]}},{"type":"Feature","id":"way/771695378","properties":{"osm_id":"way/771695378","osm_type":"way","building":"yes","name":null,"levels":null,"source":"OpenStreetMap","source_url":"https://www.openstreetmap.org/copyright","licence":"ODbL 1.0","retrieved_on":"2026-09-03","vulnerability_function_id":null,"vulnerability_class":"Not assigned","osm_tags":{"building":"yes"}},"geometry":{"type":"Polygon","coordinates":[[[39.227075,38.677628],[39.226879,38.677599],[39.227047,38.677052],[39.227159,38.677045],[39.227075,38.677628]]]}},{"type":"Feature","id":"way/771695379","properties":{"osm_id":"way/771695379","osm_type":"way","building":"yes","name":null,"levels":null,"source":"OpenStreetMap","source_url":"https://www.openstreetmap.org/copyright","licence":"ODbL 1.0","retrieved_on":"2026-09-03","vulnerability_function_id":null,"vulnerability_class":"Not assigned","osm_tags":{"building":"yes"}},"geometry":{"type":"Polygon","coordinates":[[[39.227542,38.677686],[39.227252,38.677628],[39.227308,38.677242],[39.227402,38.677242],[39.22743,38.677591],[39.227532,38.677599],[39.227579,38.67746],[39.227598,38.677621],[39.227542,38.677686]]]}},{"type":"Feature","id":"way/771702821","properties":{"osm_id":"way/771702821","osm_type":"way","building":"yes","name":null,"levels":null,"source":"OpenStreetMap","source_url":"https://www.openstreetmap.org/copyright","licence":"ODbL 1.0","retrieved_on":"2026-09-03","vulnerability_function_id":null,"vulnerability_class":"Not assigned","osm_tags":{"building":"yes"}},"geometry":{"type":"Polygon","coordinates":[[[39.212524,38.671784],[39.212525,38.671662],[39.212692,38.671663],[39.212798,38.671688],[39.212778,38.67174],[39.21273,38.671787],[39.212657,38.67177],[39.212631,38.671785],[39.212524,38.671784]]]}},{"type":"Feature","id":"way/771702823","properties":{"osm_id":"way/771702823","osm_type":"way","building":"yes","name":null,"levels":null,"source":"OpenStreetMap","source_url":"https://www.openstreetmap.org/copyright","licence":"ODbL 1.0","retrieved_on":"2026-09-03","vulnerability_function_id":null,"vulnerability_class":"Not assigned","osm_tags":{"building":"yes"}},"geometry":{"type":"Polygon","coordinates":[[[39.21192,38.671718],[39.212017,38.671749],[39.211979,38.671822],[39.211867,38.67182],[39.21192,38.671718]]]}},{"type":"Feature","id":"way/771702824","properties":{"osm_id":"way/771702824","osm_type":"way","building":"yes","name":null,"levels":null,"source":"OpenStreetMap","source_url":"https://www.openstreetmap.org/copyright","licence":"ODbL 1.0","retrieved_on":"2026-09-03","vulnerability_function_id":null,"vulnerability_class":"Not assigned","osm_tags":{"building":"yes"}},"geometry":{"type":"Polygon","coordinates":[[[39.211905,38.671473],[39.211778,38.671428],[39.211812,38.671369],[39.211802,38.671366],[39.211823,38.671329],[39.21184,38.671335],[39.211857,38.671306],[39.211978,38.67135],[39.211905,38.671473]]]}},{"type":"Feature","id":"way/771702825","properties":{"osm_id":"way/771702825","osm_type":"way","building":"yes","name":null,"levels":null,"source":"OpenStreetMap","source_url":"https://www.openstreetmap.org/copyright","licence":"ODbL 1.0","retrieved_on":"2026-09-03","vulnerability_function_id":null,"vulnerability_class":"Not assigned","osm_tags":{"building":"yes"}},"geometry":{"type":"Polygon","coordinates":[[[39.212741,38.671098],[39.212631,38.671076],[39.212658,38.670994],[39.212768,38.671017],[39.212741,38.671098]]]}},{"type":"Feature","id":"way/771702826","properties":{"osm_id":"way/771702826","osm_type":"way","building":"yes","name":null,"levels":null,"source":"OpenStreetMap","source_url":"https://www.openstreetmap.org/copyright","licence":"ODbL 1.0","retrieved_on":"2026-09-03","vulnerability_function_id":null,"vulnerability_class":"Not assigned","osm_tags":{"building":"yes"}},"geometry":{"type":"Polygon","coordinates":[[[39.213383,38.670651],[39.21334,38.670648],[39.213342,38.670632],[39.213305,38.67063],[39.213313,38.670554],[39.213448,38.670562],[39.21344,38.67064],[39.213385,38.670636],[39.213383,38.670651]]]}},{"type":"Feature","id":"way/771702828","properties":{"osm_id":"way/771702828","osm_type":"way","building":"yes","name":null,"levels":null,"source":"OpenStreetMap","source_url":"https://www.openstreetmap.org/copyright","licence":"ODbL 1.0","retrieved_on":"2026-09-03","vulnerability_function_id":null,"vulnerability_class":"Not assigned","osm_tags":{"building":"yes"}},"geometry":{"type":"Polygon","coordinates":[[[39.21396,38.670387],[39.214065,38.670325],[39.214031,38.670248],[39.214017,38.670234],[39.213934,38.670283],[39.21396,38.67031],[39.213912,38.670338],[39.21396,38.670387]]]}},{"type":"Feature","id":"way/771702829","properties":{"osm_id":"way/771702829","osm_type":"way","building":"yes","name":null,"levels":null,"source":"OpenStreetMap","source_url":"https://www.openstreetmap.org/copyright","licence":"ODbL 1.0","retrieved_on":"2026-09-03","vulnerability_function_id":null,"vulnerability_class":"Not assigned","osm_tags":{"building":"yes"}},"geometry":{"type":"Polygon","coordinates":[[[39.214219,38.670258],[39.214315,38.670217],[39.214267,38.670148],[39.214171,38.670189],[39.214219,38.670258]]]}},{"type":"Feature","id":"way/771702830","properties":{"osm_id":"way/771702830","osm_type":"way","building":"yes","name":null,"levels":null,"source":"OpenStreetMap","source_url":"https://www.openstreetmap.org/copyright","licence":"ODbL 1.0","retrieved_on":"2026-09-03","vulnerability_function_id":null,"vulnerability_class":"Not assigned","osm_tags":{"building":"yes"}},"geometry":{"type":"Polygon","coordinates":[[[39.213381,38.669531],[39.213552,38.669538],[39.213546,38.669621],[39.213375,38.669614],[39.213381,38.669531]]]}},{"type":"Feature","id":"way/771702831","properties":{"osm_id":"way/771702831","osm_type":"way","building":"yes","name":null,"levels":null,"source":"OpenStreetMap","source_url":"https://www.openstreetmap.org/copyright","licence":"ODbL 1.0","retrieved_on":"2026-09-03","vulnerability_function_id":null,"vulnerability_class":"Not assigned","osm_tags":{"building":"yes"}},"geometry":{"type":"Polygon","coordinates":[[[39.213596,38.669844],[39.213694,38.669857],[39.213673,38.669952],[39.213539,38.669934],[39.21355,38.669885],[39.213588,38.669882],[39.213596,38.669844]]]}},{"type":"Feature","id":"way/771702832","properties":{"osm_id":"way/771702832","osm_type":"way","building":"yes","name":null,"levels":null,"source":"OpenStreetMap","source_url":"https://www.openstreetmap.org/copyright","licence":"ODbL 1.0","retrieved_on":"2026-09-03","vulnerability_function_id":null,"vulnerability_class":"Not assigned","osm_tags":{"building":"yes"}},"geometry":{"type":"Polygon","coordinates":[[[39.215684,38.669389],[39.215632,38.669449],[39.215701,38.669485],[39.215748,38.669535],[39.215832,38.669488],[39.215792,38.669445],[39.215684,38.669389]]]}},{"type":"Feature","id":"way/771702833","properties":{"osm_id":"way/771702833","osm_type":"way","building":"yes","name":null,"levels":null,"source":"OpenStreetMap","source_url":"https://www.openstreetmap.org/copyright","licence":"ODbL 1.0","retrieved_on":"2026-09-03","vulnerability_function_id":null,"vulnerability_class":"Not assigned","osm_tags":{"building":"yes"}},"geometry":{"type":"Polygon","coordinates":[[[39.215853,38.669497],[39.215826,38.669456],[39.2158,38.669438],[39.215835,38.669426],[39.215834,38.669408],[39.216,38.66932],[39.216041,38.669337],[39.216063,38.669372],[39.216063,38.669411],[39.215853,38.669497]]]}},{"type":"Feature","id":"way/771702836","properties":{"osm_id":"way/771702836","osm_type":"way","building":"yes","name":null,"levels":null,"source":"OpenStreetMap","source_url":"https://www.openstreetmap.org/copyright","licence":"ODbL 1.0","retrieved_on":"2026-09-03","vulnerability_function_id":null,"vulnerability_class":"Not assigned","osm_tags":{"building":"yes"}},"geometry":{"type":"Polygon","coordinates":[[[39.215762,38.669691],[39.215906,38.669774],[39.215874,38.669807],[39.215878,38.669843],[39.215904,38.669857],[39.215835,38.66993],[39.215673,38.669837],[39.215717,38.669791],[39.215685,38.669773],[39.215762,38.669691]]]}},{"type":"Feature","id":"way/771702837","properties":{"osm_id":"way/771702837","osm_type":"way","building":"yes","name":null,"levels":null,"source":"OpenStreetMap","source_url":"https://www.openstreetmap.org/copyright","licence":"ODbL 1.0","retrieved_on":"2026-09-03","vulnerability_function_id":null,"vulnerability_class":"Not assigned","osm_tags":{"building":"yes"}},"geometry":{"type":"Polygon","coordinates":[[[39.215392,38.669956],[39.215333,38.670113],[39.215337,38.67014],[39.215391,38.670156],[39.215416,38.670155],[39.215517,38.669992],[39.215504,38.669969],[39.215447,38.669952],[39.215392,38.669956]]]}},{"type":"Feature","id":"way/771702838","properties":{"osm_id":"way/771702838","osm_type":"way","building":"yes","name":null,"levels":null,"source":"OpenStreetMap","source_url":"https://www.openstreetmap.org/copyright","licence":"ODbL 1.0","retrieved_on":"2026-09-03","vulnerability_function_id":null,"vulnerability_class":"Not assigned","osm_tags":{"building":"yes"}},"geometry":{"type":"Polygon","coordinates":[[[39.215969,38.670741],[39.216078,38.670688],[39.216122,38.670745],[39.216138,38.670806],[39.216052,38.670847],[39.215969,38.670741]]]}},{"type":"Feature","id":"way/771702839","properties":{"osm_id":"way/771702839","osm_type":"way","building":"yes","name":null,"levels":null,"source":"OpenStreetMap","source_url":"https://www.openstreetmap.org/copyright","licence":"ODbL 1.0","retrieved_on":"2026-09-03","vulnerability_function_id":null,"vulnerability_class":"Not assigned","osm_tags":{"building":"yes"}},"geometry":{"type":"Polygon","coordinates":[[[39.215855,38.670767],[39.215636,38.670855],[39.215713,38.670958],[39.215968,38.670859],[39.215885,38.670756],[39.215855,38.670767]]]}},{"type":"Feature","id":"way/771704126","properties":{"osm_id":"way/771704126","osm_type":"way","building":"yes","name":null,"levels":null,"source":"OpenStreetMap","source_url":"https://www.openstreetmap.org/copyright","licence":"ODbL 1.0","retrieved_on":"2026-09-03","vulnerability_function_id":null,"vulnerability_class":"Not assigned","osm_tags":{"building":"yes"}},"geometry":{"type":"Polygon","coordinates":[[[39.216344,38.670839],[39.216389,38.670875],[39.216394,38.670924],[39.216288,38.670966],[39.216234,38.670884],[39.216344,38.670839]]]}},{"type":"Feature","id":"way/771704127","properties":{"osm_id":"way/771704127","osm_type":"way","building":"yes","name":null,"levels":null,"source":"OpenStreetMap","source_url":"https://www.openstreetmap.org/copyright","licence":"ODbL 1.0","retrieved_on":"2026-09-03","vulnerability_function_id":null,"vulnerability_class":"Not assigned","osm_tags":{"building":"yes"}},"geometry":{"type":"Polygon","coordinates":[[[39.216401,38.671095],[39.216529,38.67113],[39.216485,38.671227],[39.216357,38.671191],[39.216401,38.671095]]]}},{"type":"Feature","id":"way/771704128","properties":{"osm_id":"way/771704128","osm_type":"way","building":"yes","name":null,"levels":null,"source":"OpenStreetMap","source_url":"https://www.openstreetmap.org/copyright","licence":"ODbL 1.0","retrieved_on":"2026-09-03","vulnerability_function_id":null,"vulnerability_class":"Not assigned","osm_tags":{"building":"yes"}},"geometry":{"type":"Polygon","coordinates":[[[39.214095,38.671654],[39.214108,38.671579],[39.214207,38.671589],[39.214194,38.671664],[39.214095,38.671654]]]}},{"type":"Feature","id":"way/771704129","properties":{"osm_id":"way/771704129","osm_type":"way","building":"yes","name":null,"levels":null,"source":"OpenStreetMap","source_url":"https://www.openstreetmap.org/copyright","licence":"ODbL 1.0","retrieved_on":"2026-09-03","vulnerability_function_id":null,"vulnerability_class":"Not assigned","osm_tags":{"building":"yes"}},"geometry":{"type":"Polygon","coordinates":[[[39.213965,38.67156],[39.214058,38.671572],[39.214054,38.671588],[39.21408,38.671591],[39.214063,38.671676],[39.213944,38.671661],[39.213965,38.67156]]]}},{"type":"Feature","id":"way/771704130","properties":{"osm_id":"way/771704130","osm_type":"way","building":"yes","name":null,"levels":null,"source":"OpenStreetMap","source_url":"https://www.openstreetmap.org/copyright","licence":"ODbL 1.0","retrieved_on":"2026-09-03","vulnerability_function_id":null,"vulnerability_class":"Not assigned","osm_tags":{"building":"yes"}},"geometry":{"type":"Polygon","coordinates":[[[39.214297,38.671626],[39.214297,38.671588],[39.214297,38.671546],[39.214362,38.671546],[39.214363,38.671626],[39.214297,38.671626]]]}},{"type":"Feature","id":"way/771704131","properties":{"osm_id":"way/771704131","osm_type":"way","building":"yes","name":null,"levels":null,"source":"OpenStreetMap","source_url":"https://www.openstreetmap.org/copyright","licence":"ODbL 1.0","retrieved_on":"2026-09-03","vulnerability_function_id":null,"vulnerability_class":"Not assigned","osm_tags":{"building":"yes"}},"geometry":{"type":"Polygon","coordinates":[[[39.215114,38.670905],[39.214995,38.670746],[39.215112,38.670692],[39.215232,38.670851],[39.215114,38.670905]]]}},{"type":"Feature","id":"way/771704132","properties":{"osm_id":"way/771704132","osm_type":"way","building":"yes","name":null,"levels":null,"source":"OpenStreetMap","source_url":"https://www.openstreetmap.org/copyright","licence":"ODbL 1.0","retrieved_on":"2026-09-03","vulnerability_function_id":null,"vulnerability_class":"Not assigned","osm_tags":{"building":"yes"}},"geometry":{"type":"Polygon","coordinates":[[[39.214838,38.670814],[39.214917,38.670828],[39.214888,38.670926],[39.21481,38.670912],[39.214838,38.670814]]]}},{"type":"Feature","id":"way/771704133","properties":{"osm_id":"way/771704133","osm_type":"way","building":"yes","name":null,"levels":null,"source":"OpenStreetMap","source_url":"https://www.openstreetmap.org/copyright","licence":"ODbL 1.0","retrieved_on":"2026-09-03","vulnerability_function_id":null,"vulnerability_class":"Not assigned","osm_tags":{"building":"yes"}},"geometry":{"type":"Polygon","coordinates":[[[39.214791,38.670916],[39.214681,38.670894],[39.214714,38.670794],[39.214824,38.670816],[39.214791,38.670916]]]}},{"type":"Feature","id":"way/771704134","properties":{"osm_id":"way/771704134","osm_type":"way","building":"yes","name":null,"levels":null,"source":"OpenStreetMap","source_url":"https://www.openstreetmap.org/copyright","licence":"ODbL 1.0","retrieved_on":"2026-09-03","vulnerability_function_id":null,"vulnerability_class":"Not assigned","osm_tags":{"building":"yes"}},"geometry":{"type":"Polygon","coordinates":[[[39.214654,38.670894],[39.214544,38.670869],[39.214588,38.670752],[39.214697,38.670777],[39.214654,38.670894]]]}},{"type":"Feature","id":"way/771704135","properties":{"osm_id":"way/771704135","osm_type":"way","building":"yes","name":null,"levels":null,"source":"OpenStreetMap","source_url":"https://www.openstreetmap.org/copyright","licence":"ODbL 1.0","retrieved_on":"2026-09-03","vulnerability_function_id":null,"vulnerability_class":"Not assigned","osm_tags":{"building":"yes"}},"geometry":{"type":"Polygon","coordinates":[[[39.213923,38.670774],[39.213976,38.670589],[39.214125,38.670614],[39.214111,38.670661],[39.214154,38.670669],[39.214158,38.67072],[39.214181,38.670729],[39.214131,38.67081],[39.213923,38.670774]]]}},{"type":"Feature","id":"way/771704136","properties":{"osm_id":"way/771704136","osm_type":"way","building":"yes","name":null,"levels":null,"source":"OpenStreetMap","source_url":"https://www.openstreetmap.org/copyright","licence":"ODbL 1.0","retrieved_on":"2026-09-03","vulnerability_function_id":null,"vulnerability_class":"Not assigned","osm_tags":{"building":"yes"}},"geometry":{"type":"Polygon","coordinates":[[[39.213943,38.670575],[39.214076,38.670472],[39.21416,38.670538],[39.214097,38.670587],[39.214057,38.670556],[39.214018,38.670587],[39.213943,38.670575]]]}},{"type":"Feature","id":"way/771704137","properties":{"osm_id":"way/771704137","osm_type":"way","building":"yes","name":null,"levels":null,"source":"OpenStreetMap","source_url":"https://www.openstreetmap.org/copyright","licence":"ODbL 1.0","retrieved_on":"2026-09-03","vulnerability_function_id":null,"vulnerability_class":"Not assigned","osm_tags":{"building":"yes"}},"geometry":{"type":"Polygon","coordinates":[[[39.214353,38.670298],[39.214472,38.670242],[39.21452,38.670304],[39.21449,38.670307],[39.214395,38.670352],[39.214353,38.670298]]]}},{"type":"Feature","id":"way/771704138","properties":{"osm_id":"way/771704138","osm_type":"way","building":"yes","name":null,"levels":null,"source":"OpenStreetMap","source_url":"https://www.openstreetmap.org/copyright","licence":"ODbL 1.0","retrieved_on":"2026-09-03","vulnerability_function_id":null,"vulnerability_class":"Not assigned","osm_tags":{"building":"yes"}},"geometry":{"type":"Polygon","coordinates":[[[39.214748,38.67011],[39.214916,38.670022],[39.214972,38.670086],[39.214804,38.670175],[39.214748,38.67011]]]}},{"type":"Feature","id":"way/771704139","properties":{"osm_id":"way/771704139","osm_type":"way","building":"yes","name":null,"levels":null,"source":"OpenStreetMap","source_url":"https://www.openstreetmap.org/copyright","licence":"ODbL 1.0","retrieved_on":"2026-09-03","vulnerability_function_id":null,"vulnerability_class":"Not assigned","osm_tags":{"building":"yes"}},"geometry":{"type":"Polygon","coordinates":[[[39.217382,38.668405],[39.217637,38.668417],[39.217627,38.66854],[39.217586,38.668538],[39.217582,38.668588],[39.217479,38.668583],[39.217483,38.668532],[39.217372,38.668526],[39.217382,38.668405]]]}},{"type":"Feature","id":"way/771704140","properties":{"osm_id":"way/771704140","osm_type":"way","building":"yes","name":null,"levels":null,"source":"OpenStreetMap","source_url":"https://www.openstreetmap.org/copyright","licence":"ODbL 1.0","retrieved_on":"2026-09-03","vulnerability_function_id":null,"vulnerability_class":"Not assigned","osm_tags":{"building":"yes"}},"geometry":{"type":"Polygon","coordinates":[[[39.217949,38.668912],[39.217953,38.66882],[39.217917,38.668819],[39.21792,38.668746],[39.217756,38.668742],[39.21775,38.668908],[39.217949,38.668912]]]}},{"type":"Feature","id":"way/771704141","properties":{"osm_id":"way/771704141","osm_type":"way","building":"yes","name":null,"levels":null,"source":"OpenStreetMap","source_url":"https://www.openstreetmap.org/copyright","licence":"ODbL 1.0","retrieved_on":"2026-09-03","vulnerability_function_id":null,"vulnerability_class":"Not assigned","osm_tags":{"building":"yes"}},"geometry":{"type":"Polygon","coordinates":[[[39.217358,38.668862],[39.217366,38.668758],[39.217472,38.668763],[39.217464,38.668867],[39.217358,38.668862]]]}},{"type":"Feature","id":"way/771704142","properties":{"osm_id":"way/771704142","osm_type":"way","building":"yes","name":null,"levels":null,"source":"OpenStreetMap","source_url":"https://www.openstreetmap.org/copyright","licence":"ODbL 1.0","retrieved_on":"2026-09-03","vulnerability_function_id":null,"vulnerability_class":"Not assigned","osm_tags":{"building":"yes"}},"geometry":{"type":"Polygon","coordinates":[[[39.217165,38.668838],[39.217273,38.668839],[39.217274,38.668769],[39.21726,38.668768],[39.217262,38.668677],[39.217113,38.668675],[39.217145,38.668718],[39.217168,38.668732],[39.217165,38.668838]]]}},{"type":"Feature","id":"way/771705381","properties":{"osm_id":"way/771705381","osm_type":"way","building":"yes","name":null,"levels":null,"source":"OpenStreetMap","source_url":"https://www.openstreetmap.org/copyright","licence":"ODbL 1.0","retrieved_on":"2026-09-03","vulnerability_function_id":null,"vulnerability_class":"Not assigned","osm_tags":{"building":"yes"}},"geometry":{"type":"Polygon","coordinates":[[[39.204614,38.664953],[39.204736,38.664989],[39.20479,38.664877],[39.204668,38.664842],[39.204614,38.664953]]]}},{"type":"Feature","id":"way/771705382","properties":{"osm_id":"way/771705382","osm_type":"way","building":"yes","name":null,"levels":null,"source":"OpenStreetMap","source_url":"https://www.openstreetmap.org/copyright","licence":"ODbL 1.0","retrieved_on":"2026-09-03","vulnerability_function_id":null,"vulnerability_class":"Not assigned","osm_tags":{"building":"yes"}},"geometry":{"type":"Polygon","coordinates":[[[39.204765,38.664985],[39.204904,38.665022],[39.204973,38.664862],[39.204834,38.664825],[39.204765,38.664985]]]}},{"type":"Feature","id":"way/771705383","properties":{"osm_id":"way/771705383","osm_type":"way","building":"yes","name":null,"levels":null,"source":"OpenStreetMap","source_url":"https://www.openstreetmap.org/copyright","licence":"ODbL 1.0","retrieved_on":"2026-09-03","vulnerability_function_id":null,"vulnerability_class":"Not assigned","osm_tags":{"building":"yes"}},"geometry":{"type":"Polygon","coordinates":[[[39.204688,38.664777],[39.204855,38.664817],[39.204905,38.664691],[39.204738,38.66465],[39.204688,38.664777]]]}},{"type":"Feature","id":"way/771705384","properties":{"osm_id":"way/771705384","osm_type":"way","building":"yes","name":null,"levels":null,"source":"OpenStreetMap","source_url":"https://www.openstreetmap.org/copyright","licence":"ODbL 1.0","retrieved_on":"2026-09-03","vulnerability_function_id":null,"vulnerability_class":"Not assigned","osm_tags":{"building":"yes"}},"geometry":{"type":"Polygon","coordinates":[[[39.204841,38.664439],[39.205107,38.664507],[39.205143,38.66442],[39.204877,38.664352],[39.204841,38.664439]]]}},{"type":"Feature","id":"way/771705385","properties":{"osm_id":"way/771705385","osm_type":"way","building":"yes","name":null,"levels":null,"source":"OpenStreetMap","source_url":"https://www.openstreetmap.org/copyright","licence":"ODbL 1.0","retrieved_on":"2026-09-03","vulnerability_function_id":null,"vulnerability_class":"Not assigned","osm_tags":{"building":"yes"}},"geometry":{"type":"Polygon","coordinates":[[[39.205301,38.664335],[39.205482,38.66438],[39.20554,38.664238],[39.205359,38.664192],[39.205301,38.664335]]]}},{"type":"Feature","id":"way/771705386","properties":{"osm_id":"way/771705386","osm_type":"way","building":"yes","name":null,"levels":null,"source":"OpenStreetMap","source_url":"https://www.openstreetmap.org/copyright","licence":"ODbL 1.0","retrieved_on":"2026-09-03","vulnerability_function_id":null,"vulnerability_class":"Not assigned","osm_tags":{"building":"yes"}},"geometry":{"type":"Polygon","coordinates":[[[39.204942,38.664154],[39.205061,38.664183],[39.205084,38.664126],[39.20516,38.664145],[39.205185,38.664084],[39.20499,38.664036],[39.204942,38.664154]]]}},{"type":"Feature","id":"way/771705794","properties":{"osm_id":"way/771705794","osm_type":"way","building":"yes","name":null,"levels":null,"source":"OpenStreetMap","source_url":"https://www.openstreetmap.org/copyright","licence":"ODbL 1.0","retrieved_on":"2026-09-03","vulnerability_function_id":null,"vulnerability_class":"Not assigned","osm_tags":{"building":"yes"}},"geometry":{"type":"Polygon","coordinates":[[[39.216993,38.668404],[39.21684,38.668596],[39.216973,38.668661],[39.217127,38.668469],[39.216993,38.668404]]]}},{"type":"Feature","id":"way/771705795","properties":{"osm_id":"way/771705795","osm_type":"way","building":"yes","name":null,"levels":null,"source":"OpenStreetMap","source_url":"https://www.openstreetmap.org/copyright","licence":"ODbL 1.0","retrieved_on":"2026-09-03","vulnerability_function_id":null,"vulnerability_class":"Not assigned","osm_tags":{"building":"yes"}},"geometry":{"type":"Polygon","coordinates":[[[39.216762,38.668643],[39.216655,38.668807],[39.216682,38.668884],[39.217027,38.66889],[39.217031,38.66875],[39.216762,38.668643]]]}},{"type":"Feature","id":"way/771705796","properties":{"osm_id":"way/771705796","osm_type":"way","building":"yes","name":null,"levels":null,"source":"OpenStreetMap","source_url":"https://www.openstreetmap.org/copyright","licence":"ODbL 1.0","retrieved_on":"2026-09-03","vulnerability_function_id":null,"vulnerability_class":"Not assigned","osm_tags":{"building":"yes"}},"geometry":{"type":"Polygon","coordinates":[[[39.218955,38.668817],[39.218908,38.668711],[39.218989,38.66869],[39.219035,38.668795],[39.218955,38.668817]]]}},{"type":"Feature","id":"way/771705797","properties":{"osm_id":"way/771705797","osm_type":"way","building":"yes","name":null,"levels":null,"source":"OpenStreetMap","source_url":"https://www.openstreetmap.org/copyright","licence":"ODbL 1.0","retrieved_on":"2026-09-03","vulnerability_function_id":null,"vulnerability_class":"Not assigned","osm_tags":{"building":"yes"}},"geometry":{"type":"Polygon","coordinates":[[[39.218876,38.66924],[39.219016,38.66919],[39.219054,38.669255],[39.219072,38.669459],[39.219212,38.669452],[39.219221,38.669552],[39.218976,38.669564],[39.218967,38.669468],[39.218896,38.669472],[39.218876,38.66924]]]}},{"type":"Feature","id":"way/771705798","properties":{"osm_id":"way/771705798","osm_type":"way","building":"yes","name":null,"levels":null,"source":"OpenStreetMap","source_url":"https://www.openstreetmap.org/copyright","licence":"ODbL 1.0","retrieved_on":"2026-09-03","vulnerability_function_id":null,"vulnerability_class":"Not assigned","osm_tags":{"building":"yes"}},"geometry":{"type":"Polygon","coordinates":[[[39.220768,38.669807],[39.22094,38.669792],[39.22096,38.669933],[39.220979,38.669931],[39.220984,38.669968],[39.220793,38.669984],[39.220768,38.669807]]]}},{"type":"Feature","id":"way/771705799","properties":{"osm_id":"way/771705799","osm_type":"way","building":"yes","name":null,"levels":null,"source":"OpenStreetMap","source_url":"https://www.openstreetmap.org/copyright","licence":"ODbL 1.0","retrieved_on":"2026-09-03","vulnerability_function_id":null,"vulnerability_class":"Not assigned","osm_tags":{"building":"yes"}},"geometry":{"type":"Polygon","coordinates":[[[39.220622,38.669806],[39.220436,38.669819],[39.220447,38.669911],[39.220369,38.669917],[39.220381,38.670013],[39.220418,38.67001],[39.220422,38.670041],[39.220648,38.670024],[39.220622,38.669806]]]}},{"type":"Feature","id":"way/771705800","properties":{"osm_id":"way/771705800","osm_type":"way","building":"yes","name":null,"levels":null,"source":"OpenStreetMap","source_url":"https://www.openstreetmap.org/copyright","licence":"ODbL 1.0","retrieved_on":"2026-09-03","vulnerability_function_id":null,"vulnerability_class":"Not assigned","osm_tags":{"building":"yes"}},"geometry":{"type":"Polygon","coordinates":[[[39.221222,38.670286],[39.221228,38.670208],[39.221333,38.670212],[39.221328,38.670291],[39.221222,38.670286]]]}},{"type":"Feature","id":"way/771705801","properties":{"osm_id":"way/771705801","osm_type":"way","building":"yes","name":null,"levels":null,"source":"OpenStreetMap","source_url":"https://www.openstreetmap.org/copyright","licence":"ODbL 1.0","retrieved_on":"2026-09-03","vulnerability_function_id":null,"vulnerability_class":"Not assigned","osm_tags":{"building":"yes"}},"geometry":{"type":"Polygon","coordinates":[[[39.221589,38.671785],[39.221567,38.67163],[39.221713,38.671617],[39.221775,38.671627],[39.221737,38.671772],[39.221589,38.671785]]]}},{"type":"Feature","id":"way/771705802","properties":{"osm_id":"way/771705802","osm_type":"way","building":"yes","name":null,"levels":null,"source":"OpenStreetMap","source_url":"https://www.openstreetmap.org/copyright","licence":"ODbL 1.0","retrieved_on":"2026-09-03","vulnerability_function_id":null,"vulnerability_class":"Not assigned","osm_tags":{"building":"yes"}},"geometry":{"type":"Polygon","coordinates":[[[39.221478,38.671921],[39.221562,38.672032],[39.221723,38.671957],[39.221638,38.671847],[39.221478,38.671921]]]}},{"type":"Feature","id":"way/772104108","properties":{"osm_id":"way/772104108","osm_type":"way","building":"yes","name":null,"levels":null,"source":"OpenStreetMap","source_url":"https://www.openstreetmap.org/copyright","licence":"ODbL 1.0","retrieved_on":"2026-09-03","vulnerability_function_id":null,"vulnerability_class":"Not assigned","osm_tags":{"building":"yes"}},"geometry":{"type":"Polygon","coordinates":[[[39.202525,38.689964],[39.202483,38.689876],[39.202591,38.689844],[39.202634,38.689932],[39.202525,38.689964]]]}},{"type":"Feature","id":"way/772182381","properties":{"osm_id":"way/772182381","osm_type":"way","building":"yes","name":null,"levels":null,"source":"OpenStreetMap","source_url":"https://www.openstreetmap.org/copyright","licence":"ODbL 1.0","retrieved_on":"2026-09-03","vulnerability_function_id":null,"vulnerability_class":"Not assigned","osm_tags":{"building":"yes"}},"geometry":{"type":"Polygon","coordinates":[[[39.202332,38.689675],[39.202295,38.689575],[39.202467,38.689536],[39.202505,38.689636],[39.202332,38.689675]]]}},{"type":"Feature","id":"way/772183029","properties":{"osm_id":"way/772183029","osm_type":"way","building":"yes","name":null,"levels":null,"source":"OpenStreetMap","source_url":"https://www.openstreetmap.org/copyright","licence":"ODbL 1.0","retrieved_on":"2026-09-03","vulnerability_function_id":null,"vulnerability_class":"Not assigned","osm_tags":{"building":"yes"}},"geometry":{"type":"Polygon","coordinates":[[[39.201466,38.689953],[39.201484,38.689866],[39.201366,38.689851],[39.201348,38.689938],[39.201466,38.689953]]]}},{"type":"Feature","id":"way/772183057","properties":{"osm_id":"way/772183057","osm_type":"way","building":"yes","name":null,"levels":null,"source":"OpenStreetMap","source_url":"https://www.openstreetmap.org/copyright","licence":"ODbL 1.0","retrieved_on":"2026-09-03","vulnerability_function_id":null,"vulnerability_class":"Not assigned","osm_tags":{"building":"yes"}},"geometry":{"type":"Polygon","coordinates":[[[39.20116,38.689815],[39.201177,38.689778],[39.20113,38.689765],[39.201151,38.689718],[39.201257,38.689747],[39.201219,38.689831],[39.20116,38.689815]]]}},{"type":"Feature","id":"way/772487389","properties":{"osm_id":"way/772487389","osm_type":"way","building":"yes","name":null,"levels":null,"source":"OpenStreetMap","source_url":"https://www.openstreetmap.org/copyright","licence":"ODbL 1.0","retrieved_on":"2026-09-03","vulnerability_function_id":null,"vulnerability_class":"Not assigned","osm_tags":{"building":"yes"}},"geometry":{"type":"Polygon","coordinates":[[[39.229186,38.689558],[39.229335,38.689606],[39.229369,38.689542],[39.22922,38.689494],[39.229186,38.689558]]]}},{"type":"Feature","id":"way/772487390","properties":{"osm_id":"way/772487390","osm_type":"way","building":"yes","name":null,"levels":null,"source":"OpenStreetMap","source_url":"https://www.openstreetmap.org/copyright","licence":"ODbL 1.0","retrieved_on":"2026-09-03","vulnerability_function_id":null,"vulnerability_class":"Not assigned","osm_tags":{"building":"yes"}},"geometry":{"type":"Polygon","coordinates":[[[39.229191,38.689475],[39.229352,38.68953],[39.229391,38.689459],[39.22923,38.689405],[39.229191,38.689475]]]}},{"type":"Feature","id":"way/772487391","properties":{"osm_id":"way/772487391","osm_type":"way","building":"yes","name":null,"levels":null,"source":"OpenStreetMap","source_url":"https://www.openstreetmap.org/copyright","licence":"ODbL 1.0","retrieved_on":"2026-09-03","vulnerability_function_id":null,"vulnerability_class":"Not assigned","osm_tags":{"building":"yes"}},"geometry":{"type":"Polygon","coordinates":[[[39.229285,38.689372],[39.229435,38.689416],[39.229487,38.689308],[39.229389,38.689279],[39.229371,38.689316],[39.229319,38.689301],[39.229285,38.689372]]]}},{"type":"Feature","id":"way/772487392","properties":{"osm_id":"way/772487392","osm_type":"way","building":"yes","name":null,"levels":null,"source":"OpenStreetMap","source_url":"https://www.openstreetmap.org/copyright","licence":"ODbL 1.0","retrieved_on":"2026-09-03","vulnerability_function_id":null,"vulnerability_class":"Not assigned","osm_tags":{"building":"yes"}},"geometry":{"type":"Polygon","coordinates":[[[39.229404,38.689241],[39.229305,38.689061],[39.229181,38.689103],[39.22928,38.689282],[39.229404,38.689241]]]}},{"type":"Feature","id":"way/772487393","properties":{"osm_id":"way/772487393","osm_type":"way","building":"yes","name":null,"levels":null,"source":"OpenStreetMap","source_url":"https://www.openstreetmap.org/copyright","licence":"ODbL 1.0","retrieved_on":"2026-09-03","vulnerability_function_id":null,"vulnerability_class":"Not assigned","osm_tags":{"building":"yes"}},"geometry":{"type":"Polygon","coordinates":[[[39.229058,38.689229],[39.229166,38.689293],[39.229238,38.689219],[39.229131,38.689155],[39.229058,38.689229]]]}},{"type":"Feature","id":"way/772487394","properties":{"osm_id":"way/772487394","osm_type":"way","building":"yes","name":null,"levels":null,"source":"OpenStreetMap","source_url":"https://www.openstreetmap.org/copyright","licence":"ODbL 1.0","retrieved_on":"2026-09-03","vulnerability_function_id":null,"vulnerability_class":"Not assigned","osm_tags":{"building":"yes"}},"geometry":{"type":"Polygon","coordinates":[[[39.229006,38.689353],[39.229067,38.689374],[39.229092,38.689331],[39.229031,38.689309],[39.229006,38.689353]]]}},{"type":"Feature","id":"way/772487395","properties":{"osm_id":"way/772487395","osm_type":"way","building":"yes","name":null,"levels":null,"source":"OpenStreetMap","source_url":"https://www.openstreetmap.org/copyright","licence":"ODbL 1.0","retrieved_on":"2026-09-03","vulnerability_function_id":null,"vulnerability_class":"Not assigned","osm_tags":{"building":"yes"}},"geometry":{"type":"Polygon","coordinates":[[[39.22897,38.689417],[39.22914,38.689478],[39.229199,38.689375],[39.2291,38.68934],[39.22907,38.689391],[39.229,38.689366],[39.22897,38.689417]]]}},{"type":"Feature","id":"way/772487396","properties":{"osm_id":"way/772487396","osm_type":"way","building":"yes","name":null,"levels":null,"source":"OpenStreetMap","source_url":"https://www.openstreetmap.org/copyright","licence":"ODbL 1.0","retrieved_on":"2026-09-03","vulnerability_function_id":null,"vulnerability_class":"Not assigned","osm_tags":{"building":"yes"}},"geometry":{"type":"Polygon","coordinates":[[[39.229056,38.689719],[39.229222,38.689778],[39.229258,38.689715],[39.229092,38.689656],[39.229056,38.689719]]]}},{"type":"Feature","id":"way/772487397","properties":{"osm_id":"way/772487397","osm_type":"way","building":"yes","name":null,"levels":null,"source":"OpenStreetMap","source_url":"https://www.openstreetmap.org/copyright","licence":"ODbL 1.0","retrieved_on":"2026-09-03","vulnerability_function_id":null,"vulnerability_class":"Not assigned","osm_tags":{"building":"yes"}},"geometry":{"type":"Polygon","coordinates":[[[39.228895,38.689506],[39.228858,38.689569],[39.229021,38.689627],[39.229058,38.689563],[39.228895,38.689506]]]}},{"type":"Feature","id":"way/772487398","properties":{"osm_id":"way/772487398","osm_type":"way","building":"yes","name":null,"levels":null,"source":"OpenStreetMap","source_url":"https://www.openstreetmap.org/copyright","licence":"ODbL 1.0","retrieved_on":"2026-09-03","vulnerability_function_id":null,"vulnerability_class":"Not assigned","osm_tags":{"building":"yes"}},"geometry":{"type":"Polygon","coordinates":[[[39.228809,38.689642],[39.228978,38.689701],[39.229015,38.689636],[39.228847,38.689577],[39.228809,38.689642]]]}},{"type":"Feature","id":"way/772487399","properties":{"osm_id":"way/772487399","osm_type":"way","building":"yes","name":null,"levels":null,"source":"OpenStreetMap","source_url":"https://www.openstreetmap.org/copyright","licence":"ODbL 1.0","retrieved_on":"2026-09-03","vulnerability_function_id":null,"vulnerability_class":"Not assigned","osm_tags":{"building":"yes"}},"geometry":{"type":"Polygon","coordinates":[[[39.228979,38.689734],[39.228725,38.689644],[39.22871,38.689669],[39.228766,38.689689],[39.228751,38.689716],[39.228771,38.689723],[39.228763,38.689737],[39.228941,38.6898],[39.228979,38.689734]]]}},{"type":"Feature","id":"way/772487400","properties":{"osm_id":"way/772487400","osm_type":"way","building":"yes","name":null,"levels":null,"source":"OpenStreetMap","source_url":"https://www.openstreetmap.org/copyright","licence":"ODbL 1.0","retrieved_on":"2026-09-03","vulnerability_function_id":null,"vulnerability_class":"Not assigned","osm_tags":{"building":"yes"}},"geometry":{"type":"Polygon","coordinates":[[[39.228719,38.689807],[39.228879,38.689864],[39.228914,38.689803],[39.228754,38.689746],[39.228719,38.689807]]]}},{"type":"Feature","id":"way/772487401","properties":{"osm_id":"way/772487401","osm_type":"way","building":"yes","name":null,"levels":null,"source":"OpenStreetMap","source_url":"https://www.openstreetmap.org/copyright","licence":"ODbL 1.0","retrieved_on":"2026-09-03","vulnerability_function_id":null,"vulnerability_class":"Not assigned","osm_tags":{"building":"yes"}},"geometry":{"type":"Polygon","coordinates":[[[39.229028,38.689821],[39.22919,38.689876],[39.229229,38.689805],[39.229067,38.68975],[39.229028,38.689821]]]}},{"type":"Feature","id":"way/772487402","properties":{"osm_id":"way/772487402","osm_type":"way","building":"yes","name":null,"levels":null,"source":"OpenStreetMap","source_url":"https://www.openstreetmap.org/copyright","licence":"ODbL 1.0","retrieved_on":"2026-09-03","vulnerability_function_id":null,"vulnerability_class":"Not assigned","osm_tags":{"building":"yes"}},"geometry":{"type":"Polygon","coordinates":[[[39.228966,38.689882],[39.229147,38.689942],[39.229177,38.689887],[39.228996,38.689827],[39.228966,38.689882]]]}},{"type":"Feature","id":"way/772487403","properties":{"osm_id":"way/772487403","osm_type":"way","building":"yes","name":null,"levels":null,"source":"OpenStreetMap","source_url":"https://www.openstreetmap.org/copyright","licence":"ODbL 1.0","retrieved_on":"2026-09-03","vulnerability_function_id":null,"vulnerability_class":"Not assigned","osm_tags":{"building":"yes"}},"geometry":{"type":"Polygon","coordinates":[[[39.228897,38.689985],[39.229069,38.690044],[39.229108,38.689974],[39.228936,38.689915],[39.228897,38.689985]]]}},{"type":"Feature","id":"way/772487404","properties":{"osm_id":"way/772487404","osm_type":"way","building":"yes","name":null,"levels":null,"source":"OpenStreetMap","source_url":"https://www.openstreetmap.org/copyright","licence":"ODbL 1.0","retrieved_on":"2026-09-03","vulnerability_function_id":null,"vulnerability_class":"Not assigned","osm_tags":{"building":"yes"}},"geometry":{"type":"Polygon","coordinates":[[[39.228613,38.689974],[39.228779,38.690038],[39.22886,38.689911],[39.228693,38.689847],[39.228613,38.689974]]]}},{"type":"Feature","id":"way/772487492","properties":{"osm_id":"way/772487492","osm_type":"way","building":"yes","name":null,"levels":null,"source":"OpenStreetMap","source_url":"https://www.openstreetmap.org/copyright","licence":"ODbL 1.0","retrieved_on":"2026-09-03","vulnerability_function_id":null,"vulnerability_class":"Not assigned","osm_tags":{"building":"yes"}},"geometry":{"type":"Polygon","coordinates":[[[39.229807,38.689534],[39.229922,38.689534],[39.229922,38.689421],[39.229807,38.689421],[39.229807,38.689534]]]}},{"type":"Feature","id":"way/772487493","properties":{"osm_id":"way/772487493","osm_type":"way","building":"yes","name":null,"levels":null,"source":"OpenStreetMap","source_url":"https://www.openstreetmap.org/copyright","licence":"ODbL 1.0","retrieved_on":"2026-09-03","vulnerability_function_id":null,"vulnerability_class":"Not assigned","osm_tags":{"building":"yes"}},"geometry":{"type":"Polygon","coordinates":[[[39.229619,38.689511],[39.229732,38.68954],[39.229766,38.68946],[39.229653,38.689431],[39.229619,38.689511]]]}},{"type":"Feature","id":"way/772487494","properties":{"osm_id":"way/772487494","osm_type":"way","building":"yes","name":null,"levels":null,"source":"OpenStreetMap","source_url":"https://www.openstreetmap.org/copyright","licence":"ODbL 1.0","retrieved_on":"2026-09-03","vulnerability_function_id":null,"vulnerability_class":"Not assigned","osm_tags":{"building":"yes"}},"geometry":{"type":"Polygon","coordinates":[[[39.229734,38.689649],[39.22973,38.689718],[39.229913,38.689725],[39.229917,38.689655],[39.229734,38.689649]]]}},{"type":"Feature","id":"way/772487495","properties":{"osm_id":"way/772487495","osm_type":"way","building":"yes","name":null,"levels":null,"source":"OpenStreetMap","source_url":"https://www.openstreetmap.org/copyright","licence":"ODbL 1.0","retrieved_on":"2026-09-03","vulnerability_function_id":null,"vulnerability_class":"Not assigned","osm_tags":{"building":"yes"}},"geometry":{"type":"Polygon","coordinates":[[[39.229737,38.689793],[39.229909,38.689806],[39.229916,38.689746],[39.229744,38.689733],[39.229737,38.689793]]]}},{"type":"Feature","id":"way/772487497","properties":{"osm_id":"way/772487497","osm_type":"way","building":"yes","name":null,"levels":null,"source":"OpenStreetMap","source_url":"https://www.openstreetmap.org/copyright","licence":"ODbL 1.0","retrieved_on":"2026-09-03","vulnerability_function_id":null,"vulnerability_class":"Not assigned","osm_tags":{"building":"yes"}},"geometry":{"type":"Polygon","coordinates":[[[39.229791,38.690028],[39.229899,38.690034],[39.229907,38.689948],[39.229799,38.689942],[39.229791,38.690028]]]}},{"type":"Feature","id":"way/772487498","properties":{"osm_id":"way/772487498","osm_type":"way","building":"yes","name":null,"levels":null,"source":"OpenStreetMap","source_url":"https://www.openstreetmap.org/copyright","licence":"ODbL 1.0","retrieved_on":"2026-09-03","vulnerability_function_id":null,"vulnerability_class":"Not assigned","osm_tags":{"building":"yes"}},"geometry":{"type":"Polygon","coordinates":[[[39.229723,38.689911],[39.229925,38.689929],[39.229936,38.689857],[39.229735,38.689838],[39.229723,38.689911]]]}},{"type":"Feature","id":"way/772487499","properties":{"osm_id":"way/772487499","osm_type":"way","building":"yes","name":null,"levels":null,"source":"OpenStreetMap","source_url":"https://www.openstreetmap.org/copyright","licence":"ODbL 1.0","retrieved_on":"2026-09-03","vulnerability_function_id":null,"vulnerability_class":"Not assigned","osm_tags":{"building":"yes"}},"geometry":{"type":"Polygon","coordinates":[[[39.229646,38.690078],[39.229748,38.690088],[39.22977,38.689947],[39.229667,38.689938],[39.229646,38.690078]]]}},{"type":"Feature","id":"way/772487500","properties":{"osm_id":"way/772487500","osm_type":"way","building":"yes","name":null,"levels":null,"source":"OpenStreetMap","source_url":"https://www.openstreetmap.org/copyright","licence":"ODbL 1.0","retrieved_on":"2026-09-03","vulnerability_function_id":null,"vulnerability_class":"Not assigned","osm_tags":{"building":"yes"}},"geometry":{"type":"Polygon","coordinates":[[[39.229525,38.689664],[39.229641,38.689704],[39.229711,38.689583],[39.229595,38.689542],[39.229525,38.689664]]]}},{"type":"Feature","id":"way/772487501","properties":{"osm_id":"way/772487501","osm_type":"way","building":"yes","name":null,"levels":null,"source":"OpenStreetMap","source_url":"https://www.openstreetmap.org/copyright","licence":"ODbL 1.0","retrieved_on":"2026-09-03","vulnerability_function_id":null,"vulnerability_class":"Not assigned","osm_tags":{"building":"yes"}},"geometry":{"type":"Polygon","coordinates":[[[39.229436,38.689831],[39.22959,38.689886],[39.229662,38.689762],[39.229509,38.68971],[39.229436,38.689831]]]}},{"type":"Feature","id":"way/772488523","properties":{"osm_id":"way/772488523","osm_type":"way","building":"yes","name":null,"levels":null,"source":"OpenStreetMap","source_url":"https://www.openstreetmap.org/copyright","licence":"ODbL 1.0","retrieved_on":"2026-09-03","vulnerability_function_id":null,"vulnerability_class":"Not assigned","osm_tags":{"building":"yes"}},"geometry":{"type":"Polygon","coordinates":[[[39.229572,38.689092],[39.22982,38.689065],[39.229794,38.688922],[39.229546,38.688949],[39.229572,38.689092]]]}},{"type":"Feature","id":"way/772488524","properties":{"osm_id":"way/772488524","osm_type":"way","building":"yes","name":null,"levels":null,"source":"OpenStreetMap","source_url":"https://www.openstreetmap.org/copyright","licence":"ODbL 1.0","retrieved_on":"2026-09-03","vulnerability_function_id":null,"vulnerability_class":"Not assigned","osm_tags":{"building":"yes"}},"geometry":{"type":"Polygon","coordinates":[[[39.229913,38.689041],[39.230009,38.689032],[39.229986,38.688884],[39.22989,38.688893],[39.229913,38.689041]]]}},{"type":"Feature","id":"way/772488525","properties":{"osm_id":"way/772488525","osm_type":"way","building":"yes","name":null,"levels":null,"source":"OpenStreetMap","source_url":"https://www.openstreetmap.org/copyright","licence":"ODbL 1.0","retrieved_on":"2026-09-03","vulnerability_function_id":null,"vulnerability_class":"Not assigned","osm_tags":{"building":"yes"}},"geometry":{"type":"Polygon","coordinates":[[[39.229954,38.689236],[39.230043,38.689228],[39.230022,38.689093],[39.229934,38.689101],[39.229954,38.689236]]]}},{"type":"Feature","id":"way/772488526","properties":{"osm_id":"way/772488526","osm_type":"way","building":"yes","name":null,"levels":null,"source":"OpenStreetMap","source_url":"https://www.openstreetmap.org/copyright","licence":"ODbL 1.0","retrieved_on":"2026-09-03","vulnerability_function_id":null,"vulnerability_class":"Not assigned","osm_tags":{"building":"yes"}},"geometry":{"type":"Polygon","coordinates":[[[39.229805,38.689258],[39.229904,38.689251],[39.229884,38.689096],[39.229785,38.689104],[39.229805,38.689258]]]}},{"type":"Feature","id":"way/772488527","properties":{"osm_id":"way/772488527","osm_type":"way","building":"yes","name":null,"levels":null,"source":"OpenStreetMap","source_url":"https://www.openstreetmap.org/copyright","licence":"ODbL 1.0","retrieved_on":"2026-09-03","vulnerability_function_id":null,"vulnerability_class":"Not assigned","osm_tags":{"building":"yes"}},"geometry":{"type":"Polygon","coordinates":[[[39.229689,38.689261],[39.229783,38.689247],[39.229756,38.68913],[39.229662,38.689143],[39.229689,38.689261]]]}},{"type":"Feature","id":"way/772500484","properties":{"osm_id":"way/772500484","osm_type":"way","building":"yes","name":null,"levels":null,"source":"OpenStreetMap","source_url":"https://www.openstreetmap.org/copyright","licence":"ODbL 1.0","retrieved_on":"2026-09-03","vulnerability_function_id":null,"vulnerability_class":"Not assigned","osm_tags":{"building":"yes"}},"geometry":{"type":"Polygon","coordinates":[[[39.225982,38.68734],[39.226316,38.687393],[39.226336,38.687319],[39.226001,38.687265],[39.225982,38.68734]]]}},{"type":"Feature","id":"way/772500485","properties":{"osm_id":"way/772500485","osm_type":"way","building":"yes","name":null,"levels":null,"source":"OpenStreetMap","source_url":"https://www.openstreetmap.org/copyright","licence":"ODbL 1.0","retrieved_on":"2026-09-03","vulnerability_function_id":null,"vulnerability_class":"Not assigned","osm_tags":{"building":"yes"}},"geometry":{"type":"Polygon","coordinates":[[[39.226019,38.687216],[39.22632,38.687264],[39.226362,38.687104],[39.226062,38.687056],[39.226019,38.687216]]]}},{"type":"Feature","id":"way/772500486","properties":{"osm_id":"way/772500486","osm_type":"way","building":"yes","name":null,"levels":null,"source":"OpenStreetMap","source_url":"https://www.openstreetmap.org/copyright","licence":"ODbL 1.0","retrieved_on":"2026-09-03","vulnerability_function_id":null,"vulnerability_class":"Not assigned","osm_tags":{"building":"yes"}},"geometry":{"type":"Polygon","coordinates":[[[39.223683,38.688119],[39.223678,38.688316],[39.223874,38.688319],[39.223879,38.688122],[39.223683,38.688119]]]}},{"type":"Feature","id":"way/772500494","properties":{"osm_id":"way/772500494","osm_type":"way","building":"yes","name":null,"levels":null,"source":"OpenStreetMap","source_url":"https://www.openstreetmap.org/copyright","licence":"ODbL 1.0","retrieved_on":"2026-09-03","vulnerability_function_id":null,"vulnerability_class":"Not assigned","osm_tags":{"building":"yes"}},"geometry":{"type":"Polygon","coordinates":[[[39.224496,38.688987],[39.224545,38.689002],[39.22458,38.688932],[39.224531,38.688917],[39.224496,38.688987]]]}},{"type":"Feature","id":"way/772500497","properties":{"osm_id":"way/772500497","osm_type":"way","building":"yes","name":null,"levels":null,"source":"OpenStreetMap","source_url":"https://www.openstreetmap.org/copyright","licence":"ODbL 1.0","retrieved_on":"2026-09-03","vulnerability_function_id":null,"vulnerability_class":"Not assigned","osm_tags":{"building":"yes"}},"geometry":{"type":"Polygon","coordinates":[[[39.224296,38.688939],[39.224409,38.688965],[39.224436,38.688893],[39.224323,38.688867],[39.224296,38.688939]]]}},{"type":"Feature","id":"way/772500498","properties":{"osm_id":"way/772500498","osm_type":"way","building":"yes","name":null,"levels":null,"source":"OpenStreetMap","source_url":"https://www.openstreetmap.org/copyright","licence":"ODbL 1.0","retrieved_on":"2026-09-03","vulnerability_function_id":null,"vulnerability_class":"Not assigned","osm_tags":{"building":"yes"}},"geometry":{"type":"Polygon","coordinates":[[[39.224197,38.688939],[39.224275,38.688957],[39.224308,38.688868],[39.22423,38.68885],[39.224197,38.688939]]]}},{"type":"Feature","id":"way/772500499","properties":{"osm_id":"way/772500499","osm_type":"way","building":"yes","name":null,"levels":null,"source":"OpenStreetMap","source_url":"https://www.openstreetmap.org/copyright","licence":"ODbL 1.0","retrieved_on":"2026-09-03","vulnerability_function_id":null,"vulnerability_class":"Not assigned","osm_tags":{"building":"yes"}},"geometry":{"type":"Polygon","coordinates":[[[39.223925,38.688564],[39.223691,38.688564],[39.223691,38.688665],[39.223836,38.688665],[39.223836,38.688652],[39.223925,38.688652],[39.223925,38.688564]]]}},{"type":"Feature","id":"way/772500500","properties":{"osm_id":"way/772500500","osm_type":"way","building":"yes","name":null,"levels":null,"source":"OpenStreetMap","source_url":"https://www.openstreetmap.org/copyright","licence":"ODbL 1.0","retrieved_on":"2026-09-03","vulnerability_function_id":null,"vulnerability_class":"Not assigned","osm_tags":{"building":"yes"}},"geometry":{"type":"Polygon","coordinates":[[[39.223302,38.688761],[39.223532,38.688745],[39.223485,38.688349],[39.223255,38.688365],[39.223302,38.688761]]]}},{"type":"Feature","id":"way/772500501","properties":{"osm_id":"way/772500501","osm_type":"way","building":"yes","name":null,"levels":null,"source":"OpenStreetMap","source_url":"https://www.openstreetmap.org/copyright","licence":"ODbL 1.0","retrieved_on":"2026-09-03","vulnerability_function_id":null,"vulnerability_class":"Not assigned","osm_tags":{"building":"yes"}},"geometry":{"type":"Polygon","coordinates":[[[39.223318,38.688994],[39.223464,38.688983],[39.223439,38.688774],[39.223293,38.688784],[39.223318,38.688994]]]}},{"type":"Feature","id":"way/772500502","properties":{"osm_id":"way/772500502","osm_type":"way","building":"yes","name":null,"levels":null,"source":"OpenStreetMap","source_url":"https://www.openstreetmap.org/copyright","licence":"ODbL 1.0","retrieved_on":"2026-09-03","vulnerability_function_id":null,"vulnerability_class":"Not assigned","osm_tags":{"building":"yes"}},"geometry":{"type":"Polygon","coordinates":[[[39.22334,38.689119],[39.223369,38.689365],[39.223515,38.689354],[39.223512,38.68933],[39.223626,38.689322],[39.2236,38.6891],[39.22334,38.689119]]]}},{"type":"Feature","id":"way/772500503","properties":{"osm_id":"way/772500503","osm_type":"way","building":"yes","name":null,"levels":null,"source":"OpenStreetMap","source_url":"https://www.openstreetmap.org/copyright","licence":"ODbL 1.0","retrieved_on":"2026-09-03","vulnerability_function_id":null,"vulnerability_class":"Not assigned","osm_tags":{"building":"yes"}},"geometry":{"type":"Polygon","coordinates":[[[39.22145,38.690091],[39.221576,38.690053],[39.221549,38.689904],[39.221419,38.689918],[39.22145,38.690091]]]}},{"type":"Feature","id":"way/772517374","properties":{"osm_id":"way/772517374","osm_type":"way","building":"yes","name":null,"levels":null,"source":"OpenStreetMap","source_url":"https://www.openstreetmap.org/copyright","licence":"ODbL 1.0","retrieved_on":"2026-09-03","vulnerability_function_id":null,"vulnerability_class":"Not assigned","osm_tags":{"building":"yes"}},"geometry":{"type":"Polygon","coordinates":[[[39.227908,38.686769],[39.228161,38.686873],[39.228226,38.686777],[39.227972,38.686673],[39.227908,38.686769]]]}},{"type":"Feature","id":"way/772517375","properties":{"osm_id":"way/772517375","osm_type":"way","building":"yes","name":null,"levels":null,"source":"OpenStreetMap","source_url":"https://www.openstreetmap.org/copyright","licence":"ODbL 1.0","retrieved_on":"2026-09-03","vulnerability_function_id":null,"vulnerability_class":"Not assigned","osm_tags":{"building":"yes"}},"geometry":{"type":"Polygon","coordinates":[[[39.227876,38.687046],[39.228075,38.687117],[39.228141,38.687003],[39.227941,38.686933],[39.227876,38.687046]]]}},{"type":"Feature","id":"way/772517376","properties":{"osm_id":"way/772517376","osm_type":"way","building":"yes","name":null,"levels":null,"source":"OpenStreetMap","source_url":"https://www.openstreetmap.org/copyright","licence":"ODbL 1.0","retrieved_on":"2026-09-03","vulnerability_function_id":null,"vulnerability_class":"Not assigned","osm_tags":{"building":"yes"}},"geometry":{"type":"Polygon","coordinates":[[[39.227795,38.687231],[39.227953,38.687315],[39.228015,38.687244],[39.227857,38.68716],[39.227795,38.687231]]]}},{"type":"Feature","id":"way/772517377","properties":{"osm_id":"way/772517377","osm_type":"way","building":"yes","name":null,"levels":null,"source":"OpenStreetMap","source_url":"https://www.openstreetmap.org/copyright","licence":"ODbL 1.0","retrieved_on":"2026-09-03","vulnerability_function_id":null,"vulnerability_class":"Not assigned","osm_tags":{"building":"yes"}},"geometry":{"type":"Polygon","coordinates":[[[39.227716,38.687345],[39.227876,38.68743],[39.227934,38.687362],[39.227775,38.687277],[39.227716,38.687345]]]}},{"type":"Feature","id":"way/772517378","properties":{"osm_id":"way/772517378","osm_type":"way","building":"yes","name":null,"levels":null,"source":"OpenStreetMap","source_url":"https://www.openstreetmap.org/copyright","licence":"ODbL 1.0","retrieved_on":"2026-09-03","vulnerability_function_id":null,"vulnerability_class":"Not assigned","osm_tags":{"building":"yes"}},"geometry":{"type":"Polygon","coordinates":[[[39.227562,38.687707],[39.227786,38.687765],[39.227822,38.687679],[39.227598,38.687621],[39.227562,38.687707]]]}},{"type":"Feature","id":"way/772517379","properties":{"osm_id":"way/772517379","osm_type":"way","building":"yes","name":null,"levels":null,"source":"OpenStreetMap","source_url":"https://www.openstreetmap.org/copyright","licence":"ODbL 1.0","retrieved_on":"2026-09-03","vulnerability_function_id":null,"vulnerability_class":"Not assigned","osm_tags":{"building":"yes"}},"geometry":{"type":"Polygon","coordinates":[[[39.227438,38.687964],[39.227679,38.688025],[39.227741,38.687876],[39.227501,38.687814],[39.227438,38.687964]]]}},{"type":"Feature","id":"way/772517380","properties":{"osm_id":"way/772517380","osm_type":"way","building":"yes","name":null,"levels":null,"source":"OpenStreetMap","source_url":"https://www.openstreetmap.org/copyright","licence":"ODbL 1.0","retrieved_on":"2026-09-03","vulnerability_function_id":null,"vulnerability_class":"Not assigned","osm_tags":{"building":"yes"}},"geometry":{"type":"Polygon","coordinates":[[[39.227377,38.688091],[39.227565,38.68814],[39.227598,38.688062],[39.227409,38.688014],[39.227377,38.688091]]]}},{"type":"Feature","id":"way/772517381","properties":{"osm_id":"way/772517381","osm_type":"way","building":"yes","name":null,"levels":null,"source":"OpenStreetMap","source_url":"https://www.openstreetmap.org/copyright","licence":"ODbL 1.0","retrieved_on":"2026-09-03","vulnerability_function_id":null,"vulnerability_class":"Not assigned","osm_tags":{"building":"yes"}},"geometry":{"type":"Polygon","coordinates":[[[39.227256,38.688409],[39.227479,38.688466],[39.227528,38.688349],[39.227496,38.688341],[39.227532,38.688254],[39.227342,38.688205],[39.227256,38.688409]]]}},{"type":"Feature","id":"way/772517382","properties":{"osm_id":"way/772517382","osm_type":"way","building":"yes","name":null,"levels":null,"source":"OpenStreetMap","source_url":"https://www.openstreetmap.org/copyright","licence":"ODbL 1.0","retrieved_on":"2026-09-03","vulnerability_function_id":null,"vulnerability_class":"Not assigned","osm_tags":{"building":"yes"}},"geometry":{"type":"Polygon","coordinates":[[[39.226163,38.688227],[39.226261,38.688247],[39.226276,38.688202],[39.226178,38.688182],[39.226163,38.688227]]]}},{"type":"Feature","id":"way/772517383","properties":{"osm_id":"way/772517383","osm_type":"way","building":"yes","name":null,"levels":null,"source":"OpenStreetMap","source_url":"https://www.openstreetmap.org/copyright","licence":"ODbL 1.0","retrieved_on":"2026-09-03","vulnerability_function_id":null,"vulnerability_class":"Not assigned","osm_tags":{"building":"yes"}},"geometry":{"type":"Polygon","coordinates":[[[39.226282,38.688199],[39.226423,38.688241],[39.226472,38.688142],[39.226331,38.6881],[39.226282,38.688199]]]}},{"type":"Feature","id":"way/772517384","properties":{"osm_id":"way/772517384","osm_type":"way","building":"yes","name":null,"levels":null,"source":"OpenStreetMap","source_url":"https://www.openstreetmap.org/copyright","licence":"ODbL 1.0","retrieved_on":"2026-09-03","vulnerability_function_id":null,"vulnerability_class":"Not assigned","osm_tags":{"building":"yes"}},"geometry":{"type":"Polygon","coordinates":[[[39.226898,38.688045],[39.22717,38.688111],[39.227208,38.688015],[39.226936,38.687949],[39.226898,38.688045]]]}},{"type":"Feature","id":"way/772517385","properties":{"osm_id":"way/772517385","osm_type":"way","building":"yes","name":null,"levels":null,"source":"OpenStreetMap","source_url":"https://www.openstreetmap.org/copyright","licence":"ODbL 1.0","retrieved_on":"2026-09-03","vulnerability_function_id":null,"vulnerability_class":"Not assigned","osm_tags":{"building":"yes"}},"geometry":{"type":"Polygon","coordinates":[[[39.226722,38.688013],[39.226841,38.688041],[39.226877,38.68795],[39.226757,38.687922],[39.226722,38.688013]]]}},{"type":"Feature","id":"way/772517386","properties":{"osm_id":"way/772517386","osm_type":"way","building":"yes","name":null,"levels":null,"source":"OpenStreetMap","source_url":"https://www.openstreetmap.org/copyright","licence":"ODbL 1.0","retrieved_on":"2026-09-03","vulnerability_function_id":null,"vulnerability_class":"Not assigned","osm_tags":{"building":"yes"}},"geometry":{"type":"Polygon","coordinates":[[[39.226559,38.687971],[39.22669,38.688007],[39.226731,38.687917],[39.2266,38.687881],[39.226559,38.687971]]]}},{"type":"Feature","id":"way/772517387","properties":{"osm_id":"way/772517387","osm_type":"way","building":"yes","name":null,"levels":null,"source":"OpenStreetMap","source_url":"https://www.openstreetmap.org/copyright","licence":"ODbL 1.0","retrieved_on":"2026-09-03","vulnerability_function_id":null,"vulnerability_class":"Not assigned","osm_tags":{"building":"yes"}},"geometry":{"type":"Polygon","coordinates":[[[39.226331,38.687925],[39.226526,38.687973],[39.226561,38.687885],[39.226366,38.687837],[39.226331,38.687925]]]}},{"type":"Feature","id":"way/772517388","properties":{"osm_id":"way/772517388","osm_type":"way","building":"yes","name":null,"levels":null,"source":"OpenStreetMap","source_url":"https://www.openstreetmap.org/copyright","licence":"ODbL 1.0","retrieved_on":"2026-09-03","vulnerability_function_id":null,"vulnerability_class":"Not assigned","osm_tags":{"building":"yes"}},"geometry":{"type":"Polygon","coordinates":[[[39.226259,38.688077],[39.226399,38.688111],[39.226444,38.687998],[39.226305,38.687964],[39.226259,38.688077]]]}},{"type":"Feature","id":"way/772517389","properties":{"osm_id":"way/772517389","osm_type":"way","building":"yes","name":null,"levels":null,"source":"OpenStreetMap","source_url":"https://www.openstreetmap.org/copyright","licence":"ODbL 1.0","retrieved_on":"2026-09-03","vulnerability_function_id":null,"vulnerability_class":"Not assigned","osm_tags":{"building":"yes"}},"geometry":{"type":"Polygon","coordinates":[[[39.226825,38.688309],[39.226941,38.688337],[39.226998,38.688195],[39.226883,38.688167],[39.226825,38.688309]]]}},{"type":"Feature","id":"way/772517390","properties":{"osm_id":"way/772517390","osm_type":"way","building":"yes","name":null,"levels":null,"source":"OpenStreetMap","source_url":"https://www.openstreetmap.org/copyright","licence":"ODbL 1.0","retrieved_on":"2026-09-03","vulnerability_function_id":null,"vulnerability_class":"Not assigned","osm_tags":{"building":"yes"}},"geometry":{"type":"Polygon","coordinates":[[[39.22656,38.688264],[39.226663,38.688289],[39.226667,38.688279],[39.226766,38.688303],[39.226827,38.688153],[39.226734,38.68813],[39.226738,38.68812],[39.226628,38.688093],[39.22656,38.688264]]]}},{"type":"Feature","id":"way/772517391","properties":{"osm_id":"way/772517391","osm_type":"way","building":"yes","name":null,"levels":null,"source":"OpenStreetMap","source_url":"https://www.openstreetmap.org/copyright","licence":"ODbL 1.0","retrieved_on":"2026-09-03","vulnerability_function_id":null,"vulnerability_class":"Not assigned","osm_tags":{"building":"yes"}},"geometry":{"type":"Polygon","coordinates":[[[39.226061,38.688544],[39.226427,38.688677],[39.226511,38.688558],[39.226132,38.688434],[39.226061,38.688544]]]}},{"type":"Feature","id":"way/772517392","properties":{"osm_id":"way/772517392","osm_type":"way","building":"yes","name":null,"levels":null,"source":"OpenStreetMap","source_url":"https://www.openstreetmap.org/copyright","licence":"ODbL 1.0","retrieved_on":"2026-09-03","vulnerability_function_id":null,"vulnerability_class":"Not assigned","osm_tags":{"building":"yes"}},"geometry":{"type":"Polygon","coordinates":[[[39.226787,38.688706],[39.226858,38.688753],[39.22687,38.688741],[39.226944,38.68879],[39.227082,38.688664],[39.226937,38.688567],[39.226787,38.688706]]]}},{"type":"Feature","id":"way/772517393","properties":{"osm_id":"way/772517393","osm_type":"way","building":"yes","name":null,"levels":null,"source":"OpenStreetMap","source_url":"https://www.openstreetmap.org/copyright","licence":"ODbL 1.0","retrieved_on":"2026-09-03","vulnerability_function_id":null,"vulnerability_class":"Not assigned","osm_tags":{"building":"yes"}},"geometry":{"type":"Polygon","coordinates":[[[39.22871,38.688763],[39.228819,38.688764],[39.228821,38.688606],[39.228711,38.688605],[39.22871,38.688763]]]}},{"type":"Feature","id":"way/772517394","properties":{"osm_id":"way/772517394","osm_type":"way","building":"yes","name":null,"levels":null,"source":"OpenStreetMap","source_url":"https://www.openstreetmap.org/copyright","licence":"ODbL 1.0","retrieved_on":"2026-09-03","vulnerability_function_id":null,"vulnerability_class":"Not assigned","osm_tags":{"building":"yes"}},"geometry":{"type":"Polygon","coordinates":[[[39.228471,38.688889],[39.228631,38.68889],[39.228735,38.688783],[39.228472,38.688783],[39.228471,38.688889]]]}},{"type":"Feature","id":"way/772526035","properties":{"osm_id":"way/772526035","osm_type":"way","building":"yes","name":null,"levels":null,"source":"OpenStreetMap","source_url":"https://www.openstreetmap.org/copyright","licence":"ODbL 1.0","retrieved_on":"2026-09-03","vulnerability_function_id":null,"vulnerability_class":"Not assigned","osm_tags":{"building":"yes"}},"geometry":{"type":"Polygon","coordinates":[[[39.227043,38.687487],[39.227208,38.68753],[39.227234,38.687467],[39.227069,38.687424],[39.227043,38.687487]]]}},{"type":"Feature","id":"way/772526036","properties":{"osm_id":"way/772526036","osm_type":"way","building":"yes","name":null,"levels":null,"source":"OpenStreetMap","source_url":"https://www.openstreetmap.org/copyright","licence":"ODbL 1.0","retrieved_on":"2026-09-03","vulnerability_function_id":null,"vulnerability_class":"Not assigned","osm_tags":{"building":"yes"}},"geometry":{"type":"Polygon","coordinates":[[[39.226997,38.687574],[39.227131,38.687609],[39.227162,38.687536],[39.227028,38.687502],[39.226997,38.687574]]]}},{"type":"Feature","id":"way/772526037","properties":{"osm_id":"way/772526037","osm_type":"way","building":"yes","name":null,"levels":null,"source":"OpenStreetMap","source_url":"https://www.openstreetmap.org/copyright","licence":"ODbL 1.0","retrieved_on":"2026-09-03","vulnerability_function_id":null,"vulnerability_class":"Not assigned","osm_tags":{"building":"yes"}},"geometry":{"type":"Polygon","coordinates":[[[39.227012,38.687597],[39.22698,38.687672],[39.227145,38.687715],[39.227177,38.68764],[39.227012,38.687597]]]}},{"type":"Feature","id":"way/772526038","properties":{"osm_id":"way/772526038","osm_type":"way","building":"yes","name":null,"levels":null,"source":"OpenStreetMap","source_url":"https://www.openstreetmap.org/copyright","licence":"ODbL 1.0","retrieved_on":"2026-09-03","vulnerability_function_id":null,"vulnerability_class":"Not assigned","osm_tags":{"building":"yes"}},"geometry":{"type":"Polygon","coordinates":[[[39.226934,38.687776],[39.227098,38.687819],[39.227137,38.687728],[39.226973,38.687685],[39.226934,38.687776]]]}},{"type":"Feature","id":"way/772526039","properties":{"osm_id":"way/772526039","osm_type":"way","building":"yes","name":null,"levels":null,"source":"OpenStreetMap","source_url":"https://www.openstreetmap.org/copyright","licence":"ODbL 1.0","retrieved_on":"2026-09-03","vulnerability_function_id":null,"vulnerability_class":"Not assigned","osm_tags":{"building":"yes"}},"geometry":{"type":"Polygon","coordinates":[[[39.227137,38.687816],[39.22729,38.687856],[39.22733,38.687764],[39.227176,38.687724],[39.227137,38.687816]]]}},{"type":"Feature","id":"way/772526040","properties":{"osm_id":"way/772526040","osm_type":"way","building":"yes","name":null,"levels":null,"source":"OpenStreetMap","source_url":"https://www.openstreetmap.org/copyright","licence":"ODbL 1.0","retrieved_on":"2026-09-03","vulnerability_function_id":null,"vulnerability_class":"Not assigned","osm_tags":{"building":"yes"}},"geometry":{"type":"Polygon","coordinates":[[[39.227217,38.687704],[39.227367,38.687743],[39.227398,38.687671],[39.227248,38.687631],[39.227217,38.687704]]]}},{"type":"Feature","id":"way/772526041","properties":{"osm_id":"way/772526041","osm_type":"way","building":"yes","name":null,"levels":null,"source":"OpenStreetMap","source_url":"https://www.openstreetmap.org/copyright","licence":"ODbL 1.0","retrieved_on":"2026-09-03","vulnerability_function_id":null,"vulnerability_class":"Not assigned","osm_tags":{"building":"yes"}},"geometry":{"type":"Polygon","coordinates":[[[39.227225,38.687625],[39.227248,38.687631],[39.227398,38.687671],[39.227424,38.687612],[39.22725,38.687567],[39.227225,38.687625]]]}},{"type":"Feature","id":"way/772526042","properties":{"osm_id":"way/772526042","osm_type":"way","building":"yes","name":null,"levels":null,"source":"OpenStreetMap","source_url":"https://www.openstreetmap.org/copyright","licence":"ODbL 1.0","retrieved_on":"2026-09-03","vulnerability_function_id":null,"vulnerability_class":"Not assigned","osm_tags":{"building":"yes"}},"geometry":{"type":"Polygon","coordinates":[[[39.227246,38.687557],[39.227428,38.687605],[39.227453,38.687547],[39.227271,38.6875],[39.227246,38.687557]]]}},{"type":"Feature","id":"way/772526043","properties":{"osm_id":"way/772526043","osm_type":"way","building":"yes","name":null,"levels":null,"source":"OpenStreetMap","source_url":"https://www.openstreetmap.org/copyright","licence":"ODbL 1.0","retrieved_on":"2026-09-03","vulnerability_function_id":null,"vulnerability_class":"Not assigned","osm_tags":{"building":"yes"}},"geometry":{"type":"Polygon","coordinates":[[[39.227307,38.687501],[39.227456,38.68754],[39.227494,38.687449],[39.227345,38.68741],[39.227307,38.687501]]]}},{"type":"Feature","id":"way/772526044","properties":{"osm_id":"way/772526044","osm_type":"way","building":"yes","name":null,"levels":null,"source":"OpenStreetMap","source_url":"https://www.openstreetmap.org/copyright","licence":"ODbL 1.0","retrieved_on":"2026-09-03","vulnerability_function_id":null,"vulnerability_class":"Not assigned","osm_tags":{"building":"yes"}},"geometry":{"type":"Polygon","coordinates":[[[39.226813,38.687143],[39.226777,38.687222],[39.226931,38.687265],[39.226968,38.687186],[39.226813,38.687143]]]}},{"type":"Feature","id":"way/772526045","properties":{"osm_id":"way/772526045","osm_type":"way","building":"yes","name":null,"levels":null,"source":"OpenStreetMap","source_url":"https://www.openstreetmap.org/copyright","licence":"ODbL 1.0","retrieved_on":"2026-09-03","vulnerability_function_id":null,"vulnerability_class":"Not assigned","osm_tags":{"building":"yes"}},"geometry":{"type":"Polygon","coordinates":[[[39.226772,38.687355],[39.226888,38.687385],[39.226932,38.687279],[39.226815,38.687249],[39.226772,38.687355]]]}},{"type":"Feature","id":"way/772526046","properties":{"osm_id":"way/772526046","osm_type":"way","building":"yes","name":null,"levels":null,"source":"OpenStreetMap","source_url":"https://www.openstreetmap.org/copyright","licence":"ODbL 1.0","retrieved_on":"2026-09-03","vulnerability_function_id":null,"vulnerability_class":"Not assigned","osm_tags":{"building":"yes"}},"geometry":{"type":"Polygon","coordinates":[[[39.226595,38.687305],[39.22673,38.68734],[39.226773,38.687237],[39.226638,38.687202],[39.226595,38.687305]]]}},{"type":"Feature","id":"way/772526047","properties":{"osm_id":"way/772526047","osm_type":"way","building":"yes","name":null,"levels":null,"source":"OpenStreetMap","source_url":"https://www.openstreetmap.org/copyright","licence":"ODbL 1.0","retrieved_on":"2026-09-03","vulnerability_function_id":null,"vulnerability_class":"Not assigned","osm_tags":{"building":"yes"}},"geometry":{"type":"Polygon","coordinates":[[[39.227091,38.687414],[39.227236,38.687455],[39.227279,38.687363],[39.227134,38.687322],[39.227091,38.687414]]]}},{"type":"Feature","id":"way/772526048","properties":{"osm_id":"way/772526048","osm_type":"way","building":"yes","name":null,"levels":null,"source":"OpenStreetMap","source_url":"https://www.openstreetmap.org/copyright","licence":"ODbL 1.0","retrieved_on":"2026-09-03","vulnerability_function_id":null,"vulnerability_class":"Not assigned","osm_tags":{"building":"yes"}},"geometry":{"type":"Polygon","coordinates":[[[39.22711,38.687275],[39.227258,38.687321],[39.227342,38.687158],[39.227194,38.687111],[39.22711,38.687275]]]}},{"type":"Feature","id":"way/772526050","properties":{"osm_id":"way/772526050","osm_type":"way","building":"yes","name":null,"levels":null,"source":"OpenStreetMap","source_url":"https://www.openstreetmap.org/copyright","licence":"ODbL 1.0","retrieved_on":"2026-09-03","vulnerability_function_id":null,"vulnerability_class":"Not assigned","osm_tags":{"building":"yes"}},"geometry":{"type":"Polygon","coordinates":[[[39.227204,38.686856],[39.227421,38.686915],[39.227452,38.686843],[39.227235,38.686785],[39.227204,38.686856]]]}},{"type":"Feature","id":"way/772526051","properties":{"osm_id":"way/772526051","osm_type":"way","building":"yes","name":null,"levels":null,"source":"OpenStreetMap","source_url":"https://www.openstreetmap.org/copyright","licence":"ODbL 1.0","retrieved_on":"2026-09-03","vulnerability_function_id":null,"vulnerability_class":"Not assigned","osm_tags":{"building":"yes"}},"geometry":{"type":"Polygon","coordinates":[[[39.227198,38.686975],[39.22737,38.68702],[39.227406,38.686936],[39.227235,38.686891],[39.227198,38.686975]]]}},{"type":"Feature","id":"way/772526052","properties":{"osm_id":"way/772526052","osm_type":"way","building":"yes","name":null,"levels":null,"source":"OpenStreetMap","source_url":"https://www.openstreetmap.org/copyright","licence":"ODbL 1.0","retrieved_on":"2026-09-03","vulnerability_function_id":null,"vulnerability_class":"Not assigned","osm_tags":{"building":"yes"}},"geometry":{"type":"Polygon","coordinates":[[[39.226855,38.68658],[39.227078,38.686622],[39.227106,38.686528],[39.226884,38.686486],[39.226855,38.68658]]]}},{"type":"Feature","id":"way/772526053","properties":{"osm_id":"way/772526053","osm_type":"way","building":"yes","name":null,"levels":null,"source":"OpenStreetMap","source_url":"https://www.openstreetmap.org/copyright","licence":"ODbL 1.0","retrieved_on":"2026-09-03","vulnerability_function_id":null,"vulnerability_class":"Not assigned","osm_tags":{"building":"yes"}},"geometry":{"type":"Polygon","coordinates":[[[39.227277,38.686637],[39.227483,38.686651],[39.22749,38.686583],[39.227285,38.68657],[39.227277,38.686637]]]}},{"type":"Feature","id":"way/772526055","properties":{"osm_id":"way/772526055","osm_type":"way","building":"yes","name":null,"levels":null,"source":"OpenStreetMap","source_url":"https://www.openstreetmap.org/copyright","licence":"ODbL 1.0","retrieved_on":"2026-09-03","vulnerability_function_id":null,"vulnerability_class":"Not assigned","osm_tags":{"building":"yes"}},"geometry":{"type":"Polygon","coordinates":[[[39.227155,38.686234],[39.227244,38.686242],[39.22724,38.686274],[39.227303,38.686279],[39.227324,38.686143],[39.227171,38.686129],[39.227155,38.686234]]]}},{"type":"Feature","id":"way/772526056","properties":{"osm_id":"way/772526056","osm_type":"way","building":"yes","name":null,"levels":null,"source":"OpenStreetMap","source_url":"https://www.openstreetmap.org/copyright","licence":"ODbL 1.0","retrieved_on":"2026-09-03","vulnerability_function_id":null,"vulnerability_class":"Not assigned","osm_tags":{"building":"yes"}},"geometry":{"type":"Polygon","coordinates":[[[39.227022,38.686177],[39.227153,38.686189],[39.227174,38.686046],[39.227044,38.686034],[39.227022,38.686177]]]}},{"type":"Feature","id":"way/772526057","properties":{"osm_id":"way/772526057","osm_type":"way","building":"yes","name":null,"levels":null,"source":"OpenStreetMap","source_url":"https://www.openstreetmap.org/copyright","licence":"ODbL 1.0","retrieved_on":"2026-09-03","vulnerability_function_id":null,"vulnerability_class":"Not assigned","osm_tags":{"building":"yes"}},"geometry":{"type":"Polygon","coordinates":[[[39.226949,38.686139],[39.227011,38.686145],[39.227031,38.686016],[39.226969,38.68601],[39.226949,38.686139]]]}},{"type":"Feature","id":"way/772526058","properties":{"osm_id":"way/772526058","osm_type":"way","building":"yes","name":null,"levels":null,"source":"OpenStreetMap","source_url":"https://www.openstreetmap.org/copyright","licence":"ODbL 1.0","retrieved_on":"2026-09-03","vulnerability_function_id":null,"vulnerability_class":"Not assigned","osm_tags":{"building":"yes"}},"geometry":{"type":"Polygon","coordinates":[[[39.226897,38.686128],[39.226926,38.686131],[39.226942,38.686018],[39.226913,38.686015],[39.226897,38.686128]]]}},{"type":"Feature","id":"way/772526059","properties":{"osm_id":"way/772526059","osm_type":"way","building":"yes","name":null,"levels":null,"source":"OpenStreetMap","source_url":"https://www.openstreetmap.org/copyright","licence":"ODbL 1.0","retrieved_on":"2026-09-03","vulnerability_function_id":null,"vulnerability_class":"Not assigned","osm_tags":{"building":"yes"}},"geometry":{"type":"Polygon","coordinates":[[[39.227453,38.686419],[39.227549,38.686429],[39.227558,38.686377],[39.227593,38.686381],[39.227606,38.686306],[39.227474,38.686293],[39.227453,38.686419]]]}},{"type":"Feature","id":"way/772526060","properties":{"osm_id":"way/772526060","osm_type":"way","building":"yes","name":null,"levels":null,"source":"OpenStreetMap","source_url":"https://www.openstreetmap.org/copyright","licence":"ODbL 1.0","retrieved_on":"2026-09-03","vulnerability_function_id":null,"vulnerability_class":"Not assigned","osm_tags":{"building":"yes"}},"geometry":{"type":"Polygon","coordinates":[[[39.227162,38.686378],[39.227415,38.686409],[39.227454,38.686219],[39.227345,38.686205],[39.227327,38.68629],[39.227183,38.686272],[39.227162,38.686378]]]}},{"type":"Feature","id":"way/772526061","properties":{"osm_id":"way/772526061","osm_type":"way","building":"yes","name":null,"levels":null,"source":"OpenStreetMap","source_url":"https://www.openstreetmap.org/copyright","licence":"ODbL 1.0","retrieved_on":"2026-09-03","vulnerability_function_id":null,"vulnerability_class":"Not assigned","osm_tags":{"building":"yes"}},"geometry":{"type":"Polygon","coordinates":[[[39.227022,38.686355],[39.227122,38.686369],[39.227148,38.68626],[39.227048,38.686246],[39.227022,38.686355]]]}},{"type":"Feature","id":"way/772526062","properties":{"osm_id":"way/772526062","osm_type":"way","building":"yes","name":null,"levels":null,"source":"OpenStreetMap","source_url":"https://www.openstreetmap.org/copyright","licence":"ODbL 1.0","retrieved_on":"2026-09-03","vulnerability_function_id":null,"vulnerability_class":"Not assigned","osm_tags":{"building":"yes"}},"geometry":{"type":"Polygon","coordinates":[[[39.227008,38.68635],[39.227043,38.686202],[39.226892,38.68618],[39.226857,38.686329],[39.227008,38.68635]]]}},{"type":"Feature","id":"way/772526063","properties":{"osm_id":"way/772526063","osm_type":"way","building":"yes","name":null,"levels":null,"source":"OpenStreetMap","source_url":"https://www.openstreetmap.org/copyright","licence":"ODbL 1.0","retrieved_on":"2026-09-03","vulnerability_function_id":null,"vulnerability_class":"Not assigned","osm_tags":{"building":"yes"}},"geometry":{"type":"Polygon","coordinates":[[[39.227045,38.685601],[39.227238,38.68568],[39.227322,38.685557],[39.227129,38.685478],[39.227045,38.685601]]]}},{"type":"Feature","id":"way/772526064","properties":{"osm_id":"way/772526064","osm_type":"way","building":"yes","name":null,"levels":null,"source":"OpenStreetMap","source_url":"https://www.openstreetmap.org/copyright","licence":"ODbL 1.0","retrieved_on":"2026-09-03","vulnerability_function_id":null,"vulnerability_class":"Not assigned","osm_tags":{"building":"yes"}},"geometry":{"type":"Polygon","coordinates":[[[39.226978,38.685805],[39.227157,38.685889],[39.227235,38.685787],[39.227056,38.685704],[39.226978,38.685805]]]}},{"type":"Feature","id":"way/772526065","properties":{"osm_id":"way/772526065","osm_type":"way","building":"yes","name":null,"levels":null,"source":"OpenStreetMap","source_url":"https://www.openstreetmap.org/copyright","licence":"ODbL 1.0","retrieved_on":"2026-09-03","vulnerability_function_id":null,"vulnerability_class":"Not assigned","osm_tags":{"building":"yes"}},"geometry":{"type":"Polygon","coordinates":[[[39.227394,38.686032],[39.227497,38.686083],[39.22756,38.686005],[39.227457,38.685954],[39.227418,38.685999],[39.227394,38.686032]]]}},{"type":"Feature","id":"way/772526066","properties":{"osm_id":"way/772526066","osm_type":"way","building":"yes","name":null,"levels":null,"source":"OpenStreetMap","source_url":"https://www.openstreetmap.org/copyright","licence":"ODbL 1.0","retrieved_on":"2026-09-03","vulnerability_function_id":null,"vulnerability_class":"Not assigned","osm_tags":{"building":"yes"}},"geometry":{"type":"Polygon","coordinates":[[[39.227299,38.685963],[39.22739,38.686008],[39.227488,38.685887],[39.227397,38.685842],[39.227299,38.685963]]]}},{"type":"Feature","id":"way/772526067","properties":{"osm_id":"way/772526067","osm_type":"way","building":"yes","name":null,"levels":null,"source":"OpenStreetMap","source_url":"https://www.openstreetmap.org/copyright","licence":"ODbL 1.0","retrieved_on":"2026-09-03","vulnerability_function_id":null,"vulnerability_class":"Not assigned","osm_tags":{"building":"yes"}},"geometry":{"type":"Polygon","coordinates":[[[39.227193,38.685911],[39.227281,38.685954],[39.227379,38.685832],[39.227291,38.685789],[39.227193,38.685911]]]}},{"type":"Feature","id":"way/772526068","properties":{"osm_id":"way/772526068","osm_type":"way","building":"yes","name":null,"levels":null,"source":"OpenStreetMap","source_url":"https://www.openstreetmap.org/copyright","licence":"ODbL 1.0","retrieved_on":"2026-09-03","vulnerability_function_id":null,"vulnerability_class":"Not assigned","osm_tags":{"building":"yes"}},"geometry":{"type":"Polygon","coordinates":[[[39.227708,38.686182],[39.227804,38.686229],[39.227871,38.686146],[39.227775,38.686099],[39.227708,38.686182]]]}},{"type":"Feature","id":"way/772526069","properties":{"osm_id":"way/772526069","osm_type":"way","building":"yes","name":null,"levels":null,"source":"OpenStreetMap","source_url":"https://www.openstreetmap.org/copyright","licence":"ODbL 1.0","retrieved_on":"2026-09-03","vulnerability_function_id":null,"vulnerability_class":"Not assigned","osm_tags":{"building":"yes"}},"geometry":{"type":"Polygon","coordinates":[[[39.227599,38.686125],[39.227697,38.686173],[39.227795,38.686052],[39.227697,38.686004],[39.227599,38.686125]]]}},{"type":"Feature","id":"way/772526070","properties":{"osm_id":"way/772526070","osm_type":"way","building":"yes","name":null,"levels":null,"source":"OpenStreetMap","source_url":"https://www.openstreetmap.org/copyright","licence":"ODbL 1.0","retrieved_on":"2026-09-03","vulnerability_function_id":null,"vulnerability_class":"Not assigned","osm_tags":{"building":"yes"}},"geometry":{"type":"Polygon","coordinates":[[[39.227831,38.68624],[39.227929,38.686289],[39.22804,38.68615],[39.227943,38.686102],[39.227831,38.68624]]]}},{"type":"Feature","id":"way/772526071","properties":{"osm_id":"way/772526071","osm_type":"way","building":"yes","name":null,"levels":null,"source":"OpenStreetMap","source_url":"https://www.openstreetmap.org/copyright","licence":"ODbL 1.0","retrieved_on":"2026-09-03","vulnerability_function_id":null,"vulnerability_class":"Not assigned","osm_tags":{"building":"yes"}},"geometry":{"type":"Polygon","coordinates":[[[39.227949,38.686285],[39.228029,38.686325],[39.228137,38.686191],[39.228057,38.686152],[39.227949,38.686285]]]}},{"type":"Feature","id":"way/772526072","properties":{"osm_id":"way/772526072","osm_type":"way","building":"yes","name":null,"levels":null,"source":"OpenStreetMap","source_url":"https://www.openstreetmap.org/copyright","licence":"ODbL 1.0","retrieved_on":"2026-09-03","vulnerability_function_id":null,"vulnerability_class":"Not assigned","osm_tags":{"building":"yes"}},"geometry":{"type":"Polygon","coordinates":[[[39.228035,38.686363],[39.228209,38.686448],[39.228324,38.686306],[39.228243,38.686266],[39.228258,38.686247],[39.228165,38.686202],[39.228035,38.686363]]]}},{"type":"Feature","id":"way/772526073","properties":{"osm_id":"way/772526073","osm_type":"way","building":"yes","name":null,"levels":null,"source":"OpenStreetMap","source_url":"https://www.openstreetmap.org/copyright","licence":"ODbL 1.0","retrieved_on":"2026-09-03","vulnerability_function_id":null,"vulnerability_class":"Not assigned","osm_tags":{"building":"yes"}},"geometry":{"type":"Polygon","coordinates":[[[39.228317,38.6865],[39.228441,38.686562],[39.228564,38.686411],[39.22844,38.686349],[39.228317,38.6865]]]}},{"type":"Feature","id":"way/772526074","properties":{"osm_id":"way/772526074","osm_type":"way","building":"yes","name":null,"levels":null,"source":"OpenStreetMap","source_url":"https://www.openstreetmap.org/copyright","licence":"ODbL 1.0","retrieved_on":"2026-09-03","vulnerability_function_id":null,"vulnerability_class":"Not assigned","osm_tags":{"building":"yes"}},"geometry":{"type":"Polygon","coordinates":[[[39.228629,38.687024],[39.228805,38.687056],[39.228826,38.686985],[39.228651,38.686953],[39.228629,38.687024]]]}},{"type":"Feature","id":"way/772526075","properties":{"osm_id":"way/772526075","osm_type":"way","building":"yes","name":null,"levels":null,"source":"OpenStreetMap","source_url":"https://www.openstreetmap.org/copyright","licence":"ODbL 1.0","retrieved_on":"2026-09-03","vulnerability_function_id":null,"vulnerability_class":"Not assigned","osm_tags":{"building":"yes"}},"geometry":{"type":"Polygon","coordinates":[[[39.228594,38.687143],[39.228757,38.687192],[39.228795,38.687115],[39.228632,38.687066],[39.228594,38.687143]]]}},{"type":"Feature","id":"way/772537834","properties":{"osm_id":"way/772537834","osm_type":"way","building":"yes","name":null,"levels":null,"source":"OpenStreetMap","source_url":"https://www.openstreetmap.org/copyright","licence":"ODbL 1.0","retrieved_on":"2026-09-03","vulnerability_function_id":null,"vulnerability_class":"Not assigned","osm_tags":{"building":"yes"}},"geometry":{"type":"Polygon","coordinates":[[[39.229733,38.687548],[39.229705,38.687613],[39.229878,38.687659],[39.229906,38.687593],[39.229733,38.687548]]]}},{"type":"Feature","id":"way/772537835","properties":{"osm_id":"way/772537835","osm_type":"way","building":"yes","name":null,"levels":null,"source":"OpenStreetMap","source_url":"https://www.openstreetmap.org/copyright","licence":"ODbL 1.0","retrieved_on":"2026-09-03","vulnerability_function_id":null,"vulnerability_class":"Not assigned","osm_tags":{"building":"yes"}},"geometry":{"type":"Polygon","coordinates":[[[39.229669,38.687647],[39.229637,38.687728],[39.229839,38.687776],[39.22987,38.687694],[39.229669,38.687647]]]}},{"type":"Feature","id":"way/772537836","properties":{"osm_id":"way/772537836","osm_type":"way","building":"yes","name":null,"levels":null,"source":"OpenStreetMap","source_url":"https://www.openstreetmap.org/copyright","licence":"ODbL 1.0","retrieved_on":"2026-09-03","vulnerability_function_id":null,"vulnerability_class":"Not assigned","osm_tags":{"building":"yes"}},"geometry":{"type":"Polygon","coordinates":[[[39.229594,38.68783],[39.22979,38.687836],[39.229807,38.687772],[39.22963,38.687736],[39.229594,38.68783]]]}},{"type":"Feature","id":"way/772537837","properties":{"osm_id":"way/772537837","osm_type":"way","building":"yes","name":null,"levels":null,"source":"OpenStreetMap","source_url":"https://www.openstreetmap.org/copyright","licence":"ODbL 1.0","retrieved_on":"2026-09-03","vulnerability_function_id":null,"vulnerability_class":"Not assigned","osm_tags":{"building":"yes"}},"geometry":{"type":"Polygon","coordinates":[[[39.229541,38.688033],[39.229771,38.688052],[39.229783,38.687963],[39.229767,38.687962],[39.229769,38.687945],[39.229679,38.687937],[39.229676,38.687954],[39.229554,38.687943],[39.229541,38.688033]]]}},{"type":"Feature","id":"way/772537840","properties":{"osm_id":"way/772537840","osm_type":"way","building":"yes","name":null,"levels":null,"source":"OpenStreetMap","source_url":"https://www.openstreetmap.org/copyright","licence":"ODbL 1.0","retrieved_on":"2026-09-03","vulnerability_function_id":null,"vulnerability_class":"Not assigned","osm_tags":{"building":"yes"}},"geometry":{"type":"Polygon","coordinates":[[[39.229908,38.688485],[39.23003,38.688496],[39.230045,38.688401],[39.229923,38.68839],[39.229908,38.688485]]]}},{"type":"Feature","id":"way/772537841","properties":{"osm_id":"way/772537841","osm_type":"way","building":"yes","name":null,"levels":null,"source":"OpenStreetMap","source_url":"https://www.openstreetmap.org/copyright","licence":"ODbL 1.0","retrieved_on":"2026-09-03","vulnerability_function_id":null,"vulnerability_class":"Not assigned","osm_tags":{"building":"yes"}},"geometry":{"type":"Polygon","coordinates":[[[39.229335,38.688418],[39.229518,38.688404],[39.229503,38.688293],[39.22929,38.68831],[39.229298,38.688373],[39.229329,38.68837],[39.229335,38.688418]]]}},{"type":"Feature","id":"way/772537842","properties":{"osm_id":"way/772537842","osm_type":"way","building":"yes","name":null,"levels":null,"source":"OpenStreetMap","source_url":"https://www.openstreetmap.org/copyright","licence":"ODbL 1.0","retrieved_on":"2026-09-03","vulnerability_function_id":null,"vulnerability_class":"Not assigned","osm_tags":{"building":"yes"}},"geometry":{"type":"Polygon","coordinates":[[[39.229076,38.688094],[39.229235,38.688124],[39.229267,38.688019],[39.229108,38.68799],[39.229076,38.688094]]]}},{"type":"Feature","id":"way/772537843","properties":{"osm_id":"way/772537843","osm_type":"way","building":"yes","name":null,"levels":null,"source":"OpenStreetMap","source_url":"https://www.openstreetmap.org/copyright","licence":"ODbL 1.0","retrieved_on":"2026-09-03","vulnerability_function_id":null,"vulnerability_class":"Not assigned","osm_tags":{"building":"yes"}},"geometry":{"type":"Polygon","coordinates":[[[39.229129,38.687979],[39.229292,38.68799],[39.2293,38.687911],[39.229137,38.6879],[39.229129,38.687979]]]}},{"type":"Feature","id":"way/772537844","properties":{"osm_id":"way/772537844","osm_type":"way","building":"yes","name":null,"levels":null,"source":"OpenStreetMap","source_url":"https://www.openstreetmap.org/copyright","licence":"ODbL 1.0","retrieved_on":"2026-09-03","vulnerability_function_id":null,"vulnerability_class":"Not assigned","osm_tags":{"building":"yes"}},"geometry":{"type":"Polygon","coordinates":[[[39.229144,38.687885],[39.229284,38.687894],[39.229294,38.687806],[39.229171,38.687797],[39.229166,38.687849],[39.229148,38.687847],[39.229144,38.687885]]]}},{"type":"Feature","id":"way/772537845","properties":{"osm_id":"way/772537845","osm_type":"way","building":"yes","name":null,"levels":null,"source":"OpenStreetMap","source_url":"https://www.openstreetmap.org/copyright","licence":"ODbL 1.0","retrieved_on":"2026-09-03","vulnerability_function_id":null,"vulnerability_class":"Not assigned","osm_tags":{"building":"yes"}},"geometry":{"type":"Polygon","coordinates":[[[39.229114,38.687789],[39.229374,38.687806],[39.229385,38.687704],[39.229125,38.687687],[39.229114,38.687789]]]}},{"type":"Feature","id":"way/772537846","properties":{"osm_id":"way/772537846","osm_type":"way","building":"yes","name":null,"levels":null,"source":"OpenStreetMap","source_url":"https://www.openstreetmap.org/copyright","licence":"ODbL 1.0","retrieved_on":"2026-09-03","vulnerability_function_id":null,"vulnerability_class":"Not assigned","osm_tags":{"building":"yes"}},"geometry":{"type":"Polygon","coordinates":[[[39.229102,38.687668],[39.228932,38.687624],[39.228902,38.687695],[39.229071,38.687739],[39.229102,38.687668]]]}},{"type":"Feature","id":"way/772537847","properties":{"osm_id":"way/772537847","osm_type":"way","building":"yes","name":null,"levels":null,"source":"OpenStreetMap","source_url":"https://www.openstreetmap.org/copyright","licence":"ODbL 1.0","retrieved_on":"2026-09-03","vulnerability_function_id":null,"vulnerability_class":"Not assigned","osm_tags":{"building":"yes"}},"geometry":{"type":"Polygon","coordinates":[[[39.228829,38.687698],[39.228794,38.687779],[39.228932,38.687789],[39.228958,38.687747],[39.228829,38.687698]]]}},{"type":"Feature","id":"way/772537848","properties":{"osm_id":"way/772537848","osm_type":"way","building":"yes","name":null,"levels":null,"source":"OpenStreetMap","source_url":"https://www.openstreetmap.org/copyright","licence":"ODbL 1.0","retrieved_on":"2026-09-03","vulnerability_function_id":null,"vulnerability_class":"Not assigned","osm_tags":{"building":"yes"}},"geometry":{"type":"Polygon","coordinates":[[[39.228779,38.68787],[39.228826,38.687873],[39.228833,38.687818],[39.228785,38.687815],[39.228779,38.68787]]]}},{"type":"Feature","id":"way/772537849","properties":{"osm_id":"way/772537849","osm_type":"way","building":"yes","name":null,"levels":null,"source":"OpenStreetMap","source_url":"https://www.openstreetmap.org/copyright","licence":"ODbL 1.0","retrieved_on":"2026-09-03","vulnerability_function_id":null,"vulnerability_class":"Not assigned","osm_tags":{"building":"yes"}},"geometry":{"type":"Polygon","coordinates":[[[39.228836,38.687876],[39.228919,38.687882],[39.228929,38.687795],[39.228795,38.687785],[39.228792,38.687809],[39.228844,38.687812],[39.228836,38.687876]]]}},{"type":"Feature","id":"way/772537850","properties":{"osm_id":"way/772537850","osm_type":"way","building":"yes","name":null,"levels":null,"source":"OpenStreetMap","source_url":"https://www.openstreetmap.org/copyright","licence":"ODbL 1.0","retrieved_on":"2026-09-03","vulnerability_function_id":null,"vulnerability_class":"Not assigned","osm_tags":{"building":"yes"}},"geometry":{"type":"Polygon","coordinates":[[[39.228902,38.688044],[39.228921,38.687887],[39.228769,38.687876],[39.228751,38.688032],[39.228902,38.688044]]]}},{"type":"Feature","id":"way/772537851","properties":{"osm_id":"way/772537851","osm_type":"way","building":"yes","name":null,"levels":null,"source":"OpenStreetMap","source_url":"https://www.openstreetmap.org/copyright","licence":"ODbL 1.0","retrieved_on":"2026-09-03","vulnerability_function_id":null,"vulnerability_class":"Not assigned","osm_tags":{"building":"yes"}},"geometry":{"type":"Polygon","coordinates":[[[39.228706,38.688212],[39.228818,38.688214],[39.228819,38.688194],[39.228921,38.688195],[39.228922,38.688135],[39.228846,38.688134],[39.228846,38.688125],[39.228812,38.688125],[39.228813,38.688083],[39.228898,38.688084],[39.228899,38.688053],[39.22871,38.68805],[39.228706,38.688212]]]}},{"type":"Feature","id":"way/772537852","properties":{"osm_id":"way/772537852","osm_type":"way","building":"yes","name":null,"levels":null,"source":"OpenStreetMap","source_url":"https://www.openstreetmap.org/copyright","licence":"ODbL 1.0","retrieved_on":"2026-09-03","vulnerability_function_id":null,"vulnerability_class":"Not assigned","osm_tags":{"building":"yes"}},"geometry":{"type":"Polygon","coordinates":[[[39.229136,38.687126],[39.229277,38.68717],[39.229339,38.68705],[39.229197,38.687006],[39.229136,38.687126]]]}},{"type":"Feature","id":"way/772537853","properties":{"osm_id":"way/772537853","osm_type":"way","building":"yes","name":null,"levels":null,"source":"OpenStreetMap","source_url":"https://www.openstreetmap.org/copyright","licence":"ODbL 1.0","retrieved_on":"2026-09-03","vulnerability_function_id":null,"vulnerability_class":"Not assigned","osm_tags":{"building":"yes"}},"geometry":{"type":"Polygon","coordinates":[[[39.2284,38.687377],[39.228498,38.687412],[39.228535,38.687348],[39.228437,38.687313],[39.2284,38.687377]]]}},{"type":"Feature","id":"way/772537854","properties":{"osm_id":"way/772537854","osm_type":"way","building":"yes","name":null,"levels":null,"source":"OpenStreetMap","source_url":"https://www.openstreetmap.org/copyright","licence":"ODbL 1.0","retrieved_on":"2026-09-03","vulnerability_function_id":null,"vulnerability_class":"Not assigned","osm_tags":{"building":"yes"}},"geometry":{"type":"Polygon","coordinates":[[[39.228498,38.687519],[39.228608,38.687556],[39.228649,38.68748],[39.228539,38.687443],[39.228498,38.687519]]]}},{"type":"Feature","id":"way/772537855","properties":{"osm_id":"way/772537855","osm_type":"way","building":"yes","name":null,"levels":null,"source":"OpenStreetMap","source_url":"https://www.openstreetmap.org/copyright","licence":"ODbL 1.0","retrieved_on":"2026-09-03","vulnerability_function_id":null,"vulnerability_class":"Not assigned","osm_tags":{"building":"yes"}},"geometry":{"type":"Polygon","coordinates":[[[39.228319,38.687567],[39.228515,38.687627],[39.228554,38.687551],[39.228358,38.68749],[39.228319,38.687567]]]}},{"type":"Feature","id":"way/772537856","properties":{"osm_id":"way/772537856","osm_type":"way","building":"yes","name":null,"levels":null,"source":"OpenStreetMap","source_url":"https://www.openstreetmap.org/copyright","licence":"ODbL 1.0","retrieved_on":"2026-09-03","vulnerability_function_id":null,"vulnerability_class":"Not assigned","osm_tags":{"building":"yes"}},"geometry":{"type":"Polygon","coordinates":[[[39.228368,38.687825],[39.228374,38.687743],[39.228301,38.687739],[39.228294,38.687822],[39.228368,38.687825]]]}},{"type":"Feature","id":"way/772537857","properties":{"osm_id":"way/772537857","osm_type":"way","building":"yes","name":null,"levels":null,"source":"OpenStreetMap","source_url":"https://www.openstreetmap.org/copyright","licence":"ODbL 1.0","retrieved_on":"2026-09-03","vulnerability_function_id":null,"vulnerability_class":"Not assigned","osm_tags":{"building":"yes"}},"geometry":{"type":"Polygon","coordinates":[[[39.228386,38.687824],[39.228545,38.687835],[39.228553,38.687755],[39.228395,38.687745],[39.228386,38.687824]]]}},{"type":"Feature","id":"way/772537858","properties":{"osm_id":"way/772537858","osm_type":"way","building":"yes","name":null,"levels":null,"source":"OpenStreetMap","source_url":"https://www.openstreetmap.org/copyright","licence":"ODbL 1.0","retrieved_on":"2026-09-03","vulnerability_function_id":null,"vulnerability_class":"Not assigned","osm_tags":{"building":"yes"}},"geometry":{"type":"Polygon","coordinates":[[[39.228152,38.687947],[39.228209,38.687951],[39.228216,38.687896],[39.228158,38.687891],[39.228152,38.687947]]]}},{"type":"Feature","id":"way/772537859","properties":{"osm_id":"way/772537859","osm_type":"way","building":"yes","name":null,"levels":null,"source":"OpenStreetMap","source_url":"https://www.openstreetmap.org/copyright","licence":"ODbL 1.0","retrieved_on":"2026-09-03","vulnerability_function_id":null,"vulnerability_class":"Not assigned","osm_tags":{"building":"yes"}},"geometry":{"type":"Polygon","coordinates":[[[39.228232,38.68795],[39.228289,38.687954],[39.228295,38.687907],[39.228238,38.687903],[39.228232,38.68795]]]}},{"type":"Feature","id":"way/772537860","properties":{"osm_id":"way/772537860","osm_type":"way","building":"yes","name":null,"levels":null,"source":"OpenStreetMap","source_url":"https://www.openstreetmap.org/copyright","licence":"ODbL 1.0","retrieved_on":"2026-09-03","vulnerability_function_id":null,"vulnerability_class":"Not assigned","osm_tags":{"building":"yes"}},"geometry":{"type":"Polygon","coordinates":[[[39.228317,38.687951],[39.228451,38.687959],[39.228457,38.687895],[39.228323,38.687887],[39.228317,38.687951]]]}},{"type":"Feature","id":"way/772537861","properties":{"osm_id":"way/772537861","osm_type":"way","building":"yes","name":null,"levels":null,"source":"OpenStreetMap","source_url":"https://www.openstreetmap.org/copyright","licence":"ODbL 1.0","retrieved_on":"2026-09-03","vulnerability_function_id":null,"vulnerability_class":"Not assigned","osm_tags":{"building":"yes"}},"geometry":{"type":"Polygon","coordinates":[[[39.228232,38.688068],[39.22846,38.688063],[39.228458,38.687993],[39.22823,38.687998],[39.228232,38.688068]]]}},{"type":"Feature","id":"way/772537862","properties":{"osm_id":"way/772537862","osm_type":"way","building":"yes","name":null,"levels":null,"source":"OpenStreetMap","source_url":"https://www.openstreetmap.org/copyright","licence":"ODbL 1.0","retrieved_on":"2026-09-03","vulnerability_function_id":null,"vulnerability_class":"Not assigned","osm_tags":{"building":"yes"}},"geometry":{"type":"Polygon","coordinates":[[[39.228192,38.68834],[39.228436,38.688324],[39.228417,38.68815],[39.228172,38.688167],[39.228192,38.68834]]]}},{"type":"Feature","id":"way/772537863","properties":{"osm_id":"way/772537863","osm_type":"way","building":"yes","name":null,"levels":null,"source":"OpenStreetMap","source_url":"https://www.openstreetmap.org/copyright","licence":"ODbL 1.0","retrieved_on":"2026-09-03","vulnerability_function_id":null,"vulnerability_class":"Not assigned","osm_tags":{"building":"yes"}},"geometry":{"type":"Polygon","coordinates":[[[39.226414,38.687694],[39.226507,38.687715],[39.226546,38.68761],[39.226453,38.687589],[39.226414,38.687694]]]}},{"type":"Feature","id":"way/772537864","properties":{"osm_id":"way/772537864","osm_type":"way","building":"yes","name":null,"levels":null,"source":"OpenStreetMap","source_url":"https://www.openstreetmap.org/copyright","licence":"ODbL 1.0","retrieved_on":"2026-09-03","vulnerability_function_id":null,"vulnerability_class":"Not assigned","osm_tags":{"building":"yes"}},"geometry":{"type":"Polygon","coordinates":[[[39.226642,38.687753],[39.226757,38.687755],[39.226759,38.6877],[39.226643,38.687697],[39.226642,38.687753]]]}},{"type":"Feature","id":"way/772537865","properties":{"osm_id":"way/772537865","osm_type":"way","building":"yes","name":null,"levels":null,"source":"OpenStreetMap","source_url":"https://www.openstreetmap.org/copyright","licence":"ODbL 1.0","retrieved_on":"2026-09-03","vulnerability_function_id":null,"vulnerability_class":"Not assigned","osm_tags":{"building":"yes"}},"geometry":{"type":"Polygon","coordinates":[[[39.226471,38.687539],[39.226681,38.687594],[39.22672,38.687503],[39.226511,38.687447],[39.226471,38.687539]]]}},{"type":"Feature","id":"way/774660161","properties":{"osm_id":"way/774660161","osm_type":"way","building":"yes","name":null,"levels":null,"source":"OpenStreetMap","source_url":"https://www.openstreetmap.org/copyright","licence":"ODbL 1.0","retrieved_on":"2026-09-03","vulnerability_function_id":null,"vulnerability_class":"Not assigned","osm_tags":{"building":"yes"}},"geometry":{"type":"Polygon","coordinates":[[[39.214679,38.689856],[39.214781,38.689903],[39.214859,38.689801],[39.214757,38.689754],[39.214679,38.689856]]]}},{"type":"Feature","id":"way/774660162","properties":{"osm_id":"way/774660162","osm_type":"way","building":"yes","name":null,"levels":null,"source":"OpenStreetMap","source_url":"https://www.openstreetmap.org/copyright","licence":"ODbL 1.0","retrieved_on":"2026-09-03","vulnerability_function_id":null,"vulnerability_class":"Not assigned","osm_tags":{"building":"yes"}},"geometry":{"type":"Polygon","coordinates":[[[39.214856,38.689946],[39.214959,38.689992],[39.21505,38.689866],[39.214947,38.689821],[39.214856,38.689946]]]}},{"type":"Feature","id":"way/774671842","properties":{"osm_id":"way/774671842","osm_type":"way","building":"yes","name":null,"levels":null,"source":"OpenStreetMap","source_url":"https://www.openstreetmap.org/copyright","licence":"ODbL 1.0","retrieved_on":"2026-09-03","vulnerability_function_id":null,"vulnerability_class":"Not assigned","osm_tags":{"building":"yes"}},"geometry":{"type":"Polygon","coordinates":[[[39.215162,38.68668],[39.215232,38.686681],[39.215232,38.686647],[39.215276,38.686648],[39.215278,38.686585],[39.215178,38.686583],[39.215177,38.686616],[39.215164,38.686616],[39.215162,38.68668]]]}},{"type":"Feature","id":"way/774671843","properties":{"osm_id":"way/774671843","osm_type":"way","building":"yes","name":null,"levels":null,"source":"OpenStreetMap","source_url":"https://www.openstreetmap.org/copyright","licence":"ODbL 1.0","retrieved_on":"2026-09-03","vulnerability_function_id":null,"vulnerability_class":"Not assigned","osm_tags":{"building":"yes"}},"geometry":{"type":"Polygon","coordinates":[[[39.214916,38.686499],[39.215024,38.686504],[39.215033,38.686391],[39.214926,38.686386],[39.214916,38.686499]]]}},{"type":"Feature","id":"way/774671844","properties":{"osm_id":"way/774671844","osm_type":"way","building":"yes","name":null,"levels":null,"source":"OpenStreetMap","source_url":"https://www.openstreetmap.org/copyright","licence":"ODbL 1.0","retrieved_on":"2026-09-03","vulnerability_function_id":null,"vulnerability_class":"Not assigned","osm_tags":{"building":"yes"}},"geometry":{"type":"Polygon","coordinates":[[[39.215053,38.686538],[39.215166,38.68654],[39.21517,38.686426],[39.215057,38.686424],[39.215053,38.686538]]]}},{"type":"Feature","id":"way/774671845","properties":{"osm_id":"way/774671845","osm_type":"way","building":"yes","name":null,"levels":null,"source":"OpenStreetMap","source_url":"https://www.openstreetmap.org/copyright","licence":"ODbL 1.0","retrieved_on":"2026-09-03","vulnerability_function_id":null,"vulnerability_class":"Not assigned","osm_tags":{"building":"yes"}},"geometry":{"type":"Polygon","coordinates":[[[39.21501,38.686667],[39.215128,38.686671],[39.215135,38.686571],[39.215017,38.686566],[39.21501,38.686667]]]}},{"type":"Feature","id":"way/774671846","properties":{"osm_id":"way/774671846","osm_type":"way","building":"yes","name":null,"levels":null,"source":"OpenStreetMap","source_url":"https://www.openstreetmap.org/copyright","licence":"ODbL 1.0","retrieved_on":"2026-09-03","vulnerability_function_id":null,"vulnerability_class":"Not assigned","osm_tags":{"building":"yes"}},"geometry":{"type":"Polygon","coordinates":[[[39.214468,38.686467],[39.214633,38.68642],[39.214594,38.686334],[39.214429,38.68638],[39.214468,38.686467]]]}},{"type":"Feature","id":"way/774671847","properties":{"osm_id":"way/774671847","osm_type":"way","building":"yes","name":null,"levels":null,"source":"OpenStreetMap","source_url":"https://www.openstreetmap.org/copyright","licence":"ODbL 1.0","retrieved_on":"2026-09-03","vulnerability_function_id":null,"vulnerability_class":"Not assigned","osm_tags":{"building":"yes"}},"geometry":{"type":"Polygon","coordinates":[[[39.213889,38.68665],[39.214038,38.686706],[39.214126,38.686565],[39.213978,38.686508],[39.213889,38.68665]]]}},{"type":"Feature","id":"way/774671848","properties":{"osm_id":"way/774671848","osm_type":"way","building":"yes","name":null,"levels":null,"source":"OpenStreetMap","source_url":"https://www.openstreetmap.org/copyright","licence":"ODbL 1.0","retrieved_on":"2026-09-03","vulnerability_function_id":null,"vulnerability_class":"Not assigned","osm_tags":{"building":"yes"}},"geometry":{"type":"Polygon","coordinates":[[[39.214117,38.686739],[39.214236,38.686788],[39.214312,38.686678],[39.214194,38.686628],[39.214117,38.686739]]]}},{"type":"Feature","id":"way/774671849","properties":{"osm_id":"way/774671849","osm_type":"way","building":"yes","name":null,"levels":null,"source":"OpenStreetMap","source_url":"https://www.openstreetmap.org/copyright","licence":"ODbL 1.0","retrieved_on":"2026-09-03","vulnerability_function_id":null,"vulnerability_class":"Not assigned","osm_tags":{"building":"yes"}},"geometry":{"type":"Polygon","coordinates":[[[39.214345,38.686829],[39.214486,38.68689],[39.21456,38.686786],[39.214419,38.686725],[39.214345,38.686829]]]}},{"type":"Feature","id":"way/774671850","properties":{"osm_id":"way/774671850","osm_type":"way","building":"yes","name":null,"levels":null,"source":"OpenStreetMap","source_url":"https://www.openstreetmap.org/copyright","licence":"ODbL 1.0","retrieved_on":"2026-09-03","vulnerability_function_id":null,"vulnerability_class":"Not assigned","osm_tags":{"building":"yes"}},"geometry":{"type":"Polygon","coordinates":[[[39.214501,38.686899],[39.214646,38.686965],[39.214721,38.686865],[39.214576,38.686798],[39.214501,38.686899]]]}},{"type":"Feature","id":"way/774671851","properties":{"osm_id":"way/774671851","osm_type":"way","building":"yes","name":null,"levels":null,"source":"OpenStreetMap","source_url":"https://www.openstreetmap.org/copyright","licence":"ODbL 1.0","retrieved_on":"2026-09-03","vulnerability_function_id":null,"vulnerability_class":"Not assigned","osm_tags":{"building":"yes"}},"geometry":{"type":"Polygon","coordinates":[[[39.214674,38.686977],[39.214807,38.687037],[39.214882,38.686934],[39.214749,38.686875],[39.214674,38.686977]]]}},{"type":"Feature","id":"way/774671852","properties":{"osm_id":"way/774671852","osm_type":"way","building":"yes","name":null,"levels":null,"source":"OpenStreetMap","source_url":"https://www.openstreetmap.org/copyright","licence":"ODbL 1.0","retrieved_on":"2026-09-03","vulnerability_function_id":null,"vulnerability_class":"Not assigned","osm_tags":{"building":"yes"}},"geometry":{"type":"Polygon","coordinates":[[[39.213691,38.686889],[39.21375,38.686785],[39.213627,38.686743],[39.213568,38.686847],[39.213691,38.686889]]]}},{"type":"Feature","id":"way/774671853","properties":{"osm_id":"way/774671853","osm_type":"way","building":"yes","name":null,"levels":null,"source":"OpenStreetMap","source_url":"https://www.openstreetmap.org/copyright","licence":"ODbL 1.0","retrieved_on":"2026-09-03","vulnerability_function_id":null,"vulnerability_class":"Not assigned","osm_tags":{"building":"yes"}},"geometry":{"type":"Polygon","coordinates":[[[39.213721,38.686893],[39.213821,38.686924],[39.21387,38.686829],[39.213771,38.686797],[39.213721,38.686893]]]}},{"type":"Feature","id":"way/774671855","properties":{"osm_id":"way/774671855","osm_type":"way","building":"yes","name":null,"levels":null,"source":"OpenStreetMap","source_url":"https://www.openstreetmap.org/copyright","licence":"ODbL 1.0","retrieved_on":"2026-09-03","vulnerability_function_id":null,"vulnerability_class":"Not assigned","osm_tags":{"building":"yes"}},"geometry":{"type":"Polygon","coordinates":[[[39.213937,38.686946],[39.214067,38.686995],[39.214121,38.686909],[39.213991,38.68686],[39.213937,38.686946]]]}},{"type":"Feature","id":"way/774671857","properties":{"osm_id":"way/774671857","osm_type":"way","building":"yes","name":null,"levels":null,"source":"OpenStreetMap","source_url":"https://www.openstreetmap.org/copyright","licence":"ODbL 1.0","retrieved_on":"2026-09-03","vulnerability_function_id":null,"vulnerability_class":"Not assigned","osm_tags":{"building":"yes"}},"geometry":{"type":"Polygon","coordinates":[[[39.213798,38.6872],[39.213893,38.68725],[39.21396,38.687173],[39.213865,38.687123],[39.213798,38.6872]]]}},{"type":"Feature","id":"way/774671859","properties":{"osm_id":"way/774671859","osm_type":"way","building":"yes","name":null,"levels":null,"source":"OpenStreetMap","source_url":"https://www.openstreetmap.org/copyright","licence":"ODbL 1.0","retrieved_on":"2026-09-03","vulnerability_function_id":null,"vulnerability_class":"Not assigned","osm_tags":{"building":"yes"}},"geometry":{"type":"Polygon","coordinates":[[[39.214331,38.687736],[39.214445,38.687792],[39.214529,38.687688],[39.214415,38.687632],[39.214331,38.687736]]]}},{"type":"Feature","id":"way/774671860","properties":{"osm_id":"way/774671860","osm_type":"way","building":"yes","name":null,"levels":null,"source":"OpenStreetMap","source_url":"https://www.openstreetmap.org/copyright","licence":"ODbL 1.0","retrieved_on":"2026-09-03","vulnerability_function_id":null,"vulnerability_class":"Not assigned","osm_tags":{"building":"yes"}},"geometry":{"type":"Polygon","coordinates":[[[39.214335,38.687714],[39.214418,38.687608],[39.214295,38.687549],[39.214212,38.687655],[39.214335,38.687714]]]}},{"type":"Feature","id":"way/774671861","properties":{"osm_id":"way/774671861","osm_type":"way","building":"yes","name":null,"levels":null,"source":"OpenStreetMap","source_url":"https://www.openstreetmap.org/copyright","licence":"ODbL 1.0","retrieved_on":"2026-09-03","vulnerability_function_id":null,"vulnerability_class":"Not assigned","osm_tags":{"building":"yes"}},"geometry":{"type":"Polygon","coordinates":[[[39.214056,38.687557],[39.214195,38.687622],[39.214271,38.687523],[39.214132,38.687458],[39.214056,38.687557]]]}},{"type":"Feature","id":"way/774671862","properties":{"osm_id":"way/774671862","osm_type":"way","building":"yes","name":null,"levels":null,"source":"OpenStreetMap","source_url":"https://www.openstreetmap.org/copyright","licence":"ODbL 1.0","retrieved_on":"2026-09-03","vulnerability_function_id":null,"vulnerability_class":"Not assigned","osm_tags":{"building":"yes"}},"geometry":{"type":"Polygon","coordinates":[[[39.212583,38.688773],[39.212668,38.68873],[39.212603,38.68865],[39.212517,38.688693],[39.212583,38.688773]]]}},{"type":"Feature","id":"way/774671863","properties":{"osm_id":"way/774671863","osm_type":"way","building":"yes","name":null,"levels":null,"source":"OpenStreetMap","source_url":"https://www.openstreetmap.org/copyright","licence":"ODbL 1.0","retrieved_on":"2026-09-03","vulnerability_function_id":null,"vulnerability_class":"Not assigned","osm_tags":{"building":"yes"}},"geometry":{"type":"Polygon","coordinates":[[[39.212319,38.688694],[39.212418,38.688646],[39.212333,38.688541],[39.212234,38.688589],[39.212319,38.688694]]]}},{"type":"Feature","id":"way/774671864","properties":{"osm_id":"way/774671864","osm_type":"way","building":"yes","name":null,"levels":null,"source":"OpenStreetMap","source_url":"https://www.openstreetmap.org/copyright","licence":"ODbL 1.0","retrieved_on":"2026-09-03","vulnerability_function_id":null,"vulnerability_class":"Not assigned","osm_tags":{"building":"yes"}},"geometry":{"type":"Polygon","coordinates":[[[39.212512,38.688605],[39.212629,38.688547],[39.212536,38.688434],[39.212419,38.688492],[39.212512,38.688605]]]}},{"type":"Feature","id":"way/774671865","properties":{"osm_id":"way/774671865","osm_type":"way","building":"yes","name":null,"levels":null,"source":"OpenStreetMap","source_url":"https://www.openstreetmap.org/copyright","licence":"ODbL 1.0","retrieved_on":"2026-09-03","vulnerability_function_id":null,"vulnerability_class":"Not assigned","osm_tags":{"building":"yes"}},"geometry":{"type":"Polygon","coordinates":[[[39.212569,38.68844],[39.21265,38.688536],[39.212737,38.688492],[39.212656,38.688396],[39.212569,38.68844]]]}},{"type":"Feature","id":"way/774671866","properties":{"osm_id":"way/774671866","osm_type":"way","building":"yes","name":null,"levels":null,"source":"OpenStreetMap","source_url":"https://www.openstreetmap.org/copyright","licence":"ODbL 1.0","retrieved_on":"2026-09-03","vulnerability_function_id":null,"vulnerability_class":"Not assigned","osm_tags":{"building":"yes"}},"geometry":{"type":"Polygon","coordinates":[[[39.212548,38.687978],[39.212673,38.687924],[39.212604,38.687828],[39.21248,38.687882],[39.212548,38.687978]]]}},{"type":"Feature","id":"way/774671867","properties":{"osm_id":"way/774671867","osm_type":"way","building":"yes","name":null,"levels":null,"source":"OpenStreetMap","source_url":"https://www.openstreetmap.org/copyright","licence":"ODbL 1.0","retrieved_on":"2026-09-03","vulnerability_function_id":null,"vulnerability_class":"Not assigned","osm_tags":{"building":"yes"}},"geometry":{"type":"Polygon","coordinates":[[[39.212254,38.687984],[39.212331,38.688071],[39.21248,38.68799],[39.212403,38.687904],[39.212254,38.687984]]]}},{"type":"Feature","id":"way/774671868","properties":{"osm_id":"way/774671868","osm_type":"way","building":"yes","name":null,"levels":null,"source":"OpenStreetMap","source_url":"https://www.openstreetmap.org/copyright","licence":"ODbL 1.0","retrieved_on":"2026-09-03","vulnerability_function_id":null,"vulnerability_class":"Not assigned","osm_tags":{"building":"yes"}},"geometry":{"type":"Polygon","coordinates":[[[39.212938,38.688077],[39.213041,38.688037],[39.212966,38.687918],[39.212863,38.687958],[39.212938,38.688077]]]}},{"type":"Feature","id":"way/774671869","properties":{"osm_id":"way/774671869","osm_type":"way","building":"yes","name":null,"levels":null,"source":"OpenStreetMap","source_url":"https://www.openstreetmap.org/copyright","licence":"ODbL 1.0","retrieved_on":"2026-09-03","vulnerability_function_id":null,"vulnerability_class":"Not assigned","osm_tags":{"building":"yes"}},"geometry":{"type":"Polygon","coordinates":[[[39.212342,38.688346],[39.212554,38.68825],[39.212437,38.688092],[39.212225,38.688188],[39.212342,38.688346]]]}},{"type":"Feature","id":"way/774671870","properties":{"osm_id":"way/774671870","osm_type":"way","building":"yes","name":null,"levels":null,"source":"OpenStreetMap","source_url":"https://www.openstreetmap.org/copyright","licence":"ODbL 1.0","retrieved_on":"2026-09-03","vulnerability_function_id":null,"vulnerability_class":"Not assigned","osm_tags":{"building":"yes"}},"geometry":{"type":"Polygon","coordinates":[[[39.212671,38.688205],[39.212801,38.68815],[39.212689,38.687991],[39.21256,38.688046],[39.212671,38.688205]]]}},{"type":"Feature","id":"way/774671871","properties":{"osm_id":"way/774671871","osm_type":"way","building":"yes","name":null,"levels":null,"source":"OpenStreetMap","source_url":"https://www.openstreetmap.org/copyright","licence":"ODbL 1.0","retrieved_on":"2026-09-03","vulnerability_function_id":null,"vulnerability_class":"Not assigned","osm_tags":{"building":"yes"}},"geometry":{"type":"Polygon","coordinates":[[[39.213308,38.688139],[39.213472,38.688194],[39.213534,38.68808],[39.21337,38.688026],[39.213308,38.688139]]]}},{"type":"Feature","id":"way/774671872","properties":{"osm_id":"way/774671872","osm_type":"way","building":"yes","name":null,"levels":null,"source":"OpenStreetMap","source_url":"https://www.openstreetmap.org/copyright","licence":"ODbL 1.0","retrieved_on":"2026-09-03","vulnerability_function_id":null,"vulnerability_class":"Not assigned","osm_tags":{"building":"yes"}},"geometry":{"type":"Polygon","coordinates":[[[39.213255,38.688297],[39.21336,38.688332],[39.213422,38.688217],[39.213318,38.688182],[39.213255,38.688297]]]}},{"type":"Feature","id":"way/774671873","properties":{"osm_id":"way/774671873","osm_type":"way","building":"yes","name":null,"levels":null,"source":"OpenStreetMap","source_url":"https://www.openstreetmap.org/copyright","licence":"ODbL 1.0","retrieved_on":"2026-09-03","vulnerability_function_id":null,"vulnerability_class":"Not assigned","osm_tags":{"building":"yes"}},"geometry":{"type":"Polygon","coordinates":[[[39.213457,38.688368],[39.213535,38.688393],[39.213606,38.688262],[39.213529,38.688236],[39.213457,38.688368]]]}},{"type":"Feature","id":"way/774671874","properties":{"osm_id":"way/774671874","osm_type":"way","building":"yes","name":null,"levels":null,"source":"OpenStreetMap","source_url":"https://www.openstreetmap.org/copyright","licence":"ODbL 1.0","retrieved_on":"2026-09-03","vulnerability_function_id":null,"vulnerability_class":"Not assigned","osm_tags":{"building":"yes"}},"geometry":{"type":"Polygon","coordinates":[[[39.213598,38.68819],[39.213765,38.688245],[39.213826,38.688132],[39.21366,38.688077],[39.213598,38.68819]]]}},{"type":"Feature","id":"way/774671875","properties":{"osm_id":"way/774671875","osm_type":"way","building":"yes","name":null,"levels":null,"source":"OpenStreetMap","source_url":"https://www.openstreetmap.org/copyright","licence":"ODbL 1.0","retrieved_on":"2026-09-03","vulnerability_function_id":null,"vulnerability_class":"Not assigned","osm_tags":{"building":"yes"}},"geometry":{"type":"Polygon","coordinates":[[[39.213786,38.688287],[39.213878,38.688318],[39.213968,38.688153],[39.213876,38.688122],[39.213786,38.688287]]]}},{"type":"Feature","id":"way/774671876","properties":{"osm_id":"way/774671876","osm_type":"way","building":"yes","name":null,"levels":null,"source":"OpenStreetMap","source_url":"https://www.openstreetmap.org/copyright","licence":"ODbL 1.0","retrieved_on":"2026-09-03","vulnerability_function_id":null,"vulnerability_class":"Not assigned","osm_tags":{"building":"yes"}},"geometry":{"type":"Polygon","coordinates":[[[39.214223,38.688414],[39.214321,38.688446],[39.214379,38.688338],[39.214281,38.688306],[39.214223,38.688414]]]}},{"type":"Feature","id":"way/774671877","properties":{"osm_id":"way/774671877","osm_type":"way","building":"yes","name":null,"levels":null,"source":"OpenStreetMap","source_url":"https://www.openstreetmap.org/copyright","licence":"ODbL 1.0","retrieved_on":"2026-09-03","vulnerability_function_id":null,"vulnerability_class":"Not assigned","osm_tags":{"building":"yes"}},"geometry":{"type":"Polygon","coordinates":[[[39.213959,38.688286],[39.214161,38.688349],[39.21422,38.688234],[39.214017,38.688171],[39.213959,38.688286]]]}},{"type":"Feature","id":"way/774671878","properties":{"osm_id":"way/774671878","osm_type":"way","building":"yes","name":null,"levels":null,"source":"OpenStreetMap","source_url":"https://www.openstreetmap.org/copyright","licence":"ODbL 1.0","retrieved_on":"2026-09-03","vulnerability_function_id":null,"vulnerability_class":"Not assigned","osm_tags":{"building":"yes"}},"geometry":{"type":"Polygon","coordinates":[[[39.213569,38.688403],[39.213705,38.688447],[39.213768,38.688329],[39.213631,38.688285],[39.213569,38.688403]]]}},{"type":"Feature","id":"way/774671879","properties":{"osm_id":"way/774671879","osm_type":"way","building":"yes","name":null,"levels":null,"source":"OpenStreetMap","source_url":"https://www.openstreetmap.org/copyright","licence":"ODbL 1.0","retrieved_on":"2026-09-03","vulnerability_function_id":null,"vulnerability_class":"Not assigned","osm_tags":{"building":"yes"}},"geometry":{"type":"Polygon","coordinates":[[[39.213756,38.688464],[39.213936,38.688524],[39.214002,38.688402],[39.213823,38.688342],[39.213756,38.688464]]]}},{"type":"Feature","id":"way/774671880","properties":{"osm_id":"way/774671880","osm_type":"way","building":"yes","name":null,"levels":null,"source":"OpenStreetMap","source_url":"https://www.openstreetmap.org/copyright","licence":"ODbL 1.0","retrieved_on":"2026-09-03","vulnerability_function_id":null,"vulnerability_class":"Not assigned","osm_tags":{"building":"yes"}},"geometry":{"type":"Polygon","coordinates":[[[39.214173,38.688594],[39.214336,38.688652],[39.214414,38.68852],[39.214252,38.688461],[39.214173,38.688594]]]}},{"type":"Feature","id":"way/774671881","properties":{"osm_id":"way/774671881","osm_type":"way","building":"yes","name":null,"levels":null,"source":"OpenStreetMap","source_url":"https://www.openstreetmap.org/copyright","licence":"ODbL 1.0","retrieved_on":"2026-09-03","vulnerability_function_id":null,"vulnerability_class":"Not assigned","osm_tags":{"building":"yes"}},"geometry":{"type":"Polygon","coordinates":[[[39.213456,38.688681],[39.213559,38.688723],[39.213629,38.68862],[39.213526,38.688577],[39.213456,38.688681]]]}},{"type":"Feature","id":"way/774671882","properties":{"osm_id":"way/774671882","osm_type":"way","building":"yes","name":null,"levels":null,"source":"OpenStreetMap","source_url":"https://www.openstreetmap.org/copyright","licence":"ODbL 1.0","retrieved_on":"2026-09-03","vulnerability_function_id":null,"vulnerability_class":"Not assigned","osm_tags":{"building":"yes"}},"geometry":{"type":"Polygon","coordinates":[[[39.213508,38.688896],[39.213575,38.688924],[39.213632,38.688841],[39.213565,38.688813],[39.213508,38.688896]]]}},{"type":"Feature","id":"way/774671883","properties":{"osm_id":"way/774671883","osm_type":"way","building":"yes","name":null,"levels":null,"source":"OpenStreetMap","source_url":"https://www.openstreetmap.org/copyright","licence":"ODbL 1.0","retrieved_on":"2026-09-03","vulnerability_function_id":null,"vulnerability_class":"Not assigned","osm_tags":{"building":"yes"}},"geometry":{"type":"Polygon","coordinates":[[[39.213606,38.688736],[39.213777,38.688807],[39.213871,38.688668],[39.2137,38.688598],[39.213606,38.688736]]]}},{"type":"Feature","id":"way/774671884","properties":{"osm_id":"way/774671884","osm_type":"way","building":"yes","name":null,"levels":null,"source":"OpenStreetMap","source_url":"https://www.openstreetmap.org/copyright","licence":"ODbL 1.0","retrieved_on":"2026-09-03","vulnerability_function_id":null,"vulnerability_class":"Not assigned","osm_tags":{"building":"yes"}},"geometry":{"type":"Polygon","coordinates":[[[39.214211,38.688969],[39.214299,38.689005],[39.214395,38.688864],[39.214307,38.688827],[39.214211,38.688969]]]}},{"type":"Feature","id":"way/774671885","properties":{"osm_id":"way/774671885","osm_type":"way","building":"yes","name":null,"levels":null,"source":"OpenStreetMap","source_url":"https://www.openstreetmap.org/copyright","licence":"ODbL 1.0","retrieved_on":"2026-09-03","vulnerability_function_id":null,"vulnerability_class":"Not assigned","osm_tags":{"building":"yes"}},"geometry":{"type":"Polygon","coordinates":[[[39.213979,38.689093],[39.214081,38.689135],[39.214168,38.689006],[39.214066,38.688964],[39.213979,38.689093]]]}},{"type":"Feature","id":"way/774671886","properties":{"osm_id":"way/774671886","osm_type":"way","building":"yes","name":null,"levels":null,"source":"OpenStreetMap","source_url":"https://www.openstreetmap.org/copyright","licence":"ODbL 1.0","retrieved_on":"2026-09-03","vulnerability_function_id":null,"vulnerability_class":"Not assigned","osm_tags":{"building":"yes"}},"geometry":{"type":"Polygon","coordinates":[[[39.213986,38.688873],[39.214103,38.688922],[39.214199,38.688781],[39.214081,38.688732],[39.213986,38.688873]]]}},{"type":"Feature","id":"way/774671887","properties":{"osm_id":"way/774671887","osm_type":"way","building":"yes","name":null,"levels":null,"source":"OpenStreetMap","source_url":"https://www.openstreetmap.org/copyright","licence":"ODbL 1.0","retrieved_on":"2026-09-03","vulnerability_function_id":null,"vulnerability_class":"Not assigned","osm_tags":{"building":"yes"}},"geometry":{"type":"Polygon","coordinates":[[[39.213847,38.68881],[39.213941,38.688849],[39.214026,38.688724],[39.213933,38.688685],[39.213847,38.68881]]]}},{"type":"Feature","id":"way/774671888","properties":{"osm_id":"way/774671888","osm_type":"way","building":"yes","name":null,"levels":null,"source":"OpenStreetMap","source_url":"https://www.openstreetmap.org/copyright","licence":"ODbL 1.0","retrieved_on":"2026-09-03","vulnerability_function_id":null,"vulnerability_class":"Not assigned","osm_tags":{"building":"yes"}},"geometry":{"type":"Polygon","coordinates":[[[39.213597,38.688957],[39.213707,38.689003],[39.213797,38.688871],[39.213686,38.688825],[39.213597,38.688957]]]}},{"type":"Feature","id":"way/774671889","properties":{"osm_id":"way/774671889","osm_type":"way","building":"yes","name":null,"levels":null,"source":"OpenStreetMap","source_url":"https://www.openstreetmap.org/copyright","licence":"ODbL 1.0","retrieved_on":"2026-09-03","vulnerability_function_id":null,"vulnerability_class":"Not assigned","osm_tags":{"building":"yes"}},"geometry":{"type":"Polygon","coordinates":[[[39.21378,38.688996],[39.213878,38.689036],[39.213963,38.688912],[39.213865,38.688871],[39.21378,38.688996]]]}},{"type":"Feature","id":"way/774671890","properties":{"osm_id":"way/774671890","osm_type":"way","building":"yes","name":null,"levels":null,"source":"OpenStreetMap","source_url":"https://www.openstreetmap.org/copyright","licence":"ODbL 1.0","retrieved_on":"2026-09-03","vulnerability_function_id":null,"vulnerability_class":"Not assigned","osm_tags":{"building":"yes"}},"geometry":{"type":"Polygon","coordinates":[[[39.212482,38.689441],[39.212621,38.689513],[39.212673,38.689453],[39.212534,38.689381],[39.212482,38.689441]]]}},{"type":"Feature","id":"way/774671891","properties":{"osm_id":"way/774671891","osm_type":"way","building":"yes","name":null,"levels":null,"source":"OpenStreetMap","source_url":"https://www.openstreetmap.org/copyright","licence":"ODbL 1.0","retrieved_on":"2026-09-03","vulnerability_function_id":null,"vulnerability_class":"Not assigned","osm_tags":{"building":"yes"}},"geometry":{"type":"Polygon","coordinates":[[[39.212544,38.68937],[39.212684,38.689444],[39.21275,38.689366],[39.21261,38.689293],[39.212544,38.68937]]]}},{"type":"Feature","id":"way/774671892","properties":{"osm_id":"way/774671892","osm_type":"way","building":"yes","name":null,"levels":null,"source":"OpenStreetMap","source_url":"https://www.openstreetmap.org/copyright","licence":"ODbL 1.0","retrieved_on":"2026-09-03","vulnerability_function_id":null,"vulnerability_class":"Not assigned","osm_tags":{"building":"yes"}},"geometry":{"type":"Polygon","coordinates":[[[39.212721,38.689156],[39.212851,38.689224],[39.212992,38.689059],[39.212862,38.688992],[39.212721,38.689156]]]}},{"type":"Feature","id":"way/774671893","properties":{"osm_id":"way/774671893","osm_type":"way","building":"yes","name":null,"levels":null,"source":"OpenStreetMap","source_url":"https://www.openstreetmap.org/copyright","licence":"ODbL 1.0","retrieved_on":"2026-09-03","vulnerability_function_id":null,"vulnerability_class":"Not assigned","osm_tags":{"building":"yes"}},"geometry":{"type":"Polygon","coordinates":[[[39.213235,38.689167],[39.213332,38.68921],[39.213434,38.689068],[39.213337,38.689025],[39.213235,38.689167]]]}},{"type":"Feature","id":"way/774671894","properties":{"osm_id":"way/774671894","osm_type":"way","building":"yes","name":null,"levels":null,"source":"OpenStreetMap","source_url":"https://www.openstreetmap.org/copyright","licence":"ODbL 1.0","retrieved_on":"2026-09-03","vulnerability_function_id":null,"vulnerability_class":"Not assigned","osm_tags":{"building":"yes"}},"geometry":{"type":"Polygon","coordinates":[[[39.213036,38.689365],[39.213182,38.689437],[39.213256,38.689346],[39.21311,38.689274],[39.213036,38.689365]]]}},{"type":"Feature","id":"way/774671895","properties":{"osm_id":"way/774671895","osm_type":"way","building":"yes","name":null,"levels":null,"source":"OpenStreetMap","source_url":"https://www.openstreetmap.org/copyright","licence":"ODbL 1.0","retrieved_on":"2026-09-03","vulnerability_function_id":null,"vulnerability_class":"Not assigned","osm_tags":{"building":"yes"}},"geometry":{"type":"Polygon","coordinates":[[[39.213501,38.689293],[39.213581,38.689339],[39.213711,38.689202],[39.213632,38.689156],[39.213501,38.689293]]]}},{"type":"Feature","id":"way/774671896","properties":{"osm_id":"way/774671896","osm_type":"way","building":"yes","name":null,"levels":null,"source":"OpenStreetMap","source_url":"https://www.openstreetmap.org/copyright","licence":"ODbL 1.0","retrieved_on":"2026-09-03","vulnerability_function_id":null,"vulnerability_class":"Not assigned","osm_tags":{"building":"yes"}},"geometry":{"type":"Polygon","coordinates":[[[39.213656,38.689458],[39.213788,38.689539],[39.213859,38.689469],[39.213726,38.689388],[39.213656,38.689458]]]}},{"type":"Feature","id":"way/774671897","properties":{"osm_id":"way/774671897","osm_type":"way","building":"yes","name":null,"levels":null,"source":"OpenStreetMap","source_url":"https://www.openstreetmap.org/copyright","licence":"ODbL 1.0","retrieved_on":"2026-09-03","vulnerability_function_id":null,"vulnerability_class":"Not assigned","osm_tags":{"building":"yes"}},"geometry":{"type":"Polygon","coordinates":[[[39.21362,38.689498],[39.213554,38.689567],[39.2137,38.689652],[39.213766,38.689583],[39.21362,38.689498]]]}},{"type":"Feature","id":"way/774671898","properties":{"osm_id":"way/774671898","osm_type":"way","building":"yes","name":null,"levels":null,"source":"OpenStreetMap","source_url":"https://www.openstreetmap.org/copyright","licence":"ODbL 1.0","retrieved_on":"2026-09-03","vulnerability_function_id":null,"vulnerability_class":"Not assigned","osm_tags":{"building":"yes"}},"geometry":{"type":"Polygon","coordinates":[[[39.21348,38.689661],[39.213609,38.689731],[39.213676,38.689654],[39.213548,38.689585],[39.21348,38.689661]]]}},{"type":"Feature","id":"way/774671899","properties":{"osm_id":"way/774671899","osm_type":"way","building":"yes","name":null,"levels":null,"source":"OpenStreetMap","source_url":"https://www.openstreetmap.org/copyright","licence":"ODbL 1.0","retrieved_on":"2026-09-03","vulnerability_function_id":null,"vulnerability_class":"Not assigned","osm_tags":{"building":"yes"}},"geometry":{"type":"Polygon","coordinates":[[[39.213418,38.689931],[39.213566,38.689939],[39.213576,38.689821],[39.213429,38.689813],[39.213418,38.689931]]]}},{"type":"Feature","id":"way/774671900","properties":{"osm_id":"way/774671900","osm_type":"way","building":"yes","name":null,"levels":null,"source":"OpenStreetMap","source_url":"https://www.openstreetmap.org/copyright","licence":"ODbL 1.0","retrieved_on":"2026-09-03","vulnerability_function_id":null,"vulnerability_class":"Not assigned","osm_tags":{"building":"yes"}},"geometry":{"type":"Polygon","coordinates":[[[39.213371,38.690081],[39.213539,38.690089],[39.213546,38.689995],[39.213378,38.689988],[39.213371,38.690081]]]}},{"type":"Feature","id":"way/774671901","properties":{"osm_id":"way/774671901","osm_type":"way","building":"yes","name":null,"levels":null,"source":"OpenStreetMap","source_url":"https://www.openstreetmap.org/copyright","licence":"ODbL 1.0","retrieved_on":"2026-09-03","vulnerability_function_id":null,"vulnerability_class":"Not assigned","osm_tags":{"building":"yes"}},"geometry":{"type":"Polygon","coordinates":[[[39.213286,38.689466],[39.213382,38.689526],[39.21346,38.689451],[39.213364,38.68939],[39.213286,38.689466]]]}},{"type":"Feature","id":"way/774671902","properties":{"osm_id":"way/774671902","osm_type":"way","building":"yes","name":null,"levels":null,"source":"OpenStreetMap","source_url":"https://www.openstreetmap.org/copyright","licence":"ODbL 1.0","retrieved_on":"2026-09-03","vulnerability_function_id":null,"vulnerability_class":"Not assigned","osm_tags":{"building":"yes"}},"geometry":{"type":"Polygon","coordinates":[[[39.213154,38.68959],[39.213303,38.689627],[39.213338,38.68954],[39.213189,38.689504],[39.213154,38.68959]]]}},{"type":"Feature","id":"way/774671903","properties":{"osm_id":"way/774671903","osm_type":"way","building":"yes","name":null,"levels":null,"source":"OpenStreetMap","source_url":"https://www.openstreetmap.org/copyright","licence":"ODbL 1.0","retrieved_on":"2026-09-03","vulnerability_function_id":null,"vulnerability_class":"Not assigned","osm_tags":{"building":"yes"}},"geometry":{"type":"Polygon","coordinates":[[[39.213113,38.689701],[39.213288,38.689718],[39.213301,38.689636],[39.213125,38.689619],[39.213113,38.689701]]]}},{"type":"Feature","id":"way/774671904","properties":{"osm_id":"way/774671904","osm_type":"way","building":"yes","name":null,"levels":null,"source":"OpenStreetMap","source_url":"https://www.openstreetmap.org/copyright","licence":"ODbL 1.0","retrieved_on":"2026-09-03","vulnerability_function_id":null,"vulnerability_class":"Not assigned","osm_tags":{"building":"yes"}},"geometry":{"type":"Polygon","coordinates":[[[39.213084,38.689841],[39.213247,38.689845],[39.21325,38.689757],[39.213088,38.689752],[39.213084,38.689841]]]}},{"type":"Feature","id":"way/774671905","properties":{"osm_id":"way/774671905","osm_type":"way","building":"yes","name":null,"levels":null,"source":"OpenStreetMap","source_url":"https://www.openstreetmap.org/copyright","licence":"ODbL 1.0","retrieved_on":"2026-09-03","vulnerability_function_id":null,"vulnerability_class":"Not assigned","osm_tags":{"building":"yes"}},"geometry":{"type":"Polygon","coordinates":[[[39.212942,38.68951],[39.213109,38.689576],[39.213166,38.689487],[39.212999,38.689422],[39.212942,38.68951]]]}},{"type":"Feature","id":"way/774671906","properties":{"osm_id":"way/774671906","osm_type":"way","building":"yes","name":null,"levels":null,"source":"OpenStreetMap","source_url":"https://www.openstreetmap.org/copyright","licence":"ODbL 1.0","retrieved_on":"2026-09-03","vulnerability_function_id":null,"vulnerability_class":"Not assigned","osm_tags":{"building":"yes"}},"geometry":{"type":"Polygon","coordinates":[[[39.212858,38.689703],[39.213026,38.689739],[39.213079,38.689591],[39.21291,38.689555],[39.212858,38.689703]]]}},{"type":"Feature","id":"way/774671907","properties":{"osm_id":"way/774671907","osm_type":"way","building":"yes","name":null,"levels":null,"source":"OpenStreetMap","source_url":"https://www.openstreetmap.org/copyright","licence":"ODbL 1.0","retrieved_on":"2026-09-03","vulnerability_function_id":null,"vulnerability_class":"Not assigned","osm_tags":{"building":"yes"}},"geometry":{"type":"Polygon","coordinates":[[[39.212824,38.689831],[39.213007,38.689853],[39.213023,38.689772],[39.21284,38.68975],[39.212824,38.689831]]]}},{"type":"Feature","id":"way/774671908","properties":{"osm_id":"way/774671908","osm_type":"way","building":"yes","name":null,"levels":null,"source":"OpenStreetMap","source_url":"https://www.openstreetmap.org/copyright","licence":"ODbL 1.0","retrieved_on":"2026-09-03","vulnerability_function_id":null,"vulnerability_class":"Not assigned","osm_tags":{"building":"yes"}},"geometry":{"type":"Polygon","coordinates":[[[39.212355,38.68954],[39.21248,38.689599],[39.212532,38.689531],[39.212407,38.689473],[39.212355,38.68954]]]}},{"type":"Feature","id":"way/774671909","properties":{"osm_id":"way/774671909","osm_type":"way","building":"yes","name":null,"levels":null,"source":"OpenStreetMap","source_url":"https://www.openstreetmap.org/copyright","licence":"ODbL 1.0","retrieved_on":"2026-09-03","vulnerability_function_id":null,"vulnerability_class":"Not assigned","osm_tags":{"building":"yes"}},"geometry":{"type":"Polygon","coordinates":[[[39.212219,38.689713],[39.212336,38.689768],[39.212394,38.689694],[39.212278,38.689638],[39.212219,38.689713]]]}},{"type":"Feature","id":"way/774674822","properties":{"osm_id":"way/774674822","osm_type":"way","building":"yes","name":null,"levels":null,"source":"OpenStreetMap","source_url":"https://www.openstreetmap.org/copyright","licence":"ODbL 1.0","retrieved_on":"2026-09-03","vulnerability_function_id":null,"vulnerability_class":"Not assigned","osm_tags":{"building":"yes"}},"geometry":{"type":"Polygon","coordinates":[[[39.213064,38.686773],[39.213157,38.686699],[39.213083,38.686643],[39.21299,38.686717],[39.213064,38.686773]]]}},{"type":"Feature","id":"way/774674823","properties":{"osm_id":"way/774674823","osm_type":"way","building":"yes","name":null,"levels":null,"source":"OpenStreetMap","source_url":"https://www.openstreetmap.org/copyright","licence":"ODbL 1.0","retrieved_on":"2026-09-03","vulnerability_function_id":null,"vulnerability_class":"Not assigned","osm_tags":{"building":"yes"}},"geometry":{"type":"Polygon","coordinates":[[[39.213131,38.686599],[39.213244,38.686694],[39.213334,38.686629],[39.213222,38.686533],[39.213131,38.686599]]]}},{"type":"Feature","id":"way/774674824","properties":{"osm_id":"way/774674824","osm_type":"way","building":"yes","name":null,"levels":null,"source":"OpenStreetMap","source_url":"https://www.openstreetmap.org/copyright","licence":"ODbL 1.0","retrieved_on":"2026-09-03","vulnerability_function_id":null,"vulnerability_class":"Not assigned","osm_tags":{"building":"yes"}},"geometry":{"type":"Polygon","coordinates":[[[39.212883,38.686731],[39.212939,38.686756],[39.212983,38.686695],[39.212927,38.686671],[39.212883,38.686731]]]}},{"type":"Feature","id":"way/774674825","properties":{"osm_id":"way/774674825","osm_type":"way","building":"yes","name":null,"levels":null,"source":"OpenStreetMap","source_url":"https://www.openstreetmap.org/copyright","licence":"ODbL 1.0","retrieved_on":"2026-09-03","vulnerability_function_id":null,"vulnerability_class":"Not assigned","osm_tags":{"building":"yes"}},"geometry":{"type":"Polygon","coordinates":[[[39.212868,38.68693],[39.213007,38.686932],[39.213009,38.686856],[39.21287,38.686854],[39.212868,38.68693]]]}},{"type":"Feature","id":"way/774674826","properties":{"osm_id":"way/774674826","osm_type":"way","building":"yes","name":null,"levels":null,"source":"OpenStreetMap","source_url":"https://www.openstreetmap.org/copyright","licence":"ODbL 1.0","retrieved_on":"2026-09-03","vulnerability_function_id":null,"vulnerability_class":"Not assigned","osm_tags":{"building":"yes"}},"geometry":{"type":"Polygon","coordinates":[[[39.213021,38.687097],[39.213145,38.687097],[39.213145,38.686983],[39.213021,38.686983],[39.213021,38.687097]]]}},{"type":"Feature","id":"way/774674827","properties":{"osm_id":"way/774674827","osm_type":"way","building":"yes","name":null,"levels":null,"source":"OpenStreetMap","source_url":"https://www.openstreetmap.org/copyright","licence":"ODbL 1.0","retrieved_on":"2026-09-03","vulnerability_function_id":null,"vulnerability_class":"Not assigned","osm_tags":{"building":"yes"}},"geometry":{"type":"Polygon","coordinates":[[[39.212863,38.687139],[39.212993,38.687139],[39.212995,38.686957],[39.212865,38.686957],[39.212863,38.687139]]]}},{"type":"Feature","id":"way/774674828","properties":{"osm_id":"way/774674828","osm_type":"way","building":"yes","name":null,"levels":null,"source":"OpenStreetMap","source_url":"https://www.openstreetmap.org/copyright","licence":"ODbL 1.0","retrieved_on":"2026-09-03","vulnerability_function_id":null,"vulnerability_class":"Not assigned","osm_tags":{"building":"yes"}},"geometry":{"type":"Polygon","coordinates":[[[39.212768,38.687138],[39.212844,38.687138],[39.212846,38.686988],[39.212769,38.686988],[39.212768,38.687138]]]}},{"type":"Feature","id":"way/774674831","properties":{"osm_id":"way/774674831","osm_type":"way","building":"yes","name":null,"levels":null,"source":"OpenStreetMap","source_url":"https://www.openstreetmap.org/copyright","licence":"ODbL 1.0","retrieved_on":"2026-09-03","vulnerability_function_id":null,"vulnerability_class":"Not assigned","osm_tags":{"building":"yes"}},"geometry":{"type":"Polygon","coordinates":[[[39.213515,38.685762],[39.213599,38.685648],[39.213415,38.685565],[39.213331,38.685679],[39.213515,38.685762]]]}},{"type":"Feature","id":"way/774674832","properties":{"osm_id":"way/774674832","osm_type":"way","building":"yes","name":null,"levels":null,"source":"OpenStreetMap","source_url":"https://www.openstreetmap.org/copyright","licence":"ODbL 1.0","retrieved_on":"2026-09-03","vulnerability_function_id":null,"vulnerability_class":"Not assigned","osm_tags":{"building":"yes"}},"geometry":{"type":"Polygon","coordinates":[[[39.213542,38.685774],[39.213625,38.685812],[39.213702,38.68571],[39.213618,38.685672],[39.213542,38.685774]]]}},{"type":"Feature","id":"way/774674833","properties":{"osm_id":"way/774674833","osm_type":"way","building":"yes","name":null,"levels":null,"source":"OpenStreetMap","source_url":"https://www.openstreetmap.org/copyright","licence":"ODbL 1.0","retrieved_on":"2026-09-03","vulnerability_function_id":null,"vulnerability_class":"Not assigned","osm_tags":{"building":"yes"}},"geometry":{"type":"Polygon","coordinates":[[[39.213721,38.685721],[39.213795,38.685757],[39.213841,38.685699],[39.213767,38.685663],[39.213721,38.685721]]]}},{"type":"Feature","id":"way/774674834","properties":{"osm_id":"way/774674834","osm_type":"way","building":"yes","name":null,"levels":null,"source":"OpenStreetMap","source_url":"https://www.openstreetmap.org/copyright","licence":"ODbL 1.0","retrieved_on":"2026-09-03","vulnerability_function_id":null,"vulnerability_class":"Not assigned","osm_tags":{"building":"yes"}},"geometry":{"type":"Polygon","coordinates":[[[39.213728,38.685635],[39.213874,38.6857],[39.213925,38.68563],[39.213779,38.685565],[39.213728,38.685635]]]}},{"type":"Feature","id":"way/774674835","properties":{"osm_id":"way/774674835","osm_type":"way","building":"yes","name":null,"levels":null,"source":"OpenStreetMap","source_url":"https://www.openstreetmap.org/copyright","licence":"ODbL 1.0","retrieved_on":"2026-09-03","vulnerability_function_id":null,"vulnerability_class":"Not assigned","osm_tags":{"building":"yes"}},"geometry":{"type":"Polygon","coordinates":[[[39.214182,38.685426],[39.214253,38.685491],[39.214405,38.68539],[39.214333,38.685325],[39.214182,38.685426]]]}},{"type":"Feature","id":"way/774674838","properties":{"osm_id":"way/774674838","osm_type":"way","building":"yes","name":null,"levels":null,"source":"OpenStreetMap","source_url":"https://www.openstreetmap.org/copyright","licence":"ODbL 1.0","retrieved_on":"2026-09-03","vulnerability_function_id":null,"vulnerability_class":"Not assigned","osm_tags":{"building":"yes"}},"geometry":{"type":"Polygon","coordinates":[[[39.214341,38.685671],[39.214324,38.685754],[39.214461,38.685771],[39.214478,38.685688],[39.214341,38.685671]]]}},{"type":"Feature","id":"way/774674839","properties":{"osm_id":"way/774674839","osm_type":"way","building":"yes","name":null,"levels":null,"source":"OpenStreetMap","source_url":"https://www.openstreetmap.org/copyright","licence":"ODbL 1.0","retrieved_on":"2026-09-03","vulnerability_function_id":null,"vulnerability_class":"Not assigned","osm_tags":{"building":"yes"}},"geometry":{"type":"Polygon","coordinates":[[[39.214484,38.685785],[39.214587,38.685797],[39.214606,38.685701],[39.214503,38.685689],[39.214484,38.685785]]]}},{"type":"Feature","id":"way/774674840","properties":{"osm_id":"way/774674840","osm_type":"way","building":"yes","name":null,"levels":null,"source":"OpenStreetMap","source_url":"https://www.openstreetmap.org/copyright","licence":"ODbL 1.0","retrieved_on":"2026-09-03","vulnerability_function_id":null,"vulnerability_class":"Not assigned","osm_tags":{"building":"yes"}},"geometry":{"type":"Polygon","coordinates":[[[39.21539,38.685952],[39.215505,38.685973],[39.215533,38.685879],[39.215418,38.685858],[39.21539,38.685952]]]}},{"type":"Feature","id":"way/774674841","properties":{"osm_id":"way/774674841","osm_type":"way","building":"yes","name":null,"levels":null,"source":"OpenStreetMap","source_url":"https://www.openstreetmap.org/copyright","licence":"ODbL 1.0","retrieved_on":"2026-09-03","vulnerability_function_id":null,"vulnerability_class":"Not assigned","osm_tags":{"building":"yes"}},"geometry":{"type":"Polygon","coordinates":[[[39.215248,38.685981],[39.215348,38.686],[39.215376,38.685908],[39.215276,38.685889],[39.215248,38.685981]]]}},{"type":"Feature","id":"way/774674842","properties":{"osm_id":"way/774674842","osm_type":"way","building":"yes","name":null,"levels":null,"source":"OpenStreetMap","source_url":"https://www.openstreetmap.org/copyright","licence":"ODbL 1.0","retrieved_on":"2026-09-03","vulnerability_function_id":null,"vulnerability_class":"Not assigned","osm_tags":{"building":"yes"}},"geometry":{"type":"Polygon","coordinates":[[[39.214628,38.685808],[39.214731,38.685827],[39.214773,38.685692],[39.214669,38.685673],[39.214628,38.685808]]]}},{"type":"Feature","id":"way/774674843","properties":{"osm_id":"way/774674843","osm_type":"way","building":"yes","name":null,"levels":null,"source":"OpenStreetMap","source_url":"https://www.openstreetmap.org/copyright","licence":"ODbL 1.0","retrieved_on":"2026-09-03","vulnerability_function_id":null,"vulnerability_class":"Not assigned","osm_tags":{"building":"yes"}},"geometry":{"type":"Polygon","coordinates":[[[39.215533,38.685984],[39.215652,38.686005],[39.215682,38.685901],[39.215564,38.685879],[39.215533,38.685984]]]}},{"type":"Feature","id":"way/774674846","properties":{"osm_id":"way/774674846","osm_type":"way","building":"yes","name":null,"levels":null,"source":"OpenStreetMap","source_url":"https://www.openstreetmap.org/copyright","licence":"ODbL 1.0","retrieved_on":"2026-09-03","vulnerability_function_id":null,"vulnerability_class":"Not assigned","osm_tags":{"building":"yes"}},"geometry":{"type":"Polygon","coordinates":[[[39.215072,38.685882],[39.215155,38.685904],[39.215205,38.685788],[39.215122,38.685766],[39.215072,38.685882]]]}},{"type":"Feature","id":"way/774674847","properties":{"osm_id":"way/774674847","osm_type":"way","building":"yes","name":null,"levels":null,"source":"OpenStreetMap","source_url":"https://www.openstreetmap.org/copyright","licence":"ODbL 1.0","retrieved_on":"2026-09-03","vulnerability_function_id":null,"vulnerability_class":"Not assigned","osm_tags":{"building":"yes"}},"geometry":{"type":"Polygon","coordinates":[[[39.21591,38.68564],[39.216041,38.685641],[39.216044,38.685472],[39.215913,38.685471],[39.21591,38.68564]]]}},{"type":"Feature","id":"way/774674848","properties":{"osm_id":"way/774674848","osm_type":"way","building":"yes","name":null,"levels":null,"source":"OpenStreetMap","source_url":"https://www.openstreetmap.org/copyright","licence":"ODbL 1.0","retrieved_on":"2026-09-03","vulnerability_function_id":null,"vulnerability_class":"Not assigned","osm_tags":{"building":"yes"}},"geometry":{"type":"Polygon","coordinates":[[[39.215867,38.685839],[39.216065,38.68584],[39.216068,38.685681],[39.21587,38.685679],[39.215867,38.685839]]]}},{"type":"Feature","id":"way/774674850","properties":{"osm_id":"way/774674850","osm_type":"way","building":"yes","name":null,"levels":null,"source":"OpenStreetMap","source_url":"https://www.openstreetmap.org/copyright","licence":"ODbL 1.0","retrieved_on":"2026-09-03","vulnerability_function_id":null,"vulnerability_class":"Not assigned","osm_tags":{"building":"yes"}},"geometry":{"type":"Polygon","coordinates":[[[39.216296,38.686364],[39.216353,38.686445],[39.2165,38.686383],[39.216444,38.686302],[39.216296,38.686364]]]}},{"type":"Feature","id":"way/774674851","properties":{"osm_id":"way/774674851","osm_type":"way","building":"yes","name":null,"levels":null,"source":"OpenStreetMap","source_url":"https://www.openstreetmap.org/copyright","licence":"ODbL 1.0","retrieved_on":"2026-09-03","vulnerability_function_id":null,"vulnerability_class":"Not assigned","osm_tags":{"building":"yes"}},"geometry":{"type":"Polygon","coordinates":[[[39.216418,38.686436],[39.216457,38.686492],[39.216561,38.686449],[39.216522,38.686393],[39.216418,38.686436]]]}},{"type":"Feature","id":"way/774674853","properties":{"osm_id":"way/774674853","osm_type":"way","building":"yes","name":null,"levels":null,"source":"OpenStreetMap","source_url":"https://www.openstreetmap.org/copyright","licence":"ODbL 1.0","retrieved_on":"2026-09-03","vulnerability_function_id":null,"vulnerability_class":"Not assigned","osm_tags":{"building":"yes"}},"geometry":{"type":"Polygon","coordinates":[[[39.217008,38.686449],[39.21707,38.686537],[39.217188,38.686487],[39.217127,38.686399],[39.217008,38.686449]]]}},{"type":"Feature","id":"way/774674856","properties":{"osm_id":"way/774674856","osm_type":"way","building":"yes","name":null,"levels":null,"source":"OpenStreetMap","source_url":"https://www.openstreetmap.org/copyright","licence":"ODbL 1.0","retrieved_on":"2026-09-03","vulnerability_function_id":null,"vulnerability_class":"Not assigned","osm_tags":{"building":"yes"}},"geometry":{"type":"Polygon","coordinates":[[[39.216817,38.686248],[39.216872,38.686327],[39.216998,38.686274],[39.216943,38.686194],[39.216817,38.686248]]]}},{"type":"Feature","id":"way/774674857","properties":{"osm_id":"way/774674857","osm_type":"way","building":"yes","name":null,"levels":null,"source":"OpenStreetMap","source_url":"https://www.openstreetmap.org/copyright","licence":"ODbL 1.0","retrieved_on":"2026-09-03","vulnerability_function_id":null,"vulnerability_class":"Not assigned","osm_tags":{"building":"yes"}},"geometry":{"type":"Polygon","coordinates":[[[39.216888,38.686658],[39.216988,38.686616],[39.216912,38.686506],[39.216812,38.686549],[39.216888,38.686658]]]}},{"type":"Feature","id":"way/774674858","properties":{"osm_id":"way/774674858","osm_type":"way","building":"yes","name":null,"levels":null,"source":"OpenStreetMap","source_url":"https://www.openstreetmap.org/copyright","licence":"ODbL 1.0","retrieved_on":"2026-09-03","vulnerability_function_id":null,"vulnerability_class":"Not assigned","osm_tags":{"building":"yes"}},"geometry":{"type":"Polygon","coordinates":[[[39.216704,38.686582],[39.216867,38.686513],[39.216755,38.68635],[39.216591,38.686419],[39.216704,38.686582]]]}},{"type":"Feature","id":"way/774674859","properties":{"osm_id":"way/774674859","osm_type":"way","building":"yes","name":null,"levels":null,"source":"OpenStreetMap","source_url":"https://www.openstreetmap.org/copyright","licence":"ODbL 1.0","retrieved_on":"2026-09-03","vulnerability_function_id":null,"vulnerability_class":"Not assigned","osm_tags":{"building":"yes"}},"geometry":{"type":"Polygon","coordinates":[[[39.216566,38.686679],[39.216628,38.686749],[39.216711,38.686704],[39.216649,38.686634],[39.216566,38.686679]]]}},{"type":"Feature","id":"way/774674860","properties":{"osm_id":"way/774674860","osm_type":"way","building":"yes","name":null,"levels":null,"source":"OpenStreetMap","source_url":"https://www.openstreetmap.org/copyright","licence":"ODbL 1.0","retrieved_on":"2026-09-03","vulnerability_function_id":null,"vulnerability_class":"Not assigned","osm_tags":{"building":"yes"}},"geometry":{"type":"Polygon","coordinates":[[[39.216507,38.686566],[39.216566,38.686634],[39.21665,38.686591],[39.21659,38.686522],[39.216507,38.686566]]]}},{"type":"Feature","id":"way/774674861","properties":{"osm_id":"way/774674861","osm_type":"way","building":"yes","name":null,"levels":null,"source":"OpenStreetMap","source_url":"https://www.openstreetmap.org/copyright","licence":"ODbL 1.0","retrieved_on":"2026-09-03","vulnerability_function_id":null,"vulnerability_class":"Not assigned","osm_tags":{"building":"yes"}},"geometry":{"type":"Polygon","coordinates":[[[39.216064,38.686373],[39.216116,38.686436],[39.216217,38.686386],[39.216165,38.686323],[39.216064,38.686373]]]}},{"type":"Feature","id":"way/774674862","properties":{"osm_id":"way/774674862","osm_type":"way","building":"yes","name":null,"levels":null,"source":"OpenStreetMap","source_url":"https://www.openstreetmap.org/copyright","licence":"ODbL 1.0","retrieved_on":"2026-09-03","vulnerability_function_id":null,"vulnerability_class":"Not assigned","osm_tags":{"building":"yes"}},"geometry":{"type":"Polygon","coordinates":[[[39.215453,38.686615],[39.215577,38.686639],[39.215623,38.686492],[39.215498,38.686469],[39.215453,38.686615]]]}},{"type":"Feature","id":"way/774674863","properties":{"osm_id":"way/774674863","osm_type":"way","building":"yes","name":null,"levels":null,"source":"OpenStreetMap","source_url":"https://www.openstreetmap.org/copyright","licence":"ODbL 1.0","retrieved_on":"2026-09-03","vulnerability_function_id":null,"vulnerability_class":"Not assigned","osm_tags":{"building":"yes"}},"geometry":{"type":"Polygon","coordinates":[[[39.216109,38.686564],[39.216172,38.68663],[39.216265,38.686575],[39.216201,38.686509],[39.216109,38.686564]]]}},{"type":"Feature","id":"way/774674864","properties":{"osm_id":"way/774674864","osm_type":"way","building":"yes","name":null,"levels":null,"source":"OpenStreetMap","source_url":"https://www.openstreetmap.org/copyright","licence":"ODbL 1.0","retrieved_on":"2026-09-03","vulnerability_function_id":null,"vulnerability_class":"Not assigned","osm_tags":{"building":"yes"}},"geometry":{"type":"Polygon","coordinates":[[[39.21604,38.686499],[39.21609,38.686552],[39.216185,38.686497],[39.216135,38.686445],[39.21604,38.686499]]]}},{"type":"Feature","id":"way/774674865","properties":{"osm_id":"way/774674865","osm_type":"way","building":"yes","name":null,"levels":null,"source":"OpenStreetMap","source_url":"https://www.openstreetmap.org/copyright","licence":"ODbL 1.0","retrieved_on":"2026-09-03","vulnerability_function_id":null,"vulnerability_class":"Not assigned","osm_tags":{"building":"yes"}},"geometry":{"type":"Polygon","coordinates":[[[39.216452,38.686843],[39.216539,38.686908],[39.216616,38.686845],[39.216529,38.68678],[39.216452,38.686843]]]}},{"type":"Feature","id":"way/774674866","properties":{"osm_id":"way/774674866","osm_type":"way","building":"yes","name":null,"levels":null,"source":"OpenStreetMap","source_url":"https://www.openstreetmap.org/copyright","licence":"ODbL 1.0","retrieved_on":"2026-09-03","vulnerability_function_id":null,"vulnerability_class":"Not assigned","osm_tags":{"building":"yes"}},"geometry":{"type":"Polygon","coordinates":[[[39.215889,38.686717],[39.215997,38.686786],[39.21606,38.686725],[39.215952,38.686656],[39.215889,38.686717]]]}},{"type":"Feature","id":"way/774674867","properties":{"osm_id":"way/774674867","osm_type":"way","building":"yes","name":null,"levels":null,"source":"OpenStreetMap","source_url":"https://www.openstreetmap.org/copyright","licence":"ODbL 1.0","retrieved_on":"2026-09-03","vulnerability_function_id":null,"vulnerability_class":"Not assigned","osm_tags":{"building":"yes"}},"geometry":{"type":"Polygon","coordinates":[[[39.216263,38.687153],[39.216406,38.687192],[39.216436,38.687124],[39.216293,38.687085],[39.216263,38.687153]]]}},{"type":"Feature","id":"way/774674868","properties":{"osm_id":"way/774674868","osm_type":"way","building":"yes","name":null,"levels":null,"source":"OpenStreetMap","source_url":"https://www.openstreetmap.org/copyright","licence":"ODbL 1.0","retrieved_on":"2026-09-03","vulnerability_function_id":null,"vulnerability_class":"Not assigned","osm_tags":{"building":"yes"}},"geometry":{"type":"Polygon","coordinates":[[[39.215928,38.687077],[39.216156,38.687139],[39.216194,38.687053],[39.215966,38.686991],[39.215928,38.687077]]]}},{"type":"Feature","id":"way/774674869","properties":{"osm_id":"way/774674869","osm_type":"way","building":"yes","name":null,"levels":null,"source":"OpenStreetMap","source_url":"https://www.openstreetmap.org/copyright","licence":"ODbL 1.0","retrieved_on":"2026-09-03","vulnerability_function_id":null,"vulnerability_class":"Not assigned","osm_tags":{"building":"yes"}},"geometry":{"type":"Polygon","coordinates":[[[39.216015,38.687523],[39.21614,38.68724],[39.215928,38.687183],[39.215879,38.687292],[39.215989,38.687322],[39.215961,38.687386],[39.215815,38.687347],[39.215767,38.687456],[39.216015,38.687523]]]}},{"type":"Feature","id":"way/774674870","properties":{"osm_id":"way/774674870","osm_type":"way","building":"yes","name":null,"levels":null,"source":"OpenStreetMap","source_url":"https://www.openstreetmap.org/copyright","licence":"ODbL 1.0","retrieved_on":"2026-09-03","vulnerability_function_id":null,"vulnerability_class":"Not assigned","osm_tags":{"building":"yes"}},"geometry":{"type":"Polygon","coordinates":[[[39.215446,38.687372],[39.215676,38.687434],[39.215726,38.68732],[39.215639,38.687297],[39.215665,38.68724],[39.21582,38.687282],[39.215871,38.687168],[39.215572,38.687087],[39.215446,38.687372]]]}},{"type":"Feature","id":"way/774674871","properties":{"osm_id":"way/774674871","osm_type":"way","building":"yes","name":null,"levels":null,"source":"OpenStreetMap","source_url":"https://www.openstreetmap.org/copyright","licence":"ODbL 1.0","retrieved_on":"2026-09-03","vulnerability_function_id":null,"vulnerability_class":"Not assigned","osm_tags":{"building":"yes"}},"geometry":{"type":"Polygon","coordinates":[[[39.214151,38.686333],[39.214277,38.686318],[39.214253,38.68619],[39.214126,38.686205],[39.214151,38.686333]]]}},{"type":"Feature","id":"way/774675526","properties":{"osm_id":"way/774675526","osm_type":"way","building":"yes","name":null,"levels":null,"source":"OpenStreetMap","source_url":"https://www.openstreetmap.org/copyright","licence":"ODbL 1.0","retrieved_on":"2026-09-03","vulnerability_function_id":null,"vulnerability_class":"Not assigned","osm_tags":{"building":"yes"}},"geometry":{"type":"Polygon","coordinates":[[[39.211149,38.688567],[39.211241,38.688607],[39.211322,38.688496],[39.21123,38.688456],[39.211149,38.688567]]]}},{"type":"Feature","id":"way/774675527","properties":{"osm_id":"way/774675527","osm_type":"way","building":"yes","name":null,"levels":null,"source":"OpenStreetMap","source_url":"https://www.openstreetmap.org/copyright","licence":"ODbL 1.0","retrieved_on":"2026-09-03","vulnerability_function_id":null,"vulnerability_class":"Not assigned","osm_tags":{"building":"yes"}},"geometry":{"type":"Polygon","coordinates":[[[39.211195,38.688292],[39.211309,38.68833],[39.211406,38.688155],[39.211291,38.688116],[39.211195,38.688292]]]}},{"type":"Feature","id":"way/774675528","properties":{"osm_id":"way/774675528","osm_type":"way","building":"yes","name":null,"levels":null,"source":"OpenStreetMap","source_url":"https://www.openstreetmap.org/copyright","licence":"ODbL 1.0","retrieved_on":"2026-09-03","vulnerability_function_id":null,"vulnerability_class":"Not assigned","osm_tags":{"building":"yes"}},"geometry":{"type":"Polygon","coordinates":[[[39.211369,38.687851],[39.211475,38.687855],[39.211491,38.687635],[39.211385,38.687631],[39.211369,38.687851]]]}},{"type":"Feature","id":"way/774675530","properties":{"osm_id":"way/774675530","osm_type":"way","building":"yes","name":null,"levels":null,"source":"OpenStreetMap","source_url":"https://www.openstreetmap.org/copyright","licence":"ODbL 1.0","retrieved_on":"2026-09-03","vulnerability_function_id":null,"vulnerability_class":"Not assigned","osm_tags":{"building":"yes"}},"geometry":{"type":"Polygon","coordinates":[[[39.211806,38.685742],[39.21189,38.685833],[39.212016,38.685762],[39.211932,38.685671],[39.211806,38.685742]]]}},{"type":"Feature","id":"way/774675531","properties":{"osm_id":"way/774675531","osm_type":"way","building":"yes","name":null,"levels":null,"source":"OpenStreetMap","source_url":"https://www.openstreetmap.org/copyright","licence":"ODbL 1.0","retrieved_on":"2026-09-03","vulnerability_function_id":null,"vulnerability_class":"Not assigned","osm_tags":{"building":"yes"}},"geometry":{"type":"Polygon","coordinates":[[[39.211973,38.685975],[39.212128,38.685887],[39.212066,38.68582],[39.21191,38.685907],[39.211973,38.685975]]]}},{"type":"Feature","id":"way/774675532","properties":{"osm_id":"way/774675532","osm_type":"way","building":"yes","name":null,"levels":null,"source":"OpenStreetMap","source_url":"https://www.openstreetmap.org/copyright","licence":"ODbL 1.0","retrieved_on":"2026-09-03","vulnerability_function_id":null,"vulnerability_class":"Not assigned","osm_tags":{"building":"yes"}},"geometry":{"type":"Polygon","coordinates":[[[39.211366,38.685665],[39.211476,38.685761],[39.2116,38.685675],[39.21149,38.685579],[39.211366,38.685665]]]}},{"type":"Feature","id":"way/774675533","properties":{"osm_id":"way/774675533","osm_type":"way","building":"yes","name":null,"levels":null,"source":"OpenStreetMap","source_url":"https://www.openstreetmap.org/copyright","licence":"ODbL 1.0","retrieved_on":"2026-09-03","vulnerability_function_id":null,"vulnerability_class":"Not assigned","osm_tags":{"building":"yes"}},"geometry":{"type":"Polygon","coordinates":[[[39.210653,38.685673],[39.21076,38.685675],[39.210763,38.68557],[39.210656,38.685568],[39.210653,38.685673]]]}},{"type":"Feature","id":"way/774675534","properties":{"osm_id":"way/774675534","osm_type":"way","building":"yes","name":null,"levels":null,"source":"OpenStreetMap","source_url":"https://www.openstreetmap.org/copyright","licence":"ODbL 1.0","retrieved_on":"2026-09-03","vulnerability_function_id":null,"vulnerability_class":"Not assigned","osm_tags":{"building":"yes"}},"geometry":{"type":"Polygon","coordinates":[[[39.210377,38.685665],[39.210517,38.685688],[39.210555,38.685547],[39.210414,38.685524],[39.210377,38.685665]]]}},{"type":"Feature","id":"way/774675535","properties":{"osm_id":"way/774675535","osm_type":"way","building":"yes","name":null,"levels":null,"source":"OpenStreetMap","source_url":"https://www.openstreetmap.org/copyright","licence":"ODbL 1.0","retrieved_on":"2026-09-03","vulnerability_function_id":null,"vulnerability_class":"Not assigned","osm_tags":{"building":"yes"}},"geometry":{"type":"Polygon","coordinates":[[[39.210267,38.685822],[39.210238,38.6859],[39.210396,38.685935],[39.210425,38.685857],[39.210267,38.685822]]]}},{"type":"Feature","id":"way/774675536","properties":{"osm_id":"way/774675536","osm_type":"way","building":"yes","name":null,"levels":null,"source":"OpenStreetMap","source_url":"https://www.openstreetmap.org/copyright","licence":"ODbL 1.0","retrieved_on":"2026-09-03","vulnerability_function_id":null,"vulnerability_class":"Not assigned","osm_tags":{"building":"yes"}},"geometry":{"type":"Polygon","coordinates":[[[39.210226,38.685962],[39.210366,38.685989],[39.210382,38.685938],[39.210243,38.685911],[39.210226,38.685962]]]}},{"type":"Feature","id":"way/774675537","properties":{"osm_id":"way/774675537","osm_type":"way","building":"yes","name":null,"levels":null,"source":"OpenStreetMap","source_url":"https://www.openstreetmap.org/copyright","licence":"ODbL 1.0","retrieved_on":"2026-09-03","vulnerability_function_id":null,"vulnerability_class":"Not assigned","osm_tags":{"building":"yes"}},"geometry":{"type":"Polygon","coordinates":[[[39.210425,38.686144],[39.210575,38.686152],[39.210581,38.686087],[39.21043,38.686079],[39.210425,38.686144]]]}},{"type":"Feature","id":"way/774675538","properties":{"osm_id":"way/774675538","osm_type":"way","building":"yes","name":null,"levels":null,"source":"OpenStreetMap","source_url":"https://www.openstreetmap.org/copyright","licence":"ODbL 1.0","retrieved_on":"2026-09-03","vulnerability_function_id":null,"vulnerability_class":"Not assigned","osm_tags":{"building":"yes"}},"geometry":{"type":"Polygon","coordinates":[[[39.210487,38.686056],[39.210648,38.686065],[39.210656,38.68598],[39.210495,38.68597],[39.210487,38.686056]]]}},{"type":"Feature","id":"way/774675539","properties":{"osm_id":"way/774675539","osm_type":"way","building":"yes","name":null,"levels":null,"source":"OpenStreetMap","source_url":"https://www.openstreetmap.org/copyright","licence":"ODbL 1.0","retrieved_on":"2026-09-03","vulnerability_function_id":null,"vulnerability_class":"Not assigned","osm_tags":{"building":"yes"}},"geometry":{"type":"Polygon","coordinates":[[[39.210567,38.685805],[39.210715,38.685816],[39.210726,38.685726],[39.210578,38.685715],[39.210567,38.685805]]]}},{"type":"Feature","id":"way/774675540","properties":{"osm_id":"way/774675540","osm_type":"way","building":"yes","name":null,"levels":null,"source":"OpenStreetMap","source_url":"https://www.openstreetmap.org/copyright","licence":"ODbL 1.0","retrieved_on":"2026-09-03","vulnerability_function_id":null,"vulnerability_class":"Not assigned","osm_tags":{"building":"yes"}},"geometry":{"type":"Polygon","coordinates":[[[39.210546,38.685935],[39.210697,38.68595],[39.210713,38.685854],[39.210562,38.685839],[39.210546,38.685935]]]}},{"type":"Feature","id":"way/774675541","properties":{"osm_id":"way/774675541","osm_type":"way","building":"yes","name":null,"levels":null,"source":"OpenStreetMap","source_url":"https://www.openstreetmap.org/copyright","licence":"ODbL 1.0","retrieved_on":"2026-09-03","vulnerability_function_id":null,"vulnerability_class":"Not assigned","osm_tags":{"building":"yes"}},"geometry":{"type":"Polygon","coordinates":[[[39.210355,38.686238],[39.210361,38.686335],[39.210584,38.686327],[39.210578,38.68623],[39.210355,38.686238]]]}},{"type":"Feature","id":"way/774675542","properties":{"osm_id":"way/774675542","osm_type":"way","building":"yes","name":null,"levels":null,"source":"OpenStreetMap","source_url":"https://www.openstreetmap.org/copyright","licence":"ODbL 1.0","retrieved_on":"2026-09-03","vulnerability_function_id":null,"vulnerability_class":"Not assigned","osm_tags":{"building":"yes"}},"geometry":{"type":"Polygon","coordinates":[[[39.210353,38.686439],[39.210522,38.686437],[39.21052,38.686347],[39.210351,38.686349],[39.210353,38.686439]]]}},{"type":"Feature","id":"way/774675543","properties":{"osm_id":"way/774675543","osm_type":"way","building":"yes","name":null,"levels":null,"source":"OpenStreetMap","source_url":"https://www.openstreetmap.org/copyright","licence":"ODbL 1.0","retrieved_on":"2026-09-03","vulnerability_function_id":null,"vulnerability_class":"Not assigned","osm_tags":{"building":"yes"}},"geometry":{"type":"Polygon","coordinates":[[[39.210243,38.68704],[39.210376,38.687044],[39.210382,38.686927],[39.210248,38.686923],[39.210243,38.68704]]]}},{"type":"Feature","id":"way/774675544","properties":{"osm_id":"way/774675544","osm_type":"way","building":"yes","name":null,"levels":null,"source":"OpenStreetMap","source_url":"https://www.openstreetmap.org/copyright","licence":"ODbL 1.0","retrieved_on":"2026-09-03","vulnerability_function_id":null,"vulnerability_class":"Not assigned","osm_tags":{"building":"yes"}},"geometry":{"type":"Polygon","coordinates":[[[39.210194,38.68681],[39.210404,38.686812],[39.210405,38.686716],[39.210196,38.686714],[39.210194,38.68681]]]}},{"type":"Feature","id":"way/774675545","properties":{"osm_id":"way/774675545","osm_type":"way","building":"yes","name":null,"levels":null,"source":"OpenStreetMap","source_url":"https://www.openstreetmap.org/copyright","licence":"ODbL 1.0","retrieved_on":"2026-09-03","vulnerability_function_id":null,"vulnerability_class":"Not assigned","osm_tags":{"building":"yes"}},"geometry":{"type":"Polygon","coordinates":[[[39.211796,38.686255],[39.211846,38.68632],[39.211988,38.686253],[39.211938,38.686188],[39.211796,38.686255]]]}},{"type":"Feature","id":"way/774675546","properties":{"osm_id":"way/774675546","osm_type":"way","building":"yes","name":null,"levels":null,"source":"OpenStreetMap","source_url":"https://www.openstreetmap.org/copyright","licence":"ODbL 1.0","retrieved_on":"2026-09-03","vulnerability_function_id":null,"vulnerability_class":"Not assigned","osm_tags":{"building":"yes"}},"geometry":{"type":"Polygon","coordinates":[[[39.211718,38.686483],[39.211943,38.686523],[39.211977,38.686407],[39.211751,38.686368],[39.211718,38.686483]]]}},{"type":"Feature","id":"way/774675547","properties":{"osm_id":"way/774675547","osm_type":"way","building":"yes","name":null,"levels":null,"source":"OpenStreetMap","source_url":"https://www.openstreetmap.org/copyright","licence":"ODbL 1.0","retrieved_on":"2026-09-03","vulnerability_function_id":null,"vulnerability_class":"Not assigned","osm_tags":{"building":"yes"}},"geometry":{"type":"Polygon","coordinates":[[[39.211651,38.686737],[39.211804,38.686738],[39.211807,38.686598],[39.211653,38.686596],[39.211651,38.686737]]]}},{"type":"Feature","id":"way/774675548","properties":{"osm_id":"way/774675548","osm_type":"way","building":"yes","name":null,"levels":null,"source":"OpenStreetMap","source_url":"https://www.openstreetmap.org/copyright","licence":"ODbL 1.0","retrieved_on":"2026-09-03","vulnerability_function_id":null,"vulnerability_class":"Not assigned","osm_tags":{"building":"yes"}},"geometry":{"type":"Polygon","coordinates":[[[39.211315,38.686779],[39.211373,38.686838],[39.211473,38.68678],[39.211415,38.68672],[39.211315,38.686779]]]}},{"type":"Feature","id":"way/774675549","properties":{"osm_id":"way/774675549","osm_type":"way","building":"yes","name":null,"levels":null,"source":"OpenStreetMap","source_url":"https://www.openstreetmap.org/copyright","licence":"ODbL 1.0","retrieved_on":"2026-09-03","vulnerability_function_id":null,"vulnerability_class":"Not assigned","osm_tags":{"building":"yes"}},"geometry":{"type":"Polygon","coordinates":[[[39.211377,38.68685],[39.211431,38.686908],[39.21153,38.686853],[39.211477,38.686794],[39.211377,38.68685]]]}},{"type":"Feature","id":"way/774675550","properties":{"osm_id":"way/774675550","osm_type":"way","building":"yes","name":null,"levels":null,"source":"OpenStreetMap","source_url":"https://www.openstreetmap.org/copyright","licence":"ODbL 1.0","retrieved_on":"2026-09-03","vulnerability_function_id":null,"vulnerability_class":"Not assigned","osm_tags":{"building":"yes"}},"geometry":{"type":"Polygon","coordinates":[[[39.21113,38.686973],[39.2112,38.687042],[39.211301,38.68698],[39.211231,38.686911],[39.21113,38.686973]]]}},{"type":"Feature","id":"way/774675551","properties":{"osm_id":"way/774675551","osm_type":"way","building":"yes","name":null,"levels":null,"source":"OpenStreetMap","source_url":"https://www.openstreetmap.org/copyright","licence":"ODbL 1.0","retrieved_on":"2026-09-03","vulnerability_function_id":null,"vulnerability_class":"Not assigned","osm_tags":{"building":"yes"}},"geometry":{"type":"Polygon","coordinates":[[[39.211136,38.687287],[39.211291,38.687302],[39.211306,38.687211],[39.21115,38.687196],[39.211136,38.687287]]]}},{"type":"Feature","id":"way/774675552","properties":{"osm_id":"way/774675552","osm_type":"way","building":"yes","name":null,"levels":null,"source":"OpenStreetMap","source_url":"https://www.openstreetmap.org/copyright","licence":"ODbL 1.0","retrieved_on":"2026-09-03","vulnerability_function_id":null,"vulnerability_class":"Not assigned","osm_tags":{"building":"yes"}},"geometry":{"type":"Polygon","coordinates":[[[39.210962,38.687191],[39.210985,38.687092],[39.210918,38.687082],[39.210895,38.687181],[39.210962,38.687191]]]}},{"type":"Feature","id":"way/774675553","properties":{"osm_id":"way/774675553","osm_type":"way","building":"yes","name":null,"levels":null,"source":"OpenStreetMap","source_url":"https://www.openstreetmap.org/copyright","licence":"ODbL 1.0","retrieved_on":"2026-09-03","vulnerability_function_id":null,"vulnerability_class":"Not assigned","osm_tags":{"building":"yes"}},"geometry":{"type":"Polygon","coordinates":[[[39.210771,38.687164],[39.21087,38.687178],[39.210894,38.68708],[39.210795,38.687065],[39.210771,38.687164]]]}},{"type":"Feature","id":"way/774675554","properties":{"osm_id":"way/774675554","osm_type":"way","building":"yes","name":null,"levels":null,"source":"OpenStreetMap","source_url":"https://www.openstreetmap.org/copyright","licence":"ODbL 1.0","retrieved_on":"2026-09-03","vulnerability_function_id":null,"vulnerability_class":"Not assigned","osm_tags":{"building":"yes"}},"geometry":{"type":"Polygon","coordinates":[[[39.21234,38.687765],[39.21248,38.687715],[39.212396,38.687573],[39.212257,38.687622],[39.21234,38.687765]]]}},{"type":"Feature","id":"way/774739068","properties":{"osm_id":"way/774739068","osm_type":"way","building":"yes","name":null,"levels":null,"source":"OpenStreetMap","source_url":"https://www.openstreetmap.org/copyright","licence":"ODbL 1.0","retrieved_on":"2026-09-03","vulnerability_function_id":null,"vulnerability_class":"Not assigned","osm_tags":{"building":"yes"}},"geometry":{"type":"Polygon","coordinates":[[[39.221052,38.689962],[39.221246,38.689962],[39.221246,38.689874],[39.221052,38.689874],[39.221052,38.689962]]]}},{"type":"Feature","id":"way/774739069","properties":{"osm_id":"way/774739069","osm_type":"way","building":"yes","name":null,"levels":null,"source":"OpenStreetMap","source_url":"https://www.openstreetmap.org/copyright","licence":"ODbL 1.0","retrieved_on":"2026-09-03","vulnerability_function_id":null,"vulnerability_class":"Not assigned","osm_tags":{"building":"yes"}},"geometry":{"type":"Polygon","coordinates":[[[39.220984,38.690132],[39.221221,38.69013],[39.221218,38.689995],[39.220981,38.689997],[39.220984,38.690132]]]}},{"type":"Feature","id":"way/774739076","properties":{"osm_id":"way/774739076","osm_type":"way","building":"yes","name":null,"levels":null,"source":"OpenStreetMap","source_url":"https://www.openstreetmap.org/copyright","licence":"ODbL 1.0","retrieved_on":"2026-09-03","vulnerability_function_id":null,"vulnerability_class":"Not assigned","osm_tags":{"building":"yes"}},"geometry":{"type":"Polygon","coordinates":[[[39.220017,38.690007],[39.220085,38.690092],[39.220234,38.690018],[39.220166,38.689934],[39.220017,38.690007]]]}},{"type":"Feature","id":"way/774739077","properties":{"osm_id":"way/774739077","osm_type":"way","building":"yes","name":null,"levels":null,"source":"OpenStreetMap","source_url":"https://www.openstreetmap.org/copyright","licence":"ODbL 1.0","retrieved_on":"2026-09-03","vulnerability_function_id":null,"vulnerability_class":"Not assigned","osm_tags":{"building":"yes"}},"geometry":{"type":"Polygon","coordinates":[[[39.220322,38.690031],[39.220396,38.690107],[39.220502,38.690044],[39.220428,38.689968],[39.220322,38.690031]]]}},{"type":"Feature","id":"way/774739078","properties":{"osm_id":"way/774739078","osm_type":"way","building":"yes","name":null,"levels":null,"source":"OpenStreetMap","source_url":"https://www.openstreetmap.org/copyright","licence":"ODbL 1.0","retrieved_on":"2026-09-03","vulnerability_function_id":null,"vulnerability_class":"Not assigned","osm_tags":{"building":"yes"}},"geometry":{"type":"Polygon","coordinates":[[[39.220537,38.690037],[39.220627,38.69001],[39.220556,38.689868],[39.220466,38.689896],[39.220537,38.690037]]]}},{"type":"Feature","id":"way/774739079","properties":{"osm_id":"way/774739079","osm_type":"way","building":"yes","name":null,"levels":null,"source":"OpenStreetMap","source_url":"https://www.openstreetmap.org/copyright","licence":"ODbL 1.0","retrieved_on":"2026-09-03","vulnerability_function_id":null,"vulnerability_class":"Not assigned","osm_tags":{"building":"yes"}},"geometry":{"type":"Polygon","coordinates":[[[39.219769,38.689701],[39.219886,38.689775],[39.220012,38.689653],[39.219895,38.689579],[39.219769,38.689701]]]}},{"type":"Feature","id":"way/774739080","properties":{"osm_id":"way/774739080","osm_type":"way","building":"yes","name":null,"levels":null,"source":"OpenStreetMap","source_url":"https://www.openstreetmap.org/copyright","licence":"ODbL 1.0","retrieved_on":"2026-09-03","vulnerability_function_id":null,"vulnerability_class":"Not assigned","osm_tags":{"building":"yes"}},"geometry":{"type":"Polygon","coordinates":[[[39.219712,38.689514],[39.219852,38.689445],[39.219742,38.68931],[39.219602,38.689379],[39.219712,38.689514]]]}},{"type":"Feature","id":"way/774739081","properties":{"osm_id":"way/774739081","osm_type":"way","building":"yes","name":null,"levels":null,"source":"OpenStreetMap","source_url":"https://www.openstreetmap.org/copyright","licence":"ODbL 1.0","retrieved_on":"2026-09-03","vulnerability_function_id":null,"vulnerability_class":"Not assigned","osm_tags":{"building":"yes"}},"geometry":{"type":"Polygon","coordinates":[[[39.219724,38.689707],[39.219873,38.689575],[39.219791,38.689519],[39.219642,38.689652],[39.219724,38.689707]]]}},{"type":"Feature","id":"way/774739082","properties":{"osm_id":"way/774739082","osm_type":"way","building":"yes","name":null,"levels":null,"source":"OpenStreetMap","source_url":"https://www.openstreetmap.org/copyright","licence":"ODbL 1.0","retrieved_on":"2026-09-03","vulnerability_function_id":null,"vulnerability_class":"Not assigned","osm_tags":{"building":"yes"}},"geometry":{"type":"Polygon","coordinates":[[[39.219335,38.689511],[39.219473,38.689462],[39.219432,38.68939],[39.219294,38.689439],[39.219335,38.689511]]]}},{"type":"Feature","id":"way/774739083","properties":{"osm_id":"way/774739083","osm_type":"way","building":"yes","name":null,"levels":null,"source":"OpenStreetMap","source_url":"https://www.openstreetmap.org/copyright","licence":"ODbL 1.0","retrieved_on":"2026-09-03","vulnerability_function_id":null,"vulnerability_class":"Not assigned","osm_tags":{"building":"yes"}},"geometry":{"type":"Polygon","coordinates":[[[39.219039,38.689571],[39.219086,38.689633],[39.21922,38.68957],[39.219173,38.689509],[39.219039,38.689571]]]}},{"type":"Feature","id":"way/774739084","properties":{"osm_id":"way/774739084","osm_type":"way","building":"yes","name":null,"levels":null,"source":"OpenStreetMap","source_url":"https://www.openstreetmap.org/copyright","licence":"ODbL 1.0","retrieved_on":"2026-09-03","vulnerability_function_id":null,"vulnerability_class":"Not assigned","osm_tags":{"building":"yes"}},"geometry":{"type":"Polygon","coordinates":[[[39.21894,38.689489],[39.219005,38.689569],[39.219159,38.689493],[39.219094,38.689412],[39.21894,38.689489]]]}},{"type":"Feature","id":"way/774739086","properties":{"osm_id":"way/774739086","osm_type":"way","building":"yes","name":null,"levels":null,"source":"OpenStreetMap","source_url":"https://www.openstreetmap.org/copyright","licence":"ODbL 1.0","retrieved_on":"2026-09-03","vulnerability_function_id":null,"vulnerability_class":"Not assigned","osm_tags":{"building":"yes"}},"geometry":{"type":"Polygon","coordinates":[[[39.2192,38.690099],[39.219296,38.690054],[39.219212,38.689943],[39.219115,38.689988],[39.2192,38.690099]]]}},{"type":"Feature","id":"way/774739087","properties":{"osm_id":"way/774739087","osm_type":"way","building":"yes","name":null,"levels":null,"source":"OpenStreetMap","source_url":"https://www.openstreetmap.org/copyright","licence":"ODbL 1.0","retrieved_on":"2026-09-03","vulnerability_function_id":null,"vulnerability_class":"Not assigned","osm_tags":{"building":"yes"}},"geometry":{"type":"Polygon","coordinates":[[[39.219649,38.689917],[39.219706,38.690003],[39.219885,38.689931],[39.219828,38.689845],[39.219649,38.689917]]]}},{"type":"Feature","id":"way/774739088","properties":{"osm_id":"way/774739088","osm_type":"way","building":"yes","name":null,"levels":null,"source":"OpenStreetMap","source_url":"https://www.openstreetmap.org/copyright","licence":"ODbL 1.0","retrieved_on":"2026-09-03","vulnerability_function_id":null,"vulnerability_class":"Not assigned","osm_tags":{"building":"yes"}},"geometry":{"type":"Polygon","coordinates":[[[39.21974,38.690045],[39.219786,38.690113],[39.21996,38.690042],[39.219915,38.689974],[39.21974,38.690045]]]}},{"type":"Feature","id":"way/774739090","properties":{"osm_id":"way/774739090","osm_type":"way","building":"yes","name":null,"levels":null,"source":"OpenStreetMap","source_url":"https://www.openstreetmap.org/copyright","licence":"ODbL 1.0","retrieved_on":"2026-09-03","vulnerability_function_id":null,"vulnerability_class":"Not assigned","osm_tags":{"building":"yes"}},"geometry":{"type":"Polygon","coordinates":[[[39.219964,38.689841],[39.22001,38.68991],[39.220159,38.68985],[39.220113,38.689781],[39.219964,38.689841]]]}},{"type":"Feature","id":"way/774740571","properties":{"osm_id":"way/774740571","osm_type":"way","building":"yes","name":null,"levels":null,"source":"OpenStreetMap","source_url":"https://www.openstreetmap.org/copyright","licence":"ODbL 1.0","retrieved_on":"2026-09-03","vulnerability_function_id":null,"vulnerability_class":"Not assigned","osm_tags":{"building":"yes"}},"geometry":{"type":"Polygon","coordinates":[[[39.217283,38.688798],[39.217386,38.688799],[39.217389,38.688671],[39.217286,38.68867],[39.217283,38.688798]]]}},{"type":"Feature","id":"way/774740572","properties":{"osm_id":"way/774740572","osm_type":"way","building":"yes","name":null,"levels":null,"source":"OpenStreetMap","source_url":"https://www.openstreetmap.org/copyright","licence":"ODbL 1.0","retrieved_on":"2026-09-03","vulnerability_function_id":null,"vulnerability_class":"Not assigned","osm_tags":{"building":"yes"}},"geometry":{"type":"Polygon","coordinates":[[[39.2174,38.688797],[39.217484,38.688799],[39.217488,38.688683],[39.217404,38.688682],[39.2174,38.688797]]]}},{"type":"Feature","id":"way/774740573","properties":{"osm_id":"way/774740573","osm_type":"way","building":"yes","name":null,"levels":null,"source":"OpenStreetMap","source_url":"https://www.openstreetmap.org/copyright","licence":"ODbL 1.0","retrieved_on":"2026-09-03","vulnerability_function_id":null,"vulnerability_class":"Not assigned","osm_tags":{"building":"yes"}},"geometry":{"type":"Polygon","coordinates":[[[39.217517,38.688786],[39.217659,38.688788],[39.217553,38.688646],[39.217517,38.688649],[39.217517,38.688786]]]}},{"type":"Feature","id":"way/774740574","properties":{"osm_id":"way/774740574","osm_type":"way","building":"yes","name":null,"levels":null,"source":"OpenStreetMap","source_url":"https://www.openstreetmap.org/copyright","licence":"ODbL 1.0","retrieved_on":"2026-09-03","vulnerability_function_id":null,"vulnerability_class":"Not assigned","osm_tags":{"building":"yes"}},"geometry":{"type":"Polygon","coordinates":[[[39.217715,38.688784],[39.217796,38.688746],[39.217715,38.68864],[39.217633,38.688677],[39.217715,38.688784]]]}},{"type":"Feature","id":"way/774740575","properties":{"osm_id":"way/774740575","osm_type":"way","building":"yes","name":null,"levels":null,"source":"OpenStreetMap","source_url":"https://www.openstreetmap.org/copyright","licence":"ODbL 1.0","retrieved_on":"2026-09-03","vulnerability_function_id":null,"vulnerability_class":"Not assigned","osm_tags":{"building":"yes"}},"geometry":{"type":"Polygon","coordinates":[[[39.218059,38.688611],[39.218148,38.688563],[39.218059,38.688462],[39.21797,38.688509],[39.218059,38.688611]]]}},{"type":"Feature","id":"way/774740576","properties":{"osm_id":"way/774740576","osm_type":"way","building":"yes","name":null,"levels":null,"source":"OpenStreetMap","source_url":"https://www.openstreetmap.org/copyright","licence":"ODbL 1.0","retrieved_on":"2026-09-03","vulnerability_function_id":null,"vulnerability_class":"Not assigned","osm_tags":{"building":"yes"}},"geometry":{"type":"Polygon","coordinates":[[[39.217953,38.688667],[39.218037,38.688622],[39.217948,38.688521],[39.217864,38.688566],[39.217953,38.688667]]]}},{"type":"Feature","id":"way/774740577","properties":{"osm_id":"way/774740577","osm_type":"way","building":"yes","name":null,"levels":null,"source":"OpenStreetMap","source_url":"https://www.openstreetmap.org/copyright","licence":"ODbL 1.0","retrieved_on":"2026-09-03","vulnerability_function_id":null,"vulnerability_class":"Not assigned","osm_tags":{"building":"yes"}},"geometry":{"type":"Polygon","coordinates":[[[39.217831,38.68874],[39.217912,38.688699],[39.21782,38.688587],[39.217738,38.688628],[39.217831,38.68874]]]}},{"type":"Feature","id":"way/774740578","properties":{"osm_id":"way/774740578","osm_type":"way","building":"yes","name":null,"levels":null,"source":"OpenStreetMap","source_url":"https://www.openstreetmap.org/copyright","licence":"ODbL 1.0","retrieved_on":"2026-09-03","vulnerability_function_id":null,"vulnerability_class":"Not assigned","osm_tags":{"building":"yes"}},"geometry":{"type":"Polygon","coordinates":[[[39.218114,38.68893],[39.218362,38.688801],[39.218258,38.688679],[39.21801,38.688808],[39.218114,38.68893]]]}},{"type":"Feature","id":"way/774740579","properties":{"osm_id":"way/774740579","osm_type":"way","building":"yes","name":null,"levels":null,"source":"OpenStreetMap","source_url":"https://www.openstreetmap.org/copyright","licence":"ODbL 1.0","retrieved_on":"2026-09-03","vulnerability_function_id":null,"vulnerability_class":"Not assigned","osm_tags":{"building":"yes"}},"geometry":{"type":"Polygon","coordinates":[[[39.21836,38.688966],[39.218461,38.688914],[39.218392,38.688832],[39.218291,38.688885],[39.21836,38.688966]]]}},{"type":"Feature","id":"way/774740580","properties":{"osm_id":"way/774740580","osm_type":"way","building":"yes","name":null,"levels":null,"source":"OpenStreetMap","source_url":"https://www.openstreetmap.org/copyright","licence":"ODbL 1.0","retrieved_on":"2026-09-03","vulnerability_function_id":null,"vulnerability_class":"Not assigned","osm_tags":{"building":"yes"}},"geometry":{"type":"Polygon","coordinates":[[[39.21833,38.689207],[39.21848,38.689141],[39.218389,38.689015],[39.218238,38.689082],[39.21833,38.689207]]]}},{"type":"Feature","id":"way/774740581","properties":{"osm_id":"way/774740581","osm_type":"way","building":"yes","name":null,"levels":null,"source":"OpenStreetMap","source_url":"https://www.openstreetmap.org/copyright","licence":"ODbL 1.0","retrieved_on":"2026-09-03","vulnerability_function_id":null,"vulnerability_class":"Not assigned","osm_tags":{"building":"yes"}},"geometry":{"type":"Polygon","coordinates":[[[39.218292,38.689208],[39.218215,38.689098],[39.218128,38.689135],[39.218205,38.689245],[39.218292,38.689208]]]}},{"type":"Feature","id":"way/774740582","properties":{"osm_id":"way/774740582","osm_type":"way","building":"yes","name":null,"levels":null,"source":"OpenStreetMap","source_url":"https://www.openstreetmap.org/copyright","licence":"ODbL 1.0","retrieved_on":"2026-09-03","vulnerability_function_id":null,"vulnerability_class":"Not assigned","osm_tags":{"building":"yes"}},"geometry":{"type":"Polygon","coordinates":[[[39.218032,38.689256],[39.218118,38.689255],[39.218115,38.689141],[39.218029,38.689143],[39.218032,38.689256]]]}},{"type":"Feature","id":"way/774740583","properties":{"osm_id":"way/774740583","osm_type":"way","building":"yes","name":null,"levels":null,"source":"OpenStreetMap","source_url":"https://www.openstreetmap.org/copyright","licence":"ODbL 1.0","retrieved_on":"2026-09-03","vulnerability_function_id":null,"vulnerability_class":"Not assigned","osm_tags":{"building":"yes"}},"geometry":{"type":"Polygon","coordinates":[[[39.217356,38.688954],[39.217359,38.689085],[39.21746,38.689083],[39.217461,38.689114],[39.217579,38.689112],[39.217579,38.689082],[39.217775,38.689079],[39.217772,38.688947],[39.217356,38.688954]]]}},{"type":"Feature","id":"way/774740584","properties":{"osm_id":"way/774740584","osm_type":"way","building":"yes","name":null,"levels":null,"source":"OpenStreetMap","source_url":"https://www.openstreetmap.org/copyright","licence":"ODbL 1.0","retrieved_on":"2026-09-03","vulnerability_function_id":null,"vulnerability_class":"Not assigned","osm_tags":{"building":"yes"}},"geometry":{"type":"Polygon","coordinates":[[[39.21749,38.689285],[39.217629,38.689285],[39.217629,38.689159],[39.21749,38.689159],[39.21749,38.689285]]]}},{"type":"Feature","id":"way/774740585","properties":{"osm_id":"way/774740585","osm_type":"way","building":"yes","name":null,"levels":null,"source":"OpenStreetMap","source_url":"https://www.openstreetmap.org/copyright","licence":"ODbL 1.0","retrieved_on":"2026-09-03","vulnerability_function_id":null,"vulnerability_class":"Not assigned","osm_tags":{"building":"yes"}},"geometry":{"type":"Polygon","coordinates":[[[39.217313,38.689287],[39.217455,38.689287],[39.217455,38.689176],[39.217313,38.689176],[39.217313,38.689287]]]}},{"type":"Feature","id":"way/774740586","properties":{"osm_id":"way/774740586","osm_type":"way","building":"yes","name":null,"levels":null,"source":"OpenStreetMap","source_url":"https://www.openstreetmap.org/copyright","licence":"ODbL 1.0","retrieved_on":"2026-09-03","vulnerability_function_id":null,"vulnerability_class":"Not assigned","osm_tags":{"building":"yes"}},"geometry":{"type":"Polygon","coordinates":[[[39.217793,38.689806],[39.217914,38.689808],[39.217917,38.689684],[39.217796,38.689682],[39.217793,38.689806]]]}},{"type":"Feature","id":"way/774740587","properties":{"osm_id":"way/774740587","osm_type":"way","building":"yes","name":null,"levels":null,"source":"OpenStreetMap","source_url":"https://www.openstreetmap.org/copyright","licence":"ODbL 1.0","retrieved_on":"2026-09-03","vulnerability_function_id":null,"vulnerability_class":"Not assigned","osm_tags":{"building":"yes"}},"geometry":{"type":"Polygon","coordinates":[[[39.21801,38.689814],[39.218116,38.689818],[39.218124,38.689671],[39.218018,38.689668],[39.21801,38.689814]]]}},{"type":"Feature","id":"way/774740588","properties":{"osm_id":"way/774740588","osm_type":"way","building":"yes","name":null,"levels":null,"source":"OpenStreetMap","source_url":"https://www.openstreetmap.org/copyright","licence":"ODbL 1.0","retrieved_on":"2026-09-03","vulnerability_function_id":null,"vulnerability_class":"Not assigned","osm_tags":{"building":"yes"}},"geometry":{"type":"Polygon","coordinates":[[[39.218225,38.689808],[39.218367,38.689811],[39.218373,38.689662],[39.21823,38.689659],[39.218225,38.689808]]]}},{"type":"Feature","id":"way/774740589","properties":{"osm_id":"way/774740589","osm_type":"way","building":"yes","name":null,"levels":null,"source":"OpenStreetMap","source_url":"https://www.openstreetmap.org/copyright","licence":"ODbL 1.0","retrieved_on":"2026-09-03","vulnerability_function_id":null,"vulnerability_class":"Not assigned","osm_tags":{"building":"yes"}},"geometry":{"type":"Polygon","coordinates":[[[39.218142,38.689563],[39.218236,38.689566],[39.218241,38.689446],[39.218147,38.689444],[39.218142,38.689563]]]}},{"type":"Feature","id":"way/774740590","properties":{"osm_id":"way/774740590","osm_type":"way","building":"yes","name":null,"levels":null,"source":"OpenStreetMap","source_url":"https://www.openstreetmap.org/copyright","licence":"ODbL 1.0","retrieved_on":"2026-09-03","vulnerability_function_id":null,"vulnerability_class":"Not assigned","osm_tags":{"building":"yes"}},"geometry":{"type":"Polygon","coordinates":[[[39.218016,38.689553],[39.218117,38.689554],[39.21812,38.689441],[39.218018,38.689439],[39.218016,38.689553]]]}},{"type":"Feature","id":"way/774740591","properties":{"osm_id":"way/774740591","osm_type":"way","building":"yes","name":null,"levels":null,"source":"OpenStreetMap","source_url":"https://www.openstreetmap.org/copyright","licence":"ODbL 1.0","retrieved_on":"2026-09-03","vulnerability_function_id":null,"vulnerability_class":"Not assigned","osm_tags":{"building":"yes"}},"geometry":{"type":"Polygon","coordinates":[[[39.217785,38.689609],[39.217989,38.689607],[39.217986,38.689467],[39.217782,38.689469],[39.217785,38.689609]]]}},{"type":"Feature","id":"way/774740592","properties":{"osm_id":"way/774740592","osm_type":"way","building":"yes","name":null,"levels":null,"source":"OpenStreetMap","source_url":"https://www.openstreetmap.org/copyright","licence":"ODbL 1.0","retrieved_on":"2026-09-03","vulnerability_function_id":null,"vulnerability_class":"Not assigned","osm_tags":{"building":"yes"}},"geometry":{"type":"Polygon","coordinates":[[[39.217525,38.689617],[39.217731,38.68962],[39.217734,38.68948],[39.217528,38.689477],[39.217525,38.689617]]]}},{"type":"Feature","id":"way/774740593","properties":{"osm_id":"way/774740593","osm_type":"way","building":"yes","name":null,"levels":null,"source":"OpenStreetMap","source_url":"https://www.openstreetmap.org/copyright","licence":"ODbL 1.0","retrieved_on":"2026-09-03","vulnerability_function_id":null,"vulnerability_class":"Not assigned","osm_tags":{"building":"yes"}},"geometry":{"type":"Polygon","coordinates":[[[39.217275,38.689628],[39.217431,38.689628],[39.217431,38.689477],[39.217275,38.689477],[39.217275,38.689628]]]}},{"type":"Feature","id":"way/774740594","properties":{"osm_id":"way/774740594","osm_type":"way","building":"yes","name":null,"levels":null,"source":"OpenStreetMap","source_url":"https://www.openstreetmap.org/copyright","licence":"ODbL 1.0","retrieved_on":"2026-09-03","vulnerability_function_id":null,"vulnerability_class":"Not assigned","osm_tags":{"building":"yes"}},"geometry":{"type":"Polygon","coordinates":[[[39.217353,38.689825],[39.217511,38.689825],[39.217511,38.689695],[39.217353,38.689695],[39.217353,38.689825]]]}},{"type":"Feature","id":"way/774740600","properties":{"osm_id":"way/774740600","osm_type":"way","building":"yes","name":null,"levels":null,"source":"OpenStreetMap","source_url":"https://www.openstreetmap.org/copyright","licence":"ODbL 1.0","retrieved_on":"2026-09-03","vulnerability_function_id":null,"vulnerability_class":"Not assigned","osm_tags":{"building":"yes"}},"geometry":{"type":"Polygon","coordinates":[[[39.218115,38.690097],[39.218262,38.690097],[39.218262,38.689967],[39.218115,38.689967],[39.218115,38.690097]]]}},{"type":"Feature","id":"way/774740601","properties":{"osm_id":"way/774740601","osm_type":"way","building":"yes","name":null,"levels":null,"source":"OpenStreetMap","source_url":"https://www.openstreetmap.org/copyright","licence":"ODbL 1.0","retrieved_on":"2026-09-03","vulnerability_function_id":null,"vulnerability_class":"Not assigned","osm_tags":{"building":"yes"}},"geometry":{"type":"Polygon","coordinates":[[[39.217581,38.69012],[39.217766,38.69012],[39.217766,38.689973],[39.217581,38.689973],[39.217581,38.69012]]]}},{"type":"Feature","id":"way/774741804","properties":{"osm_id":"way/774741804","osm_type":"way","building":"yes","name":null,"levels":null,"source":"OpenStreetMap","source_url":"https://www.openstreetmap.org/copyright","licence":"ODbL 1.0","retrieved_on":"2026-09-03","vulnerability_function_id":null,"vulnerability_class":"Not assigned","osm_tags":{"building":"yes"}},"geometry":{"type":"Polygon","coordinates":[[[39.22027,38.688653],[39.22027,38.688687],[39.22025,38.688687],[39.22025,38.688716],[39.220207,38.688716],[39.220207,38.688761],[39.220422,38.688763],[39.220423,38.688654],[39.22027,38.688653]]]}},{"type":"Feature","id":"way/774741805","properties":{"osm_id":"way/774741805","osm_type":"way","building":"yes","name":null,"levels":null,"source":"OpenStreetMap","source_url":"https://www.openstreetmap.org/copyright","licence":"ODbL 1.0","retrieved_on":"2026-09-03","vulnerability_function_id":null,"vulnerability_class":"Not assigned","osm_tags":{"building":"yes"}},"geometry":{"type":"Polygon","coordinates":[[[39.220617,38.688596],[39.220736,38.688601],[39.220745,38.688476],[39.220627,38.68847],[39.220617,38.688596]]]}},{"type":"Feature","id":"way/774741806","properties":{"osm_id":"way/774741806","osm_type":"way","building":"yes","name":null,"levels":null,"source":"OpenStreetMap","source_url":"https://www.openstreetmap.org/copyright","licence":"ODbL 1.0","retrieved_on":"2026-09-03","vulnerability_function_id":null,"vulnerability_class":"Not assigned","osm_tags":{"building":"yes"}},"geometry":{"type":"Polygon","coordinates":[[[39.220249,38.688401],[39.220471,38.688402],[39.220472,38.688295],[39.220249,38.688294],[39.220249,38.688401]]]}},{"type":"Feature","id":"way/774741807","properties":{"osm_id":"way/774741807","osm_type":"way","building":"yes","name":null,"levels":null,"source":"OpenStreetMap","source_url":"https://www.openstreetmap.org/copyright","licence":"ODbL 1.0","retrieved_on":"2026-09-03","vulnerability_function_id":null,"vulnerability_class":"Not assigned","osm_tags":{"building":"yes"}},"geometry":{"type":"Polygon","coordinates":[[[39.220212,38.688551],[39.220412,38.688554],[39.220414,38.688475],[39.220214,38.688472],[39.220212,38.688551]]]}},{"type":"Feature","id":"way/774741808","properties":{"osm_id":"way/774741808","osm_type":"way","building":"yes","name":null,"levels":null,"source":"OpenStreetMap","source_url":"https://www.openstreetmap.org/copyright","licence":"ODbL 1.0","retrieved_on":"2026-09-03","vulnerability_function_id":null,"vulnerability_class":"Not assigned","osm_tags":{"building":"yes"}},"geometry":{"type":"Polygon","coordinates":[[[39.219884,38.688625],[39.22008,38.688627],[39.220081,38.688533],[39.219885,38.68853],[39.219884,38.688625]]]}},{"type":"Feature","id":"way/774741809","properties":{"osm_id":"way/774741809","osm_type":"way","building":"yes","name":null,"levels":null,"source":"OpenStreetMap","source_url":"https://www.openstreetmap.org/copyright","licence":"ODbL 1.0","retrieved_on":"2026-09-03","vulnerability_function_id":null,"vulnerability_class":"Not assigned","osm_tags":{"building":"yes"}},"geometry":{"type":"Polygon","coordinates":[[[39.219865,38.688516],[39.220105,38.68852],[39.220107,38.688436],[39.219867,38.688432],[39.219865,38.688516]]]}},{"type":"Feature","id":"way/774741810","properties":{"osm_id":"way/774741810","osm_type":"way","building":"yes","name":null,"levels":null,"source":"OpenStreetMap","source_url":"https://www.openstreetmap.org/copyright","licence":"ODbL 1.0","retrieved_on":"2026-09-03","vulnerability_function_id":null,"vulnerability_class":"Not assigned","osm_tags":{"building":"yes"}},"geometry":{"type":"Polygon","coordinates":[[[39.220011,38.688421],[39.220159,38.688424],[39.220162,38.68833],[39.220014,38.688327],[39.220011,38.688421]]]}},{"type":"Feature","id":"way/774741811","properties":{"osm_id":"way/774741811","osm_type":"way","building":"yes","name":null,"levels":null,"source":"OpenStreetMap","source_url":"https://www.openstreetmap.org/copyright","licence":"ODbL 1.0","retrieved_on":"2026-09-03","vulnerability_function_id":null,"vulnerability_class":"Not assigned","osm_tags":{"building":"yes"}},"geometry":{"type":"Polygon","coordinates":[[[39.220068,38.688303],[39.22017,38.688304],[39.220174,38.688159],[39.220072,38.688157],[39.220068,38.688303]]]}},{"type":"Feature","id":"way/774741812","properties":{"osm_id":"way/774741812","osm_type":"way","building":"yes","name":null,"levels":null,"source":"OpenStreetMap","source_url":"https://www.openstreetmap.org/copyright","licence":"ODbL 1.0","retrieved_on":"2026-09-03","vulnerability_function_id":null,"vulnerability_class":"Not assigned","osm_tags":{"building":"yes"}},"geometry":{"type":"Polygon","coordinates":[[[39.219931,38.688234],[39.220038,38.688234],[39.220039,38.688127],[39.219932,38.688126],[39.219931,38.688234]]]}},{"type":"Feature","id":"way/774741813","properties":{"osm_id":"way/774741813","osm_type":"way","building":"yes","name":null,"levels":null,"source":"OpenStreetMap","source_url":"https://www.openstreetmap.org/copyright","licence":"ODbL 1.0","retrieved_on":"2026-09-03","vulnerability_function_id":null,"vulnerability_class":"Not assigned","osm_tags":{"building":"yes"}},"geometry":{"type":"Polygon","coordinates":[[[39.21966,38.688272],[39.219787,38.688257],[39.219767,38.688157],[39.21964,38.688173],[39.21966,38.688272]]]}},{"type":"Feature","id":"way/774741814","properties":{"osm_id":"way/774741814","osm_type":"way","building":"yes","name":null,"levels":null,"source":"OpenStreetMap","source_url":"https://www.openstreetmap.org/copyright","licence":"ODbL 1.0","retrieved_on":"2026-09-03","vulnerability_function_id":null,"vulnerability_class":"Not assigned","osm_tags":{"building":"yes"}},"geometry":{"type":"Polygon","coordinates":[[[39.219491,38.688055],[39.219598,38.688054],[39.219597,38.687941],[39.219489,38.687942],[39.219491,38.688055]]]}},{"type":"Feature","id":"way/774741815","properties":{"osm_id":"way/774741815","osm_type":"way","building":"yes","name":null,"levels":null,"source":"OpenStreetMap","source_url":"https://www.openstreetmap.org/copyright","licence":"ODbL 1.0","retrieved_on":"2026-09-03","vulnerability_function_id":null,"vulnerability_class":"Not assigned","osm_tags":{"building":"yes"}},"geometry":{"type":"Polygon","coordinates":[[[39.219628,38.688031],[39.219738,38.68803],[39.219736,38.687921],[39.219626,38.687922],[39.219628,38.688031]]]}},{"type":"Feature","id":"way/774741816","properties":{"osm_id":"way/774741816","osm_type":"way","building":"yes","name":null,"levels":null,"source":"OpenStreetMap","source_url":"https://www.openstreetmap.org/copyright","licence":"ODbL 1.0","retrieved_on":"2026-09-03","vulnerability_function_id":null,"vulnerability_class":"Not assigned","osm_tags":{"building":"yes"}},"geometry":{"type":"Polygon","coordinates":[[[39.219771,38.688018],[39.219895,38.688017],[39.219893,38.687913],[39.21977,38.687914],[39.219771,38.688018]]]}},{"type":"Feature","id":"way/774741817","properties":{"osm_id":"way/774741817","osm_type":"way","building":"yes","name":null,"levels":null,"source":"OpenStreetMap","source_url":"https://www.openstreetmap.org/copyright","licence":"ODbL 1.0","retrieved_on":"2026-09-03","vulnerability_function_id":null,"vulnerability_class":"Not assigned","osm_tags":{"building":"yes"}},"geometry":{"type":"Polygon","coordinates":[[[39.219455,38.687815],[39.219537,38.687814],[39.219535,38.687687],[39.219453,38.687688],[39.219455,38.687815]]]}},{"type":"Feature","id":"way/774741818","properties":{"osm_id":"way/774741818","osm_type":"way","building":"yes","name":null,"levels":null,"source":"OpenStreetMap","source_url":"https://www.openstreetmap.org/copyright","licence":"ODbL 1.0","retrieved_on":"2026-09-03","vulnerability_function_id":null,"vulnerability_class":"Not assigned","osm_tags":{"building":"yes"}},"geometry":{"type":"Polygon","coordinates":[[[39.219693,38.687509],[39.219694,38.687547],[39.219789,38.687546],[39.219788,38.687508],[39.219693,38.687509]]]}},{"type":"Feature","id":"way/774741819","properties":{"osm_id":"way/774741819","osm_type":"way","building":"yes","name":null,"levels":null,"source":"OpenStreetMap","source_url":"https://www.openstreetmap.org/copyright","licence":"ODbL 1.0","retrieved_on":"2026-09-03","vulnerability_function_id":null,"vulnerability_class":"Not assigned","osm_tags":{"building":"yes"}},"geometry":{"type":"Polygon","coordinates":[[[39.219701,38.687644],[39.219794,38.687643],[39.219793,38.687557],[39.2197,38.687558],[39.219701,38.687644]]]}},{"type":"Feature","id":"way/774741820","properties":{"osm_id":"way/774741820","osm_type":"way","building":"yes","name":null,"levels":null,"source":"OpenStreetMap","source_url":"https://www.openstreetmap.org/copyright","licence":"ODbL 1.0","retrieved_on":"2026-09-03","vulnerability_function_id":null,"vulnerability_class":"Not assigned","osm_tags":{"building":"yes"}},"geometry":{"type":"Polygon","coordinates":[[[39.219813,38.687692],[39.219941,38.687691],[39.21994,38.687597],[39.219811,38.687598],[39.219813,38.687692]]]}},{"type":"Feature","id":"way/774741821","properties":{"osm_id":"way/774741821","osm_type":"way","building":"yes","name":null,"levels":null,"source":"OpenStreetMap","source_url":"https://www.openstreetmap.org/copyright","licence":"ODbL 1.0","retrieved_on":"2026-09-03","vulnerability_function_id":null,"vulnerability_class":"Not assigned","osm_tags":{"building":"yes"}},"geometry":{"type":"Polygon","coordinates":[[[39.219955,38.687653],[39.220067,38.687652],[39.220066,38.687562],[39.219954,38.687562],[39.219955,38.687653]]]}},{"type":"Feature","id":"way/774741822","properties":{"osm_id":"way/774741822","osm_type":"way","building":"yes","name":null,"levels":null,"source":"OpenStreetMap","source_url":"https://www.openstreetmap.org/copyright","licence":"ODbL 1.0","retrieved_on":"2026-09-03","vulnerability_function_id":null,"vulnerability_class":"Not assigned","osm_tags":{"building":"yes"}},"geometry":{"type":"Polygon","coordinates":[[[39.220081,38.687648],[39.220207,38.687647],[39.220206,38.687552],[39.22008,38.687553],[39.220081,38.687648]]]}},{"type":"Feature","id":"way/774741823","properties":{"osm_id":"way/774741823","osm_type":"way","building":"yes","name":null,"levels":null,"source":"OpenStreetMap","source_url":"https://www.openstreetmap.org/copyright","licence":"ODbL 1.0","retrieved_on":"2026-09-03","vulnerability_function_id":null,"vulnerability_class":"Not assigned","osm_tags":{"building":"yes"}},"geometry":{"type":"Polygon","coordinates":[[[39.21999,38.687769],[39.220116,38.687768],[39.220115,38.687666],[39.219988,38.687667],[39.21999,38.687769]]]}},{"type":"Feature","id":"way/774741824","properties":{"osm_id":"way/774741824","osm_type":"way","building":"yes","name":null,"levels":null,"source":"OpenStreetMap","source_url":"https://www.openstreetmap.org/copyright","licence":"ODbL 1.0","retrieved_on":"2026-09-03","vulnerability_function_id":null,"vulnerability_class":"Not assigned","osm_tags":{"building":"yes"}},"geometry":{"type":"Polygon","coordinates":[[[39.220013,38.687995],[39.220166,38.687994],[39.220164,38.687896],[39.220011,38.687897],[39.220013,38.687995]]]}},{"type":"Feature","id":"way/774741825","properties":{"osm_id":"way/774741825","osm_type":"way","building":"yes","name":null,"levels":null,"source":"OpenStreetMap","source_url":"https://www.openstreetmap.org/copyright","licence":"ODbL 1.0","retrieved_on":"2026-09-03","vulnerability_function_id":null,"vulnerability_class":"Not assigned","osm_tags":{"building":"yes"}},"geometry":{"type":"Polygon","coordinates":[[[39.219878,38.687359],[39.220151,38.687356],[39.220144,38.68689],[39.219994,38.686892],[39.219994,38.686906],[39.21989,38.686907],[39.219891,38.686925],[39.219774,38.686926],[39.219776,38.687047],[39.219875,38.687046],[39.219874,38.68699],[39.219981,38.686989],[39.219986,38.687277],[39.219876,38.687278],[39.219878,38.687359]]]}},{"type":"Feature","id":"way/774741826","properties":{"osm_id":"way/774741826","osm_type":"way","building":"yes","name":null,"levels":null,"source":"OpenStreetMap","source_url":"https://www.openstreetmap.org/copyright","licence":"ODbL 1.0","retrieved_on":"2026-09-03","vulnerability_function_id":null,"vulnerability_class":"Not assigned","osm_tags":{"building":"yes"}},"geometry":{"type":"Polygon","coordinates":[[[39.219406,38.687359],[39.219414,38.687426],[39.219585,38.687414],[39.219577,38.687347],[39.219406,38.687359]]]}},{"type":"Feature","id":"way/774741827","properties":{"osm_id":"way/774741827","osm_type":"way","building":"yes","name":null,"levels":null,"source":"OpenStreetMap","source_url":"https://www.openstreetmap.org/copyright","licence":"ODbL 1.0","retrieved_on":"2026-09-03","vulnerability_function_id":null,"vulnerability_class":"Not assigned","osm_tags":{"building":"yes"}},"geometry":{"type":"Polygon","coordinates":[[[39.218999,38.687422],[39.219177,38.687419],[39.219175,38.687347],[39.218997,38.68735],[39.218999,38.687422]]]}},{"type":"Feature","id":"way/774741828","properties":{"osm_id":"way/774741828","osm_type":"way","building":"yes","name":null,"levels":null,"source":"OpenStreetMap","source_url":"https://www.openstreetmap.org/copyright","licence":"ODbL 1.0","retrieved_on":"2026-09-03","vulnerability_function_id":null,"vulnerability_class":"Not assigned","osm_tags":{"building":"yes"}},"geometry":{"type":"Polygon","coordinates":[[[39.218669,38.687458],[39.218789,38.687423],[39.218729,38.687296],[39.218608,38.687331],[39.218669,38.687458]]]}},{"type":"Feature","id":"way/774741829","properties":{"osm_id":"way/774741829","osm_type":"way","building":"yes","name":null,"levels":null,"source":"OpenStreetMap","source_url":"https://www.openstreetmap.org/copyright","licence":"ODbL 1.0","retrieved_on":"2026-09-03","vulnerability_function_id":null,"vulnerability_class":"Not assigned","osm_tags":{"building":"yes"}},"geometry":{"type":"Polygon","coordinates":[[[39.218528,38.68752],[39.218568,38.687598],[39.218745,38.687544],[39.218705,38.687465],[39.218528,38.68752]]]}},{"type":"Feature","id":"way/774741830","properties":{"osm_id":"way/774741830","osm_type":"way","building":"yes","name":null,"levels":null,"source":"OpenStreetMap","source_url":"https://www.openstreetmap.org/copyright","licence":"ODbL 1.0","retrieved_on":"2026-09-03","vulnerability_function_id":null,"vulnerability_class":"Not assigned","osm_tags":{"building":"yes"}},"geometry":{"type":"Polygon","coordinates":[[[39.218425,38.687517],[39.21854,38.687497],[39.218505,38.687371],[39.21839,38.68739],[39.218425,38.687517]]]}},{"type":"Feature","id":"way/774741831","properties":{"osm_id":"way/774741831","osm_type":"way","building":"yes","name":null,"levels":null,"source":"OpenStreetMap","source_url":"https://www.openstreetmap.org/copyright","licence":"ODbL 1.0","retrieved_on":"2026-09-03","vulnerability_function_id":null,"vulnerability_class":"Not assigned","osm_tags":{"building":"yes"}},"geometry":{"type":"Polygon","coordinates":[[[39.218871,38.68733],[39.218982,38.687311],[39.21895,38.687197],[39.218839,38.687216],[39.218871,38.68733]]]}},{"type":"Feature","id":"way/774741832","properties":{"osm_id":"way/774741832","osm_type":"way","building":"yes","name":null,"levels":null,"source":"OpenStreetMap","source_url":"https://www.openstreetmap.org/copyright","licence":"ODbL 1.0","retrieved_on":"2026-09-03","vulnerability_function_id":null,"vulnerability_class":"Not assigned","osm_tags":{"building":"yes"}},"geometry":{"type":"Polygon","coordinates":[[[39.219216,38.687162],[39.219335,38.68716],[39.219334,38.687074],[39.219215,38.687075],[39.219216,38.687162]]]}},{"type":"Feature","id":"way/774741833","properties":{"osm_id":"way/774741833","osm_type":"way","building":"yes","name":null,"levels":null,"source":"OpenStreetMap","source_url":"https://www.openstreetmap.org/copyright","licence":"ODbL 1.0","retrieved_on":"2026-09-03","vulnerability_function_id":null,"vulnerability_class":"Not assigned","osm_tags":{"building":"yes"}},"geometry":{"type":"Polygon","coordinates":[[[39.21908,38.687163],[39.219186,38.687162],[39.219185,38.687073],[39.219079,38.687074],[39.21908,38.687163]]]}},{"type":"Feature","id":"way/774741834","properties":{"osm_id":"way/774741834","osm_type":"way","building":"yes","name":null,"levels":null,"source":"OpenStreetMap","source_url":"https://www.openstreetmap.org/copyright","licence":"ODbL 1.0","retrieved_on":"2026-09-03","vulnerability_function_id":null,"vulnerability_class":"Not assigned","osm_tags":{"building":"yes"}},"geometry":{"type":"Polygon","coordinates":[[[39.218831,38.68719],[39.218957,38.687155],[39.218869,38.686961],[39.218743,38.686996],[39.218831,38.68719]]]}},{"type":"Feature","id":"way/774741835","properties":{"osm_id":"way/774741835","osm_type":"way","building":"yes","name":null,"levels":null,"source":"OpenStreetMap","source_url":"https://www.openstreetmap.org/copyright","licence":"ODbL 1.0","retrieved_on":"2026-09-03","vulnerability_function_id":null,"vulnerability_class":"Not assigned","osm_tags":{"building":"yes"}},"geometry":{"type":"Polygon","coordinates":[[[39.218681,38.687231],[39.218805,38.687196],[39.218712,38.686992],[39.218588,38.687026],[39.218681,38.687231]]]}},{"type":"Feature","id":"way/774741836","properties":{"osm_id":"way/774741836","osm_type":"way","building":"yes","name":null,"levels":null,"source":"OpenStreetMap","source_url":"https://www.openstreetmap.org/copyright","licence":"ODbL 1.0","retrieved_on":"2026-09-03","vulnerability_function_id":null,"vulnerability_class":"Not assigned","osm_tags":{"building":"yes"}},"geometry":{"type":"Polygon","coordinates":[[[39.218254,38.687107],[39.218318,38.687247],[39.218545,38.687184],[39.218481,38.687044],[39.218254,38.687107]]]}},{"type":"Feature","id":"way/774741837","properties":{"osm_id":"way/774741837","osm_type":"way","building":"yes","name":null,"levels":null,"source":"OpenStreetMap","source_url":"https://www.openstreetmap.org/copyright","licence":"ODbL 1.0","retrieved_on":"2026-09-03","vulnerability_function_id":null,"vulnerability_class":"Not assigned","osm_tags":{"building":"yes"}},"geometry":{"type":"Polygon","coordinates":[[[39.217977,38.687365],[39.218087,38.687476],[39.218193,38.687412],[39.218082,38.687301],[39.217977,38.687365]]]}},{"type":"Feature","id":"way/774741838","properties":{"osm_id":"way/774741838","osm_type":"way","building":"yes","name":null,"levels":null,"source":"OpenStreetMap","source_url":"https://www.openstreetmap.org/copyright","licence":"ODbL 1.0","retrieved_on":"2026-09-03","vulnerability_function_id":null,"vulnerability_class":"Not assigned","osm_tags":{"building":"yes"}},"geometry":{"type":"Polygon","coordinates":[[[39.217874,38.687301],[39.217941,38.687369],[39.218044,38.687306],[39.217976,38.687238],[39.217874,38.687301]]]}},{"type":"Feature","id":"way/774741839","properties":{"osm_id":"way/774741839","osm_type":"way","building":"yes","name":null,"levels":null,"source":"OpenStreetMap","source_url":"https://www.openstreetmap.org/copyright","licence":"ODbL 1.0","retrieved_on":"2026-09-03","vulnerability_function_id":null,"vulnerability_class":"Not assigned","osm_tags":{"building":"yes"}},"geometry":{"type":"Polygon","coordinates":[[[39.217753,38.687196],[39.217817,38.687261],[39.217941,38.687186],[39.217876,38.687121],[39.217753,38.687196]]]}},{"type":"Feature","id":"way/774741840","properties":{"osm_id":"way/774741840","osm_type":"way","building":"yes","name":null,"levels":null,"source":"OpenStreetMap","source_url":"https://www.openstreetmap.org/copyright","licence":"ODbL 1.0","retrieved_on":"2026-09-03","vulnerability_function_id":null,"vulnerability_class":"Not assigned","osm_tags":{"building":"yes"}},"geometry":{"type":"Polygon","coordinates":[[[39.217262,38.687097],[39.217307,38.687143],[39.217436,38.687064],[39.217391,38.687019],[39.217262,38.687097]]]}},{"type":"Feature","id":"way/774741841","properties":{"osm_id":"way/774741841","osm_type":"way","building":"yes","name":null,"levels":null,"source":"OpenStreetMap","source_url":"https://www.openstreetmap.org/copyright","licence":"ODbL 1.0","retrieved_on":"2026-09-03","vulnerability_function_id":null,"vulnerability_class":"Not assigned","osm_tags":{"building":"yes"}},"geometry":{"type":"Polygon","coordinates":[[[39.217531,38.687381],[39.217649,38.687309],[39.217561,38.68722],[39.217443,38.687292],[39.217531,38.687381]]]}},{"type":"Feature","id":"way/774741842","properties":{"osm_id":"way/774741842","osm_type":"way","building":"yes","name":null,"levels":null,"source":"OpenStreetMap","source_url":"https://www.openstreetmap.org/copyright","licence":"ODbL 1.0","retrieved_on":"2026-09-03","vulnerability_function_id":null,"vulnerability_class":"Not assigned","osm_tags":{"building":"yes"}},"geometry":{"type":"Polygon","coordinates":[[[39.217363,38.687173],[39.21743,38.687241],[39.21754,38.687174],[39.217472,38.687107],[39.217363,38.687173]]]}},{"type":"Feature","id":"way/774741843","properties":{"osm_id":"way/774741843","osm_type":"way","building":"yes","name":null,"levels":null,"source":"OpenStreetMap","source_url":"https://www.openstreetmap.org/copyright","licence":"ODbL 1.0","retrieved_on":"2026-09-03","vulnerability_function_id":null,"vulnerability_class":"Not assigned","osm_tags":{"building":"yes"}},"geometry":{"type":"Polygon","coordinates":[[[39.217354,38.68752],[39.217418,38.687583],[39.21755,38.687502],[39.217487,38.687439],[39.217354,38.68752]]]}},{"type":"Feature","id":"way/774741844","properties":{"osm_id":"way/774741844","osm_type":"way","building":"yes","name":null,"levels":null,"source":"OpenStreetMap","source_url":"https://www.openstreetmap.org/copyright","licence":"ODbL 1.0","retrieved_on":"2026-09-03","vulnerability_function_id":null,"vulnerability_class":"Not assigned","osm_tags":{"building":"yes"}},"geometry":{"type":"Polygon","coordinates":[[[39.217275,38.687439],[39.217328,38.687497],[39.217467,38.687419],[39.217415,38.687362],[39.217275,38.687439]]]}},{"type":"Feature","id":"way/774741845","properties":{"osm_id":"way/774741845","osm_type":"way","building":"yes","name":null,"levels":null,"source":"OpenStreetMap","source_url":"https://www.openstreetmap.org/copyright","licence":"ODbL 1.0","retrieved_on":"2026-09-03","vulnerability_function_id":null,"vulnerability_class":"Not assigned","osm_tags":{"building":"yes"}},"geometry":{"type":"Polygon","coordinates":[[[39.21719,38.687357],[39.217244,38.687417],[39.217392,38.687334],[39.217337,38.687275],[39.21719,38.687357]]]}},{"type":"Feature","id":"way/774741846","properties":{"osm_id":"way/774741846","osm_type":"way","building":"yes","name":null,"levels":null,"source":"OpenStreetMap","source_url":"https://www.openstreetmap.org/copyright","licence":"ODbL 1.0","retrieved_on":"2026-09-03","vulnerability_function_id":null,"vulnerability_class":"Not assigned","osm_tags":{"building":"yes"}},"geometry":{"type":"Polygon","coordinates":[[[39.217089,38.687254],[39.217141,38.687314],[39.217295,38.687232],[39.217243,38.687172],[39.217089,38.687254]]]}},{"type":"Feature","id":"way/774741847","properties":{"osm_id":"way/774741847","osm_type":"way","building":"yes","name":null,"levels":null,"source":"OpenStreetMap","source_url":"https://www.openstreetmap.org/copyright","licence":"ODbL 1.0","retrieved_on":"2026-09-03","vulnerability_function_id":null,"vulnerability_class":"Not assigned","osm_tags":{"building":"yes"}},"geometry":{"type":"Polygon","coordinates":[[[39.217174,38.687812],[39.217274,38.687786],[39.217224,38.687669],[39.217124,38.687696],[39.217174,38.687812]]]}},{"type":"Feature","id":"way/774741848","properties":{"osm_id":"way/774741848","osm_type":"way","building":"yes","name":null,"levels":null,"source":"OpenStreetMap","source_url":"https://www.openstreetmap.org/copyright","licence":"ODbL 1.0","retrieved_on":"2026-09-03","vulnerability_function_id":null,"vulnerability_class":"Not assigned","osm_tags":{"building":"yes"}},"geometry":{"type":"Polygon","coordinates":[[[39.216611,38.687892],[39.216717,38.687903],[39.21674,38.687773],[39.216634,38.687762],[39.216611,38.687892]]]}},{"type":"Feature","id":"way/774741849","properties":{"osm_id":"way/774741849","osm_type":"way","building":"yes","name":null,"levels":null,"source":"OpenStreetMap","source_url":"https://www.openstreetmap.org/copyright","licence":"ODbL 1.0","retrieved_on":"2026-09-03","vulnerability_function_id":null,"vulnerability_class":"Not assigned","osm_tags":{"building":"yes"}},"geometry":{"type":"Polygon","coordinates":[[[39.216503,38.687885],[39.216592,38.687895],[39.216617,38.687757],[39.216527,38.687748],[39.216503,38.687885]]]}},{"type":"Feature","id":"way/774741850","properties":{"osm_id":"way/774741850","osm_type":"way","building":"yes","name":null,"levels":null,"source":"OpenStreetMap","source_url":"https://www.openstreetmap.org/copyright","licence":"ODbL 1.0","retrieved_on":"2026-09-03","vulnerability_function_id":null,"vulnerability_class":"Not assigned","osm_tags":{"building":"yes"}},"geometry":{"type":"Polygon","coordinates":[[[39.217011,38.687649],[39.217131,38.687638],[39.217109,38.687506],[39.21699,38.687518],[39.217011,38.687649]]]}},{"type":"Feature","id":"way/774741851","properties":{"osm_id":"way/774741851","osm_type":"way","building":"yes","name":null,"levels":null,"source":"OpenStreetMap","source_url":"https://www.openstreetmap.org/copyright","licence":"ODbL 1.0","retrieved_on":"2026-09-03","vulnerability_function_id":null,"vulnerability_class":"Not assigned","osm_tags":{"building":"yes"}},"geometry":{"type":"Polygon","coordinates":[[[39.21688,38.687664],[39.216983,38.687654],[39.216961,38.687518],[39.216858,38.687528],[39.21688,38.687664]]]}},{"type":"Feature","id":"way/774741852","properties":{"osm_id":"way/774741852","osm_type":"way","building":"yes","name":null,"levels":null,"source":"OpenStreetMap","source_url":"https://www.openstreetmap.org/copyright","licence":"ODbL 1.0","retrieved_on":"2026-09-03","vulnerability_function_id":null,"vulnerability_class":"Not assigned","osm_tags":{"building":"yes"}},"geometry":{"type":"Polygon","coordinates":[[[39.216935,38.687876],[39.217041,38.687876],[39.217041,38.687746],[39.216935,38.687746],[39.216935,38.687876]]]}},{"type":"Feature","id":"way/774741853","properties":{"osm_id":"way/774741853","osm_type":"way","building":"yes","name":null,"levels":null,"source":"OpenStreetMap","source_url":"https://www.openstreetmap.org/copyright","licence":"ODbL 1.0","retrieved_on":"2026-09-03","vulnerability_function_id":null,"vulnerability_class":"Not assigned","osm_tags":{"building":"yes"}},"geometry":{"type":"Polygon","coordinates":[[[39.216828,38.68788],[39.216915,38.68788],[39.216915,38.687741],[39.216828,38.687741],[39.216828,38.68788]]]}},{"type":"Feature","id":"way/774741854","properties":{"osm_id":"way/774741854","osm_type":"way","building":"yes","name":null,"levels":null,"source":"OpenStreetMap","source_url":"https://www.openstreetmap.org/copyright","licence":"ODbL 1.0","retrieved_on":"2026-09-03","vulnerability_function_id":null,"vulnerability_class":"Not assigned","osm_tags":{"building":"yes"}},"geometry":{"type":"Polygon","coordinates":[[[39.216464,38.687726],[39.216574,38.687726],[39.216574,38.687578],[39.216464,38.687578],[39.216464,38.687726]]]}},{"type":"Feature","id":"way/774741855","properties":{"osm_id":"way/774741855","osm_type":"way","building":"yes","name":null,"levels":null,"source":"OpenStreetMap","source_url":"https://www.openstreetmap.org/copyright","licence":"ODbL 1.0","retrieved_on":"2026-09-03","vulnerability_function_id":null,"vulnerability_class":"Not assigned","osm_tags":{"building":"yes"}},"geometry":{"type":"Polygon","coordinates":[[[39.216333,38.687865],[39.216433,38.687865],[39.216433,38.687722],[39.216333,38.687722],[39.216333,38.687865]]]}},{"type":"Feature","id":"way/774741856","properties":{"osm_id":"way/774741856","osm_type":"way","building":"yes","name":null,"levels":null,"source":"OpenStreetMap","source_url":"https://www.openstreetmap.org/copyright","licence":"ODbL 1.0","retrieved_on":"2026-09-03","vulnerability_function_id":null,"vulnerability_class":"Not assigned","osm_tags":{"building":"yes"}},"geometry":{"type":"Polygon","coordinates":[[[39.216158,38.688173],[39.216264,38.688173],[39.216264,38.688131],[39.216361,38.688131],[39.216361,38.688191],[39.216461,38.688191],[39.216461,38.68808],[39.216404,38.68808],[39.216404,38.688018],[39.216219,38.688018],[39.216219,38.68799],[39.216158,38.68799],[39.216158,38.688173]]]}},{"type":"Feature","id":"way/774741857","properties":{"osm_id":"way/774741857","osm_type":"way","building":"yes","name":null,"levels":null,"source":"OpenStreetMap","source_url":"https://www.openstreetmap.org/copyright","licence":"ODbL 1.0","retrieved_on":"2026-09-03","vulnerability_function_id":null,"vulnerability_class":"Not assigned","osm_tags":{"building":"yes"}},"geometry":{"type":"Polygon","coordinates":[[[39.215944,38.688149],[39.216094,38.688149],[39.216094,38.688007],[39.215944,38.688007],[39.215944,38.688149]]]}},{"type":"Feature","id":"way/774741858","properties":{"osm_id":"way/774741858","osm_type":"way","building":"yes","name":null,"levels":null,"source":"OpenStreetMap","source_url":"https://www.openstreetmap.org/copyright","licence":"ODbL 1.0","retrieved_on":"2026-09-03","vulnerability_function_id":null,"vulnerability_class":"Not assigned","osm_tags":{"building":"yes"}},"geometry":{"type":"Polygon","coordinates":[[[39.216113,38.688373],[39.216216,38.688373],[39.216216,38.688229],[39.216113,38.688229],[39.216113,38.688373]]]}},{"type":"Feature","id":"way/774741859","properties":{"osm_id":"way/774741859","osm_type":"way","building":"yes","name":null,"levels":null,"source":"OpenStreetMap","source_url":"https://www.openstreetmap.org/copyright","licence":"ODbL 1.0","retrieved_on":"2026-09-03","vulnerability_function_id":null,"vulnerability_class":"Not assigned","osm_tags":{"building":"yes"}},"geometry":{"type":"Polygon","coordinates":[[[39.216358,38.688372],[39.216459,38.688372],[39.216459,38.688242],[39.216358,38.688242],[39.216358,38.688372]]]}},{"type":"Feature","id":"way/774741860","properties":{"osm_id":"way/774741860","osm_type":"way","building":"yes","name":null,"levels":null,"source":"OpenStreetMap","source_url":"https://www.openstreetmap.org/copyright","licence":"ODbL 1.0","retrieved_on":"2026-09-03","vulnerability_function_id":null,"vulnerability_class":"Not assigned","osm_tags":{"building":"yes"}},"geometry":{"type":"Polygon","coordinates":[[[39.216613,38.688353],[39.216726,38.688354],[39.216727,38.688242],[39.216614,38.688241],[39.216613,38.688353]]]}},{"type":"Feature","id":"way/774741861","properties":{"osm_id":"way/774741861","osm_type":"way","building":"yes","name":null,"levels":null,"source":"OpenStreetMap","source_url":"https://www.openstreetmap.org/copyright","licence":"ODbL 1.0","retrieved_on":"2026-09-03","vulnerability_function_id":null,"vulnerability_class":"Not assigned","osm_tags":{"building":"yes"}},"geometry":{"type":"Polygon","coordinates":[[[39.216598,38.688191],[39.216737,38.688193],[39.216741,38.688041],[39.216602,38.688039],[39.216598,38.688191]]]}},{"type":"Feature","id":"way/774741862","properties":{"osm_id":"way/774741862","osm_type":"way","building":"yes","name":null,"levels":null,"source":"OpenStreetMap","source_url":"https://www.openstreetmap.org/copyright","licence":"ODbL 1.0","retrieved_on":"2026-09-03","vulnerability_function_id":null,"vulnerability_class":"Not assigned","osm_tags":{"building":"yes"}},"geometry":{"type":"Polygon","coordinates":[[[39.217416,38.688071],[39.21754,38.688044],[39.217496,38.687922],[39.217372,38.68795],[39.217416,38.688071]]]}},{"type":"Feature","id":"way/774741863","properties":{"osm_id":"way/774741863","osm_type":"way","building":"yes","name":null,"levels":null,"source":"OpenStreetMap","source_url":"https://www.openstreetmap.org/copyright","licence":"ODbL 1.0","retrieved_on":"2026-09-03","vulnerability_function_id":null,"vulnerability_class":"Not assigned","osm_tags":{"building":"yes"}},"geometry":{"type":"Polygon","coordinates":[[[39.2173,38.688092],[39.21739,38.688073],[39.21735,38.687958],[39.217259,38.687977],[39.2173,38.688092]]]}},{"type":"Feature","id":"way/774741864","properties":{"osm_id":"way/774741864","osm_type":"way","building":"yes","name":null,"levels":null,"source":"OpenStreetMap","source_url":"https://www.openstreetmap.org/copyright","licence":"ODbL 1.0","retrieved_on":"2026-09-03","vulnerability_function_id":null,"vulnerability_class":"Not assigned","osm_tags":{"building":"yes"}},"geometry":{"type":"Polygon","coordinates":[[[39.217163,38.688144],[39.217269,38.688125],[39.217227,38.687983],[39.217121,38.688002],[39.217163,38.688144]]]}},{"type":"Feature","id":"way/774741865","properties":{"osm_id":"way/774741865","osm_type":"way","building":"yes","name":null,"levels":null,"source":"OpenStreetMap","source_url":"https://www.openstreetmap.org/copyright","licence":"ODbL 1.0","retrieved_on":"2026-09-03","vulnerability_function_id":null,"vulnerability_class":"Not assigned","osm_tags":{"building":"yes"}},"geometry":{"type":"Polygon","coordinates":[[[39.216916,38.688188],[39.217031,38.688172],[39.217,38.688036],[39.216885,38.688052],[39.216916,38.688188]]]}},{"type":"Feature","id":"way/774741866","properties":{"osm_id":"way/774741866","osm_type":"way","building":"yes","name":null,"levels":null,"source":"OpenStreetMap","source_url":"https://www.openstreetmap.org/copyright","licence":"ODbL 1.0","retrieved_on":"2026-09-03","vulnerability_function_id":null,"vulnerability_class":"Not assigned","osm_tags":{"building":"yes"}},"geometry":{"type":"Polygon","coordinates":[[[39.217418,38.688137],[39.217526,38.688267],[39.217683,38.688187],[39.217574,38.688057],[39.217418,38.688137]]]}},{"type":"Feature","id":"way/774741867","properties":{"osm_id":"way/774741867","osm_type":"way","building":"yes","name":null,"levels":null,"source":"OpenStreetMap","source_url":"https://www.openstreetmap.org/copyright","licence":"ODbL 1.0","retrieved_on":"2026-09-03","vulnerability_function_id":null,"vulnerability_class":"Not assigned","osm_tags":{"building":"yes"}},"geometry":{"type":"Polygon","coordinates":[[[39.217303,38.688324],[39.217448,38.688261],[39.217366,38.688146],[39.217222,38.688209],[39.217303,38.688324]]]}},{"type":"Feature","id":"way/774741868","properties":{"osm_id":"way/774741868","osm_type":"way","building":"yes","name":null,"levels":null,"source":"OpenStreetMap","source_url":"https://www.openstreetmap.org/copyright","licence":"ODbL 1.0","retrieved_on":"2026-09-03","vulnerability_function_id":null,"vulnerability_class":"Not assigned","osm_tags":{"building":"yes"}},"geometry":{"type":"Polygon","coordinates":[[[39.21714,38.688368],[39.217227,38.688369],[39.21723,38.688241],[39.217143,38.68824],[39.21714,38.688368]]]}},{"type":"Feature","id":"way/774741869","properties":{"osm_id":"way/774741869","osm_type":"way","building":"yes","name":null,"levels":null,"source":"OpenStreetMap","source_url":"https://www.openstreetmap.org/copyright","licence":"ODbL 1.0","retrieved_on":"2026-09-03","vulnerability_function_id":null,"vulnerability_class":"Not assigned","osm_tags":{"building":"yes"}},"geometry":{"type":"Polygon","coordinates":[[[39.217025,38.688371],[39.21712,38.688372],[39.217122,38.688238],[39.217027,38.688237],[39.217025,38.688371]]]}},{"type":"Feature","id":"way/774741870","properties":{"osm_id":"way/774741870","osm_type":"way","building":"yes","name":null,"levels":null,"source":"OpenStreetMap","source_url":"https://www.openstreetmap.org/copyright","licence":"ODbL 1.0","retrieved_on":"2026-09-03","vulnerability_function_id":null,"vulnerability_class":"Not assigned","osm_tags":{"building":"yes"}},"geometry":{"type":"Polygon","coordinates":[[[39.217747,38.688497],[39.217943,38.688397],[39.217838,38.688273],[39.217643,38.688373],[39.217747,38.688497]]]}},{"type":"Feature","id":"way/774741871","properties":{"osm_id":"way/774741871","osm_type":"way","building":"yes","name":null,"levels":null,"source":"OpenStreetMap","source_url":"https://www.openstreetmap.org/copyright","licence":"ODbL 1.0","retrieved_on":"2026-09-03","vulnerability_function_id":null,"vulnerability_class":"Not assigned","osm_tags":{"building":"yes"}},"geometry":{"type":"Polygon","coordinates":[[[39.217562,38.688619],[39.217666,38.688582],[39.217582,38.688437],[39.217478,38.688474],[39.217562,38.688619]]]}},{"type":"Feature","id":"way/774741872","properties":{"osm_id":"way/774741872","osm_type":"way","building":"yes","name":null,"levels":null,"source":"OpenStreetMap","source_url":"https://www.openstreetmap.org/copyright","licence":"ODbL 1.0","retrieved_on":"2026-09-03","vulnerability_function_id":null,"vulnerability_class":"Not assigned","osm_tags":{"building":"yes"}},"geometry":{"type":"Polygon","coordinates":[[[39.217359,38.688637],[39.217493,38.688638],[39.217494,38.688534],[39.21736,38.688533],[39.217359,38.688637]]]}},{"type":"Feature","id":"way/774741873","properties":{"osm_id":"way/774741873","osm_type":"way","building":"yes","name":null,"levels":null,"source":"OpenStreetMap","source_url":"https://www.openstreetmap.org/copyright","licence":"ODbL 1.0","retrieved_on":"2026-09-03","vulnerability_function_id":null,"vulnerability_class":"Not assigned","osm_tags":{"building":"yes"}},"geometry":{"type":"Polygon","coordinates":[[[39.217224,38.688629],[39.21734,38.68863],[39.217341,38.68853],[39.217226,38.688529],[39.217224,38.688629]]]}},{"type":"Feature","id":"way/774742847","properties":{"osm_id":"way/774742847","osm_type":"way","building":"yes","name":null,"levels":null,"source":"OpenStreetMap","source_url":"https://www.openstreetmap.org/copyright","licence":"ODbL 1.0","retrieved_on":"2026-09-03","vulnerability_function_id":null,"vulnerability_class":"Not assigned","osm_tags":{"building":"yes"}},"geometry":{"type":"Polygon","coordinates":[[[39.217018,38.685654],[39.217273,38.685737],[39.217329,38.685631],[39.217074,38.685549],[39.217018,38.685654]]]}},{"type":"Feature","id":"way/774742848","properties":{"osm_id":"way/774742848","osm_type":"way","building":"yes","name":null,"levels":null,"source":"OpenStreetMap","source_url":"https://www.openstreetmap.org/copyright","licence":"ODbL 1.0","retrieved_on":"2026-09-03","vulnerability_function_id":null,"vulnerability_class":"Not assigned","osm_tags":{"building":"yes"}},"geometry":{"type":"Polygon","coordinates":[[[39.217444,38.686125],[39.217526,38.686152],[39.217605,38.686002],[39.217524,38.685975],[39.217444,38.686125]]]}},{"type":"Feature","id":"way/774742849","properties":{"osm_id":"way/774742849","osm_type":"way","building":"yes","name":null,"levels":null,"source":"OpenStreetMap","source_url":"https://www.openstreetmap.org/copyright","licence":"ODbL 1.0","retrieved_on":"2026-09-03","vulnerability_function_id":null,"vulnerability_class":"Not assigned","osm_tags":{"building":"yes"}},"geometry":{"type":"Polygon","coordinates":[[[39.217281,38.686042],[39.217424,38.686088],[39.217483,38.685977],[39.21734,38.685931],[39.217281,38.686042]]]}},{"type":"Feature","id":"way/774742850","properties":{"osm_id":"way/774742850","osm_type":"way","building":"yes","name":null,"levels":null,"source":"OpenStreetMap","source_url":"https://www.openstreetmap.org/copyright","licence":"ODbL 1.0","retrieved_on":"2026-09-03","vulnerability_function_id":null,"vulnerability_class":"Not assigned","osm_tags":{"building":"yes"}},"geometry":{"type":"Polygon","coordinates":[[[39.217149,38.685966],[39.217277,38.686007],[39.217328,38.685911],[39.2172,38.68587],[39.217149,38.685966]]]}},{"type":"Feature","id":"way/774742856","properties":{"osm_id":"way/774742856","osm_type":"way","building":"yes","name":null,"levels":null,"source":"OpenStreetMap","source_url":"https://www.openstreetmap.org/copyright","licence":"ODbL 1.0","retrieved_on":"2026-09-03","vulnerability_function_id":null,"vulnerability_class":"Not assigned","osm_tags":{"building":"yes"}},"geometry":{"type":"Polygon","coordinates":[[[39.21974,38.685845],[39.220057,38.68582],[39.220035,38.685652],[39.219718,38.685677],[39.21974,38.685845]]]}},{"type":"Feature","id":"way/774742857","properties":{"osm_id":"way/774742857","osm_type":"way","building":"yes","name":null,"levels":null,"source":"OpenStreetMap","source_url":"https://www.openstreetmap.org/copyright","licence":"ODbL 1.0","retrieved_on":"2026-09-03","vulnerability_function_id":null,"vulnerability_class":"Not assigned","osm_tags":{"building":"yes"}},"geometry":{"type":"Polygon","coordinates":[[[39.219389,38.68588],[39.219703,38.685857],[39.219682,38.685685],[39.219368,38.685708],[39.219389,38.68588]]]}},{"type":"Feature","id":"way/774742858","properties":{"osm_id":"way/774742858","osm_type":"way","building":"yes","name":null,"levels":null,"source":"OpenStreetMap","source_url":"https://www.openstreetmap.org/copyright","licence":"ODbL 1.0","retrieved_on":"2026-09-03","vulnerability_function_id":null,"vulnerability_class":"Not assigned","osm_tags":{"building":"yes"}},"geometry":{"type":"Polygon","coordinates":[[[39.218183,38.687078],[39.218329,38.687045],[39.218284,38.686926],[39.218139,38.686959],[39.218183,38.687078]]]}},{"type":"Feature","id":"way/774742859","properties":{"osm_id":"way/774742859","osm_type":"way","building":"yes","name":null,"levels":null,"source":"OpenStreetMap","source_url":"https://www.openstreetmap.org/copyright","licence":"ODbL 1.0","retrieved_on":"2026-09-03","vulnerability_function_id":null,"vulnerability_class":"Not assigned","osm_tags":{"building":"yes"}},"geometry":{"type":"Polygon","coordinates":[[[39.218465,38.686743],[39.218562,38.686727],[39.218519,38.686569],[39.218422,38.686585],[39.218465,38.686743]]]}},{"type":"Feature","id":"way/774742860","properties":{"osm_id":"way/774742860","osm_type":"way","building":"yes","name":null,"levels":null,"source":"OpenStreetMap","source_url":"https://www.openstreetmap.org/copyright","licence":"ODbL 1.0","retrieved_on":"2026-09-03","vulnerability_function_id":null,"vulnerability_class":"Not assigned","osm_tags":{"building":"yes"}},"geometry":{"type":"Polygon","coordinates":[[[39.218339,38.686758],[39.218422,38.686744],[39.218386,38.686609],[39.218303,38.686623],[39.218339,38.686758]]]}},{"type":"Feature","id":"way/774742861","properties":{"osm_id":"way/774742861","osm_type":"way","building":"yes","name":null,"levels":null,"source":"OpenStreetMap","source_url":"https://www.openstreetmap.org/copyright","licence":"ODbL 1.0","retrieved_on":"2026-09-03","vulnerability_function_id":null,"vulnerability_class":"Not assigned","osm_tags":{"building":"yes"}},"geometry":{"type":"Polygon","coordinates":[[[39.218722,38.686841],[39.218758,38.686921],[39.218855,38.686895],[39.218819,38.686815],[39.218722,38.686841]]]}},{"type":"Feature","id":"way/774742862","properties":{"osm_id":"way/774742862","osm_type":"way","building":"yes","name":null,"levels":null,"source":"OpenStreetMap","source_url":"https://www.openstreetmap.org/copyright","licence":"ODbL 1.0","retrieved_on":"2026-09-03","vulnerability_function_id":null,"vulnerability_class":"Not assigned","osm_tags":{"building":"yes"}},"geometry":{"type":"Polygon","coordinates":[[[39.218802,38.68665],[39.218949,38.686628],[39.218925,38.68653],[39.218778,38.686552],[39.218802,38.68665]]]}},{"type":"Feature","id":"way/774742863","properties":{"osm_id":"way/774742863","osm_type":"way","building":"yes","name":null,"levels":null,"source":"OpenStreetMap","source_url":"https://www.openstreetmap.org/copyright","licence":"ODbL 1.0","retrieved_on":"2026-09-03","vulnerability_function_id":null,"vulnerability_class":"Not assigned","osm_tags":{"building":"yes"}},"geometry":{"type":"Polygon","coordinates":[[[39.218877,38.686862],[39.219034,38.686866],[39.219037,38.686756],[39.21888,38.686753],[39.218877,38.686862]]]}},{"type":"Feature","id":"way/774742864","properties":{"osm_id":"way/774742864","osm_type":"way","building":"yes","name":null,"levels":null,"source":"OpenStreetMap","source_url":"https://www.openstreetmap.org/copyright","licence":"ODbL 1.0","retrieved_on":"2026-09-03","vulnerability_function_id":null,"vulnerability_class":"Not assigned","osm_tags":{"building":"yes"}},"geometry":{"type":"Polygon","coordinates":[[[39.219432,38.686523],[39.21959,38.686525],[39.219593,38.686368],[39.219435,38.686366],[39.219432,38.686523]]]}},{"type":"Feature","id":"way/774742865","properties":{"osm_id":"way/774742865","osm_type":"way","building":"yes","name":null,"levels":null,"source":"OpenStreetMap","source_url":"https://www.openstreetmap.org/copyright","licence":"ODbL 1.0","retrieved_on":"2026-09-03","vulnerability_function_id":null,"vulnerability_class":"Not assigned","osm_tags":{"building":"yes"}},"geometry":{"type":"Polygon","coordinates":[[[39.2196,38.686597],[39.219601,38.686702],[39.219821,38.6867],[39.219819,38.686595],[39.2196,38.686597]]]}},{"type":"Feature","id":"way/774742866","properties":{"osm_id":"way/774742866","osm_type":"way","building":"yes","name":null,"levels":null,"source":"OpenStreetMap","source_url":"https://www.openstreetmap.org/copyright","licence":"ODbL 1.0","retrieved_on":"2026-09-03","vulnerability_function_id":null,"vulnerability_class":"Not assigned","osm_tags":{"building":"yes"}},"geometry":{"type":"Polygon","coordinates":[[[39.219058,38.686693],[39.21906,38.686768],[39.219299,38.686763],[39.219296,38.686687],[39.219058,38.686693]]]}},{"type":"Feature","id":"way/774742867","properties":{"osm_id":"way/774742867","osm_type":"way","building":"yes","name":null,"levels":null,"source":"OpenStreetMap","source_url":"https://www.openstreetmap.org/copyright","licence":"ODbL 1.0","retrieved_on":"2026-09-03","vulnerability_function_id":null,"vulnerability_class":"Not assigned","osm_tags":{"building":"yes"}},"geometry":{"type":"Polygon","coordinates":[[[39.218886,38.68647],[39.219105,38.68646],[39.219095,38.686329],[39.218877,38.686338],[39.218886,38.68647]]]}},{"type":"Feature","id":"way/774742868","properties":{"osm_id":"way/774742868","osm_type":"way","building":"yes","name":null,"levels":null,"source":"OpenStreetMap","source_url":"https://www.openstreetmap.org/copyright","licence":"ODbL 1.0","retrieved_on":"2026-09-03","vulnerability_function_id":null,"vulnerability_class":"Not assigned","osm_tags":{"building":"yes"}},"geometry":{"type":"Polygon","coordinates":[[[39.219711,38.686372],[39.219966,38.686372],[39.219966,38.686256],[39.219711,38.686256],[39.219711,38.686372]]]}},{"type":"Feature","id":"way/774742869","properties":{"osm_id":"way/774742869","osm_type":"way","building":"yes","name":null,"levels":null,"source":"OpenStreetMap","source_url":"https://www.openstreetmap.org/copyright","licence":"ODbL 1.0","retrieved_on":"2026-09-03","vulnerability_function_id":null,"vulnerability_class":"Not assigned","osm_tags":{"building":"yes"}},"geometry":{"type":"Polygon","coordinates":[[[39.220133,38.686477],[39.220269,38.686477],[39.220269,38.686243],[39.220133,38.686243],[39.220133,38.686477]]]}},{"type":"Feature","id":"way/774742870","properties":{"osm_id":"way/774742870","osm_type":"way","building":"yes","name":null,"levels":null,"source":"OpenStreetMap","source_url":"https://www.openstreetmap.org/copyright","licence":"ODbL 1.0","retrieved_on":"2026-09-03","vulnerability_function_id":null,"vulnerability_class":"Not assigned","osm_tags":{"building":"yes"}},"geometry":{"type":"Polygon","coordinates":[[[39.220365,38.686729],[39.22052,38.68673],[39.220522,38.68648],[39.220368,38.686479],[39.220365,38.686729]]]}},{"type":"Feature","id":"way/774742871","properties":{"osm_id":"way/774742871","osm_type":"way","building":"yes","name":null,"levels":null,"source":"OpenStreetMap","source_url":"https://www.openstreetmap.org/copyright","licence":"ODbL 1.0","retrieved_on":"2026-09-03","vulnerability_function_id":null,"vulnerability_class":"Not assigned","osm_tags":{"building":"yes"}},"geometry":{"type":"Polygon","coordinates":[[[39.220399,38.686458],[39.220515,38.686461],[39.220522,38.686273],[39.220405,38.686271],[39.220399,38.686458]]]}},{"type":"Feature","id":"way/774742872","properties":{"osm_id":"way/774742872","osm_type":"way","building":"yes","name":null,"levels":null,"source":"OpenStreetMap","source_url":"https://www.openstreetmap.org/copyright","licence":"ODbL 1.0","retrieved_on":"2026-09-03","vulnerability_function_id":null,"vulnerability_class":"Not assigned","osm_tags":{"building":"yes"}},"geometry":{"type":"Polygon","coordinates":[[[39.220799,38.686792],[39.22093,38.686796],[39.220938,38.68662],[39.220807,38.686616],[39.220799,38.686792]]]}},{"type":"Feature","id":"way/774742873","properties":{"osm_id":"way/774742873","osm_type":"way","building":"yes","name":null,"levels":null,"source":"OpenStreetMap","source_url":"https://www.openstreetmap.org/copyright","licence":"ODbL 1.0","retrieved_on":"2026-09-03","vulnerability_function_id":null,"vulnerability_class":"Not assigned","osm_tags":{"building":"yes"}},"geometry":{"type":"Polygon","coordinates":[[[39.220418,38.686995],[39.220521,38.687026],[39.220586,38.686892],[39.220482,38.686861],[39.220418,38.686995]]]}},{"type":"Feature","id":"way/774742874","properties":{"osm_id":"way/774742874","osm_type":"way","building":"yes","name":null,"levels":null,"source":"OpenStreetMap","source_url":"https://www.openstreetmap.org/copyright","licence":"ODbL 1.0","retrieved_on":"2026-09-03","vulnerability_function_id":null,"vulnerability_class":"Not assigned","osm_tags":{"building":"yes"}},"geometry":{"type":"Polygon","coordinates":[[[39.220388,38.687667],[39.220511,38.687669],[39.220513,38.687557],[39.220391,38.687555],[39.220388,38.687667]]]}},{"type":"Feature","id":"way/774742875","properties":{"osm_id":"way/774742875","osm_type":"way","building":"yes","name":null,"levels":null,"source":"OpenStreetMap","source_url":"https://www.openstreetmap.org/copyright","licence":"ODbL 1.0","retrieved_on":"2026-09-03","vulnerability_function_id":null,"vulnerability_class":"Not assigned","osm_tags":{"building":"yes"}},"geometry":{"type":"Polygon","coordinates":[[[39.220695,38.688144],[39.220758,38.688144],[39.220758,38.687975],[39.220695,38.687975],[39.220695,38.688144]]]}},{"type":"Feature","id":"way/774742876","properties":{"osm_id":"way/774742876","osm_type":"way","building":"yes","name":null,"levels":null,"source":"OpenStreetMap","source_url":"https://www.openstreetmap.org/copyright","licence":"ODbL 1.0","retrieved_on":"2026-09-03","vulnerability_function_id":null,"vulnerability_class":"Not assigned","osm_tags":{"building":"yes"}},"geometry":{"type":"Polygon","coordinates":[[[39.220532,38.688146],[39.220675,38.688149],[39.220682,38.68796],[39.220538,38.687957],[39.220532,38.688146]]]}},{"type":"Feature","id":"way/774742877","properties":{"osm_id":"way/774742877","osm_type":"way","building":"yes","name":null,"levels":null,"source":"OpenStreetMap","source_url":"https://www.openstreetmap.org/copyright","licence":"ODbL 1.0","retrieved_on":"2026-09-03","vulnerability_function_id":null,"vulnerability_class":"Not assigned","osm_tags":{"building":"yes"}},"geometry":{"type":"Polygon","coordinates":[[[39.220258,38.688139],[39.220453,38.688141],[39.220456,38.687976],[39.220261,38.687974],[39.220258,38.688139]]]}},{"type":"Feature","id":"way/774742878","properties":{"osm_id":"way/774742878","osm_type":"way","building":"yes","name":null,"levels":null,"source":"OpenStreetMap","source_url":"https://www.openstreetmap.org/copyright","licence":"ODbL 1.0","retrieved_on":"2026-09-03","vulnerability_function_id":null,"vulnerability_class":"Not assigned","osm_tags":{"building":"yes"}},"geometry":{"type":"Polygon","coordinates":[[[39.220658,38.688327],[39.220871,38.68833],[39.220873,38.688247],[39.22066,38.688244],[39.220658,38.688327]]]}},{"type":"Feature","id":"way/774742879","properties":{"osm_id":"way/774742879","osm_type":"way","building":"yes","name":null,"levels":null,"source":"OpenStreetMap","source_url":"https://www.openstreetmap.org/copyright","licence":"ODbL 1.0","retrieved_on":"2026-09-03","vulnerability_function_id":null,"vulnerability_class":"Not assigned","osm_tags":{"building":"yes"}},"geometry":{"type":"Polygon","coordinates":[[[39.220828,38.688754],[39.220943,38.688755],[39.220945,38.688603],[39.220829,38.688602],[39.220828,38.688754]]]}},{"type":"Feature","id":"way/774742880","properties":{"osm_id":"way/774742880","osm_type":"way","building":"yes","name":null,"levels":null,"source":"OpenStreetMap","source_url":"https://www.openstreetmap.org/copyright","licence":"ODbL 1.0","retrieved_on":"2026-09-03","vulnerability_function_id":null,"vulnerability_class":"Not assigned","osm_tags":{"building":"yes"}},"geometry":{"type":"Polygon","coordinates":[[[39.220194,38.68902],[39.220385,38.689022],[39.220387,38.688939],[39.220195,38.688937],[39.220194,38.68902]]]}},{"type":"Feature","id":"way/774742881","properties":{"osm_id":"way/774742881","osm_type":"way","building":"yes","name":null,"levels":null,"source":"OpenStreetMap","source_url":"https://www.openstreetmap.org/copyright","licence":"ODbL 1.0","retrieved_on":"2026-09-03","vulnerability_function_id":null,"vulnerability_class":"Not assigned","osm_tags":{"building":"yes"}},"geometry":{"type":"Polygon","coordinates":[[[39.220163,38.688857],[39.220318,38.688857],[39.220318,38.688779],[39.220163,38.688779],[39.220163,38.688857]]]}},{"type":"Feature","id":"way/774743416","properties":{"osm_id":"way/774743416","osm_type":"way","building":"yes","name":null,"levels":null,"source":"OpenStreetMap","source_url":"https://www.openstreetmap.org/copyright","licence":"ODbL 1.0","retrieved_on":"2026-09-03","vulnerability_function_id":null,"vulnerability_class":"Not assigned","osm_tags":{"building":"yes"}},"geometry":{"type":"Polygon","coordinates":[[[39.214376,38.68958],[39.214534,38.689632],[39.214576,38.689556],[39.214417,38.689504],[39.214376,38.68958]]]}},{"type":"Feature","id":"way/774743417","properties":{"osm_id":"way/774743417","osm_type":"way","building":"yes","name":null,"levels":null,"source":"OpenStreetMap","source_url":"https://www.openstreetmap.org/copyright","licence":"ODbL 1.0","retrieved_on":"2026-09-03","vulnerability_function_id":null,"vulnerability_class":"Not assigned","osm_tags":{"building":"yes"}},"geometry":{"type":"Polygon","coordinates":[[[39.21425,38.689697],[39.214507,38.689787],[39.214562,38.689692],[39.214304,38.689602],[39.21425,38.689697]]]}},{"type":"Feature","id":"way/774743418","properties":{"osm_id":"way/774743418","osm_type":"way","building":"yes","name":null,"levels":null,"source":"OpenStreetMap","source_url":"https://www.openstreetmap.org/copyright","licence":"ODbL 1.0","retrieved_on":"2026-09-03","vulnerability_function_id":null,"vulnerability_class":"Not assigned","osm_tags":{"building":"yes"}},"geometry":{"type":"Polygon","coordinates":[[[39.214215,38.689881],[39.214325,38.689929],[39.214382,38.68985],[39.214272,38.689802],[39.214215,38.689881]]]}},{"type":"Feature","id":"way/774743419","properties":{"osm_id":"way/774743419","osm_type":"way","building":"yes","name":null,"levels":null,"source":"OpenStreetMap","source_url":"https://www.openstreetmap.org/copyright","licence":"ODbL 1.0","retrieved_on":"2026-09-03","vulnerability_function_id":null,"vulnerability_class":"Not assigned","osm_tags":{"building":"yes"}},"geometry":{"type":"Polygon","coordinates":[[[39.214081,38.690061],[39.21422,38.690128],[39.214273,38.690061],[39.214134,38.689994],[39.214081,38.690061]]]}},{"type":"Feature","id":"way/774743421","properties":{"osm_id":"way/774743421","osm_type":"way","building":"yes","name":null,"levels":null,"source":"OpenStreetMap","source_url":"https://www.openstreetmap.org/copyright","licence":"ODbL 1.0","retrieved_on":"2026-09-03","vulnerability_function_id":null,"vulnerability_class":"Not assigned","osm_tags":{"building":"yes"}},"geometry":{"type":"Polygon","coordinates":[[[39.2162,38.685795],[39.216247,38.685861],[39.216494,38.685755],[39.216447,38.685688],[39.2162,38.685795]]]}},{"type":"Feature","id":"way/774743422","properties":{"osm_id":"way/774743422","osm_type":"way","building":"yes","name":null,"levels":null,"source":"OpenStreetMap","source_url":"https://www.openstreetmap.org/copyright","licence":"ODbL 1.0","retrieved_on":"2026-09-03","vulnerability_function_id":null,"vulnerability_class":"Not assigned","osm_tags":{"building":"yes"}},"geometry":{"type":"Polygon","coordinates":[[[39.21734,38.685711],[39.217433,38.68574],[39.217484,38.685639],[39.217391,38.68561],[39.21734,38.685711]]]}},{"type":"Feature","id":"way/774743423","properties":{"osm_id":"way/774743423","osm_type":"way","building":"yes","name":null,"levels":null,"source":"OpenStreetMap","source_url":"https://www.openstreetmap.org/copyright","licence":"ODbL 1.0","retrieved_on":"2026-09-03","vulnerability_function_id":null,"vulnerability_class":"Not assigned","osm_tags":{"building":"yes"}},"geometry":{"type":"Polygon","coordinates":[[[39.217476,38.685761],[39.217578,38.685786],[39.217632,38.685649],[39.21753,38.685625],[39.217476,38.685761]]]}},{"type":"Feature","id":"way/774743424","properties":{"osm_id":"way/774743424","osm_type":"way","building":"yes","name":null,"levels":null,"source":"OpenStreetMap","source_url":"https://www.openstreetmap.org/copyright","licence":"ODbL 1.0","retrieved_on":"2026-09-03","vulnerability_function_id":null,"vulnerability_class":"Not assigned","osm_tags":{"building":"yes"}},"geometry":{"type":"Polygon","coordinates":[[[39.217745,38.685824],[39.217754,38.68592],[39.217931,38.685909],[39.217922,38.685813],[39.217745,38.685824]]]}},{"type":"Feature","id":"way/774743811","properties":{"osm_id":"way/774743811","osm_type":"way","building":"yes","name":null,"levels":null,"source":"OpenStreetMap","source_url":"https://www.openstreetmap.org/copyright","licence":"ODbL 1.0","retrieved_on":"2026-09-03","vulnerability_function_id":null,"vulnerability_class":"Not assigned","osm_tags":{"building":"yes"}},"geometry":{"type":"Polygon","coordinates":[[[39.217093,38.688811],[39.217249,38.688811],[39.217249,38.68869],[39.217093,38.68869],[39.217093,38.688811]]]}},{"type":"Feature","id":"way/774743812","properties":{"osm_id":"way/774743812","osm_type":"way","building":"yes","name":null,"levels":null,"source":"OpenStreetMap","source_url":"https://www.openstreetmap.org/copyright","licence":"ODbL 1.0","retrieved_on":"2026-09-03","vulnerability_function_id":null,"vulnerability_class":"Not assigned","osm_tags":{"building":"yes"}},"geometry":{"type":"Polygon","coordinates":[[[39.217096,38.688652],[39.217195,38.688651],[39.217192,38.688521],[39.217093,38.688522],[39.217096,38.688652]]]}},{"type":"Feature","id":"way/774743813","properties":{"osm_id":"way/774743813","osm_type":"way","building":"yes","name":null,"levels":null,"source":"OpenStreetMap","source_url":"https://www.openstreetmap.org/copyright","licence":"ODbL 1.0","retrieved_on":"2026-09-03","vulnerability_function_id":null,"vulnerability_class":"Not assigned","osm_tags":{"building":"yes"}},"geometry":{"type":"Polygon","coordinates":[[[39.2169,38.688652],[39.217058,38.688652],[39.217058,38.688531],[39.2169,38.688531],[39.2169,38.688652]]]}},{"type":"Feature","id":"way/774743814","properties":{"osm_id":"way/774743814","osm_type":"way","building":"yes","name":null,"levels":null,"source":"OpenStreetMap","source_url":"https://www.openstreetmap.org/copyright","licence":"ODbL 1.0","retrieved_on":"2026-09-03","vulnerability_function_id":null,"vulnerability_class":"Not assigned","osm_tags":{"building":"yes"}},"geometry":{"type":"Polygon","coordinates":[[[39.216492,38.688671],[39.216561,38.688674],[39.216569,38.688538],[39.2165,38.688535],[39.216492,38.688671]]]}},{"type":"Feature","id":"way/774743815","properties":{"osm_id":"way/774743815","osm_type":"way","building":"yes","name":null,"levels":null,"source":"OpenStreetMap","source_url":"https://www.openstreetmap.org/copyright","licence":"ODbL 1.0","retrieved_on":"2026-09-03","vulnerability_function_id":null,"vulnerability_class":"Not assigned","osm_tags":{"building":"yes"}},"geometry":{"type":"Polygon","coordinates":[[[39.216318,38.68865],[39.216463,38.688652],[39.216465,38.68855],[39.21632,38.688547],[39.216318,38.68865]]]}},{"type":"Feature","id":"way/774743816","properties":{"osm_id":"way/774743816","osm_type":"way","building":"yes","name":null,"levels":null,"source":"OpenStreetMap","source_url":"https://www.openstreetmap.org/copyright","licence":"ODbL 1.0","retrieved_on":"2026-09-03","vulnerability_function_id":null,"vulnerability_class":"Not assigned","osm_tags":{"building":"yes"}},"geometry":{"type":"Polygon","coordinates":[[[39.216988,38.689121],[39.217103,38.689119],[39.217097,38.688972],[39.216983,38.688975],[39.216988,38.689121]]]}},{"type":"Feature","id":"way/774743817","properties":{"osm_id":"way/774743817","osm_type":"way","building":"yes","name":null,"levels":null,"source":"OpenStreetMap","source_url":"https://www.openstreetmap.org/copyright","licence":"ODbL 1.0","retrieved_on":"2026-09-03","vulnerability_function_id":null,"vulnerability_class":"Not assigned","osm_tags":{"building":"yes"}},"geometry":{"type":"Polygon","coordinates":[[[39.217015,38.689301],[39.21716,38.6893],[39.217157,38.689161],[39.217013,38.689163],[39.217015,38.689301]]]}},{"type":"Feature","id":"way/774743818","properties":{"osm_id":"way/774743818","osm_type":"way","building":"yes","name":null,"levels":null,"source":"OpenStreetMap","source_url":"https://www.openstreetmap.org/copyright","licence":"ODbL 1.0","retrieved_on":"2026-09-03","vulnerability_function_id":null,"vulnerability_class":"Not assigned","osm_tags":{"building":"yes"}},"geometry":{"type":"Polygon","coordinates":[[[39.216535,38.689159],[39.216539,38.689236],[39.216673,38.689232],[39.216669,38.689155],[39.216535,38.689159]]]}},{"type":"Feature","id":"way/774743819","properties":{"osm_id":"way/774743819","osm_type":"way","building":"yes","name":null,"levels":null,"source":"OpenStreetMap","source_url":"https://www.openstreetmap.org/copyright","licence":"ODbL 1.0","retrieved_on":"2026-09-03","vulnerability_function_id":null,"vulnerability_class":"Not assigned","osm_tags":{"building":"yes"}},"geometry":{"type":"Polygon","coordinates":[[[39.216549,38.689377],[39.216698,38.689375],[39.216696,38.689247],[39.216546,38.689249],[39.216549,38.689377]]]}},{"type":"Feature","id":"way/774743820","properties":{"osm_id":"way/774743820","osm_type":"way","building":"yes","name":null,"levels":null,"source":"OpenStreetMap","source_url":"https://www.openstreetmap.org/copyright","licence":"ODbL 1.0","retrieved_on":"2026-09-03","vulnerability_function_id":null,"vulnerability_class":"Not assigned","osm_tags":{"building":"yes"}},"geometry":{"type":"Polygon","coordinates":[[[39.216321,38.689113],[39.216467,38.689111],[39.216465,38.688992],[39.216318,38.688994],[39.216321,38.689113]]]}},{"type":"Feature","id":"way/774743821","properties":{"osm_id":"way/774743821","osm_type":"way","building":"yes","name":null,"levels":null,"source":"OpenStreetMap","source_url":"https://www.openstreetmap.org/copyright","licence":"ODbL 1.0","retrieved_on":"2026-09-03","vulnerability_function_id":null,"vulnerability_class":"Not assigned","osm_tags":{"building":"yes"}},"geometry":{"type":"Polygon","coordinates":[[[39.216023,38.689138],[39.216164,38.68914],[39.216167,38.689008],[39.216026,38.689006],[39.216023,38.689138]]]}},{"type":"Feature","id":"way/774743822","properties":{"osm_id":"way/774743822","osm_type":"way","building":"yes","name":null,"levels":null,"source":"OpenStreetMap","source_url":"https://www.openstreetmap.org/copyright","licence":"ODbL 1.0","retrieved_on":"2026-09-03","vulnerability_function_id":null,"vulnerability_class":"Not assigned","osm_tags":{"building":"yes"}},"geometry":{"type":"Polygon","coordinates":[[[39.215838,38.689142],[39.215991,38.689142],[39.215991,38.689021],[39.215838,38.689021],[39.215838,38.689142]]]}},{"type":"Feature","id":"way/774743823","properties":{"osm_id":"way/774743823","osm_type":"way","building":"yes","name":null,"levels":null,"source":"OpenStreetMap","source_url":"https://www.openstreetmap.org/copyright","licence":"ODbL 1.0","retrieved_on":"2026-09-03","vulnerability_function_id":null,"vulnerability_class":"Not assigned","osm_tags":{"building":"yes"}},"geometry":{"type":"Polygon","coordinates":[[[39.215661,38.689157],[39.215806,38.689157],[39.215806,38.689029],[39.215661,38.689029],[39.215661,38.689157]]]}},{"type":"Feature","id":"way/774743824","properties":{"osm_id":"way/774743824","osm_type":"way","building":"yes","name":null,"levels":null,"source":"OpenStreetMap","source_url":"https://www.openstreetmap.org/copyright","licence":"ODbL 1.0","retrieved_on":"2026-09-03","vulnerability_function_id":null,"vulnerability_class":"Not assigned","osm_tags":{"building":"yes"}},"geometry":{"type":"Polygon","coordinates":[[[39.216063,38.68936],[39.21631,38.689362],[39.216312,38.689232],[39.216065,38.68923],[39.216063,38.68936]]]}},{"type":"Feature","id":"way/774743825","properties":{"osm_id":"way/774743825","osm_type":"way","building":"yes","name":null,"levels":null,"source":"OpenStreetMap","source_url":"https://www.openstreetmap.org/copyright","licence":"ODbL 1.0","retrieved_on":"2026-09-03","vulnerability_function_id":null,"vulnerability_class":"Not assigned","osm_tags":{"building":"yes"}},"geometry":{"type":"Polygon","coordinates":[[[39.215806,38.688629],[39.215886,38.688701],[39.215963,38.688647],[39.215883,38.688576],[39.215806,38.688629]]]}},{"type":"Feature","id":"way/774743826","properties":{"osm_id":"way/774743826","osm_type":"way","building":"yes","name":null,"levels":null,"source":"OpenStreetMap","source_url":"https://www.openstreetmap.org/copyright","licence":"ODbL 1.0","retrieved_on":"2026-09-03","vulnerability_function_id":null,"vulnerability_class":"Not assigned","osm_tags":{"building":"yes"}},"geometry":{"type":"Polygon","coordinates":[[[39.21609,38.688853],[39.216234,38.688851],[39.216231,38.688722],[39.216087,38.688724],[39.21609,38.688853]]]}},{"type":"Feature","id":"way/774743827","properties":{"osm_id":"way/774743827","osm_type":"way","building":"yes","name":null,"levels":null,"source":"OpenStreetMap","source_url":"https://www.openstreetmap.org/copyright","licence":"ODbL 1.0","retrieved_on":"2026-09-03","vulnerability_function_id":null,"vulnerability_class":"Not assigned","osm_tags":{"building":"yes"}},"geometry":{"type":"Polygon","coordinates":[[[39.215933,38.688868],[39.21604,38.68887],[39.216043,38.688754],[39.215936,38.688753],[39.215933,38.688868]]]}},{"type":"Feature","id":"way/774743828","properties":{"osm_id":"way/774743828","osm_type":"way","building":"yes","name":null,"levels":null,"source":"OpenStreetMap","source_url":"https://www.openstreetmap.org/copyright","licence":"ODbL 1.0","retrieved_on":"2026-09-03","vulnerability_function_id":null,"vulnerability_class":"Not assigned","osm_tags":{"building":"yes"}},"geometry":{"type":"Polygon","coordinates":[[[39.215745,38.68889],[39.215877,38.688888],[39.215874,38.688744],[39.215742,38.688746],[39.215745,38.68889]]]}},{"type":"Feature","id":"way/774743829","properties":{"osm_id":"way/774743829","osm_type":"way","building":"yes","name":null,"levels":null,"source":"OpenStreetMap","source_url":"https://www.openstreetmap.org/copyright","licence":"ODbL 1.0","retrieved_on":"2026-09-03","vulnerability_function_id":null,"vulnerability_class":"Not assigned","osm_tags":{"building":"yes"}},"geometry":{"type":"Polygon","coordinates":[[[39.215511,38.688713],[39.215725,38.688711],[39.215723,38.688604],[39.215509,38.688606],[39.215511,38.688713]]]}},{"type":"Feature","id":"way/774743830","properties":{"osm_id":"way/774743830","osm_type":"way","building":"yes","name":null,"levels":null,"source":"OpenStreetMap","source_url":"https://www.openstreetmap.org/copyright","licence":"ODbL 1.0","retrieved_on":"2026-09-03","vulnerability_function_id":null,"vulnerability_class":"Not assigned","osm_tags":{"building":"yes"}},"geometry":{"type":"Polygon","coordinates":[[[39.215688,38.688525],[39.21577,38.688602],[39.215915,38.688508],[39.215832,38.68843],[39.215688,38.688525]]]}},{"type":"Feature","id":"way/774743831","properties":{"osm_id":"way/774743831","osm_type":"way","building":"yes","name":null,"levels":null,"source":"OpenStreetMap","source_url":"https://www.openstreetmap.org/copyright","licence":"ODbL 1.0","retrieved_on":"2026-09-03","vulnerability_function_id":null,"vulnerability_class":"Not assigned","osm_tags":{"building":"yes"}},"geometry":{"type":"Polygon","coordinates":[[[39.214987,38.688472],[39.215186,38.68846],[39.215175,38.688356],[39.214977,38.688369],[39.214987,38.688472]]]}},{"type":"Feature","id":"way/774743832","properties":{"osm_id":"way/774743832","osm_type":"way","building":"yes","name":null,"levels":null,"source":"OpenStreetMap","source_url":"https://www.openstreetmap.org/copyright","licence":"ODbL 1.0","retrieved_on":"2026-09-03","vulnerability_function_id":null,"vulnerability_class":"Not assigned","osm_tags":{"building":"yes"}},"geometry":{"type":"Polygon","coordinates":[[[39.216149,38.687457],[39.216286,38.687545],[39.216367,38.687467],[39.216231,38.687379],[39.216149,38.687457]]]}},{"type":"Feature","id":"way/774743833","properties":{"osm_id":"way/774743833","osm_type":"way","building":"yes","name":null,"levels":null,"source":"OpenStreetMap","source_url":"https://www.openstreetmap.org/copyright","licence":"ODbL 1.0","retrieved_on":"2026-09-03","vulnerability_function_id":null,"vulnerability_class":"Not assigned","osm_tags":{"building":"yes"}},"geometry":{"type":"Polygon","coordinates":[[[39.215671,38.687696],[39.215929,38.687762],[39.21598,38.687642],[39.215723,38.687575],[39.215671,38.687696]]]}},{"type":"Feature","id":"way/774744363","properties":{"osm_id":"way/774744363","osm_type":"way","building":"yes","name":null,"levels":null,"source":"OpenStreetMap","source_url":"https://www.openstreetmap.org/copyright","licence":"ODbL 1.0","retrieved_on":"2026-09-03","vulnerability_function_id":null,"vulnerability_class":"Not assigned","osm_tags":{"building":"yes"}},"geometry":{"type":"Polygon","coordinates":[[[39.219311,38.689195],[39.219372,38.689256],[39.219488,38.689186],[39.219428,38.689124],[39.219311,38.689195]]]}},{"type":"Feature","id":"way/774744364","properties":{"osm_id":"way/774744364","osm_type":"way","building":"yes","name":null,"levels":null,"source":"OpenStreetMap","source_url":"https://www.openstreetmap.org/copyright","licence":"ODbL 1.0","retrieved_on":"2026-09-03","vulnerability_function_id":null,"vulnerability_class":"Not assigned","osm_tags":{"building":"yes"}},"geometry":{"type":"Polygon","coordinates":[[[39.219708,38.689053],[39.219881,38.689065],[39.219896,38.688937],[39.219723,38.688924],[39.219708,38.689053]]]}},{"type":"Feature","id":"way/774744365","properties":{"osm_id":"way/774744365","osm_type":"way","building":"yes","name":null,"levels":null,"source":"OpenStreetMap","source_url":"https://www.openstreetmap.org/copyright","licence":"ODbL 1.0","retrieved_on":"2026-09-03","vulnerability_function_id":null,"vulnerability_class":"Not assigned","osm_tags":{"building":"yes"}},"geometry":{"type":"Polygon","coordinates":[[[39.219417,38.689109],[39.21956,38.689073],[39.219506,38.688941],[39.219364,38.688977],[39.219417,38.689109]]]}},{"type":"Feature","id":"way/774744366","properties":{"osm_id":"way/774744366","osm_type":"way","building":"yes","name":null,"levels":null,"source":"OpenStreetMap","source_url":"https://www.openstreetmap.org/copyright","licence":"ODbL 1.0","retrieved_on":"2026-09-03","vulnerability_function_id":null,"vulnerability_class":"Not assigned","osm_tags":{"building":"yes"}},"geometry":{"type":"Polygon","coordinates":[[[39.219559,38.689353],[39.219728,38.689301],[39.21966,38.689166],[39.219491,38.689218],[39.219559,38.689353]]]}},{"type":"Feature","id":"way/774744367","properties":{"osm_id":"way/774744367","osm_type":"way","building":"yes","name":null,"levels":null,"source":"OpenStreetMap","source_url":"https://www.openstreetmap.org/copyright","licence":"ODbL 1.0","retrieved_on":"2026-09-03","vulnerability_function_id":null,"vulnerability_class":"Not assigned","osm_tags":{"building":"yes"}},"geometry":{"type":"Polygon","coordinates":[[[39.21913,38.689179],[39.219304,38.689093],[39.219228,38.688999],[39.219054,38.689085],[39.21913,38.689179]]]}},{"type":"Feature","id":"way/774744368","properties":{"osm_id":"way/774744368","osm_type":"way","building":"yes","name":null,"levels":null,"source":"OpenStreetMap","source_url":"https://www.openstreetmap.org/copyright","licence":"ODbL 1.0","retrieved_on":"2026-09-03","vulnerability_function_id":null,"vulnerability_class":"Not assigned","osm_tags":{"building":"yes"}},"geometry":{"type":"Polygon","coordinates":[[[39.218722,38.689211],[39.218788,38.689292],[39.218969,38.689202],[39.218904,38.689121],[39.218722,38.689211]]]}},{"type":"Feature","id":"way/774744369","properties":{"osm_id":"way/774744369","osm_type":"way","building":"yes","name":null,"levels":null,"source":"OpenStreetMap","source_url":"https://www.openstreetmap.org/copyright","licence":"ODbL 1.0","retrieved_on":"2026-09-03","vulnerability_function_id":null,"vulnerability_class":"Not assigned","osm_tags":{"building":"yes"}},"geometry":{"type":"Polygon","coordinates":[[[39.218808,38.689303],[39.218867,38.689376],[39.219035,38.689293],[39.218976,38.68922],[39.218808,38.689303]]]}},{"type":"Feature","id":"way/774744370","properties":{"osm_id":"way/774744370","osm_type":"way","building":"yes","name":null,"levels":null,"source":"OpenStreetMap","source_url":"https://www.openstreetmap.org/copyright","licence":"ODbL 1.0","retrieved_on":"2026-09-03","vulnerability_function_id":null,"vulnerability_class":"Not assigned","osm_tags":{"building":"yes"}},"geometry":{"type":"Polygon","coordinates":[[[39.218867,38.689394],[39.218931,38.689472],[39.219099,38.689388],[39.219036,38.68931],[39.218867,38.689394]]]}},{"type":"Feature","id":"way/774744371","properties":{"osm_id":"way/774744371","osm_type":"way","building":"yes","name":null,"levels":null,"source":"OpenStreetMap","source_url":"https://www.openstreetmap.org/copyright","licence":"ODbL 1.0","retrieved_on":"2026-09-03","vulnerability_function_id":null,"vulnerability_class":"Not assigned","osm_tags":{"building":"yes"}},"geometry":{"type":"Polygon","coordinates":[[[39.220829,38.689768],[39.221041,38.689766],[39.221039,38.689616],[39.220827,38.689618],[39.220829,38.689768]]]}},{"type":"Feature","id":"way/774744372","properties":{"osm_id":"way/774744372","osm_type":"way","building":"yes","name":null,"levels":null,"source":"OpenStreetMap","source_url":"https://www.openstreetmap.org/copyright","licence":"ODbL 1.0","retrieved_on":"2026-09-03","vulnerability_function_id":null,"vulnerability_class":"Not assigned","osm_tags":{"building":"yes"}},"geometry":{"type":"Polygon","coordinates":[[[39.220545,38.689484],[39.220749,38.689475],[39.220742,38.689369],[39.220538,38.689377],[39.220545,38.689484]]]}},{"type":"Feature","id":"way/774744373","properties":{"osm_id":"way/774744373","osm_type":"way","building":"yes","name":null,"levels":null,"source":"OpenStreetMap","source_url":"https://www.openstreetmap.org/copyright","licence":"ODbL 1.0","retrieved_on":"2026-09-03","vulnerability_function_id":null,"vulnerability_class":"Not assigned","osm_tags":{"building":"yes"}},"geometry":{"type":"Polygon","coordinates":[[[39.220778,38.689216],[39.221057,38.689182],[39.221025,38.689019],[39.220746,38.689052],[39.220778,38.689216]]]}},{"type":"Feature","id":"way/774744576","properties":{"osm_id":"way/774744576","osm_type":"way","building":"yes","name":null,"levels":null,"source":"OpenStreetMap","source_url":"https://www.openstreetmap.org/copyright","licence":"ODbL 1.0","retrieved_on":"2026-09-03","vulnerability_function_id":null,"vulnerability_class":"Not assigned","osm_tags":{"building":"yes"}},"geometry":{"type":"Polygon","coordinates":[[[39.220582,38.689203],[39.220733,38.689204],[39.220734,38.689077],[39.220584,38.689076],[39.220582,38.689203]]]}},{"type":"Feature","id":"way/774744577","properties":{"osm_id":"way/774744577","osm_type":"way","building":"yes","name":null,"levels":null,"source":"OpenStreetMap","source_url":"https://www.openstreetmap.org/copyright","licence":"ODbL 1.0","retrieved_on":"2026-09-03","vulnerability_function_id":null,"vulnerability_class":"Not assigned","osm_tags":{"building":"yes"}},"geometry":{"type":"Polygon","coordinates":[[[39.220446,38.689221],[39.220566,38.689221],[39.220566,38.689082],[39.220446,38.689082],[39.220446,38.689221]]]}},{"type":"Feature","id":"way/774745501","properties":{"osm_id":"way/774745501","osm_type":"way","building":"yes","name":null,"levels":null,"source":"OpenStreetMap","source_url":"https://www.openstreetmap.org/copyright","licence":"ODbL 1.0","retrieved_on":"2026-09-03","vulnerability_function_id":null,"vulnerability_class":"Not assigned","osm_tags":{"building":"yes"}},"geometry":{"type":"Polygon","coordinates":[[[39.219083,38.687951],[39.219299,38.687933],[39.219279,38.687785],[39.219063,38.687804],[39.219083,38.687951]]]}},{"type":"Feature","id":"way/774745502","properties":{"osm_id":"way/774745502","osm_type":"way","building":"yes","name":null,"levels":null,"source":"OpenStreetMap","source_url":"https://www.openstreetmap.org/copyright","licence":"ODbL 1.0","retrieved_on":"2026-09-03","vulnerability_function_id":null,"vulnerability_class":"Not assigned","osm_tags":{"building":"yes"}},"geometry":{"type":"Polygon","coordinates":[[[39.219225,38.687637],[39.219366,38.687624],[39.21935,38.687515],[39.219209,38.687528],[39.219225,38.687637]]]}},{"type":"Feature","id":"way/774745503","properties":{"osm_id":"way/774745503","osm_type":"way","building":"yes","name":null,"levels":null,"source":"OpenStreetMap","source_url":"https://www.openstreetmap.org/copyright","licence":"ODbL 1.0","retrieved_on":"2026-09-03","vulnerability_function_id":null,"vulnerability_class":"Not assigned","osm_tags":{"building":"yes"}},"geometry":{"type":"Polygon","coordinates":[[[39.219223,38.687769],[39.219347,38.687773],[39.219352,38.687681],[39.219228,38.687677],[39.219223,38.687769]]]}},{"type":"Feature","id":"way/774745504","properties":{"osm_id":"way/774745504","osm_type":"way","building":"yes","name":null,"levels":null,"source":"OpenStreetMap","source_url":"https://www.openstreetmap.org/copyright","licence":"ODbL 1.0","retrieved_on":"2026-09-03","vulnerability_function_id":null,"vulnerability_class":"Not assigned","osm_tags":{"building":"yes"}},"geometry":{"type":"Polygon","coordinates":[[[39.219268,38.688223],[39.219324,38.68833],[39.219455,38.688288],[39.2194,38.688181],[39.219268,38.688223]]]}},{"type":"Feature","id":"way/774745505","properties":{"osm_id":"way/774745505","osm_type":"way","building":"yes","name":null,"levels":null,"source":"OpenStreetMap","source_url":"https://www.openstreetmap.org/copyright","licence":"ODbL 1.0","retrieved_on":"2026-09-03","vulnerability_function_id":null,"vulnerability_class":"Not assigned","osm_tags":{"building":"yes"}},"geometry":{"type":"Polygon","coordinates":[[[39.219223,38.688127],[39.219349,38.688107],[39.219322,38.688002],[39.219196,38.688022],[39.219223,38.688127]]]}},{"type":"Feature","id":"way/774745506","properties":{"osm_id":"way/774745506","osm_type":"way","building":"yes","name":null,"levels":null,"source":"OpenStreetMap","source_url":"https://www.openstreetmap.org/copyright","licence":"ODbL 1.0","retrieved_on":"2026-09-03","vulnerability_function_id":null,"vulnerability_class":"Not assigned","osm_tags":{"building":"yes"}},"geometry":{"type":"Polygon","coordinates":[[[39.218732,38.687618],[39.218795,38.687725],[39.218988,38.687656],[39.218925,38.687549],[39.218732,38.687618]]]}},{"type":"Feature","id":"way/774745507","properties":{"osm_id":"way/774745507","osm_type":"way","building":"yes","name":null,"levels":null,"source":"OpenStreetMap","source_url":"https://www.openstreetmap.org/copyright","licence":"ODbL 1.0","retrieved_on":"2026-09-03","vulnerability_function_id":null,"vulnerability_class":"Not assigned","osm_tags":{"building":"yes"}},"geometry":{"type":"Polygon","coordinates":[[[39.218568,38.687838],[39.218606,38.687911],[39.218745,38.687867],[39.218708,38.687794],[39.218568,38.687838]]]}},{"type":"Feature","id":"way/774745508","properties":{"osm_id":"way/774745508","osm_type":"way","building":"yes","name":null,"levels":null,"source":"OpenStreetMap","source_url":"https://www.openstreetmap.org/copyright","licence":"ODbL 1.0","retrieved_on":"2026-09-03","vulnerability_function_id":null,"vulnerability_class":"Not assigned","osm_tags":{"building":"yes"}},"geometry":{"type":"Polygon","coordinates":[[[39.218748,38.688041],[39.218866,38.688006],[39.218796,38.687863],[39.218678,38.687899],[39.218748,38.688041]]]}},{"type":"Feature","id":"way/774745509","properties":{"osm_id":"way/774745509","osm_type":"way","building":"yes","name":null,"levels":null,"source":"OpenStreetMap","source_url":"https://www.openstreetmap.org/copyright","licence":"ODbL 1.0","retrieved_on":"2026-09-03","vulnerability_function_id":null,"vulnerability_class":"Not assigned","osm_tags":{"building":"yes"}},"geometry":{"type":"Polygon","coordinates":[[[39.21893,38.688074],[39.219071,38.688048],[39.219041,38.687953],[39.218901,38.68798],[39.21893,38.688074]]]}},{"type":"Feature","id":"way/774745510","properties":{"osm_id":"way/774745510","osm_type":"way","building":"yes","name":null,"levels":null,"source":"OpenStreetMap","source_url":"https://www.openstreetmap.org/copyright","licence":"ODbL 1.0","retrieved_on":"2026-09-03","vulnerability_function_id":null,"vulnerability_class":"Not assigned","osm_tags":{"building":"yes"}},"geometry":{"type":"Polygon","coordinates":[[[39.219013,38.688198],[39.219111,38.688159],[39.219049,38.688065],[39.218952,38.688104],[39.219013,38.688198]]]}},{"type":"Feature","id":"way/774745511","properties":{"osm_id":"way/774745511","osm_type":"way","building":"yes","name":null,"levels":null,"source":"OpenStreetMap","source_url":"https://www.openstreetmap.org/copyright","licence":"ODbL 1.0","retrieved_on":"2026-09-03","vulnerability_function_id":null,"vulnerability_class":"Not assigned","osm_tags":{"building":"yes"}},"geometry":{"type":"Polygon","coordinates":[[[39.218635,38.688709],[39.218765,38.688738],[39.21884,38.688537],[39.21871,38.688508],[39.218635,38.688709]]]}},{"type":"Feature","id":"way/774745512","properties":{"osm_id":"way/774745512","osm_type":"way","building":"yes","name":null,"levels":null,"source":"OpenStreetMap","source_url":"https://www.openstreetmap.org/copyright","licence":"ODbL 1.0","retrieved_on":"2026-09-03","vulnerability_function_id":null,"vulnerability_class":"Not assigned","osm_tags":{"building":"yes"}},"geometry":{"type":"Polygon","coordinates":[[[39.218737,38.68838],[39.218866,38.688406],[39.218901,38.688299],[39.218772,38.688273],[39.218737,38.68838]]]}},{"type":"Feature","id":"way/774745513","properties":{"osm_id":"way/774745513","osm_type":"way","building":"yes","name":null,"levels":null,"source":"OpenStreetMap","source_url":"https://www.openstreetmap.org/copyright","licence":"ODbL 1.0","retrieved_on":"2026-09-03","vulnerability_function_id":null,"vulnerability_class":"Not assigned","osm_tags":{"building":"yes"}},"geometry":{"type":"Polygon","coordinates":[[[39.218311,38.688173],[39.218484,38.688362],[39.218634,38.688278],[39.218461,38.688089],[39.218311,38.688173]]]}},{"type":"Feature","id":"way/774745514","properties":{"osm_id":"way/774745514","osm_type":"way","building":"yes","name":null,"levels":null,"source":"OpenStreetMap","source_url":"https://www.openstreetmap.org/copyright","licence":"ODbL 1.0","retrieved_on":"2026-09-03","vulnerability_function_id":null,"vulnerability_class":"Not assigned","osm_tags":{"building":"yes"}},"geometry":{"type":"Polygon","coordinates":[[[39.218134,38.688033],[39.218205,38.688103],[39.218321,38.688032],[39.218249,38.687961],[39.218134,38.688033]]]}},{"type":"Feature","id":"way/774745515","properties":{"osm_id":"way/774745515","osm_type":"way","building":"yes","name":null,"levels":null,"source":"OpenStreetMap","source_url":"https://www.openstreetmap.org/copyright","licence":"ODbL 1.0","retrieved_on":"2026-09-03","vulnerability_function_id":null,"vulnerability_class":"Not assigned","osm_tags":{"building":"yes"}},"geometry":{"type":"Polygon","coordinates":[[[39.218002,38.687905],[39.218102,38.688005],[39.218235,38.687925],[39.218135,38.687825],[39.218002,38.687905]]]}},{"type":"Feature","id":"way/774745516","properties":{"osm_id":"way/774745516","osm_type":"way","building":"yes","name":null,"levels":null,"source":"OpenStreetMap","source_url":"https://www.openstreetmap.org/copyright","licence":"ODbL 1.0","retrieved_on":"2026-09-03","vulnerability_function_id":null,"vulnerability_class":"Not assigned","osm_tags":{"building":"yes"}},"geometry":{"type":"Polygon","coordinates":[[[39.218396,38.688518],[39.218519,38.68845],[39.218415,38.688335],[39.218292,38.688403],[39.218396,38.688518]]]}},{"type":"Feature","id":"way/774745517","properties":{"osm_id":"way/774745517","osm_type":"way","building":"yes","name":null,"levels":null,"source":"OpenStreetMap","source_url":"https://www.openstreetmap.org/copyright","licence":"ODbL 1.0","retrieved_on":"2026-09-03","vulnerability_function_id":null,"vulnerability_class":"Not assigned","osm_tags":{"building":"yes"}},"geometry":{"type":"Polygon","coordinates":[[[39.218128,38.688259],[39.218257,38.688384],[39.218386,38.688304],[39.218257,38.688178],[39.218128,38.688259]]]}},{"type":"Feature","id":"way/774745518","properties":{"osm_id":"way/774745518","osm_type":"way","building":"yes","name":null,"levels":null,"source":"OpenStreetMap","source_url":"https://www.openstreetmap.org/copyright","licence":"ODbL 1.0","retrieved_on":"2026-09-03","vulnerability_function_id":null,"vulnerability_class":"Not assigned","osm_tags":{"building":"yes"}},"geometry":{"type":"Polygon","coordinates":[[[39.217997,38.688156],[39.218087,38.688246],[39.218224,38.688162],[39.218134,38.688072],[39.217997,38.688156]]]}},{"type":"Feature","id":"way/774745519","properties":{"osm_id":"way/774745519","osm_type":"way","building":"yes","name":null,"levels":null,"source":"OpenStreetMap","source_url":"https://www.openstreetmap.org/copyright","licence":"ODbL 1.0","retrieved_on":"2026-09-03","vulnerability_function_id":null,"vulnerability_class":"Not assigned","osm_tags":{"building":"yes"}},"geometry":{"type":"Polygon","coordinates":[[[39.217831,38.687993],[39.217973,38.688135],[39.218105,38.688054],[39.217963,38.687912],[39.217831,38.687993]]]}},{"type":"Feature","id":"way/774745520","properties":{"osm_id":"way/774745520","osm_type":"way","building":"yes","name":null,"levels":null,"source":"OpenStreetMap","source_url":"https://www.openstreetmap.org/copyright","licence":"ODbL 1.0","retrieved_on":"2026-09-03","vulnerability_function_id":null,"vulnerability_class":"Not assigned","osm_tags":{"building":"yes"}},"geometry":{"type":"Polygon","coordinates":[[[39.21749,38.687664],[39.217609,38.687783],[39.217732,38.687707],[39.217613,38.687589],[39.21749,38.687664]]]}},{"type":"Feature","id":"way/774745521","properties":{"osm_id":"way/774745521","osm_type":"way","building":"yes","name":null,"levels":null,"source":"OpenStreetMap","source_url":"https://www.openstreetmap.org/copyright","licence":"ODbL 1.0","retrieved_on":"2026-09-03","vulnerability_function_id":null,"vulnerability_class":"Not assigned","osm_tags":{"building":"yes"}},"geometry":{"type":"Polygon","coordinates":[[[39.217718,38.687605],[39.21786,38.687746],[39.217977,38.687674],[39.217835,38.687533],[39.217718,38.687605]]]}},{"type":"Feature","id":"way/774745535","properties":{"osm_id":"way/774745535","osm_type":"way","building":"yes","name":null,"levels":null,"source":"OpenStreetMap","source_url":"https://www.openstreetmap.org/copyright","licence":"ODbL 1.0","retrieved_on":"2026-09-03","vulnerability_function_id":null,"vulnerability_class":"Not assigned","osm_tags":{"building":"yes"}},"geometry":{"type":"Polygon","coordinates":[[[39.21477,38.685531],[39.214784,38.685643],[39.214955,38.685631],[39.214942,38.685518],[39.21477,38.685531]]]}},{"type":"Feature","id":"way/774745536","properties":{"osm_id":"way/774745536","osm_type":"way","building":"yes","name":null,"levels":null,"source":"OpenStreetMap","source_url":"https://www.openstreetmap.org/copyright","licence":"ODbL 1.0","retrieved_on":"2026-09-03","vulnerability_function_id":null,"vulnerability_class":"Not assigned","osm_tags":{"building":"yes"}},"geometry":{"type":"Polygon","coordinates":[[[39.214806,38.689727],[39.214951,38.689784],[39.215014,38.689686],[39.214869,38.689629],[39.214806,38.689727]]]}},{"type":"Feature","id":"way/774745537","properties":{"osm_id":"way/774745537","osm_type":"way","building":"yes","name":null,"levels":null,"source":"OpenStreetMap","source_url":"https://www.openstreetmap.org/copyright","licence":"ODbL 1.0","retrieved_on":"2026-09-03","vulnerability_function_id":null,"vulnerability_class":"Not assigned","osm_tags":{"building":"yes"}},"geometry":{"type":"Polygon","coordinates":[[[39.216932,38.689955],[39.217112,38.689944],[39.217105,38.68987],[39.21701,38.689876],[39.217004,38.68981],[39.216919,38.689814],[39.216932,38.689955]]]}},{"type":"Feature","id":"way/774745538","properties":{"osm_id":"way/774745538","osm_type":"way","building":"yes","name":null,"levels":null,"source":"OpenStreetMap","source_url":"https://www.openstreetmap.org/copyright","licence":"ODbL 1.0","retrieved_on":"2026-09-03","vulnerability_function_id":null,"vulnerability_class":"Not assigned","osm_tags":{"building":"yes"}},"geometry":{"type":"Polygon","coordinates":[[[39.216648,38.690026],[39.216868,38.690024],[39.216866,38.68994],[39.216646,38.689942],[39.216648,38.690026]]]}},{"type":"Feature","id":"way/774945055","properties":{"osm_id":"way/774945055","osm_type":"way","building":"yes","name":null,"levels":null,"source":"OpenStreetMap","source_url":"https://www.openstreetmap.org/copyright","licence":"ODbL 1.0","retrieved_on":"2026-09-03","vulnerability_function_id":null,"vulnerability_class":"Not assigned","osm_tags":{"building":"yes"}},"geometry":{"type":"Polygon","coordinates":[[[39.221478,38.665924],[39.221932,38.665947],[39.221943,38.665816],[39.221489,38.665793],[39.221478,38.665924]]]}},{"type":"Feature","id":"way/774945056","properties":{"osm_id":"way/774945056","osm_type":"way","building":"yes","name":null,"levels":null,"source":"OpenStreetMap","source_url":"https://www.openstreetmap.org/copyright","licence":"ODbL 1.0","retrieved_on":"2026-09-03","vulnerability_function_id":null,"vulnerability_class":"Not assigned","osm_tags":{"building":"yes"}},"geometry":{"type":"Polygon","coordinates":[[[39.221967,38.665934],[39.222214,38.665939],[39.222218,38.665821],[39.221971,38.665816],[39.221967,38.665934]]]}},{"type":"Feature","id":"way/774945057","properties":{"osm_id":"way/774945057","osm_type":"way","building":"yes","name":null,"levels":null,"source":"OpenStreetMap","source_url":"https://www.openstreetmap.org/copyright","licence":"ODbL 1.0","retrieved_on":"2026-09-03","vulnerability_function_id":null,"vulnerability_class":"Not assigned","osm_tags":{"building":"yes"}},"geometry":{"type":"Polygon","coordinates":[[[39.225234,38.667632],[39.224533,38.667613],[39.224541,38.667441],[39.224574,38.667442],[39.224579,38.667333],[39.224314,38.667326],[39.224321,38.667174],[39.224684,38.667184],[39.224678,38.667329],[39.224615,38.667327],[39.224609,38.667456],[39.225241,38.667473],[39.225234,38.667632]]]}},{"type":"Feature","id":"way/774945058","properties":{"osm_id":"way/774945058","osm_type":"way","building":"yes","name":null,"levels":null,"source":"OpenStreetMap","source_url":"https://www.openstreetmap.org/copyright","licence":"ODbL 1.0","retrieved_on":"2026-09-03","vulnerability_function_id":null,"vulnerability_class":"Not assigned","osm_tags":{"building":"yes"}},"geometry":{"type":"Polygon","coordinates":[[[39.223597,38.667729],[39.223892,38.667741],[39.223901,38.667596],[39.223606,38.667585],[39.223597,38.667729]]]}},{"type":"Feature","id":"way/774945059","properties":{"osm_id":"way/774945059","osm_type":"way","building":"yes","name":null,"levels":null,"source":"OpenStreetMap","source_url":"https://www.openstreetmap.org/copyright","licence":"ODbL 1.0","retrieved_on":"2026-09-03","vulnerability_function_id":null,"vulnerability_class":"Not assigned","osm_tags":{"building":"yes"}},"geometry":{"type":"Polygon","coordinates":[[[39.223527,38.666715],[39.223646,38.666721],[39.223663,38.666522],[39.223545,38.666515],[39.223527,38.666715]]]}},{"type":"Feature","id":"way/774945060","properties":{"osm_id":"way/774945060","osm_type":"way","building":"yes","name":null,"levels":null,"source":"OpenStreetMap","source_url":"https://www.openstreetmap.org/copyright","licence":"ODbL 1.0","retrieved_on":"2026-09-03","vulnerability_function_id":null,"vulnerability_class":"Not assigned","osm_tags":{"building":"yes"}},"geometry":{"type":"Polygon","coordinates":[[[39.223711,38.666733],[39.223888,38.666741],[39.223896,38.666628],[39.22372,38.66662],[39.223711,38.666733]]]}},{"type":"Feature","id":"way/774945061","properties":{"osm_id":"way/774945061","osm_type":"way","building":"yes","name":null,"levels":null,"source":"OpenStreetMap","source_url":"https://www.openstreetmap.org/copyright","licence":"ODbL 1.0","retrieved_on":"2026-09-03","vulnerability_function_id":null,"vulnerability_class":"Not assigned","osm_tags":{"building":"yes"}},"geometry":{"type":"Polygon","coordinates":[[[39.224222,38.666879],[39.224375,38.666889],[39.224382,38.666829],[39.224464,38.666835],[39.224503,38.666489],[39.224409,38.666483],[39.224402,38.666538],[39.224273,38.666529],[39.224262,38.666626],[39.224207,38.666622],[39.224201,38.66668],[39.224244,38.666683],[39.224222,38.666879]]]}},{"type":"Feature","id":"way/774945062","properties":{"osm_id":"way/774945062","osm_type":"way","building":"yes","name":null,"levels":null,"source":"OpenStreetMap","source_url":"https://www.openstreetmap.org/copyright","licence":"ODbL 1.0","retrieved_on":"2026-09-03","vulnerability_function_id":null,"vulnerability_class":"Not assigned","osm_tags":{"building":"yes"}},"geometry":{"type":"Polygon","coordinates":[[[39.225528,38.667638],[39.225907,38.667691],[39.225941,38.667541],[39.225751,38.667515],[39.225788,38.667352],[39.225599,38.667325],[39.225528,38.667638]]]}},{"type":"Feature","id":"way/774945063","properties":{"osm_id":"way/774945063","osm_type":"way","building":"yes","name":null,"levels":null,"source":"OpenStreetMap","source_url":"https://www.openstreetmap.org/copyright","licence":"ODbL 1.0","retrieved_on":"2026-09-03","vulnerability_function_id":null,"vulnerability_class":"Not assigned","osm_tags":{"building":"yes"}},"geometry":{"type":"Polygon","coordinates":[[[39.22595,38.667694],[39.226818,38.667822],[39.226843,38.667717],[39.225975,38.667589],[39.22595,38.667694]]]}},{"type":"Feature","id":"way/774945064","properties":{"osm_id":"way/774945064","osm_type":"way","building":"yes","name":null,"levels":null,"source":"OpenStreetMap","source_url":"https://www.openstreetmap.org/copyright","licence":"ODbL 1.0","retrieved_on":"2026-09-03","vulnerability_function_id":null,"vulnerability_class":"Not assigned","osm_tags":{"building":"yes"}},"geometry":{"type":"Polygon","coordinates":[[[39.225546,38.667239],[39.22601,38.667306],[39.226033,38.667207],[39.22557,38.66714],[39.225546,38.667239]]]}},{"type":"Feature","id":"way/774945065","properties":{"osm_id":"way/774945065","osm_type":"way","building":"yes","name":null,"levels":null,"source":"OpenStreetMap","source_url":"https://www.openstreetmap.org/copyright","licence":"ODbL 1.0","retrieved_on":"2026-09-03","vulnerability_function_id":null,"vulnerability_class":"Not assigned","osm_tags":{"building":"yes"}},"geometry":{"type":"Polygon","coordinates":[[[39.225629,38.667026],[39.226116,38.667103],[39.22614,38.667007],[39.225654,38.66693],[39.225629,38.667026]]]}},{"type":"Feature","id":"way/774945066","properties":{"osm_id":"way/774945066","osm_type":"way","building":"yes","name":null,"levels":null,"source":"OpenStreetMap","source_url":"https://www.openstreetmap.org/copyright","licence":"ODbL 1.0","retrieved_on":"2026-09-03","vulnerability_function_id":null,"vulnerability_class":"Not assigned","osm_tags":{"building":"yes"}},"geometry":{"type":"Polygon","coordinates":[[[39.226316,38.666941],[39.22671,38.666995],[39.226742,38.666855],[39.226348,38.666801],[39.226316,38.666941]]]}},{"type":"Feature","id":"way/774945067","properties":{"osm_id":"way/774945067","osm_type":"way","building":"yes","name":null,"levels":null,"source":"OpenStreetMap","source_url":"https://www.openstreetmap.org/copyright","licence":"ODbL 1.0","retrieved_on":"2026-09-03","vulnerability_function_id":null,"vulnerability_class":"Not assigned","osm_tags":{"building":"yes"}},"geometry":{"type":"Polygon","coordinates":[[[39.226639,38.66764],[39.226839,38.66767],[39.226924,38.667331],[39.226724,38.6673],[39.226639,38.66764]]]}},{"type":"Feature","id":"way/774945068","properties":{"osm_id":"way/774945068","osm_type":"way","building":"yes","name":null,"levels":null,"source":"OpenStreetMap","source_url":"https://www.openstreetmap.org/copyright","licence":"ODbL 1.0","retrieved_on":"2026-09-03","vulnerability_function_id":null,"vulnerability_class":"Not assigned","osm_tags":{"building":"yes"}},"geometry":{"type":"Polygon","coordinates":[[[39.226709,38.667279],[39.226881,38.667303],[39.226974,38.666893],[39.226802,38.666869],[39.226709,38.667279]]]}},{"type":"Feature","id":"way/774945069","properties":{"osm_id":"way/774945069","osm_type":"way","building":"yes","name":null,"levels":null,"source":"OpenStreetMap","source_url":"https://www.openstreetmap.org/copyright","licence":"ODbL 1.0","retrieved_on":"2026-09-03","vulnerability_function_id":null,"vulnerability_class":"Not assigned","osm_tags":{"building":"yes"}},"geometry":{"type":"Polygon","coordinates":[[[39.226903,38.667304],[39.226994,38.667318],[39.227109,38.66685],[39.227018,38.666836],[39.226903,38.667304]]]}},{"type":"Feature","id":"way/774945070","properties":{"osm_id":"way/774945070","osm_type":"way","building":"yes","name":null,"levels":null,"source":"OpenStreetMap","source_url":"https://www.openstreetmap.org/copyright","licence":"ODbL 1.0","retrieved_on":"2026-09-03","vulnerability_function_id":null,"vulnerability_class":"Not assigned","osm_tags":{"building":"yes"}},"geometry":{"type":"Polygon","coordinates":[[[39.227036,38.666821],[39.22713,38.666835],[39.22715,38.666757],[39.227057,38.666742],[39.227036,38.666821]]]}},{"type":"Feature","id":"way/774945071","properties":{"osm_id":"way/774945071","osm_type":"way","building":"yes","name":null,"levels":null,"source":"OpenStreetMap","source_url":"https://www.openstreetmap.org/copyright","licence":"ODbL 1.0","retrieved_on":"2026-09-03","vulnerability_function_id":null,"vulnerability_class":"Not assigned","osm_tags":{"building":"yes"}},"geometry":{"type":"Polygon","coordinates":[[[39.226658,38.666753],[39.226854,38.666787],[39.226876,38.666711],[39.226679,38.666677],[39.226658,38.666753]]]}},{"type":"Feature","id":"way/774945072","properties":{"osm_id":"way/774945072","osm_type":"way","building":"yes","name":null,"levels":null,"source":"OpenStreetMap","source_url":"https://www.openstreetmap.org/copyright","licence":"ODbL 1.0","retrieved_on":"2026-09-03","vulnerability_function_id":null,"vulnerability_class":"Not assigned","osm_tags":{"building":"yes"}},"geometry":{"type":"Polygon","coordinates":[[[39.225953,38.667772],[39.226047,38.667786],[39.226059,38.667737],[39.225966,38.667723],[39.225953,38.667772]]]}},{"type":"Feature","id":"way/774945073","properties":{"osm_id":"way/774945073","osm_type":"way","building":"yes","name":null,"levels":null,"source":"OpenStreetMap","source_url":"https://www.openstreetmap.org/copyright","licence":"ODbL 1.0","retrieved_on":"2026-09-03","vulnerability_function_id":null,"vulnerability_class":"Not assigned","osm_tags":{"building":"yes"}},"geometry":{"type":"Polygon","coordinates":[[[39.225969,38.667527],[39.226176,38.667554],[39.226209,38.667396],[39.226155,38.667396],[39.226047,38.667379],[39.226002,38.667369],[39.225969,38.667527]]]}},{"type":"Feature","id":"way/774945074","properties":{"osm_id":"way/774945074","osm_type":"way","building":"yes","name":null,"levels":null,"source":"OpenStreetMap","source_url":"https://www.openstreetmap.org/copyright","licence":"ODbL 1.0","retrieved_on":"2026-09-03","vulnerability_function_id":null,"vulnerability_class":"Not assigned","osm_tags":{"building":"yes"}},"geometry":{"type":"Polygon","coordinates":[[[39.22631,38.667002],[39.226438,38.667026],[39.226452,38.666981],[39.226324,38.666957],[39.22631,38.667002]]]}},{"type":"Feature","id":"way/774945075","properties":{"osm_id":"way/774945075","osm_type":"way","building":"yes","name":null,"levels":null,"source":"OpenStreetMap","source_url":"https://www.openstreetmap.org/copyright","licence":"ODbL 1.0","retrieved_on":"2026-09-03","vulnerability_function_id":null,"vulnerability_class":"Not assigned","osm_tags":{"building":"yes"}},"geometry":{"type":"Polygon","coordinates":[[[39.226304,38.666819],[39.225689,38.666722],[39.225663,38.666823],[39.22617,38.666902],[39.226047,38.667379],[39.226155,38.667396],[39.226304,38.666819]]]}},{"type":"Feature","id":"way/774945941","properties":{"osm_id":"way/774945941","osm_type":"way","building":"yes","name":null,"levels":null,"source":"OpenStreetMap","source_url":"https://www.openstreetmap.org/copyright","licence":"ODbL 1.0","retrieved_on":"2026-09-03","vulnerability_function_id":null,"vulnerability_class":"Not assigned","osm_tags":{"building":"yes"}},"geometry":{"type":"Polygon","coordinates":[[[39.226143,38.667606],[39.226153,38.667562],[39.226002,38.667541],[39.225991,38.667585],[39.226143,38.667606]]]}},{"type":"Feature","id":"way/775223582","properties":{"osm_id":"way/775223582","osm_type":"way","building":"yes","name":null,"levels":null,"source":"OpenStreetMap","source_url":"https://www.openstreetmap.org/copyright","licence":"ODbL 1.0","retrieved_on":"2026-09-03","vulnerability_function_id":null,"vulnerability_class":"Not assigned","osm_tags":{"building":"yes"}},"geometry":{"type":"Polygon","coordinates":[[[39.221178,38.660229],[39.221391,38.660172],[39.221352,38.660083],[39.221139,38.66014],[39.221178,38.660229]]]}},{"type":"Feature","id":"way/775223583","properties":{"osm_id":"way/775223583","osm_type":"way","building":"yes","name":null,"levels":null,"source":"OpenStreetMap","source_url":"https://www.openstreetmap.org/copyright","licence":"ODbL 1.0","retrieved_on":"2026-09-03","vulnerability_function_id":null,"vulnerability_class":"Not assigned","osm_tags":{"building":"yes"}},"geometry":{"type":"Polygon","coordinates":[[[39.221231,38.663902],[39.221353,38.663939],[39.2214,38.663845],[39.221278,38.663808],[39.221231,38.663902]]]}},{"type":"Feature","id":"way/775223584","properties":{"osm_id":"way/775223584","osm_type":"way","building":"yes","name":null,"levels":null,"source":"OpenStreetMap","source_url":"https://www.openstreetmap.org/copyright","licence":"ODbL 1.0","retrieved_on":"2026-09-03","vulnerability_function_id":null,"vulnerability_class":"Not assigned","osm_tags":{"building":"yes"}},"geometry":{"type":"Polygon","coordinates":[[[39.221297,38.663794],[39.221443,38.663822],[39.22147,38.663733],[39.221551,38.663748],[39.22158,38.663657],[39.221353,38.663614],[39.221297,38.663794]]]}},{"type":"Feature","id":"way/775223585","properties":{"osm_id":"way/775223585","osm_type":"way","building":"yes","name":null,"levels":null,"source":"OpenStreetMap","source_url":"https://www.openstreetmap.org/copyright","licence":"ODbL 1.0","retrieved_on":"2026-09-03","vulnerability_function_id":null,"vulnerability_class":"Not assigned","osm_tags":{"building":"yes"}},"geometry":{"type":"Polygon","coordinates":[[[39.221621,38.66379],[39.221733,38.663805],[39.221755,38.663703],[39.221643,38.663688],[39.221621,38.66379]]]}},{"type":"Feature","id":"way/775223586","properties":{"osm_id":"way/775223586","osm_type":"way","building":"yes","name":null,"levels":null,"source":"OpenStreetMap","source_url":"https://www.openstreetmap.org/copyright","licence":"ODbL 1.0","retrieved_on":"2026-09-03","vulnerability_function_id":null,"vulnerability_class":"Not assigned","osm_tags":{"building":"yes"}},"geometry":{"type":"Polygon","coordinates":[[[39.221748,38.663808],[39.221934,38.663833],[39.221954,38.663746],[39.221768,38.663721],[39.221748,38.663808]]]}},{"type":"Feature","id":"way/775223587","properties":{"osm_id":"way/775223587","osm_type":"way","building":"yes","name":null,"levels":null,"source":"OpenStreetMap","source_url":"https://www.openstreetmap.org/copyright","licence":"ODbL 1.0","retrieved_on":"2026-09-03","vulnerability_function_id":null,"vulnerability_class":"Not assigned","osm_tags":{"building":"yes"}},"geometry":{"type":"Polygon","coordinates":[[[39.221416,38.663966],[39.221507,38.663996],[39.221559,38.6639],[39.221468,38.66387],[39.221416,38.663966]]]}},{"type":"Feature","id":"way/775223588","properties":{"osm_id":"way/775223588","osm_type":"way","building":"yes","name":null,"levels":null,"source":"OpenStreetMap","source_url":"https://www.openstreetmap.org/copyright","licence":"ODbL 1.0","retrieved_on":"2026-09-03","vulnerability_function_id":null,"vulnerability_class":"Not assigned","osm_tags":{"building":"yes"}},"geometry":{"type":"Polygon","coordinates":[[[39.22158,38.66402],[39.221679,38.664037],[39.221713,38.663922],[39.221614,38.663904],[39.22158,38.66402]]]}},{"type":"Feature","id":"way/775223589","properties":{"osm_id":"way/775223589","osm_type":"way","building":"yes","name":null,"levels":null,"source":"OpenStreetMap","source_url":"https://www.openstreetmap.org/copyright","licence":"ODbL 1.0","retrieved_on":"2026-09-03","vulnerability_function_id":null,"vulnerability_class":"Not assigned","osm_tags":{"building":"yes"}},"geometry":{"type":"Polygon","coordinates":[[[39.221694,38.664053],[39.221763,38.664065],[39.221789,38.663975],[39.22172,38.663963],[39.221694,38.664053]]]}},{"type":"Feature","id":"way/775223590","properties":{"osm_id":"way/775223590","osm_type":"way","building":"yes","name":null,"levels":null,"source":"OpenStreetMap","source_url":"https://www.openstreetmap.org/copyright","licence":"ODbL 1.0","retrieved_on":"2026-09-03","vulnerability_function_id":null,"vulnerability_class":"Not assigned","osm_tags":{"building":"yes"}},"geometry":{"type":"Polygon","coordinates":[[[39.222241,38.664127],[39.222385,38.664143],[39.222405,38.664033],[39.222262,38.664017],[39.222241,38.664127]]]}},{"type":"Feature","id":"way/775223591","properties":{"osm_id":"way/775223591","osm_type":"way","building":"yes","name":null,"levels":null,"source":"OpenStreetMap","source_url":"https://www.openstreetmap.org/copyright","licence":"ODbL 1.0","retrieved_on":"2026-09-03","vulnerability_function_id":null,"vulnerability_class":"Not assigned","osm_tags":{"building":"yes"}},"geometry":{"type":"Polygon","coordinates":[[[39.221975,38.664096],[39.222105,38.664112],[39.222143,38.66393],[39.222013,38.663913],[39.221975,38.664096]]]}},{"type":"Feature","id":"way/775223592","properties":{"osm_id":"way/775223592","osm_type":"way","building":"yes","name":null,"levels":null,"source":"OpenStreetMap","source_url":"https://www.openstreetmap.org/copyright","licence":"ODbL 1.0","retrieved_on":"2026-09-03","vulnerability_function_id":null,"vulnerability_class":"Not assigned","osm_tags":{"building":"yes"}},"geometry":{"type":"Polygon","coordinates":[[[39.221965,38.664025],[39.221916,38.664016],[39.221944,38.663887],[39.222,38.66389],[39.221965,38.664025]]]}},{"type":"Feature","id":"way/775223593","properties":{"osm_id":"way/775223593","osm_type":"way","building":"yes","name":null,"levels":null,"source":"OpenStreetMap","source_url":"https://www.openstreetmap.org/copyright","licence":"ODbL 1.0","retrieved_on":"2026-09-03","vulnerability_function_id":null,"vulnerability_class":"Not assigned","osm_tags":{"building":"yes"}},"geometry":{"type":"Polygon","coordinates":[[[39.222088,38.663876],[39.222193,38.663899],[39.222216,38.663836],[39.222111,38.663812],[39.222088,38.663876]]]}},{"type":"Feature","id":"way/775223594","properties":{"osm_id":"way/775223594","osm_type":"way","building":"yes","name":null,"levels":null,"source":"OpenStreetMap","source_url":"https://www.openstreetmap.org/copyright","licence":"ODbL 1.0","retrieved_on":"2026-09-03","vulnerability_function_id":null,"vulnerability_class":"Not assigned","osm_tags":{"building":"yes"}},"geometry":{"type":"Polygon","coordinates":[[[39.222361,38.663983],[39.222526,38.663986],[39.22253,38.663867],[39.222425,38.663865],[39.222424,38.663906],[39.222363,38.663905],[39.222361,38.663983]]]}},{"type":"Feature","id":"way/775792111","properties":{"osm_id":"way/775792111","osm_type":"way","building":"yes","name":null,"levels":null,"source":"OpenStreetMap","source_url":"https://www.openstreetmap.org/copyright","licence":"ODbL 1.0","retrieved_on":"2026-09-03","vulnerability_function_id":null,"vulnerability_class":"Not assigned","osm_tags":{"building":"yes"}},"geometry":{"type":"Polygon","coordinates":[[[39.229413,38.6701],[39.229399,38.670003],[39.229182,38.670022],[39.229196,38.670119],[39.229413,38.6701]]]}},{"type":"Feature","id":"way/775792112","properties":{"osm_id":"way/775792112","osm_type":"way","building":"yes","name":null,"levels":null,"source":"OpenStreetMap","source_url":"https://www.openstreetmap.org/copyright","licence":"ODbL 1.0","retrieved_on":"2026-09-03","vulnerability_function_id":null,"vulnerability_class":"Not assigned","osm_tags":{"building":"yes"}},"geometry":{"type":"Polygon","coordinates":[[[39.228743,38.670242],[39.228876,38.670255],[39.228904,38.670078],[39.228771,38.670065],[39.228743,38.670242]]]}},{"type":"Feature","id":"way/775792113","properties":{"osm_id":"way/775792113","osm_type":"way","building":"yes","name":null,"levels":null,"source":"OpenStreetMap","source_url":"https://www.openstreetmap.org/copyright","licence":"ODbL 1.0","retrieved_on":"2026-09-03","vulnerability_function_id":null,"vulnerability_class":"Not assigned","osm_tags":{"building":"yes"}},"geometry":{"type":"Polygon","coordinates":[[[39.228905,38.670252],[39.229184,38.670257],[39.229188,38.670109],[39.22891,38.670104],[39.228905,38.670252]]]}},{"type":"Feature","id":"way/775792114","properties":{"osm_id":"way/775792114","osm_type":"way","building":"yes","name":null,"levels":null,"source":"OpenStreetMap","source_url":"https://www.openstreetmap.org/copyright","licence":"ODbL 1.0","retrieved_on":"2026-09-03","vulnerability_function_id":null,"vulnerability_class":"Not assigned","osm_tags":{"building":"yes"}},"geometry":{"type":"Polygon","coordinates":[[[39.22858,38.670671],[39.22869,38.670701],[39.228717,38.67064],[39.228607,38.67061],[39.22858,38.670671]]]}},{"type":"Feature","id":"way/775792115","properties":{"osm_id":"way/775792115","osm_type":"way","building":"yes","name":null,"levels":null,"source":"OpenStreetMap","source_url":"https://www.openstreetmap.org/copyright","licence":"ODbL 1.0","retrieved_on":"2026-09-03","vulnerability_function_id":null,"vulnerability_class":"Not assigned","osm_tags":{"building":"yes"}},"geometry":{"type":"Polygon","coordinates":[[[39.228842,38.670408],[39.228664,38.670375],[39.228599,38.670591],[39.228777,38.670624],[39.228842,38.670408]]]}},{"type":"Feature","id":"way/775792116","properties":{"osm_id":"way/775792116","osm_type":"way","building":"yes","name":null,"levels":null,"source":"OpenStreetMap","source_url":"https://www.openstreetmap.org/copyright","licence":"ODbL 1.0","retrieved_on":"2026-09-03","vulnerability_function_id":null,"vulnerability_class":"Not assigned","osm_tags":{"building":"yes"}},"geometry":{"type":"Polygon","coordinates":[[[39.228722,38.670667],[39.228819,38.67067],[39.228821,38.670628],[39.228725,38.670625],[39.228722,38.670667]]]}},{"type":"Feature","id":"way/775792117","properties":{"osm_id":"way/775792117","osm_type":"way","building":"yes","name":null,"levels":null,"source":"OpenStreetMap","source_url":"https://www.openstreetmap.org/copyright","licence":"ODbL 1.0","retrieved_on":"2026-09-03","vulnerability_function_id":null,"vulnerability_class":"Not assigned","osm_tags":{"building":"yes"}},"geometry":{"type":"Polygon","coordinates":[[[39.229062,38.67053],[39.229203,38.670546],[39.229234,38.670379],[39.229092,38.670364],[39.229062,38.67053]]]}},{"type":"Feature","id":"way/775792118","properties":{"osm_id":"way/775792118","osm_type":"way","building":"yes","name":null,"levels":null,"source":"OpenStreetMap","source_url":"https://www.openstreetmap.org/copyright","licence":"ODbL 1.0","retrieved_on":"2026-09-03","vulnerability_function_id":null,"vulnerability_class":"Not assigned","osm_tags":{"building":"yes"}},"geometry":{"type":"Polygon","coordinates":[[[39.229026,38.670618],[39.229179,38.670644],[39.229201,38.670563],[39.229048,38.670537],[39.229026,38.670618]]]}},{"type":"Feature","id":"way/775792119","properties":{"osm_id":"way/775792119","osm_type":"way","building":"yes","name":null,"levels":null,"source":"OpenStreetMap","source_url":"https://www.openstreetmap.org/copyright","licence":"ODbL 1.0","retrieved_on":"2026-09-03","vulnerability_function_id":null,"vulnerability_class":"Not assigned","osm_tags":{"building":"yes"}},"geometry":{"type":"Polygon","coordinates":[[[39.229034,38.670859],[39.229165,38.670886],[39.22922,38.670726],[39.229089,38.670698],[39.229034,38.670859]]]}},{"type":"Feature","id":"way/775792120","properties":{"osm_id":"way/775792120","osm_type":"way","building":"yes","name":null,"levels":null,"source":"OpenStreetMap","source_url":"https://www.openstreetmap.org/copyright","licence":"ODbL 1.0","retrieved_on":"2026-09-03","vulnerability_function_id":null,"vulnerability_class":"Not assigned","osm_tags":{"building":"yes"}},"geometry":{"type":"Polygon","coordinates":[[[39.228769,38.670826],[39.228885,38.67085],[39.22894,38.670689],[39.228824,38.670665],[39.228769,38.670826]]]}},{"type":"Feature","id":"way/775792121","properties":{"osm_id":"way/775792121","osm_type":"way","building":"yes","name":null,"levels":null,"source":"OpenStreetMap","source_url":"https://www.openstreetmap.org/copyright","licence":"ODbL 1.0","retrieved_on":"2026-09-03","vulnerability_function_id":null,"vulnerability_class":"Not assigned","osm_tags":{"building":"yes"}},"geometry":{"type":"Polygon","coordinates":[[[39.228513,38.670784],[39.228744,38.670838],[39.228785,38.670728],[39.228554,38.670674],[39.228513,38.670784]]]}},{"type":"Feature","id":"way/874064040","properties":{"osm_id":"way/874064040","osm_type":"way","building":"yes","name":null,"levels":null,"source":"OpenStreetMap","source_url":"https://www.openstreetmap.org/copyright","licence":"ODbL 1.0","retrieved_on":"2026-09-03","vulnerability_function_id":null,"vulnerability_class":"Not assigned","osm_tags":{"building":"yes"}},"geometry":{"type":"Polygon","coordinates":[[[39.212705,38.665676],[39.212642,38.665534],[39.212913,38.665461],[39.212976,38.665603],[39.212705,38.665676]]]}},{"type":"Feature","id":"way/874064041","properties":{"osm_id":"way/874064041","osm_type":"way","building":"yes","name":null,"levels":null,"source":"OpenStreetMap","source_url":"https://www.openstreetmap.org/copyright","licence":"ODbL 1.0","retrieved_on":"2026-09-03","vulnerability_function_id":null,"vulnerability_class":"Not assigned","osm_tags":{"building":"yes"}},"geometry":{"type":"Polygon","coordinates":[[[39.214181,38.665546],[39.214178,38.665275],[39.214381,38.665274],[39.214385,38.665544],[39.214181,38.665546]]]}},{"type":"Feature","id":"way/874064042","properties":{"osm_id":"way/874064042","osm_type":"way","building":"yes","name":null,"levels":null,"source":"OpenStreetMap","source_url":"https://www.openstreetmap.org/copyright","licence":"ODbL 1.0","retrieved_on":"2026-09-03","vulnerability_function_id":null,"vulnerability_class":"Not assigned","osm_tags":{"building":"yes"}},"geometry":{"type":"Polygon","coordinates":[[[39.206189,38.667828],[39.206235,38.667545],[39.206461,38.667567],[39.206415,38.667851],[39.206189,38.667828]]]}},{"type":"Feature","id":"way/874064043","properties":{"osm_id":"way/874064043","osm_type":"way","building":"roof","name":null,"levels":null,"source":"OpenStreetMap","source_url":"https://www.openstreetmap.org/copyright","licence":"ODbL 1.0","retrieved_on":"2026-09-03","vulnerability_function_id":null,"vulnerability_class":"Not assigned","osm_tags":{"building":"roof"}},"geometry":{"type":"Polygon","coordinates":[[[39.202927,38.665476],[39.202975,38.665409],[39.203072,38.665452],[39.2031,38.665407],[39.203246,38.66547],[39.20321,38.665517],[39.2033,38.665557],[39.203256,38.665619],[39.202927,38.665476]]]}},{"type":"Feature","id":"way/874064044","properties":{"osm_id":"way/874064044","osm_type":"way","building":"yes","name":null,"levels":null,"source":"OpenStreetMap","source_url":"https://www.openstreetmap.org/copyright","licence":"ODbL 1.0","retrieved_on":"2026-09-03","vulnerability_function_id":null,"vulnerability_class":"Not assigned","osm_tags":{"building":"yes"}},"geometry":{"type":"Polygon","coordinates":[[[39.2031,38.665407],[39.203246,38.66547],[39.203273,38.665432],[39.203127,38.665369],[39.2031,38.665407]]]}},{"type":"Feature","id":"way/973495889","properties":{"osm_id":"way/973495889","osm_type":"way","building":"yes","name":null,"levels":null,"source":"OpenStreetMap","source_url":"https://www.openstreetmap.org/copyright","licence":"ODbL 1.0","retrieved_on":"2026-09-03","vulnerability_function_id":null,"vulnerability_class":"Not assigned","osm_tags":{"building":"yes"}},"geometry":{"type":"Polygon","coordinates":[[[39.180958,38.675187],[39.181135,38.675025],[39.180928,38.674886],[39.180757,38.675041],[39.180769,38.67505],[39.180746,38.67507],[39.180923,38.675189],[39.18094,38.675174],[39.180958,38.675187]]]}},{"type":"Feature","id":"way/973495890","properties":{"osm_id":"way/973495890","osm_type":"way","building":"yes","name":null,"levels":null,"source":"OpenStreetMap","source_url":"https://www.openstreetmap.org/copyright","licence":"ODbL 1.0","retrieved_on":"2026-09-03","vulnerability_function_id":null,"vulnerability_class":"Not assigned","osm_tags":{"building":"yes"}},"geometry":{"type":"Polygon","coordinates":[[[39.181233,38.674651],[39.181411,38.674489],[39.181204,38.67435],[39.181033,38.674506],[39.181045,38.674514],[39.181022,38.674535],[39.181199,38.674653],[39.181215,38.674639],[39.181233,38.674651]]]}},{"type":"Feature","id":"way/1041522733","properties":{"osm_id":"way/1041522733","osm_type":"way","building":"yes","name":"Elysium Park AVM","levels":null,"source":"OpenStreetMap","source_url":"https://www.openstreetmap.org/copyright","licence":"ODbL 1.0","retrieved_on":"2026-09-03","vulnerability_function_id":null,"vulnerability_class":"Not assigned","osm_tags":{"addr:city":"Elazığ","addr:district":"Merkez","addr:housenumber":"10/2","addr:neighbourhood":"Cumhuriyet Mahallesi","addr:postcode":"23040","addr:street":"Malatya Caddesi","building":"yes","name":"Elysium Park AVM","opening_hours":"Mo-Su 10:00-22:00","payment:cash":"yes","payment:credit_cards":"yes","payment:debit_cards":"yes","payment:mastercard":"yes","payment:visa":"yes","phone":"+90 424 247 75 75","shop":"mall","website":"https://www.elysiumparkavm.com/"}},"geometry":{"type":"Polygon","coordinates":[[[39.186271,38.670559],[39.1864,38.670388],[39.187549,38.670894],[39.187044,38.671553],[39.1859,38.671028],[39.186271,38.670559]]]}},{"type":"Feature","id":"way/1123431914","properties":{"osm_id":"way/1123431914","osm_type":"way","building":"roof","name":null,"levels":null,"source":"OpenStreetMap","source_url":"https://www.openstreetmap.org/copyright","licence":"ODbL 1.0","retrieved_on":"2026-09-03","vulnerability_function_id":null,"vulnerability_class":"Not assigned","osm_tags":{"addr:city":"Elazığ","addr:district":"Merkez","addr:neighbourhood":"İcadiye Mahallesi","addr:street":"Kuyulu Sokak","building":"roof","layer":"1"}},"geometry":{"type":"Polygon","coordinates":[[[39.225998,38.675593],[39.226263,38.675602],[39.226266,38.675541],[39.226003,38.675529],[39.225998,38.675593]]]}},{"type":"Feature","id":"way/1133586389","properties":{"osm_id":"way/1133586389","osm_type":"way","building":"yes","name":"Fırat Üniversitesi Mimarlık Fakültesi","levels":null,"source":"OpenStreetMap","source_url":"https://www.openstreetmap.org/copyright","licence":"ODbL 1.0","retrieved_on":"2026-09-03","vulnerability_function_id":null,"vulnerability_class":"Not assigned","osm_tags":{"building":"yes","name":"Fırat Üniversitesi Mimarlık Fakültesi"}},"geometry":{"type":"Polygon","coordinates":[[[39.192321,38.67539],[39.192632,38.675526],[39.192712,38.675426],[39.192683,38.675413],[39.192793,38.67525],[39.192833,38.67526],[39.193115,38.674846],[39.193082,38.674833],[39.193165,38.674709],[39.193203,38.674724],[39.193364,38.674494],[39.193254,38.674439],[39.193233,38.674481],[39.192996,38.674374],[39.192986,38.674391],[39.192905,38.674358],[39.192913,38.67433],[39.192337,38.674083],[39.192315,38.674106],[39.192039,38.673987],[39.19205,38.673968],[39.191924,38.673905],[39.191757,38.67415],[39.191891,38.674211],[39.191905,38.674188],[39.192181,38.674303],[39.192157,38.674318],[39.192677,38.67455],[39.19268,38.674523],[39.192887,38.674603],[39.192516,38.675122],[39.192535,38.675137],[39.192417,38.675308],[39.192382,38.675292],[39.192321,38.67539]]]}},{"type":"Feature","id":"way/1151141185","properties":{"osm_id":"way/1151141185","osm_type":"way","building":"yes","name":null,"levels":null,"source":"OpenStreetMap","source_url":"https://www.openstreetmap.org/copyright","licence":"ODbL 1.0","retrieved_on":"2026-09-03","vulnerability_function_id":null,"vulnerability_class":"Not assigned","osm_tags":{"building":"yes"}},"geometry":{"type":"Polygon","coordinates":[[[39.226373,38.674295],[39.226533,38.674254],[39.226686,38.674447],[39.226547,38.674515],[39.226373,38.674295]]]}},{"type":"Feature","id":"way/1154326974","properties":{"osm_id":"way/1154326974","osm_type":"way","building":"yes","name":null,"levels":null,"source":"OpenStreetMap","source_url":"https://www.openstreetmap.org/copyright","licence":"ODbL 1.0","retrieved_on":"2026-09-03","vulnerability_function_id":null,"vulnerability_class":"Not assigned","osm_tags":{"building":"yes"}},"geometry":{"type":"Polygon","coordinates":[[[39.199205,38.669166],[39.199416,38.669124],[39.19936,38.668919],[39.199127,38.668978],[39.199205,38.669166]]]}},{"type":"Feature","id":"way/1154329066","properties":{"osm_id":"way/1154329066","osm_type":"way","building":"yes","name":null,"levels":null,"source":"OpenStreetMap","source_url":"https://www.openstreetmap.org/copyright","licence":"ODbL 1.0","retrieved_on":"2026-09-03","vulnerability_function_id":null,"vulnerability_class":"Not assigned","osm_tags":{"building":"yes"}},"geometry":{"type":"Polygon","coordinates":[[[39.19545,38.669508],[39.195669,38.669483],[39.195651,38.669434],[39.195675,38.669434],[39.19564,38.669253],[39.195396,38.669291],[39.19545,38.669508]]]}},{"type":"Feature","id":"way/1154329067","properties":{"osm_id":"way/1154329067","osm_type":"way","building":"yes","name":null,"levels":null,"source":"OpenStreetMap","source_url":"https://www.openstreetmap.org/copyright","licence":"ODbL 1.0","retrieved_on":"2026-09-03","vulnerability_function_id":null,"vulnerability_class":"Not assigned","osm_tags":{"building":"yes"}},"geometry":{"type":"Polygon","coordinates":[[[39.195778,38.669471],[39.195986,38.669446],[39.195985,38.669208],[39.195729,38.669242],[39.195778,38.669471]]]}},{"type":"Feature","id":"way/1171279566","properties":{"osm_id":"way/1171279566","osm_type":"way","building":"yes","name":null,"levels":null,"source":"OpenStreetMap","source_url":"https://www.openstreetmap.org/copyright","licence":"ODbL 1.0","retrieved_on":"2026-09-03","vulnerability_function_id":null,"vulnerability_class":"Not assigned","osm_tags":{"building":"yes"}},"geometry":{"type":"Polygon","coordinates":[[[39.19885,38.671444],[39.198855,38.671209],[39.19944,38.671218],[39.199434,38.671452],[39.19885,38.671444]]]}},{"type":"Feature","id":"way/1217999007","properties":{"osm_id":"way/1217999007","osm_type":"way","building":"yes","name":null,"levels":null,"source":"OpenStreetMap","source_url":"https://www.openstreetmap.org/copyright","licence":"ODbL 1.0","retrieved_on":"2026-09-03","vulnerability_function_id":null,"vulnerability_class":"Not assigned","osm_tags":{"building":"yes"}},"geometry":{"type":"Polygon","coordinates":[[[39.225412,38.673863],[39.22544,38.673782],[39.225456,38.673785],[39.225465,38.673758],[39.22552,38.673769],[39.225483,38.673878],[39.225412,38.673863]]]}},{"type":"Feature","id":"way/1217999103","properties":{"osm_id":"way/1217999103","osm_type":"way","building":"yes","name":null,"levels":null,"source":"OpenStreetMap","source_url":"https://www.openstreetmap.org/copyright","licence":"ODbL 1.0","retrieved_on":"2026-09-03","vulnerability_function_id":null,"vulnerability_class":"Not assigned","osm_tags":{"building":"yes"}},"geometry":{"type":"Polygon","coordinates":[[[39.217725,38.685037],[39.217723,38.684947],[39.217875,38.684944],[39.217878,38.685034],[39.217725,38.685037]]]}},{"type":"Feature","id":"way/1228694377","properties":{"osm_id":"way/1228694377","osm_type":"way","building":"yes","name":null,"levels":null,"source":"OpenStreetMap","source_url":"https://www.openstreetmap.org/copyright","licence":"ODbL 1.0","retrieved_on":"2026-09-03","vulnerability_function_id":null,"vulnerability_class":"Not assigned","osm_tags":{"building":"yes"}},"geometry":{"type":"Polygon","coordinates":[[[39.223614,38.665662],[39.223796,38.665676],[39.223809,38.665577],[39.223627,38.665563],[39.223614,38.665662]]]}},{"type":"Feature","id":"way/1260486108","properties":{"osm_id":"way/1260486108","osm_type":"way","building":"yes","name":null,"levels":null,"source":"OpenStreetMap","source_url":"https://www.openstreetmap.org/copyright","licence":"ODbL 1.0","retrieved_on":"2026-09-03","vulnerability_function_id":null,"vulnerability_class":"Not assigned","osm_tags":{"building":"yes"}},"geometry":{"type":"Polygon","coordinates":[[[39.22692,38.680016],[39.227067,38.680035],[39.227104,38.679867],[39.226956,38.679847],[39.22692,38.680016]]]}},{"type":"Feature","id":"way/1288134501","properties":{"osm_id":"way/1288134501","osm_type":"way","building":"commercial","name":"Bossage Mühendislik Harita ve İnşaat","levels":null,"source":"OpenStreetMap","source_url":"https://www.openstreetmap.org/copyright","licence":"ODbL 1.0","retrieved_on":"2026-09-03","vulnerability_function_id":null,"vulnerability_class":"Not assigned","osm_tags":{"addr:street":"152.Sokak","building":"commercial","name":"Bossage Mühendislik Harita ve İnşaat"}},"geometry":{"type":"Polygon","coordinates":[[[39.182784,38.670408],[39.182899,38.670456],[39.182962,38.670363],[39.182847,38.670316],[39.182784,38.670408]]]}},{"type":"Feature","id":"way/1340892401","properties":{"osm_id":"way/1340892401","osm_type":"way","building":"yes","name":null,"levels":null,"source":"OpenStreetMap","source_url":"https://www.openstreetmap.org/copyright","licence":"ODbL 1.0","retrieved_on":"2026-09-03","vulnerability_function_id":null,"vulnerability_class":"Not assigned","osm_tags":{"building":"yes"}},"geometry":{"type":"Polygon","coordinates":[[[39.207079,38.677187],[39.206898,38.677268],[39.206877,38.67724],[39.206857,38.677244],[39.206791,38.677138],[39.206808,38.677131],[39.206782,38.677109],[39.206819,38.677088],[39.206885,38.677055],[39.206956,38.677014],[39.207079,38.677187]]]}},{"type":"Feature","id":"way/1353144274","properties":{"osm_id":"way/1353144274","osm_type":"way","building":"yes","name":null,"levels":null,"source":"OpenStreetMap","source_url":"https://www.openstreetmap.org/copyright","licence":"ODbL 1.0","retrieved_on":"2026-09-03","vulnerability_function_id":null,"vulnerability_class":"Not assigned","osm_tags":{"amenity":"place_of_worship","building":"yes","religion":"muslim"}},"geometry":{"type":"Polygon","coordinates":[[[39.197798,38.679962],[39.197664,38.679944],[39.197557,38.679889],[39.197499,38.679827],[39.197468,38.679748],[39.197487,38.679627],[39.197578,38.679539],[39.19782,38.679535],[39.197978,38.679531],[39.198061,38.679595],[39.1981,38.679705],[39.198075,38.679791],[39.198026,38.679874],[39.197912,38.679933],[39.197798,38.679962]]]}},{"type":"Feature","id":"way/1353144277","properties":{"osm_id":"way/1353144277","osm_type":"way","building":"apartments","name":null,"levels":null,"source":"OpenStreetMap","source_url":"https://www.openstreetmap.org/copyright","licence":"ODbL 1.0","retrieved_on":"2026-09-03","vulnerability_function_id":null,"vulnerability_class":"Not assigned","osm_tags":{"building":"apartments"}},"geometry":{"type":"Polygon","coordinates":[[[39.198324,38.682276],[39.19844,38.682276],[39.198441,38.682261],[39.198525,38.682261],[39.198525,38.682277],[39.198741,38.682282],[39.198741,38.682264],[39.19883,38.682265],[39.19883,38.682284],[39.198937,38.682283],[39.198941,38.682197],[39.198864,38.682195],[39.198863,38.68217],[39.198832,38.682169],[39.198832,38.682177],[39.198747,38.682177],[39.198748,38.682165],[39.198675,38.682164],[39.198673,38.682178],[39.198601,38.682178],[39.198599,38.682162],[39.198471,38.682162],[39.19847,38.682174],[39.198442,38.682174],[39.198443,38.68216],[39.198329,38.682164],[39.198324,38.682276]]]}},{"type":"Feature","id":"way/1353144278","properties":{"osm_id":"way/1353144278","osm_type":"way","building":"apartments","name":null,"levels":null,"source":"OpenStreetMap","source_url":"https://www.openstreetmap.org/copyright","licence":"ODbL 1.0","retrieved_on":"2026-09-03","vulnerability_function_id":null,"vulnerability_class":"Not assigned","osm_tags":{"building":"apartments"}},"geometry":{"type":"Polygon","coordinates":[[[39.19699,38.68226],[39.197105,38.68226],[39.197106,38.682245],[39.197191,38.682245],[39.19719,38.68226],[39.197407,38.682266],[39.197407,38.682248],[39.197496,38.682249],[39.197496,38.682268],[39.197602,38.682267],[39.197606,38.682181],[39.197529,38.682179],[39.197529,38.682154],[39.197497,38.682153],[39.197498,38.682161],[39.197413,38.682161],[39.197413,38.682149],[39.19734,38.682148],[39.197338,38.682162],[39.197267,38.682162],[39.197265,38.682146],[39.197137,38.682146],[39.197136,38.682158],[39.197107,38.682158],[39.197108,38.682144],[39.196994,38.682148],[39.19699,38.68226]]]}},{"type":"Feature","id":"way/1353144279","properties":{"osm_id":"way/1353144279","osm_type":"way","building":"apartments","name":null,"levels":null,"source":"OpenStreetMap","source_url":"https://www.openstreetmap.org/copyright","licence":"ODbL 1.0","retrieved_on":"2026-09-03","vulnerability_function_id":null,"vulnerability_class":"Not assigned","osm_tags":{"building":"apartments"}},"geometry":{"type":"Polygon","coordinates":[[[39.197677,38.682475],[39.197792,38.682476],[39.197793,38.68246],[39.197877,38.68246],[39.197877,38.682476],[39.198093,38.682482],[39.198093,38.682464],[39.198183,38.682465],[39.198183,38.682484],[39.198289,38.682482],[39.198293,38.682396],[39.198216,38.682395],[39.198216,38.682369],[39.198184,38.682369],[39.198185,38.682377],[39.198099,38.682377],[39.1981,38.682365],[39.198027,38.682364],[39.198025,38.682377],[39.197953,38.682378],[39.197952,38.682362],[39.197824,38.682362],[39.197822,38.682374],[39.197794,38.682374],[39.197795,38.68236],[39.197681,38.682363],[39.197677,38.682475]]]}},{"type":"Feature","id":"way/1353144280","properties":{"osm_id":"way/1353144280","osm_type":"way","building":"apartments","name":null,"levels":null,"source":"OpenStreetMap","source_url":"https://www.openstreetmap.org/copyright","licence":"ODbL 1.0","retrieved_on":"2026-09-03","vulnerability_function_id":null,"vulnerability_class":"Not assigned","osm_tags":{"building":"apartments"}},"geometry":{"type":"Polygon","coordinates":[[[39.197806,38.681669],[39.197921,38.681669],[39.197922,38.681654],[39.198006,38.681654],[39.198006,38.68167],[39.198222,38.681675],[39.198222,38.681658],[39.198312,38.681658],[39.198312,38.681677],[39.19838,38.681678],[39.198384,38.681588],[39.198345,38.681589],[39.198344,38.681563],[39.198313,38.681562],[39.198313,38.681571],[39.198228,38.68157],[39.198229,38.681558],[39.198156,38.681558],[39.198154,38.681571],[39.198082,38.681572],[39.198081,38.681556],[39.197953,38.681556],[39.197951,38.681568],[39.197923,38.681568],[39.197924,38.681554],[39.19781,38.681557],[39.197806,38.681669]]]}},{"type":"Feature","id":"way/1353144281","properties":{"osm_id":"way/1353144281","osm_type":"way","building":"apartments","name":null,"levels":null,"source":"OpenStreetMap","source_url":"https://www.openstreetmap.org/copyright","licence":"ODbL 1.0","retrieved_on":"2026-09-03","vulnerability_function_id":null,"vulnerability_class":"Not assigned","osm_tags":{"building":"apartments"}},"geometry":{"type":"Polygon","coordinates":[[[39.19838,38.6817],[39.198495,38.681701],[39.198496,38.681685],[39.19858,38.681686],[39.19858,38.681701],[39.198797,38.681707],[39.198796,38.681689],[39.198886,38.68169],[39.198886,38.681709],[39.198992,38.681707],[39.198996,38.681621],[39.198919,38.68162],[39.198918,38.681595],[39.198887,38.681594],[39.198887,38.681602],[39.198802,38.681602],[39.198803,38.68159],[39.19873,38.681589],[39.198728,38.681602],[39.198656,38.681603],[39.198655,38.681587],[39.198527,38.681587],[39.198525,38.681599],[39.198497,38.681599],[39.198498,38.681585],[39.198384,38.681588],[39.19838,38.681678],[39.19838,38.6817]]]}},{"type":"Feature","id":"way/1353144282","properties":{"osm_id":"way/1353144282","osm_type":"way","building":"apartments","name":null,"levels":null,"source":"OpenStreetMap","source_url":"https://www.openstreetmap.org/copyright","licence":"ODbL 1.0","retrieved_on":"2026-09-03","vulnerability_function_id":null,"vulnerability_class":"Not assigned","osm_tags":{"building":"apartments"}},"geometry":{"type":"Polygon","coordinates":[[[39.198944,38.681896],[39.199059,38.681896],[39.199061,38.68188],[39.199145,38.681881],[39.199145,38.681896],[39.199361,38.681902],[39.199361,38.681884],[39.19945,38.681885],[39.19945,38.681904],[39.199556,38.681902],[39.199561,38.681816],[39.199483,38.681815],[39.199483,38.68179],[39.199452,38.681789],[39.199452,38.681797],[39.199367,38.681797],[39.199367,38.681785],[39.199295,38.681784],[39.199292,38.681798],[39.199221,38.681798],[39.199219,38.681782],[39.199091,38.681782],[39.19909,38.681794],[39.199061,38.681794],[39.199063,38.68178],[39.198948,38.681783],[39.198944,38.681896]]]}},{"type":"Feature","id":"way/1353144283","properties":{"osm_id":"way/1353144283","osm_type":"way","building":"apartments","name":null,"levels":null,"source":"OpenStreetMap","source_url":"https://www.openstreetmap.org/copyright","licence":"ODbL 1.0","retrieved_on":"2026-09-03","vulnerability_function_id":null,"vulnerability_class":"Not assigned","osm_tags":{"building":"apartments"}},"geometry":{"type":"Polygon","coordinates":[[[39.199993,38.682053],[39.200108,38.682054],[39.200109,38.682038],[39.200194,38.682038],[39.200193,38.682054],[39.20041,38.68206],[39.20041,38.682042],[39.200499,38.682043],[39.200499,38.682062],[39.200738,38.682063],[39.200738,38.682043],[39.200828,38.682043],[39.20083,38.682061],[39.200936,38.682061],[39.200943,38.681961],[39.200609,38.681959],[39.200533,38.681958],[39.200532,38.681947],[39.200501,38.681947],[39.200501,38.681955],[39.200416,38.681955],[39.200416,38.681942],[39.200344,38.681942],[39.200341,38.681955],[39.20027,38.681956],[39.200268,38.68194],[39.20014,38.68194],[39.200139,38.681952],[39.20011,38.681952],[39.200112,38.681938],[39.199997,38.681941],[39.199993,38.682053]]]}},{"type":"Feature","id":"way/1353144284","properties":{"osm_id":"way/1353144284","osm_type":"way","building":"yes","name":null,"levels":null,"source":"OpenStreetMap","source_url":"https://www.openstreetmap.org/copyright","licence":"ODbL 1.0","retrieved_on":"2026-09-03","vulnerability_function_id":null,"vulnerability_class":"Not assigned","osm_tags":{"building":"yes"}},"geometry":{"type":"Polygon","coordinates":[[[39.202034,38.681932],[39.202338,38.681939],[39.202345,38.681769],[39.202044,38.681756],[39.202034,38.681932]]]}},{"type":"Feature","id":"way/1353144285","properties":{"osm_id":"way/1353144285","osm_type":"way","building":"yes","name":null,"levels":null,"source":"OpenStreetMap","source_url":"https://www.openstreetmap.org/copyright","licence":"ODbL 1.0","retrieved_on":"2026-09-03","vulnerability_function_id":null,"vulnerability_class":"Not assigned","osm_tags":{"building":"yes"}},"geometry":{"type":"Polygon","coordinates":[[[39.202413,38.681927],[39.202459,38.681928],[39.202459,38.681941],[39.202872,38.681947],[39.202876,38.681799],[39.202412,38.681803],[39.202413,38.681927]]]}},{"type":"Feature","id":"way/1353144286","properties":{"osm_id":"way/1353144286","osm_type":"way","building":"yes","name":null,"levels":null,"source":"OpenStreetMap","source_url":"https://www.openstreetmap.org/copyright","licence":"ODbL 1.0","retrieved_on":"2026-09-03","vulnerability_function_id":null,"vulnerability_class":"Not assigned","osm_tags":{"amenity":"library","building":"yes"}},"geometry":{"type":"Polygon","coordinates":[[[39.195593,38.680344],[39.195558,38.679703],[39.196339,38.679677],[39.196352,38.679909],[39.195873,38.679925],[39.195895,38.680334],[39.195593,38.680344]]]}},{"type":"Feature","id":"way/1353144287","properties":{"osm_id":"way/1353144287","osm_type":"way","building":"yes","name":null,"levels":null,"source":"OpenStreetMap","source_url":"https://www.openstreetmap.org/copyright","licence":"ODbL 1.0","retrieved_on":"2026-09-03","vulnerability_function_id":null,"vulnerability_class":"Not assigned","osm_tags":{"building":"yes"}},"geometry":{"type":"Polygon","coordinates":[[[39.19504,38.681346],[39.195042,38.681203],[39.195107,38.681206],[39.195114,38.68115],[39.195152,38.681145],[39.195155,38.681165],[39.195558,38.681162],[39.195555,38.681137],[39.195602,38.681134],[39.195603,38.6812],[39.19599,38.681193],[39.195985,38.681075],[39.196204,38.681073],[39.196206,38.681316],[39.19623,38.681316],[39.196233,38.681372],[39.196094,38.68138],[39.196087,38.681346],[39.196067,38.681348],[39.196068,38.681368],[39.196042,38.681371],[39.196041,38.681643],[39.196069,38.681646],[39.196074,38.681671],[39.196025,38.681677],[39.196024,38.681691],[39.196042,38.681696],[39.19604,38.681727],[39.196015,38.681727],[39.196016,38.681739],[39.196036,38.681739],[39.196036,38.68178],[39.195997,38.681788],[39.195996,38.681773],[39.195596,38.68179],[39.195591,38.681801],[39.195552,38.681797],[39.195546,38.681749],[39.195566,38.681749],[39.195563,38.681743],[39.195546,38.681739],[39.195545,38.68171],[39.195563,38.681712],[39.19556,38.681691],[39.195514,38.68169],[39.195514,38.681655],[39.195576,38.681651],[39.195586,38.681668],[39.19589,38.681661],[39.195887,38.681379],[39.195836,38.681384],[39.195836,38.681372],[39.195504,38.681381],[39.195502,38.681392],[39.19545,38.681391],[39.195455,38.681328],[39.19512,38.681334],[39.195119,38.681347],[39.19504,38.681346]]]}},{"type":"Feature","id":"way/1362294815","properties":{"osm_id":"way/1362294815","osm_type":"way","building":"commercial","name":"50'ler Çarşısı","levels":null,"source":"OpenStreetMap","source_url":"https://www.openstreetmap.org/copyright","licence":"ODbL 1.0","retrieved_on":"2026-09-03","vulnerability_function_id":null,"vulnerability_class":"Not assigned","osm_tags":{"addr:housenumber":"27","building":"commercial","name":"50'ler Çarşısı"}},"geometry":{"type":"Polygon","coordinates":[[[39.220088,38.674933],[39.220065,38.674779],[39.219823,38.674801],[39.219816,38.674755],[39.219879,38.67475],[39.219865,38.674657],[39.219656,38.674676],[39.2197,38.674969],[39.220088,38.674933]]]}},{"type":"Feature","id":"way/1367420541","properties":{"osm_id":"way/1367420541","osm_type":"way","building":"yes","name":null,"levels":null,"source":"OpenStreetMap","source_url":"https://www.openstreetmap.org/copyright","licence":"ODbL 1.0","retrieved_on":"2026-09-03","vulnerability_function_id":null,"vulnerability_class":"Not assigned","osm_tags":{"building":"yes"}},"geometry":{"type":"Polygon","coordinates":[[[39.218969,38.672981],[39.218944,38.672836],[39.218773,38.672844],[39.21879,38.672993],[39.218969,38.672981]]]}},{"type":"Feature","id":"way/1367420542","properties":{"osm_id":"way/1367420542","osm_type":"way","building":"yes","name":null,"levels":null,"source":"OpenStreetMap","source_url":"https://www.openstreetmap.org/copyright","licence":"ODbL 1.0","retrieved_on":"2026-09-03","vulnerability_function_id":null,"vulnerability_class":"Not assigned","osm_tags":{"building":"yes"}},"geometry":{"type":"Polygon","coordinates":[[[39.217909,38.672557],[39.217894,38.672436],[39.217632,38.672462],[39.217639,38.67258],[39.217909,38.672557]]]}},{"type":"Feature","id":"way/1367420543","properties":{"osm_id":"way/1367420543","osm_type":"way","building":"yes","name":null,"levels":null,"source":"OpenStreetMap","source_url":"https://www.openstreetmap.org/copyright","licence":"ODbL 1.0","retrieved_on":"2026-09-03","vulnerability_function_id":null,"vulnerability_class":"Not assigned","osm_tags":{"building":"yes"}},"geometry":{"type":"Polygon","coordinates":[[[39.218473,38.673043],[39.218485,38.67304],[39.218487,38.673053],[39.218627,38.673043],[39.218639,38.673026],[39.218667,38.673026],[39.218648,38.672843],[39.218467,38.672857],[39.218481,38.672965],[39.218454,38.672969],[39.218473,38.673043]]]}},{"type":"Feature","id":"way/1368778439","properties":{"osm_id":"way/1368778439","osm_type":"way","building":"apartments","name":null,"levels":null,"source":"OpenStreetMap","source_url":"https://www.openstreetmap.org/copyright","licence":"ODbL 1.0","retrieved_on":"2026-09-03","vulnerability_function_id":null,"vulnerability_class":"Not assigned","osm_tags":{"building":"apartments"}},"geometry":{"type":"Polygon","coordinates":[[[39.212451,38.659985],[39.212862,38.660046],[39.21284,38.66016],[39.212433,38.660104],[39.212451,38.659985]]]}},{"type":"Feature","id":"way/1396716462","properties":{"osm_id":"way/1396716462","osm_type":"way","building":"yes","name":null,"levels":null,"source":"OpenStreetMap","source_url":"https://www.openstreetmap.org/copyright","licence":"ODbL 1.0","retrieved_on":"2026-09-03","vulnerability_function_id":null,"vulnerability_class":"Not assigned","osm_tags":{"building":"yes","source":"microsoft/BuildingFootprints"}},"geometry":{"type":"Polygon","coordinates":[[[39.216491,38.674627],[39.216515,38.674844],[39.216615,38.674837],[39.216607,38.674767],[39.21676,38.674757],[39.216768,38.674825],[39.21689,38.674816],[39.216888,38.674794],[39.216992,38.674787],[39.217008,38.674935],[39.216968,38.674938],[39.216977,38.675018],[39.216839,38.675027],[39.216842,38.675061],[39.216619,38.675077],[39.216616,38.675047],[39.21644,38.675059],[39.216406,38.674751],[39.216293,38.674758],[39.216279,38.674641],[39.216491,38.674627]]]}},{"type":"Feature","id":"way/1396716463","properties":{"osm_id":"way/1396716463","osm_type":"way","building":"yes","name":null,"levels":null,"source":"OpenStreetMap","source_url":"https://www.openstreetmap.org/copyright","licence":"ODbL 1.0","retrieved_on":"2026-09-03","vulnerability_function_id":null,"vulnerability_class":"Not assigned","osm_tags":{"building":"yes"}},"geometry":{"type":"Polygon","coordinates":[[[39.215426,38.674542],[39.214693,38.674596],[39.214683,38.674517],[39.214707,38.674515],[39.214695,38.674419],[39.215157,38.674385],[39.215146,38.674287],[39.214996,38.674241],[39.215113,38.674011],[39.215294,38.674067],[39.215318,38.674019],[39.215465,38.674065],[39.215342,38.674307],[39.215269,38.674285],[39.21528,38.67437],[39.215404,38.67436],[39.215426,38.674542]]]}},{"type":"Feature","id":"way/1396716464","properties":{"osm_id":"way/1396716464","osm_type":"way","building":"yes","name":null,"levels":null,"source":"OpenStreetMap","source_url":"https://www.openstreetmap.org/copyright","licence":"ODbL 1.0","retrieved_on":"2026-09-03","vulnerability_function_id":null,"vulnerability_class":"Not assigned","osm_tags":{"building":"yes","source":"microsoft/BuildingFootprints"}},"geometry":{"type":"Polygon","coordinates":[[[39.216117,38.674204],[39.215906,38.674213],[39.215903,38.674173],[39.21559,38.674185],[39.215584,38.674095],[39.215555,38.674096],[39.215551,38.674034],[39.21581,38.674024],[39.215809,38.673996],[39.215916,38.673992],[39.215918,38.674022],[39.21615,38.674012],[39.216155,38.674077],[39.216109,38.674079],[39.216117,38.674204]]]}},{"type":"Feature","id":"way/1396716465","properties":{"osm_id":"way/1396716465","osm_type":"way","building":"yes","name":null,"levels":null,"source":"OpenStreetMap","source_url":"https://www.openstreetmap.org/copyright","licence":"ODbL 1.0","retrieved_on":"2026-09-03","vulnerability_function_id":null,"vulnerability_class":"Not assigned","osm_tags":{"building":"yes","source":"microsoft/BuildingFootprints"}},"geometry":{"type":"Polygon","coordinates":[[[39.216945,38.674371],[39.217139,38.674366],[39.217142,38.674433],[39.216948,38.674438],[39.216945,38.674371]]]}},{"type":"Feature","id":"way/1396716468","properties":{"osm_id":"way/1396716468","osm_type":"way","building":"yes","name":null,"levels":null,"source":"OpenStreetMap","source_url":"https://www.openstreetmap.org/copyright","licence":"ODbL 1.0","retrieved_on":"2026-09-03","vulnerability_function_id":null,"vulnerability_class":"Not assigned","osm_tags":{"building":"yes","source":"microsoft/BuildingFootprints"}},"geometry":{"type":"Polygon","coordinates":[[[39.209754,38.675986],[39.209888,38.675513],[39.210091,38.675548],[39.209957,38.676021],[39.209754,38.675986]]]}},{"type":"Feature","id":"way/1396716471","properties":{"osm_id":"way/1396716471","osm_type":"way","building":"yes","name":null,"levels":null,"source":"OpenStreetMap","source_url":"https://www.openstreetmap.org/copyright","licence":"ODbL 1.0","retrieved_on":"2026-09-03","vulnerability_function_id":null,"vulnerability_class":"Not assigned","osm_tags":{"building":"yes","source":"microsoft/BuildingFootprints"}},"geometry":{"type":"Polygon","coordinates":[[[39.206834,38.678332],[39.20688,38.678154],[39.206845,38.678149],[39.206918,38.677864],[39.207116,38.677894],[39.207053,38.678144],[39.20708,38.678148],[39.207025,38.678362],[39.206834,38.678332]]]}},{"type":"Feature","id":"way/1396716478","properties":{"osm_id":"way/1396716478","osm_type":"way","building":"yes","name":null,"levels":null,"source":"OpenStreetMap","source_url":"https://www.openstreetmap.org/copyright","licence":"ODbL 1.0","retrieved_on":"2026-09-03","vulnerability_function_id":null,"vulnerability_class":"Not assigned","osm_tags":{"building":"yes"}},"geometry":{"type":"Polygon","coordinates":[[[39.205736,38.679909],[39.205921,38.679911],[39.205922,38.679832],[39.206185,38.679834],[39.206185,38.679796],[39.206316,38.679797],[39.206317,38.679733],[39.206412,38.679734],[39.206413,38.679667],[39.206444,38.679667],[39.206446,38.679535],[39.206428,38.679535],[39.206429,38.679495],[39.206265,38.679493],[39.206251,38.679462],[39.206218,38.679444],[39.206011,38.679442],[39.206011,38.679399],[39.205744,38.679397],[39.205736,38.679909]]]}},{"type":"Feature","id":"way/1396716479","properties":{"osm_id":"way/1396716479","osm_type":"way","building":"yes","name":null,"levels":null,"source":"OpenStreetMap","source_url":"https://www.openstreetmap.org/copyright","licence":"ODbL 1.0","retrieved_on":"2026-09-03","vulnerability_function_id":null,"vulnerability_class":"Not assigned","osm_tags":{"building":"yes","source":"microsoft/BuildingFootprints"}},"geometry":{"type":"Polygon","coordinates":[[[39.205906,38.67934],[39.205953,38.679184],[39.205833,38.679162],[39.205951,38.67877],[39.206023,38.678783],[39.206054,38.678679],[39.206216,38.678709],[39.206221,38.678694],[39.2065,38.678745],[39.206494,38.678764],[39.206578,38.678779],[39.206569,38.678811],[39.206641,38.678824],[39.206537,38.679171],[39.206382,38.679143],[39.206358,38.679224],[39.206522,38.679254],[39.206466,38.679442],[39.205906,38.67934]]]}},{"type":"Feature","id":"way/1396716480","properties":{"osm_id":"way/1396716480","osm_type":"way","building":"yes","name":null,"levels":null,"source":"OpenStreetMap","source_url":"https://www.openstreetmap.org/copyright","licence":"ODbL 1.0","retrieved_on":"2026-09-03","vulnerability_function_id":null,"vulnerability_class":"Not assigned","osm_tags":{"building":"yes","source":"microsoft/BuildingFootprints"}},"geometry":{"type":"Polygon","coordinates":[[[39.20025,38.680681],[39.199767,38.680683],[39.199766,38.680558],[39.201113,38.680553],[39.201113,38.680678],[39.200628,38.680679],[39.200628,38.68071],[39.20025,38.680711],[39.20025,38.680681]]]}},{"type":"Feature","id":"way/1396716481","properties":{"osm_id":"way/1396716481","osm_type":"way","building":"yes","name":null,"levels":null,"source":"OpenStreetMap","source_url":"https://www.openstreetmap.org/copyright","licence":"ODbL 1.0","retrieved_on":"2026-09-03","vulnerability_function_id":null,"vulnerability_class":"Not assigned","osm_tags":{"building":"yes","source":"microsoft/BuildingFootprints"}},"geometry":{"type":"Polygon","coordinates":[[[39.199905,38.680815],[39.200391,38.680817],[39.20039,38.680932],[39.199905,38.68093],[39.199905,38.680815]]]}},{"type":"Feature","id":"way/1396716482","properties":{"osm_id":"way/1396716482","osm_type":"way","building":"yes","name":null,"levels":null,"source":"OpenStreetMap","source_url":"https://www.openstreetmap.org/copyright","licence":"ODbL 1.0","retrieved_on":"2026-09-03","vulnerability_function_id":null,"vulnerability_class":"Not assigned","osm_tags":{"building":"yes","source":"microsoft/BuildingFootprints"}},"geometry":{"type":"Polygon","coordinates":[[[39.201126,38.680165],[39.19977,38.680171],[39.199769,38.680043],[39.199818,38.680043],[39.199817,38.680008],[39.200172,38.680007],[39.20017,38.679775],[39.200386,38.679774],[39.200388,38.680008],[39.200458,38.680008],[39.200457,38.679776],[39.200668,38.679775],[39.20067,38.68001],[39.201087,38.680008],[39.201088,38.680043],[39.201125,38.680043],[39.201126,38.680165]]]}},{"type":"Feature","id":"way/1396716485","properties":{"osm_id":"way/1396716485","osm_type":"way","building":"yes","name":null,"levels":null,"source":"OpenStreetMap","source_url":"https://www.openstreetmap.org/copyright","licence":"ODbL 1.0","retrieved_on":"2026-09-03","vulnerability_function_id":null,"vulnerability_class":"Not assigned","osm_tags":{"building":"yes","source":"microsoft/BuildingFootprints"}},"geometry":{"type":"Polygon","coordinates":[[[39.198544,38.678955],[39.198397,38.678958],[39.198388,38.678652],[39.198536,38.67865],[39.198544,38.678955]]]}},{"type":"Feature","id":"way/1396716486","properties":{"osm_id":"way/1396716486","osm_type":"way","building":"yes","name":null,"levels":null,"source":"OpenStreetMap","source_url":"https://www.openstreetmap.org/copyright","licence":"ODbL 1.0","retrieved_on":"2026-09-03","vulnerability_function_id":null,"vulnerability_class":"Not assigned","osm_tags":{"building":"yes","source":"microsoft/BuildingFootprints"}},"geometry":{"type":"Polygon","coordinates":[[[39.198808,38.678774],[39.198763,38.678838],[39.19867,38.678797],[39.198715,38.678733],[39.198808,38.678774]]]}},{"type":"Feature","id":"way/1396716495","properties":{"osm_id":"way/1396716495","osm_type":"way","building":"yes","name":null,"levels":null,"source":"OpenStreetMap","source_url":"https://www.openstreetmap.org/copyright","licence":"ODbL 1.0","retrieved_on":"2026-09-03","vulnerability_function_id":null,"vulnerability_class":"Not assigned","osm_tags":{"building":"yes","source":"microsoft/BuildingFootprints"}},"geometry":{"type":"Polygon","coordinates":[[[39.201929,38.681758],[39.201924,38.681933],[39.201782,38.68193],[39.201787,38.681755],[39.201929,38.681758]]]}},{"type":"Feature","id":"way/1396716496","properties":{"osm_id":"way/1396716496","osm_type":"way","building":"yes","name":null,"levels":null,"source":"OpenStreetMap","source_url":"https://www.openstreetmap.org/copyright","licence":"ODbL 1.0","retrieved_on":"2026-09-03","vulnerability_function_id":null,"vulnerability_class":"Not assigned","osm_tags":{"building":"yes","source":"microsoft/BuildingFootprints"}},"geometry":{"type":"Polygon","coordinates":[[[39.202824,38.682086],[39.20282,38.682237],[39.202362,38.682229],[39.202364,38.682141],[39.202399,38.682142],[39.202401,38.682079],[39.202824,38.682086]]]}},{"type":"Feature","id":"way/1396716497","properties":{"osm_id":"way/1396716497","osm_type":"way","building":"yes","name":null,"levels":null,"source":"OpenStreetMap","source_url":"https://www.openstreetmap.org/copyright","licence":"ODbL 1.0","retrieved_on":"2026-09-03","vulnerability_function_id":null,"vulnerability_class":"Not assigned","osm_tags":{"building":"yes","source":"microsoft/BuildingFootprints"}},"geometry":{"type":"Polygon","coordinates":[[[39.203029,38.682568],[39.20323,38.682573],[39.203222,38.682798],[39.203021,38.682793],[39.203029,38.682568]]]}},{"type":"Feature","id":"way/1396716498","properties":{"osm_id":"way/1396716498","osm_type":"way","building":"yes","name":null,"levels":null,"source":"OpenStreetMap","source_url":"https://www.openstreetmap.org/copyright","licence":"ODbL 1.0","retrieved_on":"2026-09-03","vulnerability_function_id":null,"vulnerability_class":"Not assigned","osm_tags":{"building":"yes","source":"microsoft/BuildingFootprints"}},"geometry":{"type":"Polygon","coordinates":[[[39.202884,38.681803],[39.203,38.681804],[39.202995,38.681955],[39.20288,38.681953],[39.202884,38.681803]]]}},{"type":"Feature","id":"way/1396716499","properties":{"osm_id":"way/1396716499","osm_type":"way","building":"yes","name":null,"levels":null,"source":"OpenStreetMap","source_url":"https://www.openstreetmap.org/copyright","licence":"ODbL 1.0","retrieved_on":"2026-09-03","vulnerability_function_id":null,"vulnerability_class":"Not assigned","osm_tags":{"building":"yes","source":"microsoft/BuildingFootprints"}},"geometry":{"type":"Polygon","coordinates":[[[39.203005,38.681807],[39.20328,38.681811],[39.203275,38.681957],[39.203001,38.681952],[39.203005,38.681807]]]}},{"type":"Feature","id":"way/1396716500","properties":{"osm_id":"way/1396716500","osm_type":"way","building":"yes","name":null,"levels":null,"source":"OpenStreetMap","source_url":"https://www.openstreetmap.org/copyright","licence":"ODbL 1.0","retrieved_on":"2026-09-03","vulnerability_function_id":null,"vulnerability_class":"Not assigned","osm_tags":{"building":"yes","source":"microsoft/BuildingFootprints"}},"geometry":{"type":"Polygon","coordinates":[[[39.203089,38.681969],[39.203087,38.68208],[39.202956,38.682078],[39.202958,38.681967],[39.203089,38.681969]]]}},{"type":"Feature","id":"way/1396716501","properties":{"osm_id":"way/1396716501","osm_type":"way","building":"yes","name":null,"levels":null,"source":"OpenStreetMap","source_url":"https://www.openstreetmap.org/copyright","licence":"ODbL 1.0","retrieved_on":"2026-09-03","vulnerability_function_id":null,"vulnerability_class":"Not assigned","osm_tags":{"building":"yes","source":"microsoft/BuildingFootprints"}},"geometry":{"type":"Polygon","coordinates":[[[39.203529,38.68211],[39.203519,38.682418],[39.202941,38.682406],[39.202952,38.682097],[39.203529,38.68211]]]}},{"type":"Feature","id":"way/1396716502","properties":{"osm_id":"way/1396716502","osm_type":"way","building":"yes","name":null,"levels":null,"source":"OpenStreetMap","source_url":"https://www.openstreetmap.org/copyright","licence":"ODbL 1.0","retrieved_on":"2026-09-03","vulnerability_function_id":null,"vulnerability_class":"Not assigned","osm_tags":{"building":"yes","source":"microsoft/BuildingFootprints"}},"geometry":{"type":"Polygon","coordinates":[[[39.208448,38.682549],[39.208578,38.682589],[39.208483,38.682778],[39.208353,38.682738],[39.208448,38.682549]]]}},{"type":"Feature","id":"way/1396716503","properties":{"osm_id":"way/1396716503","osm_type":"way","building":"yes","name":null,"levels":null,"source":"OpenStreetMap","source_url":"https://www.openstreetmap.org/copyright","licence":"ODbL 1.0","retrieved_on":"2026-09-03","vulnerability_function_id":null,"vulnerability_class":"Not assigned","osm_tags":{"building":"yes","source":"microsoft/BuildingFootprints"}},"geometry":{"type":"Polygon","coordinates":[[[39.208521,38.682786],[39.208584,38.682639],[39.208682,38.682665],[39.208619,38.682811],[39.208521,38.682786]]]}},{"type":"Feature","id":"way/1396716504","properties":{"osm_id":"way/1396716504","osm_type":"way","building":"yes","name":null,"levels":null,"source":"OpenStreetMap","source_url":"https://www.openstreetmap.org/copyright","licence":"ODbL 1.0","retrieved_on":"2026-09-03","vulnerability_function_id":null,"vulnerability_class":"Not assigned","osm_tags":{"building":"yes","source":"microsoft/BuildingFootprints"}},"geometry":{"type":"Polygon","coordinates":[[[39.208813,38.683061],[39.208939,38.683099],[39.208895,38.683189],[39.208769,38.683151],[39.208813,38.683061]]]}},{"type":"Feature","id":"way/1396716505","properties":{"osm_id":"way/1396716505","osm_type":"way","building":"yes","name":null,"levels":null,"source":"OpenStreetMap","source_url":"https://www.openstreetmap.org/copyright","licence":"ODbL 1.0","retrieved_on":"2026-09-03","vulnerability_function_id":null,"vulnerability_class":"Not assigned","osm_tags":{"building":"yes","source":"microsoft/BuildingFootprints"}},"geometry":{"type":"Polygon","coordinates":[[[39.211387,38.685344],[39.211471,38.685254],[39.211591,38.685322],[39.211507,38.685412],[39.211387,38.685344]]]}},{"type":"Feature","id":"way/1396716506","properties":{"osm_id":"way/1396716506","osm_type":"way","building":"yes","name":null,"levels":null,"source":"OpenStreetMap","source_url":"https://www.openstreetmap.org/copyright","licence":"ODbL 1.0","retrieved_on":"2026-09-03","vulnerability_function_id":null,"vulnerability_class":"Not assigned","osm_tags":{"building":"yes","source":"microsoft/BuildingFootprints"}},"geometry":{"type":"Polygon","coordinates":[[[39.212436,38.685001],[39.212665,38.685191],[39.212568,38.685262],[39.212339,38.685072],[39.212436,38.685001]]]}},{"type":"Feature","id":"way/1396716507","properties":{"osm_id":"way/1396716507","osm_type":"way","building":"yes","name":null,"levels":null,"source":"OpenStreetMap","source_url":"https://www.openstreetmap.org/copyright","licence":"ODbL 1.0","retrieved_on":"2026-09-03","vulnerability_function_id":null,"vulnerability_class":"Not assigned","osm_tags":{"building":"yes","source":"microsoft/BuildingFootprints"}},"geometry":{"type":"Polygon","coordinates":[[[39.212082,38.684711],[39.212296,38.684875],[39.212104,38.685029],[39.211889,38.684864],[39.212082,38.684711]]]}},{"type":"Feature","id":"way/1396716512","properties":{"osm_id":"way/1396716512","osm_type":"way","building":"yes","name":null,"levels":null,"source":"OpenStreetMap","source_url":"https://www.openstreetmap.org/copyright","licence":"ODbL 1.0","retrieved_on":"2026-09-03","vulnerability_function_id":null,"vulnerability_class":"Not assigned","osm_tags":{"building":"yes","source":"microsoft/BuildingFootprints"}},"geometry":{"type":"Polygon","coordinates":[[[39.212835,38.685347],[39.212759,38.685408],[39.212645,38.685323],[39.212721,38.685262],[39.212835,38.685347]]]}},{"type":"Feature","id":"way/1396716513","properties":{"osm_id":"way/1396716513","osm_type":"way","building":"yes","name":null,"levels":null,"source":"OpenStreetMap","source_url":"https://www.openstreetmap.org/copyright","licence":"ODbL 1.0","retrieved_on":"2026-09-03","vulnerability_function_id":null,"vulnerability_class":"Not assigned","osm_tags":{"building":"yes","source":"microsoft/BuildingFootprints"}},"geometry":{"type":"Polygon","coordinates":[[[39.21308,38.685247],[39.213027,38.685314],[39.212861,38.685235],[39.212914,38.685167],[39.21308,38.685247]]]}},{"type":"Feature","id":"way/1396716514","properties":{"osm_id":"way/1396716514","osm_type":"way","building":"yes","name":null,"levels":null,"source":"OpenStreetMap","source_url":"https://www.openstreetmap.org/copyright","licence":"ODbL 1.0","retrieved_on":"2026-09-03","vulnerability_function_id":null,"vulnerability_class":"Not assigned","osm_tags":{"building":"yes","source":"microsoft/BuildingFootprints"}},"geometry":{"type":"Polygon","coordinates":[[[39.213877,38.685398],[39.213963,38.685288],[39.214081,38.685343],[39.213995,38.685454],[39.213877,38.685398]]]}},{"type":"Feature","id":"way/1396716515","properties":{"osm_id":"way/1396716515","osm_type":"way","building":"yes","name":null,"levels":null,"source":"OpenStreetMap","source_url":"https://www.openstreetmap.org/copyright","licence":"ODbL 1.0","retrieved_on":"2026-09-03","vulnerability_function_id":null,"vulnerability_class":"Not assigned","osm_tags":{"building":"yes","source":"microsoft/BuildingFootprints"}},"geometry":{"type":"Polygon","coordinates":[[[39.213705,38.685309],[39.213836,38.685359],[39.213748,38.685498],[39.213617,38.685448],[39.213705,38.685309]]]}},{"type":"Feature","id":"way/1396716516","properties":{"osm_id":"way/1396716516","osm_type":"way","building":"yes","name":null,"levels":null,"source":"OpenStreetMap","source_url":"https://www.openstreetmap.org/copyright","licence":"ODbL 1.0","retrieved_on":"2026-09-03","vulnerability_function_id":null,"vulnerability_class":"Not assigned","osm_tags":{"building":"yes","source":"microsoft/BuildingFootprints"}},"geometry":{"type":"Polygon","coordinates":[[[39.212837,38.684561],[39.213056,38.684662],[39.213007,38.684726],[39.212789,38.684624],[39.212837,38.684561]]]}},{"type":"Feature","id":"way/1396716520","properties":{"osm_id":"way/1396716520","osm_type":"way","building":"yes","name":null,"levels":null,"source":"OpenStreetMap","source_url":"https://www.openstreetmap.org/copyright","licence":"ODbL 1.0","retrieved_on":"2026-09-03","vulnerability_function_id":null,"vulnerability_class":"Not assigned","osm_tags":{"building":"yes","source":"microsoft/BuildingFootprints"}},"geometry":{"type":"Polygon","coordinates":[[[39.212961,38.684087],[39.212749,38.684466],[39.212531,38.684392],[39.212743,38.684013],[39.212961,38.684087]]]}},{"type":"Feature","id":"way/1396716521","properties":{"osm_id":"way/1396716521","osm_type":"way","building":"yes","name":null,"levels":null,"source":"OpenStreetMap","source_url":"https://www.openstreetmap.org/copyright","licence":"ODbL 1.0","retrieved_on":"2026-09-03","vulnerability_function_id":null,"vulnerability_class":"Not assigned","osm_tags":{"building":"yes","source":"microsoft/BuildingFootprints"}},"geometry":{"type":"Polygon","coordinates":[[[39.213369,38.684185],[39.213238,38.684358],[39.21304,38.684268],[39.213083,38.684211],[39.213024,38.684184],[39.213112,38.684067],[39.213369,38.684185]]]}},{"type":"Feature","id":"way/1396716522","properties":{"osm_id":"way/1396716522","osm_type":"way","building":"yes","name":null,"levels":null,"source":"OpenStreetMap","source_url":"https://www.openstreetmap.org/copyright","licence":"ODbL 1.0","retrieved_on":"2026-09-03","vulnerability_function_id":null,"vulnerability_class":"Not assigned","osm_tags":{"building":"yes","source":"microsoft/BuildingFootprints"}},"geometry":{"type":"Polygon","coordinates":[[[39.213977,38.684172],[39.214085,38.684226],[39.214004,38.684325],[39.213896,38.684271],[39.213977,38.684172]]]}},{"type":"Feature","id":"way/1396716524","properties":{"osm_id":"way/1396716524","osm_type":"way","building":"yes","name":null,"levels":null,"source":"OpenStreetMap","source_url":"https://www.openstreetmap.org/copyright","licence":"ODbL 1.0","retrieved_on":"2026-09-03","vulnerability_function_id":null,"vulnerability_class":"Not assigned","osm_tags":{"building":"yes","source":"microsoft/BuildingFootprints"}},"geometry":{"type":"Polygon","coordinates":[[[39.21436,38.683754],[39.214274,38.683848],[39.214167,38.683789],[39.214179,38.683776],[39.214046,38.683703],[39.214157,38.683582],[39.214262,38.68364],[39.214226,38.68368],[39.21436,38.683754]]]}},{"type":"Feature","id":"way/1396716525","properties":{"osm_id":"way/1396716525","osm_type":"way","building":"yes","name":null,"levels":null,"source":"OpenStreetMap","source_url":"https://www.openstreetmap.org/copyright","licence":"ODbL 1.0","retrieved_on":"2026-09-03","vulnerability_function_id":null,"vulnerability_class":"Not assigned","osm_tags":{"building":"yes","source":"microsoft/BuildingFootprints"}},"geometry":{"type":"Polygon","coordinates":[[[39.214579,38.683633],[39.214733,38.683743],[39.214657,38.683807],[39.214503,38.683697],[39.214579,38.683633]]]}},{"type":"Feature","id":"way/1396716526","properties":{"osm_id":"way/1396716526","osm_type":"way","building":"yes","name":null,"levels":null,"source":"OpenStreetMap","source_url":"https://www.openstreetmap.org/copyright","licence":"ODbL 1.0","retrieved_on":"2026-09-03","vulnerability_function_id":null,"vulnerability_class":"Not assigned","osm_tags":{"building":"yes","source":"microsoft/BuildingFootprints"}},"geometry":{"type":"Polygon","coordinates":[[[39.209504,38.683881],[39.209633,38.683895],[39.209602,38.68407],[39.209473,38.684056],[39.209504,38.683881]]]}},{"type":"Feature","id":"way/1396716527","properties":{"osm_id":"way/1396716527","osm_type":"way","building":"yes","name":null,"levels":null,"source":"OpenStreetMap","source_url":"https://www.openstreetmap.org/copyright","licence":"ODbL 1.0","retrieved_on":"2026-09-03","vulnerability_function_id":null,"vulnerability_class":"Not assigned","osm_tags":{"building":"yes","source":"microsoft/BuildingFootprints"}},"geometry":{"type":"Polygon","coordinates":[[[39.209286,38.684413],[39.209328,38.684329],[39.209446,38.684366],[39.209404,38.684449],[39.209286,38.684413]]]}},{"type":"Feature","id":"way/1396716528","properties":{"osm_id":"way/1396716528","osm_type":"way","building":"yes","name":null,"levels":null,"source":"OpenStreetMap","source_url":"https://www.openstreetmap.org/copyright","licence":"ODbL 1.0","retrieved_on":"2026-09-03","vulnerability_function_id":null,"vulnerability_class":"Not assigned","osm_tags":{"building":"yes","source":"microsoft/BuildingFootprints"}},"geometry":{"type":"Polygon","coordinates":[[[39.209107,38.684059],[39.20911,38.683966],[39.209241,38.683968],[39.209239,38.684061],[39.209107,38.684059]]]}},{"type":"Feature","id":"way/1396716529","properties":{"osm_id":"way/1396716529","osm_type":"way","building":"yes","name":null,"levels":null,"source":"OpenStreetMap","source_url":"https://www.openstreetmap.org/copyright","licence":"ODbL 1.0","retrieved_on":"2026-09-03","vulnerability_function_id":null,"vulnerability_class":"Not assigned","osm_tags":{"building":"yes","source":"microsoft/BuildingFootprints"}},"geometry":{"type":"Polygon","coordinates":[[[39.208933,38.683848],[39.208934,38.683872],[39.208863,38.683874],[39.208858,38.683755],[39.208973,38.683752],[39.208977,38.683847],[39.208933,38.683848]]]}},{"type":"Feature","id":"way/1396716530","properties":{"osm_id":"way/1396716530","osm_type":"way","building":"yes","name":null,"levels":null,"source":"OpenStreetMap","source_url":"https://www.openstreetmap.org/copyright","licence":"ODbL 1.0","retrieved_on":"2026-09-03","vulnerability_function_id":null,"vulnerability_class":"Not assigned","osm_tags":{"building":"yes","source":"microsoft/BuildingFootprints"}},"geometry":{"type":"Polygon","coordinates":[[[39.208533,38.684565],[39.208486,38.684651],[39.208389,38.684618],[39.208436,38.684532],[39.208533,38.684565]]]}},{"type":"Feature","id":"way/1396716531","properties":{"osm_id":"way/1396716531","osm_type":"way","building":"yes","name":null,"levels":null,"source":"OpenStreetMap","source_url":"https://www.openstreetmap.org/copyright","licence":"ODbL 1.0","retrieved_on":"2026-09-03","vulnerability_function_id":null,"vulnerability_class":"Not assigned","osm_tags":{"building":"yes","source":"microsoft/BuildingFootprints"}},"geometry":{"type":"Polygon","coordinates":[[[39.208654,38.684718],[39.208619,38.6848],[39.208509,38.684771],[39.208544,38.684689],[39.208654,38.684718]]]}},{"type":"Feature","id":"way/1396716532","properties":{"osm_id":"way/1396716532","osm_type":"way","building":"yes","name":null,"levels":null,"source":"OpenStreetMap","source_url":"https://www.openstreetmap.org/copyright","licence":"ODbL 1.0","retrieved_on":"2026-09-03","vulnerability_function_id":null,"vulnerability_class":"Not assigned","osm_tags":{"building":"yes","source":"microsoft/BuildingFootprints"}},"geometry":{"type":"Polygon","coordinates":[[[39.208881,38.684663],[39.208842,38.684771],[39.20874,38.684748],[39.208779,38.68464],[39.208881,38.684663]]]}},{"type":"Feature","id":"way/1396716533","properties":{"osm_id":"way/1396716533","osm_type":"way","building":"yes","name":null,"levels":null,"source":"OpenStreetMap","source_url":"https://www.openstreetmap.org/copyright","licence":"ODbL 1.0","retrieved_on":"2026-09-03","vulnerability_function_id":null,"vulnerability_class":"Not assigned","osm_tags":{"building":"yes","source":"microsoft/BuildingFootprints"}},"geometry":{"type":"Polygon","coordinates":[[[39.208638,38.684645],[39.208663,38.684576],[39.208772,38.6846],[39.208747,38.684669],[39.208638,38.684645]]]}},{"type":"Feature","id":"way/1396716534","properties":{"osm_id":"way/1396716534","osm_type":"way","building":"yes","name":null,"levels":null,"source":"OpenStreetMap","source_url":"https://www.openstreetmap.org/copyright","licence":"ODbL 1.0","retrieved_on":"2026-09-03","vulnerability_function_id":null,"vulnerability_class":"Not assigned","osm_tags":{"building":"yes","source":"microsoft/BuildingFootprints"}},"geometry":{"type":"Polygon","coordinates":[[[39.208166,38.684543],[39.208272,38.684579],[39.20822,38.684672],[39.208114,38.684636],[39.208166,38.684543]]]}},{"type":"Feature","id":"way/1396845099","properties":{"osm_id":"way/1396845099","osm_type":"way","building":"yes","name":null,"levels":null,"source":"OpenStreetMap","source_url":"https://www.openstreetmap.org/copyright","licence":"ODbL 1.0","retrieved_on":"2026-09-03","vulnerability_function_id":null,"vulnerability_class":"Not assigned","osm_tags":{"building":"yes","source":"microsoft/BuildingFootprints"}},"geometry":{"type":"Polygon","coordinates":[[[39.180571,38.68025],[39.180861,38.680046],[39.180999,38.680165],[39.180825,38.680288],[39.180838,38.680299],[39.180722,38.68038],[39.180571,38.68025]]]}},{"type":"Feature","id":"way/1396845100","properties":{"osm_id":"way/1396845100","osm_type":"way","building":"yes","name":null,"levels":null,"source":"OpenStreetMap","source_url":"https://www.openstreetmap.org/copyright","licence":"ODbL 1.0","retrieved_on":"2026-09-03","vulnerability_function_id":null,"vulnerability_class":"Not assigned","osm_tags":{"building":"yes","source":"microsoft/BuildingFootprints"}},"geometry":{"type":"Polygon","coordinates":[[[39.181548,38.680372],[39.181585,38.680285],[39.18173,38.680323],[39.181693,38.68041],[39.181548,38.680372]]]}},{"type":"Feature","id":"way/1396845101","properties":{"osm_id":"way/1396845101","osm_type":"way","building":"yes","name":null,"levels":null,"source":"OpenStreetMap","source_url":"https://www.openstreetmap.org/copyright","licence":"ODbL 1.0","retrieved_on":"2026-09-03","vulnerability_function_id":null,"vulnerability_class":"Not assigned","osm_tags":{"building":"yes","source":"microsoft/BuildingFootprints"}},"geometry":{"type":"Polygon","coordinates":[[[39.181181,38.680116],[39.181304,38.679953],[39.181627,38.680102],[39.181504,38.680265],[39.181181,38.680116]]]}},{"type":"Feature","id":"way/1396845102","properties":{"osm_id":"way/1396845102","osm_type":"way","building":"yes","name":null,"levels":null,"source":"OpenStreetMap","source_url":"https://www.openstreetmap.org/copyright","licence":"ODbL 1.0","retrieved_on":"2026-09-03","vulnerability_function_id":null,"vulnerability_class":"Not assigned","osm_tags":{"building":"yes","source":"microsoft/BuildingFootprints"}},"geometry":{"type":"Polygon","coordinates":[[[39.180649,38.681067],[39.180712,38.680895],[39.181121,38.680985],[39.181063,38.681147],[39.180967,38.681126],[39.180948,38.681178],[39.180734,38.681131],[39.18075,38.681089],[39.180649,38.681067]]]}},{"type":"Feature","id":"way/1396845103","properties":{"osm_id":"way/1396845103","osm_type":"way","building":"yes","name":null,"levels":null,"source":"OpenStreetMap","source_url":"https://www.openstreetmap.org/copyright","licence":"ODbL 1.0","retrieved_on":"2026-09-03","vulnerability_function_id":null,"vulnerability_class":"Not assigned","osm_tags":{"building":"yes"}},"geometry":{"type":"Polygon","coordinates":[[[39.178951,38.681298],[39.179169,38.680895],[39.179935,38.680897],[39.18013,38.681305],[39.179974,38.68135],[39.179842,38.681075],[39.179256,38.681077],[39.179109,38.68135],[39.178951,38.681298]]]}},{"type":"Feature","id":"way/1396845110","properties":{"osm_id":"way/1396845110","osm_type":"way","building":"yes","name":null,"levels":null,"source":"OpenStreetMap","source_url":"https://www.openstreetmap.org/copyright","licence":"ODbL 1.0","retrieved_on":"2026-09-03","vulnerability_function_id":null,"vulnerability_class":"Not assigned","osm_tags":{"building":"yes","source":"microsoft/BuildingFootprints"}},"geometry":{"type":"Polygon","coordinates":[[[39.180114,38.678612],[39.180186,38.6787],[39.179974,38.678806],[39.179902,38.678717],[39.180114,38.678612]]]}},{"type":"Feature","id":"way/1396845114","properties":{"osm_id":"way/1396845114","osm_type":"way","building":"yes","name":null,"levels":null,"source":"OpenStreetMap","source_url":"https://www.openstreetmap.org/copyright","licence":"ODbL 1.0","retrieved_on":"2026-09-03","vulnerability_function_id":null,"vulnerability_class":"Not assigned","osm_tags":{"building":"yes"}},"geometry":{"type":"Polygon","coordinates":[[[39.180184,38.676578],[39.180484,38.676658],[39.180377,38.676902],[39.180077,38.676822],[39.180184,38.676578]]]}},{"type":"Feature","id":"way/1396845116","properties":{"osm_id":"way/1396845116","osm_type":"way","building":"yes","name":null,"levels":null,"source":"OpenStreetMap","source_url":"https://www.openstreetmap.org/copyright","licence":"ODbL 1.0","retrieved_on":"2026-09-03","vulnerability_function_id":null,"vulnerability_class":"Not assigned","osm_tags":{"building":"yes","source":"microsoft/BuildingFootprints"}},"geometry":{"type":"Polygon","coordinates":[[[39.179801,38.676069],[39.180302,38.676199],[39.180293,38.676219],[39.180343,38.676232],[39.180378,38.676148],[39.180515,38.676184],[39.180392,38.676472],[39.180216,38.676427],[39.180233,38.676389],[39.179887,38.676299],[39.179876,38.676326],[39.17971,38.676283],[39.179801,38.676069]]]}},{"type":"Feature","id":"way/1396845131","properties":{"osm_id":"way/1396845131","osm_type":"way","building":"yes","name":null,"levels":null,"source":"OpenStreetMap","source_url":"https://www.openstreetmap.org/copyright","licence":"ODbL 1.0","retrieved_on":"2026-09-03","vulnerability_function_id":null,"vulnerability_class":"Not assigned","osm_tags":{"building":"yes","source":"microsoft/BuildingFootprints"}},"geometry":{"type":"Polygon","coordinates":[[[39.183501,38.671997],[39.183508,38.672117],[39.183382,38.672122],[39.183375,38.672002],[39.183501,38.671997]]]}},{"type":"Feature","id":"way/1396845132","properties":{"osm_id":"way/1396845132","osm_type":"way","building":"yes","name":null,"levels":null,"source":"OpenStreetMap","source_url":"https://www.openstreetmap.org/copyright","licence":"ODbL 1.0","retrieved_on":"2026-09-03","vulnerability_function_id":null,"vulnerability_class":"Not assigned","osm_tags":{"building":"yes","source":"microsoft/BuildingFootprints"}},"geometry":{"type":"Polygon","coordinates":[[[39.181919,38.671989],[39.181939,38.67214],[39.18175,38.672156],[39.181729,38.672005],[39.181919,38.671989]]]}},{"type":"Feature","id":"way/1396845133","properties":{"osm_id":"way/1396845133","osm_type":"way","building":"yes","name":null,"levels":null,"source":"OpenStreetMap","source_url":"https://www.openstreetmap.org/copyright","licence":"ODbL 1.0","retrieved_on":"2026-09-03","vulnerability_function_id":null,"vulnerability_class":"Not assigned","osm_tags":{"building":"yes","source":"microsoft/BuildingFootprints"}},"geometry":{"type":"Polygon","coordinates":[[[39.182569,38.672245],[39.182133,38.672295],[39.182102,38.672131],[39.182231,38.672116],[39.182239,38.672159],[39.182366,38.672144],[39.182359,38.672105],[39.182538,38.672085],[39.182569,38.672245]]]}},{"type":"Feature","id":"way/1396845134","properties":{"osm_id":"way/1396845134","osm_type":"way","building":"yes","name":null,"levels":null,"source":"OpenStreetMap","source_url":"https://www.openstreetmap.org/copyright","licence":"ODbL 1.0","retrieved_on":"2026-09-03","vulnerability_function_id":null,"vulnerability_class":"Not assigned","osm_tags":{"building":"yes","source":"microsoft/BuildingFootprints"}},"geometry":{"type":"Polygon","coordinates":[[[39.182567,38.671563],[39.182512,38.67154],[39.182496,38.671564],[39.182359,38.671509],[39.182379,38.671478],[39.182337,38.671461],[39.182429,38.671322],[39.182663,38.671417],[39.182567,38.671563]]]}},{"type":"Feature","id":"way/1396845135","properties":{"osm_id":"way/1396845135","osm_type":"way","building":"yes","name":null,"levels":null,"source":"OpenStreetMap","source_url":"https://www.openstreetmap.org/copyright","licence":"ODbL 1.0","retrieved_on":"2026-09-03","vulnerability_function_id":null,"vulnerability_class":"Not assigned","osm_tags":{"building":"yes"}},"geometry":{"type":"Polygon","coordinates":[[[39.183255,38.671428],[39.183145,38.671588],[39.183104,38.671571],[39.183086,38.671598],[39.182927,38.671531],[39.182947,38.671501],[39.1829,38.671482],[39.183008,38.671324],[39.183255,38.671428]]]}},{"type":"Feature","id":"way/1396845136","properties":{"osm_id":"way/1396845136","osm_type":"way","building":"yes","name":null,"levels":null,"source":"OpenStreetMap","source_url":"https://www.openstreetmap.org/copyright","licence":"ODbL 1.0","retrieved_on":"2026-09-03","vulnerability_function_id":null,"vulnerability_class":"Not assigned","osm_tags":{"building":"yes","source":"microsoft/BuildingFootprints"}},"geometry":{"type":"Polygon","coordinates":[[[39.183478,38.671152],[39.183261,38.671046],[39.183427,38.67084],[39.183644,38.670946],[39.183478,38.671152]]]}},{"type":"Feature","id":"way/1396845137","properties":{"osm_id":"way/1396845137","osm_type":"way","building":"yes","name":null,"levels":null,"source":"OpenStreetMap","source_url":"https://www.openstreetmap.org/copyright","licence":"ODbL 1.0","retrieved_on":"2026-09-03","vulnerability_function_id":null,"vulnerability_class":"Not assigned","osm_tags":{"building":"yes","source":"microsoft/BuildingFootprints"}},"geometry":{"type":"Polygon","coordinates":[[[39.183905,38.671095],[39.183835,38.671199],[39.183623,38.671112],[39.183692,38.671008],[39.183905,38.671095]]]}},{"type":"Feature","id":"way/1396845138","properties":{"osm_id":"way/1396845138","osm_type":"way","building":"yes","name":null,"levels":null,"source":"OpenStreetMap","source_url":"https://www.openstreetmap.org/copyright","licence":"ODbL 1.0","retrieved_on":"2026-09-03","vulnerability_function_id":null,"vulnerability_class":"Not assigned","osm_tags":{"building":"yes","source":"microsoft/BuildingFootprints"}},"geometry":{"type":"Polygon","coordinates":[[[39.183571,38.671157],[39.183779,38.671252],[39.183633,38.671447],[39.183468,38.671372],[39.183547,38.671265],[39.183505,38.671246],[39.183571,38.671157]]]}},{"type":"Feature","id":"way/1396845139","properties":{"osm_id":"way/1396845139","osm_type":"way","building":"yes","name":null,"levels":null,"source":"OpenStreetMap","source_url":"https://www.openstreetmap.org/copyright","licence":"ODbL 1.0","retrieved_on":"2026-09-03","vulnerability_function_id":null,"vulnerability_class":"Not assigned","osm_tags":{"building":"yes","source":"microsoft/BuildingFootprints"}},"geometry":{"type":"Polygon","coordinates":[[[39.183251,38.671546],[39.183369,38.671373],[39.183468,38.671414],[39.18335,38.671587],[39.183251,38.671546]]]}},{"type":"Feature","id":"way/1396845140","properties":{"osm_id":"way/1396845140","osm_type":"way","building":"yes","name":null,"levels":null,"source":"OpenStreetMap","source_url":"https://www.openstreetmap.org/copyright","licence":"ODbL 1.0","retrieved_on":"2026-09-03","vulnerability_function_id":null,"vulnerability_class":"Not assigned","osm_tags":{"building":"yes","source":"microsoft/BuildingFootprints"}},"geometry":{"type":"Polygon","coordinates":[[[39.183629,38.67146],[39.183543,38.671576],[39.183422,38.67152],[39.183508,38.671405],[39.183629,38.67146]]]}},{"type":"Feature","id":"way/1396845141","properties":{"osm_id":"way/1396845141","osm_type":"way","building":"yes","name":null,"levels":null,"source":"OpenStreetMap","source_url":"https://www.openstreetmap.org/copyright","licence":"ODbL 1.0","retrieved_on":"2026-09-03","vulnerability_function_id":null,"vulnerability_class":"Not assigned","osm_tags":{"building":"yes","source":"microsoft/BuildingFootprints"}},"geometry":{"type":"Polygon","coordinates":[[[39.183852,38.671776],[39.183986,38.671766],[39.184,38.671881],[39.183866,38.671891],[39.183852,38.671776]]]}},{"type":"Feature","id":"way/1396845142","properties":{"osm_id":"way/1396845142","osm_type":"way","building":"yes","name":null,"levels":null,"source":"OpenStreetMap","source_url":"https://www.openstreetmap.org/copyright","licence":"ODbL 1.0","retrieved_on":"2026-09-03","vulnerability_function_id":null,"vulnerability_class":"Not assigned","osm_tags":{"building":"yes","source":"microsoft/BuildingFootprints"}},"geometry":{"type":"Polygon","coordinates":[[[39.183166,38.670807],[39.183093,38.670904],[39.182954,38.67084],[39.183027,38.670743],[39.183166,38.670807]]]}},{"type":"Feature","id":"way/1396845143","properties":{"osm_id":"way/1396845143","osm_type":"way","building":"yes","name":null,"levels":null,"source":"OpenStreetMap","source_url":"https://www.openstreetmap.org/copyright","licence":"ODbL 1.0","retrieved_on":"2026-09-03","vulnerability_function_id":null,"vulnerability_class":"Not assigned","osm_tags":{"building":"yes","source":"microsoft/BuildingFootprints"}},"geometry":{"type":"Polygon","coordinates":[[[39.18239,38.67087],[39.182505,38.670922],[39.182433,38.671019],[39.182318,38.670968],[39.18239,38.67087]]]}},{"type":"Feature","id":"way/1396845145","properties":{"osm_id":"way/1396845145","osm_type":"way","building":"yes","name":null,"levels":null,"source":"OpenStreetMap","source_url":"https://www.openstreetmap.org/copyright","licence":"ODbL 1.0","retrieved_on":"2026-09-03","vulnerability_function_id":null,"vulnerability_class":"Not assigned","osm_tags":{"building":"yes","source":"microsoft/BuildingFootprints"}},"geometry":{"type":"Polygon","coordinates":[[[39.180981,38.670735],[39.181168,38.670523],[39.181348,38.670619],[39.181162,38.670832],[39.180981,38.670735]]]}},{"type":"Feature","id":"way/1396845146","properties":{"osm_id":"way/1396845146","osm_type":"way","building":"yes","name":null,"levels":null,"source":"OpenStreetMap","source_url":"https://www.openstreetmap.org/copyright","licence":"ODbL 1.0","retrieved_on":"2026-09-03","vulnerability_function_id":null,"vulnerability_class":"Not assigned","osm_tags":{"building":"yes","source":"microsoft/BuildingFootprints"}},"geometry":{"type":"Polygon","coordinates":[[[39.18154,38.671385],[39.181423,38.6715],[39.181318,38.671436],[39.181435,38.67132],[39.18154,38.671385]]]}},{"type":"Feature","id":"way/1396845147","properties":{"osm_id":"way/1396845147","osm_type":"way","building":"yes","name":null,"levels":null,"source":"OpenStreetMap","source_url":"https://www.openstreetmap.org/copyright","licence":"ODbL 1.0","retrieved_on":"2026-09-03","vulnerability_function_id":null,"vulnerability_class":"Not assigned","osm_tags":{"building":"yes","source":"microsoft/BuildingFootprints"}},"geometry":{"type":"Polygon","coordinates":[[[39.180071,38.671383],[39.180117,38.671547],[39.179887,38.671587],[39.179841,38.671423],[39.180071,38.671383]]]}},{"type":"Feature","id":"way/1396845150","properties":{"osm_id":"way/1396845150","osm_type":"way","building":"yes","name":null,"levels":null,"source":"OpenStreetMap","source_url":"https://www.openstreetmap.org/copyright","licence":"ODbL 1.0","retrieved_on":"2026-09-03","vulnerability_function_id":null,"vulnerability_class":"Not assigned","osm_tags":{"building":"yes","source":"microsoft/BuildingFootprints"}},"geometry":{"type":"Polygon","coordinates":[[[39.180118,38.671765],[39.179951,38.671792],[39.179906,38.671624],[39.180073,38.671596],[39.180118,38.671765]]]}},{"type":"Feature","id":"way/1396845151","properties":{"osm_id":"way/1396845151","osm_type":"way","building":"yes","name":null,"levels":null,"source":"OpenStreetMap","source_url":"https://www.openstreetmap.org/copyright","licence":"ODbL 1.0","retrieved_on":"2026-09-03","vulnerability_function_id":null,"vulnerability_class":"Not assigned","osm_tags":{"building":"yes","source":"microsoft/BuildingFootprints"}},"geometry":{"type":"Polygon","coordinates":[[[39.180216,38.671805],[39.180251,38.671943],[39.179999,38.671983],[39.179964,38.671845],[39.180216,38.671805]]]}},{"type":"Feature","id":"way/1396845152","properties":{"osm_id":"way/1396845152","osm_type":"way","building":"yes","name":null,"levels":null,"source":"OpenStreetMap","source_url":"https://www.openstreetmap.org/copyright","licence":"ODbL 1.0","retrieved_on":"2026-09-03","vulnerability_function_id":null,"vulnerability_class":"Not assigned","osm_tags":{"building":"yes","source":"microsoft/BuildingFootprints"}},"geometry":{"type":"Polygon","coordinates":[[[39.179982,38.670959],[39.180026,38.671109],[39.179758,38.671157],[39.179714,38.671007],[39.179982,38.670959]]]}},{"type":"Feature","id":"way/1396845153","properties":{"osm_id":"way/1396845153","osm_type":"way","building":"yes","name":null,"levels":null,"source":"OpenStreetMap","source_url":"https://www.openstreetmap.org/copyright","licence":"ODbL 1.0","retrieved_on":"2026-09-03","vulnerability_function_id":null,"vulnerability_class":"Not assigned","osm_tags":{"building":"yes","source":"microsoft/BuildingFootprints"}},"geometry":{"type":"Polygon","coordinates":[[[39.18037,38.671064],[39.18044,38.671239],[39.180184,38.671302],[39.180113,38.671127],[39.18037,38.671064]]]}},{"type":"Feature","id":"way/1396845154","properties":{"osm_id":"way/1396845154","osm_type":"way","building":"yes","name":null,"levels":null,"source":"OpenStreetMap","source_url":"https://www.openstreetmap.org/copyright","licence":"ODbL 1.0","retrieved_on":"2026-09-03","vulnerability_function_id":null,"vulnerability_class":"Not assigned","osm_tags":{"building":"yes","source":"microsoft/BuildingFootprints"}},"geometry":{"type":"Polygon","coordinates":[[[39.180548,38.670498],[39.18076,38.670434],[39.180811,38.670534],[39.180598,38.670599],[39.180548,38.670498]]]}},{"type":"Feature","id":"way/1396845155","properties":{"osm_id":"way/1396845155","osm_type":"way","building":"yes","name":null,"levels":null,"source":"OpenStreetMap","source_url":"https://www.openstreetmap.org/copyright","licence":"ODbL 1.0","retrieved_on":"2026-09-03","vulnerability_function_id":null,"vulnerability_class":"Not assigned","osm_tags":{"building":"yes","source":"microsoft/BuildingFootprints"}},"geometry":{"type":"Polygon","coordinates":[[[39.180114,38.670556],[39.180153,38.670651],[39.179912,38.67071],[39.179873,38.670616],[39.180114,38.670556]]]}},{"type":"Feature","id":"way/1396845160","properties":{"osm_id":"way/1396845160","osm_type":"way","building":"yes","name":null,"levels":null,"source":"OpenStreetMap","source_url":"https://www.openstreetmap.org/copyright","licence":"ODbL 1.0","retrieved_on":"2026-09-03","vulnerability_function_id":null,"vulnerability_class":"Not assigned","osm_tags":{"building":"yes","source":"microsoft/BuildingFootprints"}},"geometry":{"type":"Polygon","coordinates":[[[39.180437,38.669947],[39.180308,38.670007],[39.180068,38.669693],[39.180197,38.669633],[39.180437,38.669947]]]}},{"type":"Feature","id":"way/1433410255","properties":{"osm_id":"way/1433410255","osm_type":"way","building":"industrial","name":null,"levels":null,"source":"OpenStreetMap","source_url":"https://www.openstreetmap.org/copyright","licence":"ODbL 1.0","retrieved_on":"2026-09-03","vulnerability_function_id":null,"vulnerability_class":"Not assigned","osm_tags":{"building":"industrial"}},"geometry":{"type":"Polygon","coordinates":[[[39.215723,38.664881],[39.215886,38.664898],[39.215899,38.664823],[39.216364,38.664873],[39.216398,38.664681],[39.21577,38.664613],[39.215723,38.664881]]]}},{"type":"Feature","id":"way/1470360594","properties":{"osm_id":"way/1470360594","osm_type":"way","building":"apartments","name":null,"levels":null,"source":"OpenStreetMap","source_url":"https://www.openstreetmap.org/copyright","licence":"ODbL 1.0","retrieved_on":"2026-09-03","vulnerability_function_id":null,"vulnerability_class":"Not assigned","osm_tags":{"building":"apartments"}},"geometry":{"type":"Polygon","coordinates":[[[39.186068,38.671776],[39.186011,38.671443],[39.186334,38.671409],[39.186392,38.671742],[39.186068,38.671776]]]}},{"type":"Feature","id":"way/1470360595","properties":{"osm_id":"way/1470360595","osm_type":"way","building":"apartments","name":null,"levels":null,"source":"OpenStreetMap","source_url":"https://www.openstreetmap.org/copyright","licence":"ODbL 1.0","retrieved_on":"2026-09-03","vulnerability_function_id":null,"vulnerability_class":"Not assigned","osm_tags":{"building":"apartments"}},"geometry":{"type":"Polygon","coordinates":[[[39.185064,38.67189],[39.185006,38.671557],[39.18533,38.671523],[39.185387,38.671856],[39.185064,38.67189]]]}},{"type":"Feature","id":"way/1470360596","properties":{"osm_id":"way/1470360596","osm_type":"way","building":"apartments","name":null,"levels":null,"source":"OpenStreetMap","source_url":"https://www.openstreetmap.org/copyright","licence":"ODbL 1.0","retrieved_on":"2026-09-03","vulnerability_function_id":null,"vulnerability_class":"Not assigned","osm_tags":{"building":"apartments"}},"geometry":{"type":"Polygon","coordinates":[[[39.185517,38.671856],[39.185459,38.671523],[39.185782,38.671489],[39.18584,38.671822],[39.185517,38.671856]]]}},{"type":"Feature","id":"way/1470360597","properties":{"osm_id":"way/1470360597","osm_type":"way","building":"yes","name":null,"levels":null,"source":"OpenStreetMap","source_url":"https://www.openstreetmap.org/copyright","licence":"ODbL 1.0","retrieved_on":"2026-09-03","vulnerability_function_id":null,"vulnerability_class":"Not assigned","osm_tags":{"building":"yes"}},"geometry":{"type":"Polygon","coordinates":[[[39.195676,38.671514],[39.196012,38.670603],[39.196386,38.670688],[39.196651,38.670921],[39.19637,38.671677],[39.195676,38.671514]]]}},{"type":"Feature","id":"way/1470377030","properties":{"osm_id":"way/1470377030","osm_type":"way","building":"mosque","name":null,"levels":null,"source":"OpenStreetMap","source_url":"https://www.openstreetmap.org/copyright","licence":"ODbL 1.0","retrieved_on":"2026-09-03","vulnerability_function_id":null,"vulnerability_class":"Not assigned","osm_tags":{"amenity":"place_of_worship","building":"mosque","denomination":"sunni","religion":"muslim"}},"geometry":{"type":"Polygon","coordinates":[[[39.223295,38.685977],[39.223291,38.68582],[39.223499,38.685817],[39.223503,38.685973],[39.223295,38.685977]]]}}]}
