location_id,receiver_latitude,receiver_longitude,repi_km,analysed_pga_g,analysed_loss_ratio,global_cmt_pga_g,global_cmt_loss_ratio,pga_difference_g,loss_ratio_difference
1,36.72096109074584,27.69836368910687,1020.340796589425,0.0011528786404047255,0.0,0.001152921463039636,0.0,-4.2822634910505766e-08,0.0
2,36.417191513385696,29.219352315419773,898.4014366105364,0.0009664577407343177,0.0,0.0009665041642984651,0.0,-4.6423564147371477e-08,0.0
3,36.37179313674507,29.435717386047425,881.4244800304766,0.0009943443302581074,0.0,0.00099439395033463,0.0,-4.9620076522692916e-08,0.0
4,36.325896593947036,29.651846979451506,864.5788314606356,0.0011532124967858232,0.0,0.001153272288867526,0.0,-5.979208170269791e-08,0.0
5,36.27950273785293,29.867739251599964,847.8726052372959,0.001195618652509435,0.0,0.0011956831067073618,0.0,-6.44541979268054e-08,0.0
6,36.812778166161735,28.180481980929358,976.1999333711619,0.0008431277619515401,0.0,0.0008431620657311489,0.0,-3.4303779608774523e-08,0.0
7,36.68220746960079,28.83383397052426,923.3716931911721,0.0009698117080089942,0.0,0.0009698558044862464,0.0,-4.4096477252227734e-08,0.0
8,36.59264935767198,29.268243574844124,888.6637156711179,0.0009724930942625339,0.0,0.0009725408374740662,0.0,-4.774321153222863e-08,0.0
9,36.54711954207101,29.485095047916403,871.4821399017148,0.0010113060345356218,0.0,0.0010113576586968202,0.0,-5.1624161198464413e-08,0.0
10,36.501090360535215,29.701708444928247,854.4251388110454,0.0011572852284722703,0.0,0.001157346668896238,0.0,-6.144042396767982e-08,0.0
11,36.45456267568672,29.91808190571509,837.5006149692814,0.0011695227511116103,0.0,0.0011695873790981033,0.0,-6.462798649302555e-08,0.0
12,36.40753735580809,30.13421359609482,820.7170665587851,0.0011059754475633698,0.0,0.0011060391016666415,0.0,-6.365410327177981e-08,0.0
13,36.36001527472258,30.350101707955858,804.0836355904827,0.0011402584807300577,0.0,0.001140326850091272,0.0,-6.836936121434357e-08,0.0
14,37.11519768140355,27.57032760776377,1021.8119944008107,0.0008115348507384766,0.0,0.000811564986660983,0.0,-3.013592250647023e-08,0.0
15,37.07357073840816,27.789523470531773,1003.7049169965071,0.000833462295202048,0.0,0.000833494371831955,0.0,-3.207662990702565e-08,0.0
16,37.031436462820096,28.00849457438754,985.670775678723,0.0009162470944518087,0.0,0.0009162836538369924,0.0,-3.6559385183706355e-08,0.0
17,36.98879567715674,28.22723883579452,967.713863388015,0.0010191974834320825,0.0,0.001019239660916297,0.0,-4.2177484214618935e-08,0.0
18,36.945649210603236,28.44575419669056,949.8387841381019,0.0008782572961054399,0.0,0.000878295039540417,0.0,-3.774343497714005e-08,0.0
19,36.90199789889339,28.66403862461807,932.0504790568691,0.001471103030243736,0.0,0.0014711682046218884,0.0,-6.517437815237344e-08,0.0
20,36.8578425841903,28.88209011284875,914.3542547853838,0.0009295620430465692,0.0,0.000929605151155571,0.0,-4.310810900181195e-08,0.0
21,36.81318411496639,29.099906680503015,896.7558144396429,0.0010152586079461038,0.0,0.0010153075504181696,0.0,-4.894247206577336e-08,0.0
22,36.76802334588332,29.317486372664064,879.2612913507638,0.0012115022172095116,0.0,0.0012115629277159267,0.0,-6.071050641506467e-08,0.0
23,36.722361137671335,29.534827260486637,861.8772858084808,0.001028155976923157,0.0,0.0010282096370976886,0.0,-5.366017453165353e-08,0.0
24,36.67619835700851,29.7519274413005,844.6109050389775,0.0010596516348828047,0.0,0.0010597092222484601,0.0,-5.758736565538401e-08,0.0
25,36.62953587639955,29.968785038708628,827.4698066499907,0.0010925858083623038,0.0,0.0010926476700640795,0.0,-6.186170177567389e-08,0.0
26,36.58237457405441,30.185398202680236,810.4622457718809,0.0011269043965366713,0.0,0.0011269709062324959,0.0,-6.650969582456395e-08,0.0
27,36.53471533376674,30.401765109638546,793.5971261107738,0.0011627952392800033,0.0,0.001162866813887195,0.0,-7.157460719183113e-08,0.0
28,37.33275060519027,27.395957680602272,1032.4504785874278,0.0008204444325560773,0.0,0.0008204742735991711,0.0,-2.984104309380724e-08,0.0
29,37.291509817212145,27.615891812868817,1014.1275276905196,0.0008207215762922443,0.0,0.0008207525168518234,0.0,-3.0940559579044694e-08,0.0
30,37.249759579890274,27.83560079611834,995.8685719280718,0.0008432607051679722,0.0,0.0008432936715054592,0.0,-3.296633748698773e-08,0.0
31,37.207500718476226,28.055082501628146,977.6774052087601,0.0008667633861373897,0.0,0.0008667985435980826,0.0,-3.51574606928225e-08,0.0
32,37.16473406506914,28.274334826403585,959.558099829468,0.0008912813725925742,0.0,0.0008913189023144072,0.0,-3.752972183306176e-08,0.0
33,37.12146045849537,28.493355693314186,941.5150303542608,0.0009176114064283818,0.0,0.0009176515394146953,0.0,-4.013298631356382e-08,0.0
34,37.07768074418756,28.7121430512243,923.5528997625017,0.0009157902853341072,0.0,0.0009158319132547821,0.0,-4.1627920674869485e-08,0.0
35,37.0333957740634,28.930694875118274,905.6767680852729,0.0009428736098727502,0.0,0.0009429181769349755,0.0,-4.45670622253435e-08,0.0
36,36.98860640640396,29.149009166220107,887.8920837668104,0.0009837185871493324,0.0,0.0009837669646503107,0.0,-4.837750097828192e-08,0.0
37,36.94331350573155,29.36708395210768,870.2047180050546,0.0011858431851825893,0.0,0.001185903866281381,0.0,-6.068109879159289e-08,0.0
38,36.89751794268751,29.584917286821582,852.6210023420545,0.0010448428731924672,0.0,0.001044898594263199,0.0,-5.572107073187685e-08,0.0
39,36.85122059390943,29.802507250968524,835.1477697899513,0.0010776036526085001,0.0,0.001077663549758211,0.0,-5.989714971081118e-08,0.0
40,36.804422341908214,30.019851951819366,817.792399790322,0.0013247978290951278,0.0,0.0013248745722909902,0.0,-7.674319586238598e-08,0.0
41,36.75712407494494,30.23694952340187,800.5628673121669,0.0011477430954304926,0.0,0.0011478125199504599,0.0,-6.942451996725003e-08,0.0
42,36.70932668690744,30.453798126588048,783.4677963946559,0.0011852797939030616,0.0,0.001185354650436477,0.0,-7.485653341545578e-08,0.0
43,36.25683986364875,32.39394190600924,637.4911005050847,0.0016117946231334558,0.0,0.001611948338688015,0.0,-1.53715554559097e-07,0.0
44,36.204101578044884,32.608205630981665,622.406137219007,0.0016993376880801952,0.0,0.0016995076896703745,0.0,-1.7000159017923483e-07,0.0
45,36.150874340066636,32.8222019486659,607.6137184623911,0.001761360773436353,0.0,0.0017615456573478031,0.0,-1.8488391145018816e-07,0.0
46,37.549961438045116,27.220656792268496,1043.7582224991581,0.001300548800594055,0.0,0.0013005946764131481,0.0,-4.5875819093196823e-08,0.0
47,37.50910933878911,27.44133539370733,1025.2363756616678,0.0010631965274930221,0.0,0.0010632356910126916,0.0,-3.9163519669448144e-08,0.0
48,37.467745653388846,27.661788489963506,1006.7702642272191,0.0008296810690912542,0.0,0.0008297128061054485,0.0,-3.173701419430328e-08,0.0
49,37.42587120970863,27.8820139063209,988.3632137728594,0.0008528269906840769,0.0,0.0008528608391301176,0.0,-3.384844604072384e-08,0.0
50,37.38348684264381,28.1020094940455,970.0187963804606,0.000988055972446493,0.0,0.0009880966722008908,0.0,-4.069975439785142e-08,0.0
51,37.34059339399904,28.32177313052782,951.7408521967529,0.0009022191937663929,0.0,0.0009022578104923867,0.0,-3.861672599378939e-08,0.0
52,37.29719171236591,28.541302719419615,933.5335131217262,0.0009285824628685037,0.0,0.0009286237729447862,0.0,-4.131007628257067e-08,0.0
53,37.25328265300026,28.76059619076499,915.4012288474465,0.0009279771730978675,0.0,0.0009280201093556313,0.0,-4.293625776381933e-08,0.0
54,37.20886707769907,28.979651501125915,897.3487954911429,0.0009559511670510216,0.0,0.0009559971945702659,0.0,-4.6027519244335596e-08,0.0
55,37.16394585467681,29.198466633702182,879.3813870894475,0.0011271318593463256,0.0,0.0011271883489001751,0.0,-5.648955384951297e-08,0.0
56,37.11851985844161,29.417039598445704,861.5045902447189,0.0011647939394090429,0.0,0.0011648547622801788,0.0,-6.082287113589116e-08,0.0
57,37.0725899696711,29.635368432169425,843.7244422388708,0.0010613120293559123,0.0,0.0010613698281731194,0.0,-5.779881720718166e-08,0.0
58,37.02615707508775,29.85345119865057,826.0474729545532,0.0010953516914541225,0.0,0.001095413923436137,0.0,-6.223198201443618e-08,0.0
59,36.97922206733419,30.071285988728555,808.48075096665,0.001268651408602258,0.0,0.0012687266259987715,0.0,-7.52173965135397e-08,0.0
60,36.931785844848164,30.288870920397333,791.0319341877195,0.0011684215669185644,0.0,0.001168493954862494,0.0,-7.238794392963425e-08,0.0
61,36.88384931173726,30.506204138892407,773.7093254670167,0.0012076364687109175,0.0,0.0012077146723422144,0.0,-7.820363129686439e-08,0.0
62,36.48245612885767,32.23559469029164,640.9350096301465,0.0015989029152137073,0.0,0.001599053768038351,0.0,-1.5085282464378028e-07,0.0
63,36.43005835830706,32.45058355687311,625.2633718832286,0.0016705378542089112,0.0,0.001670703456903544,0.0,-1.6560269463280347e-07,0.0
64,36.3771696024007,32.66530367625988,609.8529516614811,0.0018994046802287895,0.0,0.0018996025227373393,0.0,-1.978425085498621e-07,0.0
65,36.323790819315875,32.87975349757471,594.7245630565884,0.001787550790313457,0.0,0.0017877466485370168,0.0,-1.9585822355985306e-07,0.0
66,36.26992297139023,33.0939314978176,579.9008081312456,0.0018560745201733793,0.0,0.0018562884083528379,0.0,-2.1388817945857536e-07,0.0
67,36.21556702499643,33.30783618188619,565.4061985294956,0.0019274266608405406,0.0,0.001927660296060273,0.0,-2.3363521973237406e-07,0.0
68,36.16072395041664,33.52146608259121,551.2672709236823,0.0020015539119587512,0.0,0.00200180912706439,0.0,-2.5521510563881675e-07,0.0
69,37.72636735156866,27.265841880490992,1037.008494367879,0.0008391785441961446,0.0,0.0008392087972380768,0.0,-3.025304193217306e-08,0.0
70,37.685392768940616,27.48704535792401,1018.3523078745587,0.0011770610449590194,0.0,0.0011771049180102832,0.0,-4.3873051263796856e-08,0.0
71,37.643905273565125,27.708020787457276,999.7471638726144,0.0009383834837690976,0.0,0.0009384198748525457,0.0,-3.639108344809412e-08,0.0
72,37.601905703011674,27.928765973795194,981.1961687723867,0.0009471396141259326,0.0,0.0009471777485525729,0.0,-3.813442664033981e-08,0.0
73,37.559394901944735,28.1492787480275,962.7026641319995,0.0008869438345210269,0.0,0.0008869809380938712,0.0,-3.710357284435195e-08,0.0
74,37.516373722000075,28.369556967772358,944.2702477872008,0.000912883133039449,0.0,0.0009129228267022383,0.0,-3.969366278928129e-08,0.0
75,37.47284302166057,28.589598517313622,925.9027971476861,0.001041762890156136,0.0,0.001041809989468961,0.0,-4.709931282508885e-08,0.0
76,37.42880366613154,28.809401307732443,907.6044948994628,0.001021699450688419,0.0,0.0010217475308629447,0.0,-4.8080174525760855e-08,0.0
77,37.38425652721572,29.02896327703308,889.3798573790706,0.001139471256557494,0.0,0.0011395270814631509,0.0,-5.5824905656910034e-08,0.0
78,37.33920248318786,29.248282390263093,871.2337659139301,0.0010022735784228857,0.0,0.0010023247714349834,0.0,-5.119301209766808e-08,0.0
79,37.29364241866886,29.467356639627766,853.1715014537696,0.0013196535216527317,0.0,0.001319723729156233,0.0,-7.020750350137869e-08,0.0
80,37.247577224499736,29.686184044598946,835.1987828506126,0.001063932543921816,0.0,0.0010639916752152553,0.0,-5.91312934391814e-08,0.0
81,37.20100779761518,29.904762652018224,817.3218091789512,0.001112832411104824,0.0,0.0011128969928839532,0.0,-6.458177912913553e-08,0.0
82,37.15393504091692,30.123090536194542,799.5473065226206,0.001220876029324643,0.0,0.0012209500546018106,0.0,-7.402527716759283e-08,0.0
83,37.10635986314674,30.34116579899628,781.8825796895891,0.0015161451424132838,0.0,0.0015162411510038325,0.0,-9.600859054862201e-08,0.0
84,37.0582831787595,30.558986569937684,764.3355693487213,0.0013161722280052893,0.0,0.0013162595469969778,0.0,-8.73189916884929e-08,0.0
85,37.00970590779576,30.776551006259982,746.9149151112949,0.001645624414479194,0.0,0.0016457385697074315,0.0,-1.141552282374423e-07,0.0
86,36.96062897575434,30.99385729300692,729.6300251015097,0.0018729574051699984,0.0,0.0018730932536968426,0.0,-1.3584852684412306e-07,0.0
87,36.911053313464876,31.21090364309496,712.4911525698824,0.0017180874785455052,0.0,0.0017182184845164312,0.0,-1.310059709260132e-07,0.0
88,36.860979856960014,31.427688297378037,695.5094800954098,0.0016263789063293214,0.0,0.0016265091535682245,0.0,-1.3024723890305706e-07,0.0
89,36.810409547347874,31.644209524707083,678.6972118884588,0.0016801071882677928,0.0,0.0016802484838270991,0.0,-1.4129555930635605e-07,0.0
90,36.75934333068417,31.86046562198417,662.0676746360721,0.0015498621213577391,0.0,0.0015499991606449204,0.0,-1.3703928718124432e-07,0.0
91,36.70778215784453,32.076454914211475,645.6354272105859,0.00160902154105719,0.0,0.0016091711404712583,0.0,-1.495994140683632e-07,0.0
92,36.655726984396765,32.29217575453506,629.4163793734846,0.001671206662331347,0.0,0.0016713701488328084,0.0,-1.634865014613681e-07,0.0
93,36.60317877047308,32.50762652428348,613.4279193264734,0.0017069320923966127,0.0,0.0017071078942215644,0.0,-1.75801824951749e-07,0.0
94,36.5501384806426,32.7228056330013,597.68904956286,0.001952933251009879,0.0,0.0019531450272456748,0.0,-2.11776235795871e-07,0.0
95,36.49660708378374,32.93771151847763,582.2205299205582,0.0020775602407900043,0.0,0.0020777976115467257,0.0,-2.3737075672148472e-07,0.0
96,36.44258555295679,33.15234264676957,567.0450259935747,0.002191891073432709,0.0,0.0021921550429296966,0.0,-2.6396949698737765e-07,0.0
97,36.3880748652767,33.3666975122209,552.1872600771097,0.0022620556266084025,0.0,0.0022623429026564336,0.0,-2.872760480310786e-07,0.0
98,36.333076001786004,33.58077463747566,537.6741605556655,0.002368929290369069,0.0,0.0023692465576332935,0.0,-3.1726726422431906e-07,0.0
99,36.27758994732781,33.79457257348715,523.5350040496232,0.0021615689516746163,0.0,0.0021618745151855165,0.0,-3.0556351090019196e-07,0.0
100,37.902698960976565,27.311358958073384,1030.590855093197,0.0008012481400774397,0.0,0.0008012773894019815,0.0,-2.9249324541721043e-08,0.0
101,37.86160098201426,27.533090738537283,1011.8047549564492,0.0011116268114534091,0.0,0.001111668837508711,0.0,-4.20260553018071e-08,0.0
102,37.819988755567046,27.754591895620326,993.0650546484361,0.0011616561307828388,0.0,0.0011617017064587903,0.0,-4.557567595151954e-08,0.0
103,37.77786312903646,27.97586021327398,974.3746354097339,0.0008711479625326196,0.0,0.0008711835377192392,0.0,-3.55751866195882e-08,0.0
104,37.73522495698334,28.196893502245825,955.7366010665075,0.0008966005432714351,0.0,0.0008966385993935598,0.0,-3.805612212469042e-08,0.0
105,37.69207510100223,28.417689600223373,937.1542985502697,0.0010374216025758232,0.0,0.0010374673842514558,0.0,-4.578167563259149e-08,0.0
106,37.64841442959521,28.63824637197186,918.6313405970569,0.0009511324947202921,0.0,0.0009511761914711245,0.0,-4.369675083240338e-08,0.0
107,37.60424381804533,28.858561709466297,900.1716308798364,0.0009852846327477666,0.0,0.0009853317729667359,0.0,-4.7140218969229236e-08,0.0
108,37.55956414828963,29.078633532017594,881.7793918583885,0.0009937476432121653,0.0,0.0009937971936147866,0.0,-4.9550402621278966e-08,0.0
109,37.514376308791824,29.298459786392918,863.4591956645164,0.001173702629427596,0.0,0.0011737636374780883,0.0,-6.100805049233209e-08,0.0
110,37.46868119441452,29.518038446930202,845.2159983774835,0.0010585789679040992,0.0,0.0010586364146594242,0.0,-5.7446755324930265e-08,0.0
111,37.42247970629121,29.73736751564691,827.0551780850604,0.001079590052845299,0.0,0.0010796512413352149,0.0,-6.118848991593442e-08,0.0
112,37.375772751697994,29.95644502234311,808.9825771693804,0.0014263828474330887,0.0,0.0014264672398135588,0.0,-8.439238047015102e-08,0.0
113,37.32856124392496,30.175269024698746,791.0045493037139,0.0012613525802165372,0.0,0.0012614307155148945,0.0,-7.813529835729721e-08,0.0
114,37.28084610214737,30.393837608365295,773.1280116955238,0.0014969359657987327,0.0,0.0014970329462927665,0.0,-9.698049403383119e-08,0.0
115,37.23262825129668,30.61214888705181,755.3605031618448,0.0012516306974372034,0.0,0.001251715733779994,0.0,-8.503634279068487e-08,0.0
116,37.18390862193136,30.83020100260529,737.7102486733144,0.00147936808572897,0.0,0.0014794734085763115,0.0,-1.0532284734155253e-07,0.0
117,37.13468815010759,31.04799212508556,720.1862310505459,0.0013438466967229017,0.0,0.0013439471298344315,0.0,-1.0043311152977026e-07,0.0
118,37.084967777249794,31.265520452834593,702.7982705372257,0.0015452911730150381,0.0,0.0015454124000759543,0.0,-1.2122706091613825e-07,0.0
119,37.03474845002119,31.482784212540363,685.5571130028752,0.0014462807651079053,0.0,0.001446400042843859,0.0,-1.1927773595362366e-07,0.0
120,36.984031120194174,31.699781659295276,668.4745275371982,0.0015438553034710335,0.0,0.0015439892050360358,0.0,-1.3390156500237525e-07,0.0
121,36.93281674452075,31.9165110766492,651.5634141767994,0.0015601833149286176,0.0,0.0015603257544436362,0.0,-1.4243951501863132e-07,0.0
122,36.88110628460294,32.13297077665716,634.837922439799,0.0016878263776146257,0.0,0.0016879886716416447,0.0,-1.6229402701904358e-07,0.0
123,36.82890070676327,32.349159099921756,618.313581215496,0.001686868961013,0.0,0.0016870399636029923,0.0,-1.710025899922217e-07,0.0
124,36.77620098191515,32.56507441563034,602.007440339954,0.0017554173359809284,0.0,0.0017556050511874466,0.0,-1.8771520651815823e-07,0.0
125,36.723008085433555,32.78071512158697,585.9382238519287,0.0019831423458474785,0.0,0.001983366119529891,0.0,-2.2377368241255705e-07,0.0
126,36.669322997025645,32.996079644239344,570.1264944261969,0.002151808212489557,0.0,0.002152064586812776,0.0,-2.563743232188165e-07,0.0
127,36.61514670060163,33.21116643870045,554.5948277725046,0.002227487584610116,0.0,0.0022277680434838907,0.0,-2.804588737745535e-07,0.0
128,36.5604801841457,33.42597398876547,539.3679948073927,0.0024096298576764138,0.0,0.0024099504850433546,0.0,-3.206273669407837e-07,0.0
129,36.505324439587206,33.64050080692341,524.4731480836468,0.0024197093937644745,0.0,0.0024200500045496714,0.0,-3.406107851968744e-07,0.0
130,36.449680462671985,33.85474543436418,509.9400072227994,0.002505594374629876,0.0,0.0025059674574125883,0.0,-3.730827827122356e-07,0.0
131,36.39354925283403,34.06870644098047,495.8010358676622,0.003961125720995349,0.0,0.003961730833544479,0.0,-6.051125491304821e-07,0.0
132,38.23867275156919,26.465870423617304,1100.5279561446218,0.0008699323089460675,0.0,0.0008699601442560433,0.0,-2.783530997580233e-08,0.0
133,38.19952124103068,26.689043979858653,1081.4723059142448,0.001199110547958155,0.0,0.001199150034588759,0.0,-3.948663060394063e-08,0.0
134,38.15985078541257,26.911993520894757,1062.449636167017,0.0007526097647894517,0.0,0.000752635616627535,0.0,-2.585183808332097e-08,0.0
135,38.11966221191549,27.134716702455528,1043.4619245055953,0.000773123365445628,0.0,0.0007731508969522837,0.0,-2.7531506655736372e-08,0.0
136,38.07895635546921,27.357211206847527,1024.511295885301,0.0008512001186459018,0.0,0.0008512315582813001,0.0,-3.1439635398344476e-08,0.0
137,38.03773405860727,27.579474743122603,1005.600035772465,0.0008311212044426617,0.0,0.0008311530705603477,0.0,-3.186611768598094e-08,0.0
138,37.99599617134094,27.801505047240376,986.7306046805292,0.0008549319228065465,0.0,0.0008549659671412801,0.0,-3.404433473357723e-08,0.0
139,37.953743551032694,28.023299882224773,967.9056542466609,0.0008798439363608192,0.0,0.0008798803484007439,0.0,-3.641203992466556e-08,0.0
140,37.910977062269,28.244857038314468,949.1280450325754,0.001006715716691335,0.0,0.0010067590319283296,0.0,-4.331523699462915e-08,0.0
141,37.867697576732795,28.46617433310727,930.4008662568671,0.0010600974780539554,0.0,0.0010601449394158876,0.0,-4.746136193214609e-08,0.0
142,37.82390597307529,28.68724961169849,911.7274576929118,0.0009782383903570399,0.0,0.0009782840139298664,0.0,-4.5623572826570744e-08,0.0
143,37.77960313678756,28.908080746813397,893.1114339966005,0.0009919385974514658,0.0,0.0009919868094961446,0.0,-4.821204467879599e-08,0.0
144,37.7347899600714,29.128665638933644,874.5567117622501,0.0011600507766819036,0.0,0.0011601095534678676,0.0,-5.877678596393973e-08,0.0
145,37.68946734171024,29.3490022164177,856.0675396433303,0.0010397553194284972,0.0,0.00103981032365517,0.0,-5.500422667272138e-08,0.0
146,37.64363618693926,29.569088435615473,837.6485319175815,0.001059296540844265,0.0,0.0010593550707486744,0.0,-5.852990440946039e-08,0.0
147,37.59729740731551,29.788922280977005,819.3047059240336,0.001219099210388287,0.0,0.0012191695996018781,0.0,-7.038921359106207e-08,0.0
148,37.550451920587655,30.008501765155213,801.0415238526116,0.001202984987596894,0.0,0.0012030576588227659,0.0,-7.267122587180895e-08,0.0
149,37.50310065056537,30.227824929102965,782.8649394255705,0.0011989434267211413,0.0,0.0011990192612211952,0.0,-7.583450005389965e-08,0.0
150,37.455244526988686,30.44688984216426,764.7814500739121,0.0012287142323994873,0.0,0.0012287956687014828,0.0,-8.143630199548314e-08,0.0
151,37.406884485396986,30.665694602159682,746.7981552807022,0.0012730847865429786,0.0,0.0012731732742878364,0.0,-8.848774485782467e-08,0.0
152,37.35802146699796,30.884237335466146,728.922821835942,0.0013199059899492915,0.0,0.0013200022845586057,0.0,-9.629460931415146e-08,0.0
153,37.30865641853633,31.10251619709097,711.1639568226402,0.0013693411176434835,0.0,0.0013694460678673793,0.0,-1.0495022389578161e-07,0.0
154,37.25879029216251,31.32052937074031,693.530889228212,0.0014215633111598082,0.0,0.0014216778714698458,0.0,-1.1456031003757687e-07,0.0
155,37.208424045301314,31.53827506888201,676.033861145003,0.0014767554296062366,0.0,0.0014768806741687966,0.0,-1.2524456255999863e-07,0.0
156,37.157558640520314,31.755751532802954,658.6841295821669,0.0016319618382268544,0.0,0.001632107600374786,0.0,-1.4576214793157738e-07,0.0
157,37.10619504539854,31.972957032660844,641.4940799489393,0.0015968263702272711,0.0,0.001596976764815975,0.0,-1.5039458870391882e-07,0.0
158,37.05433423239497,32.18988986753062,624.4773522732607,0.0016497462137684406,0.0,0.0016499101734219626,0.0,-1.6395965352208539e-07,0.0
159,37.00197717871704,32.406548365445424,607.6489811709805,0.0017311829246270838,0.0,0.001731364629227043,0.0,-1.8170459995924676e-07,0.0
160,36.949124866189415,32.62293088343228,591.025550453944,0.0018635325199883685,0.0,0.001863739242986237,0.0,-2.067229978683794e-07,0.0
161,36.895778281122645,32.839035807542466,574.6253630253983,0.0018819174685015805,0.0,0.0018821383317187074,0.0,-2.2086321712689629e-07,0.0
162,36.84193841418205,33.05486155287663,558.4686263122697,0.001963215336754173,0.0,0.0019634592544185586,0.0,-2.4391766438548387e-07,0.0
163,36.78760626025678,33.2704065636048,542.5776528660434,0.002356193098496829,0.0,0.002356502966391477,0.0,-3.0986789464806236e-07,0.0
164,36.73278281832892,33.48566931298123,526.9770748511254,0.0023203345619778903,0.0,0.0023206581758124295,0.0,-3.236138345391777e-07,0.0
165,36.67746909134289,33.70064830335417,511.69406983797575,0.0025157747086265135,0.0,0.0025161467174720214,0.0,-3.7200884550787905e-07,0.0
166,36.62166608607511,33.91534206617074,496.7585935176503,0.0026519234232788417,0.0,0.0026523394266875122,0.0,-4.160034086705261e-07,0.0
167,36.56537481300372,34.12974916197677,482.2036125322973,0.0024497885363827113,0.0,0.0024501966819600713,0.0,-4.081455773599814e-07,0.0
168,36.03694969888044,36.04628988814197,375.4672131132068,0.003966168705114582,0.0,0.003967256709866029,0.0,-1.088004751447283e-06,0.0
169,35.97583204602361,36.257757535949914,367.2792991021316,0.0041505314360821026,0.0,0.004151720988693698,0.0,-1.1895526115957705e-06,0.0
170,38.41534329637798,26.509894140655756,1095.2320219409742,0.0007524290002243786,0.0,0.0007524533206075284,0.0,-2.4320383149858613e-08,0.0
171,38.3760720418057,26.733613282390447,1076.0721362992313,0.0008482910937811885,0.0,0.0008483194908918688,0.0,-2.8397110680283832e-08,0.0
172,38.33628045132845,26.957105854967303,1056.941555015651,0.0007584660347714795,0.0,0.000758492359952482,0.0,-2.632518100254347e-08,0.0
173,38.295969361958136,27.180369491315965,1037.8420732328336,0.0009505395401094789,0.0,0.0009505737367822627,0.0,-3.419667278384622e-08,0.0
174,38.25513961850895,27.403401851365395,1018.7756221841761,0.0009781873194433615,0.0,0.0009782238391337502,0.0,-3.6519690388729306e-08,0.0
175,38.21379207346999,27.626200622213666,999.7442815823548,0.001038157641323146,0.0,0.0010381978796839553,0.0,-4.0238360809368226e-08,0.0
176,38.17192758687727,27.84876351829153,980.7502933378984,0.0009177286677204275,0.0,0.0009177656549874107,0.0,-3.698726698325109e-08,0.0
177,38.129547026185065,28.071088281519785,961.7960767703623,0.0011761788565101722,0.0,0.0011762280731719803,0.0,-4.921666180808179e-08,0.0
178,38.08665126613683,28.293172681460486,942.884245496455,0.0009148847471525874,0.0,0.0009149246448487932,0.0,-3.989769620574551e-08,0.0
179,38.043241188635555,28.515014515462006,924.0176262044331,0.0009428773927638756,0.0,0.0009429202068894699,0.0,-4.281412559431572e-08,0.0
180,37.999317682613594,28.73661160879791,905.1992795525746,0.0009722530969549595,0.0,0.0009722990990008514,0.0,-4.6002045891850064e-08,0.0
181,37.95488164390224,28.95796181479973,886.4325234620728,0.0013148374864029781,0.0,0.0013149022510339544,0.0,-6.47646309762974e-08,0.0
182,37.90993397510068,29.179063014983665,867.7209591118062,0.001133307739411872,0.0,0.0011333660777021414,0.0,-5.8338290269323995e-08,0.0
183,37.86447558544469,29.399913119171195,849.0684999847202,0.001095600503086645,0.0,0.0010956594159171958,0.0,-5.8912830550776965e-08,0.0
184,37.81850739067495,29.620510065603604,830.4794043636541,0.0013275680150373643,0.0,0.0013276425750720431,0.0,-7.456003467886871e-08,0.0
185,37.77203031290516,29.84085182105059,811.9583117289895,0.0014131726616519412,0.0,0.0014132556649370793,0.0,-8.300328513811787e-08,0.0
186,37.725045280489645,30.06093638091282,793.5102835722348,0.0011484703734164813,0.0,0.0011485410833452254,0.0,-7.070992874406469e-08,0.0
187,37.677553227890996,30.280761769318534,775.1408492091247,0.001390787188667609,0.0,0.0013908768742667418,0.0,-8.968559913279626e-08,0.0
188,37.62955509554718,30.500326039214297,756.8560572536168,0.00132335949795434,0.0,0.0013234490392847252,0.0,-8.954133038524027e-08,0.0
189,37.581051829738854,30.71962727244983,738.6625335006182,0.0014592597461154653,0.0,0.0014593633766341169,0.0,-1.0363051865160816e-07,0.0
190,37.53204438245612,30.938663579857067,720.5675460603408,0.0013463527341558772,0.0,0.001346453247555993,0.0,-1.0051340011566282e-07,0.0
191,37.48253371126544,31.15743310132335,702.5790786903234,0.0013943586021448085,0.0,0.0013944680959893656,0.0,-1.0949384455713473e-07,0.0
192,37.43252077917636,31.375934005858948,684.7059133809171,0.0014489617279720552,0.0,0.0014490815239438049,0.0,-1.19795971749697e-07,0.0
193,37.382006554508166,31.594164491658834,666.9577233636846,0.0014878425934996616,0.0,0.0014879722378698472,0.0,-1.296443701856529e-07,0.0
194,37.3309920107565,31.812122786158863,649.3451778250547,0.0016386134404101894,0.0,0.0016387640434225924,0.0,-1.5060301240300833e-07,0.0
195,37.27947812645998,32.029807146086306,631.8800597123037,0.002487335695580987,0.0,0.0024875750687264136,0.0,-2.393731454264185e-07,0.0
196,37.2274658850669,32.247215857504855,614.5753981041364,0.0017021842536422637,0.0,0.0017023589128767247,0.0,-1.7465923446099464e-07,0.0
197,37.17495627480183,32.464347235854135,597.4456166670186,0.0017754308818559816,0.0,0.001775623645470689,0.0,-1.9276361470747794e-07,0.0
198,37.121950288532474,32.68119962598379,580.5066997064471,0.0021024892029304783,0.0,0.0021027308266510654,0.0,-2.416237205871141e-07,0.0
199,37.06844892363656,32.89777140218212,563.7763772149154,0.002013700537461822,0.0,0.0020139460069364097,0.0,-2.4546947458795737e-07,0.0
200,37.01445318186877,33.114060968199546,547.2743300668374,0.002023353694029103,0.0,0.0020236154639847624,0.0,-2.6176995565922387e-07,0.0
201,36.95996406922799,33.330066757266565,531.0224160489647,0.0024586986621157737,0.0,0.002459036176906763,0.0,-3.3751479098934403e-07,0.0
202,36.904982595824656,33.545787232106775,515.0449166539584,0.0024531077340108134,0.0,0.0024534658252183842,0.0,-3.5809120757079177e-07,0.0
203,36.84950977574833,33.76122088494449,499.36880338886976,0.0026575605454049545,0.0,0.002657973050899407,0.0,-4.125054944527015e-07,0.0
204,36.79354662693549,33.97636623750749,484.02402061236137,0.0027467688340312864,0.0,0.0027472226639754776,0.0,-4.538299441911482e-07,0.0
205,36.73709417103758,34.19122184102464,469.04377943644215,0.002590222400365928,0.0,0.0025906784398404773,0.0,-4.5603947454930446e-07,0.0
206,36.680153433289476,34.40578627621856,454.46485380653974,0.0031545600243189577,0.0,0.00315515075197657,0.0,-5.907276576120821e-07,0.0
207,36.26798318896862,35.89947157607335,367.59356895359224,0.0036141008697626,0.0,0.003615136279912335,0.0,-1.0354101497352802e-06,0.0
208,36.20717349170374,36.11165910372533,358.04115731731787,0.004433083447736451,0.0,0.00443441952059965,0.0,-1.3360728631992003e-06,0.0
209,36.14588487940543,36.323544013204994,349.4018904108015,0.0047130755388402066,0.0,0.004714566007763582,0.0,-1.4904689233756485e-06,0.0
210,38.51263791627737,27.00255274035073,1051.7725021355027,0.0011161540177904964,0.0,0.001116193029672154,0.0,-3.9011881657622163e-08,0.0
211,38.47220338888701,27.226360404684474,1032.5664177543633,0.0009186258764802009,0.0,0.0009186592703273115,0.0,-3.3393847110609574e-08,0.0
212,38.43124882774549,27.44993415957801,1013.3894285503486,0.0010129328140801425,0.0,0.0010129710267846443,0.0,-3.8212704501746145e-08,0.0
213,38.389775095429606,27.67327166998277,994.2434088532478,0.000845316878698947,0.0,0.0008453500335111698,0.0,-3.315481222280602e-08,0.0
214,38.347783062132656,27.89637062861588,975.1303817837276,0.000870141411371563,0.0,0.0008701768904123921,0.0,-3.547904082914881e-08,0.0
215,38.305273605533756,28.119228756118375,956.0525334838936,0.0008961587864247762,0.0,0.0008961967986694167,0.0,-3.801224464047067e-08,0.0
216,38.2622476106667,28.341843801207215,937.012228957334,0.0009234467840680461,0.0,0.0009234875613026011,0.0,-4.077723455501569e-08,0.0
217,38.21870596978826,28.564213540820923,918.0120297264948,0.0009520893959183056,0.0,0.0009521331956474976,0.0,-4.379972919207539e-08,0.0
218,38.17464958224603,28.78633578025892,899.0547135448845,0.0009821773840297645,0.0,0.0009822244928041845,0.0,-4.7108774420007854e-08,0.0
219,38.13007935434586,29.008208353314675,880.1432964357654,0.0011339900082070913,0.0,0.001134046741409881,0.0,-5.673320278972924e-08,0.0
220,38.084996199218835,29.229829122402634,861.281057368391,0.001169260521838284,0.0,0.0011693216086979099,0.0,-6.108685962581337e-08,0.0
221,38.03940103668794,29.45119597867886,842.471565928203,0.0012831604107669055,0.0,0.0012832304484989459,0.0,-7.00377320403834e-08,0.0
222,37.99329479313434,29.672306842155596,823.7187133896058,0.0011556201420964117,0.0,0.0011556861627249559,0.0,-6.602062854418368e-08,0.0
223,37.94667840136338,29.893159661809648,805.0267476600411,0.0014092971765231142,0.0,0.0014093813951844784,0.0,-8.421866136421041e-08,0.0
224,37.8995528004703,30.113752415684655,786.4003126330599,0.0012684544552905434,0.0,0.0012685339536034782,0.0,-7.949831293480383e-08,0.0
225,37.851918935705775,30.334083110987308,767.8444925671602,0.001543248774699558,0.0,0.0015433501117951905,0.0,-1.0133709563240473e-07,0.0
226,37.80377775834109,30.554149784177564,749.364862197474,0.00157620372953188,0.0,0.0015763124099626193,0.0,-1.086804307392792e-07,0.0
227,37.75513022553336,30.773950501052806,730.967543390144,0.0013144056051113987,0.0,0.001314500962969961,0.0,-9.535785856231403e-08,0.0
228,37.70597730019038,30.993483356826097,712.6592692654077,0.0013478726226990416,0.0,0.0013479754974486489,0.0,-1.028747496072558e-07,0.0
229,37.65631995083552,31.212746476198554,694.4474568458153,0.001418767316820859,0.0,0.0014188813503611848,0.0,-1.1403354032574198e-07,0.0
230,37.60615915147246,31.43173801342579,676.3402894308132,0.0015365510459068581,0.0,0.0015366812289686835,0.0,-1.3018306182534245e-07,0.0
231,37.555495881449914,31.650456152378663,658.3468100573572,0.001747786140002552,0.0,0.0017479423515675218,0.0,-1.5621156496982425e-07,0.0
232,37.50433112532629,31.86889910659811,640.477027576164,0.002050328299849266,0.0,0.002050521645733419,0.0,-1.93345884152811e-07,0.0
233,37.45266587273436,32.08706511934444,622.742037049958,0.0018607982744695288,0.0,0.001860984151355765,0.0,-1.8587688623613458e-07,0.0
234,37.40050111824601,32.30495246364083,605.1541563557743,0.0017418306247946778,0.0,0.0017420149564320302,0.0,-1.843316373524237e-07,0.0
235,37.34783786123702,32.522559442311334,587.727081034613,0.002091533406234556,0.0,0.0020917678829798546,0.0,-2.3447674529861878e-07,0.0
236,37.29467710575184,32.73988438801327,570.476059557859,0.0022658031945122343,0.0,0.002266072681768713,0.0,-2.694872564788786e-07,0.0
237,37.24101986036877,32.95692566326416,553.4180912392486,0.0023443049186679054,0.0,0.002344601205036245,0.0,-2.9628636833952185e-07,0.0
238,37.1868671380649,33.17368166046321,536.5721489670731,0.002725191363550661,0.0,0.002725557010655706,0.0,-3.656471050448966e-07,0.0
239,37.13221995608154,33.39015080190749,519.9594286961197,0.0024829681901585,0.0,0.0024833237496164847,0.0,-3.5555945798477345e-07,0.0
240,37.07707933578973,33.60633153980275,503.603627126859,0.0025933185306448304,0.0,0.002593714382199513,0.0,-3.9585155468249353e-07,0.0
241,37.02144630255592,33.822222356268995,487.53124807794825,0.0024036431447180986,0.0,0.002404034911292264,0.0,-3.9176657416544955e-07,0.0
242,36.965321885608006,34.03782176334096,471.77193654837174,0.0028212968688327788,0.0,0.0028217875521597494,0.0,-4.906833269706541e-07,0.0
243,36.9087071179016,34.25312830296338,456.35883713371186,0.0026522559469871077,0.0,0.0026527492340944277,0.0,-4.932871073199709e-07,0.0
244,36.85160303598658,34.468140546981274,441.32897001371333,0.0028644731191908497,0.0,0.0028650426555105906,0.0,-5.695363197409653e-07,0.0
245,36.67736532161035,35.11139767201939,398.9750019554827,0.004841428486891633,0.0,0.004842588414497635,0.0,-1.1599276060021355e-06,0.0
246,36.61831441559451,35.3252190494582,385.93867652700965,0.005237559987144391,0.0,0.0052388935543557355,0.0,-1.3335672113447966e-06,0.0
247,36.438261428409085,35.96487228318893,350.93361039154,0.005038398622059609,0.0,0.005039974184001796,0.0,-1.5755619421865472e-06,0.0
248,36.37728053618602,36.17748232974261,340.87098387698,0.004053075788443774,0.0,0.004054425750612461,0.0,-1.3499621686861862e-06,0.0
249,36.31581979861172,36.38978656879935,331.7397259775551,0.005692980881510424,0.0,0.0056949673054273045,0.0,-1.9864239168805933e-06,0.0
250,36.253880280924164,36.60178386961322,323.6198488909367,0.005400083695256005,0.0,0.005402071736593322,0.0,-1.98804133731776e-06,0.0
251,38.72895987912718,26.823747949663712,1066.2782592940512,0.0007842517874299863,0.0,0.0007842785312742302,0.0,-2.6743844243988166e-08,0.0
252,38.68892326973638,27.04833743448201,1046.947266532521,0.0008059417873741236,0.0,0.0008059702948487262,0.0,-2.850747460260341e-08,0.0
253,38.64836437334714,27.272692727580182,1027.6400219808904,0.001050975039748972,0.0,0.001051013576084608,0.0,-3.853633563600731e-08,0.0
254,38.60728405493949,27.496811443527324,1008.3580734305074,0.0011187144470104157,0.0,0.0011187570293569422,0.0,-4.2582346526480463e-08,0.0
255,38.565683187312125,27.720691224934,989.1030918488927,0.0011319376025348059,0.0,0.0011319823903907223,0.0,-4.478785591639951e-08,0.0
256,38.52356265095031,27.944329742617775,969.8768831827157,0.0011653954001467155,0.0,0.0011654433553803167,0.0,-4.79552336011841e-08,0.0
257,38.48092333389313,28.167724695762367,950.681401506751,0.001190863126682184,0.0,0.0011909141314792775,0.0,-5.100479709353907e-08,0.0
258,38.437766131600235,28.390873812070303,931.5187636956335,0.0012316228415763437,0.0,0.0012316777787423987,0.0,-5.4937166055028797e-08,0.0
259,38.394091946818044,28.61377484790918,912.3912658212071,0.001083847626047856,0.0,0.0010838980856529815,0.0,-5.045960512557908e-08,0.0
260,38.349901689445524,28.83642558845147,893.3014015084524,0.0009916240925064346,0.0,0.000991672268775679,0.0,-4.817626924453165e-08,0.0
261,38.30519627639957,29.058823847807925,874.2518825180181,0.0011837719057371738,0.0,0.001183831919983543,0.0,-6.001424636913576e-08,0.0
262,38.259976631479816,29.280967469154763,855.2456618640996,0.0011697830961154903,0.0,0.001169845078012988,0.0,-6.198189749775582e-08,0.0
263,38.21424368523334,29.502854324854294,836.2859598238175,0.0010940911508995272,0.0,0.0010941517971691404,0.0,-6.064626961320603e-08,0.0
264,38.16799837481877,29.724482316569446,817.3762932493105,0.001419746795882281,0.0,0.0014198290715279538,0.0,-8.22756456727268e-08,0.0
265,38.12124164387032,29.945849375371907,798.5205086579579,0.001446716739950411,0.0,0.001446804595057716,0.0,-8.78551073050203e-08,0.0
266,38.073974442361376,30.166953461844084,779.722819650733,0.0013467628095480805,0.0,0.0013468486501111074,0.0,-8.584056302688055e-08,0.0
267,38.026197726468006,30.38779256617486,760.9878492954681,0.0013239893809810048,0.0,0.0013240779928417649,0.0,-8.861186076005931e-08,0.0
268,37.977912458432115,30.608364708249198,742.3206782125416,0.001428986982319622,0.0,0.0014290874728680766,0.0,-1.0049054845456123e-07,0.0
269,37.929119606424585,30.828667937731602,723.7268992172532,0.0022125909554693555,0.0,0.002212752407409613,0.0,-1.614519402576113e-07,0.0
270,37.87982014440815,31.04870033414355,705.2126795080253,0.0013866032888102985,0.0,0.0013867113623496176,0.0,-1.0807353931913122e-07,0.0
271,37.83001505200025,31.268460006934944,686.7848315447999,0.0014424284707426857,0.0,0.0014425470060744872,0.0,-1.1853533180158048e-07,0.0
272,37.77970531433576,31.487945095549406,668.4508939396017,0.0024863727047900524,0.0,0.0024865850045722193,0.0,-2.1229978216684084e-07,0.0
273,37.72889192192971,31.70715376948395,650.2192238827539,0.0019170871805287229,0.0,0.001917262709584583,0.0,-1.7552905586014703e-07,0.0
274,37.67757587053997,31.926084228342418,632.0991028546457,0.001852567362701161,0.0,0.0018527469635445217,0.0,-1.796008433606333e-07,0.0
275,37.62575816102994,32.14473470188348,614.1008576230493,0.0019103885325700654,0.0,0.0019105847586730555,0.0,-1.962261029901137e-07,0.0
276,37.57343979923139,32.36310345006248,596.2359987967594,0.002221255945835261,0.0,0.0022214976850405644,0.0,-2.4173920530352194e-07,0.0
277,37.52062179580714,32.58118876306798,578.5173794895179,0.0018626929675096577,0.0,0.001862908645420111,0.0,-2.1567791045327446e-07,0.0
278,37.46730516611416,32.79898896135226,560.9593769298112,0.002369870343847279,0.0,0.0023701617606608468,0.0,-2.9141681356795526e-07,0.0
279,37.4134909300665,33.01650239565651,543.5781001071731,0.0024630920870108088,0.0,0.0024634146456697786,0.0,-3.225586589698619e-07,0.0
280,37.359180111998654,33.233727447030404,526.3916267346115,0.0027046664912216945,0.0,0.0027050438402081247,0.0,-3.773489864302218e-07,0.0
281,37.304373740528845,33.45066252684618,509.4202728675481,0.0028249315841405182,0.0,0.002825352384517155,0.0,-4.208003766366028e-07,0.0
282,37.24907284842277,33.66730607680735,492.6868983584151,0.0027841481251339273,0.0,0.0027845919171411095,0.0,-4.4379200718220463e-07,0.0
283,37.1932784724574,33.883656568952055,476.2172508044674,0.002709837286922874,0.0,0.00271029994697313,0.0,-4.626600502558899e-07,0.0
284,37.13699165328519,34.09971250565121,460.04034956515835,0.0029807675296842206,0.0,0.0029813125765907242,0.0,-5.450469065036538e-07,0.0
285,37.080213435298475,34.31547241960139,444.1889095057472,0.003147765886004001,0.0,0.003148383181431416,0.0,-6.172954274152355e-07,0.0
286,37.02294486649423,34.53093487381255,428.6998009872599,0.0029110878677407128,0.0,0.002911701313898862,0.0,-6.134461581490565e-07,0.0
287,36.965186998339206,34.74609846159083,413.61453777751404,0.0035103205188679676,0.0,0.0035111141708916295,0.0,-7.936520236618595e-07,0.0
288,36.90694088563541,34.96096180651622,398.9797774002024,0.004534860457525213,0.0,0.004535954018158924,0.0,-1.093560633711084e-06,0.0
289,36.84820758638591,35.17552356241539,384.847808294282,0.004938481811890929,0.0,0.004939757330216316,0.0,-1.2755183253863184e-06,0.0
290,36.788988161661216,35.38978241332964,371.276984391704,0.005162040737014255,0.0,0.00516347344393746,0.0,-1.4327069232048656e-06,0.0
291,36.729283675465915,35.603737073478165,358.3320499824684,0.006284373845310849,0.0,0.00628618295495014,0.0,-1.8091096392908873e-06,0.0
292,36.5472705293286,36.24376350328522,323.9965980711948,0.004905921364496054,0.0,0.0049077273857482595,0.0,-1.8060212522057542e-06,0.0
293,36.48563649134122,36.45648914457096,314.328288337656,0.006206586906557282,0.0,0.006208995765762985,0.0,-2.4088592057028638e-06,0.0
294,38.86513659544227,27.09446323907773,1042.4703925710342,0.0008992452249665277,0.0,0.000899277297368521,0.0,-3.207240199321667e-08,0.0
295,38.82445239012989,27.31936978956531,1023.0676969081138,0.0008341521073114438,0.0,0.0008341830056401746,0.0,-3.089832873077753e-08,0.0
296,38.783245365884255,27.544037060051203,1003.6866540195039,0.0010734357921888778,0.0,0.0010734770571920907,0.0,-4.1265003212836646e-08,0.0
297,38.74151640586237,27.76846267060953,984.3287352397815,0.0011009310147031006,0.0,0.001100975017389104,0.0,-4.4002686003371747e-08,0.0
298,38.69926640097836,27.992644269971308,964.9955328342029,0.00088380328128428,0.0,0.0008838400780467416,0.0,-3.679676246158819e-08,0.0
299,38.656496249768544,28.216579535684343,945.68877198245,0.0009108421139265434,0.0,0.0009108816001560021,0.0,-3.948622945878621e-08,0.0
300,38.61320685825607,28.440266174266657,926.4103241808434,0.0009652752387755467,0.0,0.0009653188416238875,0.0,-4.360284834082663e-08,0.0
301,38.569399139815026,28.663701921353255,907.1622222573287,0.0009979434062309743,0.0,0.0009979904170268992,0.0,-4.701079592489901e-08,0.0
302,38.52507401503409,28.886884541836356,887.9466772235074,0.001000553489784415,0.0,0.0010006026877081447,0.0,-4.919792372971854e-08,0.0
303,38.48023241157971,29.10981182999917,868.7660972230595,0.0010644091384328029,0.0,0.001064463808437545,0.0,-5.467000474220808e-08,0.0
304,38.43487526405896,29.33248160964306,849.6231088770171,0.0012117068255268618,0.0,0.0012117718731660709,0.0,-6.504763920903156e-08,0.0
305,38.38900351388194,29.554891734208354,830.5205813744936,0.0012128905123000146,0.0,0.0012129586613896582,0.0,-6.814908964361197e-08,0.0
306,38.34261810912394,29.77704008688861,811.4616537141092,0.0012804957743048728,0.0,0.0012805711323496099,0.0,-7.535804473707622e-08,0.0
307,38.29572000438727,29.998924580738624,792.4497655678126,0.0011653061810776753,0.0,0.0011653781180138414,0.0,-7.193693616616356e-08,0.0
308,38.248310160662825,30.22054315877593,773.4886923170977,0.0014721705688538768,0.0,0.0014722658706010003,0.0,-9.530174712346802e-08,0.0
309,38.20038954519148,30.441893794076023,754.5825849036491,0.0012940379677024842,0.0,0.001294126060018564,0.0,-8.809231607977835e-08,0.0
310,38.15195913132511,30.662974489861398,735.7360152448682,0.0015898613452181058,0.0,0.0015899750830938866,0.0,-1.1373787578081163e-07,0.0
311,38.103019898387785,30.883783279584225,716.9540280922754,0.0021617088280950526,0.0,0.0021618701393606114,0.0,-1.613112655587251e-07,0.0
312,38.05357283153644,31.104318227002878,698.2422003607168,0.0014072885554910746,0.0,0.0014074004409750471,0.0,-1.118854839725087e-07,0.0
313,38.003618921621815,31.324577426252315,679.606709132277,0.0018319555505400575,0.0,0.0018321090739256856,0.0,-1.535233856281553e-07,0.0
314,37.95315916504902,31.544559001908418,661.0544097447926,0.0018029847334877671,0.0,0.0018031445164594787,0.0,-1.5978297171156432e-07,0.0
315,37.90219456363831,31.764261109046213,642.592925615045,0.001862389797539784,0.0,0.0018625644677522646,0.0,-1.7467021248048636e-07,0.0
316,37.85072612448573,31.98368193329213,624.2307517251552,0.0018569597382315233,0.0,0.0018571443471400613,0.0,-1.8460890853803577e-07,0.0
317,37.798754859823795,32.20281969087034,605.9773740209748,0.0017383051401487777,0.0,0.0017384885995738657,0.0,-1.8345942508798778e-07,0.0
318,37.746281786882285,32.421672628643215,587.8434073355164,0.0022068112158025975,0.0,0.002207058375372088,0.0,-2.471595694905279e-07,0.0
319,37.69330792774905,32.640239024145984,569.8407548580144,0.0023836554646538698,0.0,0.0023839393983353537,0.0,-2.83933681483918e-07,0.0
320,37.63983430923105,32.858517185615575,551.9827926146903,0.002545030630352577,0.0,0.002545353558662637,0.0,-3.2292831005998127e-07,0.0
321,37.585861962715406,33.07650545201383,534.2845828968588,0.0026483470043815304,0.0,0.0026487056787617485,0.0,-3.586743802181172e-07,0.0
322,37.53139192403072,33.29420219304506,516.7631210387719,0.002494665168142655,0.0,0.0024950268439686268,0.0,-3.616758259719459e-07,0.0
323,37.47642523330858,33.51160580916802,499.43762036349904,0.00290263777251525,0.0,0.002903087579466631,0.0,-4.498069513807386e-07,0.0
324,37.42096293484525,33.728714731602416,482.32984040008637,0.0025403310346163006,0.0,0.0025407539708829424,0.0,-4.229362666418289e-07,0.0
325,37.3650060769637,33.94552742232994,465.4644635007729,0.0026199452615662086,0.0,0.0026204136468594165,0.0,-4.6838529320792494e-07,0.0
326,37.30855571187587,34.162042374090014,448.86952455387814,0.0027655016583972574,0.0,0.0027660332498601775,0.0,-5.31591462920103e-07,0.0
327,37.2516128955452,34.37825811037013,432.5768972958688,0.002922035166570692,0.0,0.0029226398940481934,0.0,-6.04727477501385e-07,0.0
328,37.19417868754963,34.594173185391114,416.6228383356232,0.0030376342971061413,0.0,0.0030383120047411025,0.0,-6.777076349611874e-07,0.0
329,37.13625415094485,34.80978618408707,401.04858579362815,0.0035744497377689925,0.0,0.0035753095148867826,0.0,-8.597771177900129e-07,0.0
330,37.07784035212793,35.02509572208042,385.90100258542515,0.003948827866470649,0.0,0.003949852900307516,0.0,-1.02503383686732e-06,0.0
331,37.018938360701455,35.24010044565185,371.2332437634345,0.004872133466304753,0.0,0.004873492323269778,0.0,-1.3588569650248988e-06,0.0
332,36.959549249338025,35.45479903170528,357.105411713496,0.004495959916570409,0.0,0.004497321733989286,0.0,-1.3618174188774479e-06,0.0
333,36.89967409364526,35.6691901877282,343.58514113617383,0.004723107769012982,0.0,0.00472465305358688,0.0,-1.5452845738986656e-06,0.0
334,36.83931397203119,35.883272651746985,330.74802685330155,0.005394551371977076,0.0,0.005396450862840936,0.0,-1.8994908638604938e-06,0.0
335,36.717143157869906,36.31050660827201,307.4658966334196,0.004774021480275212,0.0,0.004775974785173921,0.0,-1.9533048987094292e-06,0.0
336,36.6553346349374,36.523655729059236,297.2108094061468,0.005875397818722552,0.0,0.00587796358010937,0.0,-2.565761386818556e-06,0.0
337,39.081563324297576,26.91523244927025,1057.8553452270298,0.0010301823808357355,0.0,0.0010302180203533326,0.0,-3.563951759709069e-08,0.0
338,39.04127797131497,27.140933500849265,1038.3461591405678,0.0008725249027226675,0.0,0.0008725562736306274,0.0,-3.1370907959890615e-08,0.0
339,39.00046750809452,27.366394965462113,1018.8539778950204,0.0008393013699360899,0.0,0.0008393327166042376,0.0,-3.134666814769323e-08,0.0
340,38.95913282032566,27.591614411501872,999.3799814548631,0.000918249612906927,0.0,0.0009182852519882714,0.0,-3.5639081344385724e-08,0.0
341,38.91727480166231,27.816589436309442,979.9254469965897,0.0011515449254153672,0.0,0.001151591343094717,0.0,-4.641767934973097e-08,0.0
342,38.8748943535865,28.04131766634112,960.4917585227478,0.0010034868221423141,0.0,0.0010035289810034528,0.0,-4.215886113866432e-08,0.0
343,38.83199238527124,28.265796757329344,941.0804176170988,0.0010402215278135373,0.0,0.0010402670493176347,0.0,-4.552150409745104e-08,0.0
344,38.78856981344307,28.490024394436766,921.6930554985975,0.0010854503745447047,0.0,0.001085499890718887,0.0,-4.9516174182402325e-08,0.0
345,38.74462756224393,28.713998292403577,902.3314465566757,0.00110736854223402,0.0,0.0011074212509170785,0.0,-5.2708683058585656e-08,0.0
346,38.70016656309268,28.937716195688132,882.9975235794104,0.0011070018189284624,0.0,0.001107056848952865,0.0,-5.503002440255915e-08,0.0
347,38.65518775454612,29.161175878600925,863.6933949203986,0.0011516551980383005,0.0,0.0011517150325041634,0.0,-5.983446586289853e-08,0.0
348,38.609692082159675,29.384375145431907,844.4213638905719,0.0012288306961738596,0.0,0.0012288974760097519,0.0,-6.677983589221427e-08,0.0
349,38.563680498347665,29.607311830571266,825.1839507089012,0.0012406479449697636,0.0,0.0012407185536604123,0.0,-7.060869064868386e-08,0.0
350,38.51715396224338,29.829983798623505,805.9839174024689,0.0011559802775686257,0.0,0.0011560492609334996,0.0,-6.898336487389141e-08,0.0
351,38.4701134395586,30.052388944515172,786.8242961133478,0.0013691166052799625,0.0,0.0013692022896910733,0.0,-8.568441111083021e-08,0.0
352,38.42255990244325,30.27452519359589,767.708421349359,0.0014750157776453198,0.0,0.0014751127130611785,0.0,-9.693541585869755e-08,0.0
353,38.37449432934443,30.496390501733078,748.6399668103707,0.0013287926774041034,0.0,0.0013288845729254929,0.0,-9.18955213894887e-08,0.0
354,38.325917704865596,30.717982855400226,729.6229875345691,0.0016561051098455478,0.0,0.0016562255398029169,0.0,-1.2042995736912497e-07,0.0
355,38.27683101962539,30.939300271758796,710.6619682434514,0.001540508078341405,0.0,0.0015406262642514079,0.0,-1.1818591000279342e-07,0.0
356,38.22723527011642,31.160340798733777,691.7618789245583,0.0017372463566469138,0.0,0.0017373869235478843,0.0,-1.4056690097043016e-07,0.0
357,38.177131458563906,31.381102515083025,672.9282388820855,0.0014869260835673576,0.0,0.0014870533567131951,0.0,-1.272731458374851e-07,0.0
358,38.12652059278438,31.60158353046037,654.16719071342,0.0015509359963769309,0.0,0.0015510764673893134,0.0,-1.4047101238256164e-07,0.0
359,38.07540368604428,31.82178198547254,635.485585941022,0.0018070150268201786,0.0,0.0018071883705129898,0.0,-1.7334369281120365e-07,0.0
360,38.023781756918524,32.04169605172998,616.8910843514813,0.0016997179263914758,0.0,0.0016998910245156896,0.0,-1.730981242138458e-07,0.0
361,37.971655829149206,32.26132393189169,598.3922694752622,0.0019936128977866806,0.0,0.0019938285463373382,0.0,-2.156485506576468e-07,0.0
362,37.91902693150434,32.48066385970395,579.9987830900598,0.002281518836073542,0.0,0.002281781260228371,0.0,-2.624241548288865e-07,0.0
363,37.8658960976367,32.69971410003323,561.7214821555527,0.002452079801751257,0.0,0.002452380333523911,0.0,-3.0053177265364217e-07,0.0
364,37.81226436594273,32.91847294889318,543.5726221933778,0.002557601441205559,0.0,0.002557936178427048,0.0,-3.347372214889885e-07,0.0
365,37.75813277942176,33.13693873346579,525.5660718140223,0.0027285098115848666,0.0,0.0027288916278694134,0.0,-3.818162845467196e-07,0.0
366,37.70350238553527,33.355109812116936,507.7175638534856,0.0028422184797531015,0.0,0.0028426446818589305,0.0,-4.262021058290197e-07,0.0
367,37.64837423606647,33.57298457440604,490.04498939199334,0.003003121971757915,0.0,0.0030036052474092644,0.0,-4.832756513493096e-07,0.0
368,37.592749386980074,33.7905614410904,472.5687417315354,0.0031974356783607684,0.0,0.0031979887440885817,0.0,-5.53065727813308e-07,0.0
369,37.53662889828233,34.007838864123734,455.31211811013253,0.0033721749873077836,0.0,0.003372803210433548,0.0,-6.282231257643059e-07,0.0
370,37.480013833881415,34.22481532664948,438.30178735694136,0.0030728509370626855,0.0,0.003073470094471874,0.0,-6.191574091884283e-07,0.0
371,37.422905261448186,34.44148934298852,421.5683315603514,0.003087545698851044,0.0,0.0030882183706457808,0.0,-6.726717947367657e-07,0.0
372,37.365304252277156,34.657859458621736,405.14686867882017,0.003166631609255148,0.0,0.003167378625157382,0.0,-7.470159022336838e-07,0.0
373,37.3072118811479,34.873924250167285,389.07776017423856,0.0033632916745887347,0.0,0.003364151863181217,0.0,-8.601885924824394e-07,0.0
374,37.24862922618704,35.08968232535267,373.4074021534276,0.0041863336609326346,0.0,0.00418749385084301,0.0,-1.1601899103756697e-06,0.0
375,37.18955736873034,35.305132322981756,358.18908868842067,0.004419025001958862,0.0,0.004420355809621372,0.0,-1.3308076625096962e-06,0.0
376,37.12999739318555,35.520272912896836,343.4839199670676,0.004730825251170976,0.0,0.004732373929254282,0.0,-1.5486780833061722e-06,0.0
377,37.06995038689554,35.73510279593568,329.36170326533573,0.005854586224861614,0.0,0.005856655759438411,0.0,-2.0695345767972675e-06,0.0
378,37.00941744000206,35.94962070388378,315.90175888333056,0.0048025023722745985,0.0,0.004804363265439296,0.0,-1.8608931646978133e-06,0.0
379,36.94839964530993,36.163825399421846,303.193494404439,0.0059380695573976955,0.0,0.005940558629890332,0.0,-2.48907249263651e-06,0.0
380,36.88689809815186,36.377715676068576,291.33654985116436,0.005172210434213092,0.0,0.005174566781397687,0.0,-2.356347184595542e-06,0.0
381,36.82491389625372,36.59129035811889,280.44025028897573,0.006959179515557706,0.0,0.006962578787647022,0.0,-3.399272089315772e-06,0.0
382,36.69950193030313,37.01748838908842,262.00462497637386,0.009008629908998858,0.0,0.009013554143677887,0.0,-4.924234679029582e-06,0.0
383,39.29764233437251,26.734986953414374,1073.7702593887311,0.0008719559485893552,0.0,0.0008719852603916056,0.0,-2.931180225038306e-08,0.0
384,39.25775861349957,26.96148920992751,1054.167921377529,0.0007578700513290554,0.0,0.0007578964945439524,0.0,-2.64432148970508e-08,0.0
385,39.21734746937899,27.187751612231757,1034.5785594138113,0.0007737149871820423,0.0,0.0007737430152339243,0.0,-2.8028051882005023e-08,0.0
386,39.17640979008805,27.413771676083538,1015.003102531836,0.001102255261100109,0.0,0.0011022966733646045,0.0,-4.141226449543185e-08,0.0
387,39.13494647188031,27.63954694647813,995.4425565914145,0.0008293911771707492,0.0,0.0008294236298526306,0.0,-3.245268188141644e-08,0.0
388,39.09295841904743,27.865074997825126,975.8980118439381,0.0008961635524355308,0.0,0.0008962000330559727,0.0,-3.6480620441907245e-08,0.0
389,39.05044654378064,28.090353434116878,956.3706513960951,0.0008693277733955297,0.0,0.0008693646246462382,0.0,-3.685125070851045e-08,0.0
390,39.007411766031375,28.315379889090096,936.8617606958857,0.0010319723385501932,0.0,0.0010320179092294822,0.0,-4.5570679288930646e-08,0.0
391,38.96385501337164,28.54015202638053,917.3727381853429,0.0010607504180642714,0.0,0.0010607992705303434,0.0,-4.885246607201285e-08,0.0
392,38.91977722085367,28.764667539670786,897.9051072876824,0.0010913380106687125,0.0,0.0010913904743735682,0.0,-5.246370485571458e-08,0.0
393,38.87517933086923,28.988924152831345,878.4605299241218,0.0010469437738131436,0.0,0.0010469963669597626,0.0,-5.2593146619012154e-08,0.0
394,38.83006229300842,29.212919620054738,859.0408217882119,0.0011828395544628075,0.0,0.0011829016710791101,0.0,-6.21166163026609e-08,0.0
395,38.784427063918216,29.43665172598293,839.6479696441855,0.001055553685792552,0.0,0.0010556117315538745,0.0,-5.80457613225116e-08,0.0
396,38.738274607160555,29.660118285828005,820.284150961818,0.0012419074073482693,0.0,0.001241978936583627,0.0,-7.152923535772016e-08,0.0
397,38.691605893070104,29.88331714548609,800.951756255135,0.0012933190307855623,0.0,0.0012933971561953771,0.0,-7.812540981483838e-08,0.0
398,38.64442189861183,30.10624618164464,781.6534145578252,0.0013297647208061376,0.0,0.001329849063658358,0.0,-8.4342852220377e-08,0.0
399,38.596723607238225,30.328903301883095,762.3920225466956,0.0014830480603397651,0.0,0.001483146890230674,0.0,-9.882989090883969e-08,0.0
400,38.54851200874642,30.551286444766905,743.1707779187238,0.001551493280939415,0.0,0.001551602076598786,0.0,-1.0879565937082017e-07,0.0
401,38.499788099134996,30.773393579935096,723.9932177405816,0.001396781686360643,0.0,0.0013968849686745622,0.0,-1.0328231391919934e-07,0.0
402,38.45055288046082,30.995222708181235,704.8632626261074,0.00138762808694198,0.0,0.0013877363475534646,0.0,-1.0826061148461533e-07,0.0
403,38.40080736069562,31.216771861528052,685.7852677621122,0.001445563569819007,0.0,0.0014456827091377713,0.0,-1.1913931876423797e-07,0.0
404,38.35055255358258,31.438039103295566,666.7640820023647,0.0018908556256904952,0.0,0.0018910202303771236,0.0,-1.6460468662844036e-07,0.0
405,38.29978947849281,31.659022528162982,647.8051164910008,0.0019526033194497267,0.0,0.0019527834037024394,0.0,-1.8008425271267767e-07,0.0
406,38.248519160281944,31.87972026222421,628.914424569164,0.0018098868890839557,0.0,0.0018100641661826452,0.0,-1.7727709868955652e-07,0.0
407,38.19674262914657,32.10013046303718,610.0987950730535,0.0019804577030910686,0.0,0.0019806637606184533,0.0,-2.0605752738475647e-07,0.0
408,38.14446092048091,32.32025131966706,591.3658615607104,0.0018339645076325484,0.0,0.0018341677276734558,0.0,-2.0322004090742203e-07,0.0
409,38.091675074733416,32.54008105272324,572.7242305235934,0.0021969671881649335,0.0,0.002197226513954155,0.0,-2.5932578922140473e-07,0.0
410,38.03838613726363,32.759617914390375,554.1836322639738,0.002485747319325203,0.0,0.0024860603396444363,0.0,-3.1302031923332446e-07,0.0
411,37.98459515819907,32.978860188453446,535.7550988684407,0.002124718783607434,0.0,0.002125005586624879,0.0,-2.8680301744502326e-07,0.0
412,37.93030319229237,33.197806190316825,517.4511745989792,0.0026476581942108924,0.0,0.002648040752493241,0.0,-3.825582823484622e-07,0.0
413,37.87551129877858,33.416454267017606,499.286165070544,0.0027033939720239202,0.0,0.00270381364908039,0.0,-4.1967705646968334e-07,0.0
414,37.820220541232764,33.63480279723304,481.2764327935455,0.0033908334516813713,0.0,0.0033913972429686855,0.0,-5.637912873141838e-07,0.0
415,37.76443198742776,33.852850191282435,463.4407480182542,0.0027151668749743475,0.0,0.002715656449682087,0.0,-4.895747077395159e-07,0.0
416,37.70814670919236,34.07059489112322,445.80070527817554,0.0034782253365105925,0.0,0.003478901170921392,0.0,-6.75834410799464e-07,0.0
417,37.65136578226969,34.288035370341625,428.38121748069534,0.0036796867590523684,0.0,0.003680460911093053,0.0,-7.741520406845566e-07,0.0
418,37.594090286176005,34.50517013413782,411.21110061929227,0.0030584562759291677,0.0,0.003059156723427909,0.0,-7.004474987413675e-07,0.0
419,37.53632130405986,34.72199771930557,394.323762789667,0.0033691935508548456,0.0,0.003370032403460659,0.0,-8.388526058136087e-07,0.0
420,37.47805992256167,34.93851669420672,377.75801050805364,0.0035460746772736917,0.0,0.0035470366354674915,0.0,-9.619581937997564e-07,0.0
421,37.41930723167363,35.154725658740276,361.55898224466205,0.003751305487166309,0.0,0.003752416231822641,0.0,-1.1107446563321695e-06,0.0
422,37.36006432460021,35.37062324430641,345.77921184651575,0.004502259385099882,0.0,0.004503714889167864,0.0,-1.4555040679818318e-06,0.0
423,37.30033229761905,35.58620811376535,330.4798104887329,0.00494989371182827,0.0,0.004951644109982925,0.0,-1.7503981546550945e-06,0.0
424,37.24011224994233,35.80147896139128,315.7317312030294,0.006321528613914552,0.0,0.0063239553021564214,0.0,-2.4266882418695623e-06,0.0
425,37.17940528357873,36.01643451282128,301.61703999546484,0.006776063172510072,0.0,0.006778910101011162,0.0,-2.846928501090175e-06,0.0
426,37.11821250319588,36.2310735249994,288.23005663961504,0.00618447445607654,0.0,0.006187344788752895,0.0,-2.870332676354649e-06,0.0
427,37.05653501598343,36.4453947861161,275.67814232819615,0.0062551270255266,0.0,0.006258303664625288,0.0,-3.1766390986877335e-06,0.0
428,36.994373931516634,36.65939711554286,264.08180204795127,0.007552400894869205,0.0,0.007556558914487886,0.0,-4.158019618681445e-06,0.0
429,36.93173036162065,36.87307936376233,253.5736517073142,0.006356953838328697,0.0,0.006360773286879273,0.0,-3.819448550576414e-06,0.0
430,36.8686054202354,37.0864404122939,244.29571250194692,0.007132051604498503,0.0,0.007136663249966841,0.0,-4.611645468338352e-06,0.0
431,36.80500022328105,37.29947917361488,236.39450894843318,0.0073865193369825905,0.0,0.007391619757901297,0.0,-5.10042091870621e-06,0.0
432,36.74091588852426,37.512194591077346,230.01365952638338,0.008310175514668311,0.0,0.008316223883768806,0.0,-6.048369100494777e-06,0.0
433,39.55231997146891,26.326165468960248,1109.8830818843146,0.0007387531861980205,0.0,0.0007387764384050269,0.0,-2.325220700640125e-08,0.0
434,39.433883049451325,27.008093508629944,1050.8345824368266,0.0008640147091979823,0.0,0.0008640450397074163,0.0,-3.033050943398747e-08,0.0
435,39.39334515568316,27.234921012127167,1031.1712813980205,0.0008005757011963171,0.0,0.0008006048930918886,0.0,-2.9191895571504568e-08,0.0
436,39.352279292863166,27.461503388978,1011.5189893247889,0.000848392520651265,0.0,0.0008484246679202529,0.0,-3.214726898787337e-08,0.0
437,39.310686367951625,27.68783816057154,991.8785466113998,0.0009416925184876052,0.0,0.0009417296204123791,0.0,-3.7101924773891466e-08,0.0
438,39.268567296021104,27.913922878186725,972.2508655617293,0.0008999880056740619,0.0,0.0009000249173594196,0.0,-3.6911685357657494e-08,0.0
439,39.22592300011557,28.13975512316171,952.6369376940082,0.0009195094843377274,0.0,0.000919548765712541,0.0,-3.928137481360328e-08,0.0
440,39.18275441110894,28.36533250705624,933.0378419419767,0.0009134524713858771,0.0,0.0009134931526587614,0.0,-4.068127288433133e-08,0.0
441,39.139062467563,28.59065267180693,913.4547538815864,0.0009591806013723662,0.0,0.000959225168563422,0.0,-4.4567191055775064e-08,0.0
442,39.09484811558499,28.81571328987561,893.8889561337224,0.000990652406713615,0.0,0.0009907004725481616,0.0,-4.806583454668688e-08,0.0
443,39.05011230868453,29.040512064390597,874.3418501188024,0.0011448509041713049,0.0,0.001144908942957096,0.0,-5.803878579103104e-08,0.0
444,39.00485600763029,29.265046729281057,854.8149693692118,0.0011687587952425099,0.0,0.0011688207856656715,0.0,-6.199042316165464e-08,0.0
445,38.959080180306216,29.48931504940448,835.3099946415339,0.0012075136361488668,0.0,0.0012075807066554514,0.0,-6.707050658459092e-08,0.0
446,38.91278580156744,29.71331482066713,815.8287711135708,0.0011286663376032515,0.0,0.0011287320767260289,0.0,-6.573912277735294e-08,0.0
447,38.865973853095795,29.93704387013784,796.3733280027328,0.0013091999377637569,0.0,0.0013092799323969546,0.0,-7.999463319768689e-08,0.0
448,38.81864532325514,30.160500056154792,776.9459010045618,0.001370375163467841,0.0,0.0013704631286057768,0.0,-8.796513793567738e-08,0.0
449,38.7708012069465,30.383681268425704,757.5489580250369,0.0016322992967393306,0.0,0.0016324093544055841,0.0,-1.1005766625349703e-07,0.0
450,38.72244250546278,30.60658542812115,738.185228771061,0.0016402151223719893,0.0,0.001640331638627356,0.0,-1.1651625536667279e-07,0.0
451,38.67357022634364,30.829210487961294,718.8577388735653,0.0017104143228398442,0.0,0.0017105424324317697,0.0,-1.281095919254422e-07,0.0
452,38.62418538322986,31.051554432295962,699.5698493516285,0.0017688747034226222,0.0,0.0017690145988713524,0.0,-1.3989544873026748e-07,0.0
453,38.57428899571802,31.273615277178134,680.3253023894636,0.0018487222110177037,0.0,0.0018488767900817077,0.0,-1.5457906400403489e-07,0.0
454,38.52388208921472,31.4953910704309,661.1282745980886,0.002627230787097869,0.0,0.002627458600749065,0.0,-2.2781365119611124e-07,0.0
455,38.47296569479104,31.716879891708025,641.9834391787706,0.0018957294606916125,0.0,0.0018959075683775836,0.0,-1.781076859710181e-07,0.0
456,38.42154084903692,31.938079852547972,622.896038706818,0.0016995928646706617,0.0,0.0016997626239327063,0.0,-1.697592620446796e-07,0.0
457,38.36960859391554,32.158989096421706,603.8719706255314,0.002105554292531852,0.0,0.0021057777981593616,0.0,-2.235056275096299e-07,0.0
458,38.31716997661776,32.37960579877412,584.9178879980456,0.0023111185806565138,0.0,0.0023113798576964197,0.0,-2.61277039905871e-07,0.0
459,38.26422604941686,32.599928167059275,566.0413186299817,0.0024070521521097786,0.0,0.0024073427272367693,0.0,-2.9057512699074903e-07,0.0
460,38.210777869523014,32.81995444076949,547.2508063735884,0.002372861281557837,0.0,0.0023731679792599147,0.0,-3.066977020778003e-07,0.0
461,38.15682649893836,33.039682891458334,528.5560792845549,0.0021708466544239713,0.0,0.0021711477112435957,0.0,-3.0105681962438666e-07,0.0
462,38.10237300431195,33.259111822757525,509.9682503612638,0.0028493941975120626,0.0,0.0028498176374647534,0.0,-4.234399526908614e-07,0.0
463,38.04741845679511,33.47823957038802,491.5000578925732,0.0029515534588153034,0.0,0.0029520257687308095,0.0,-4.723099155060778e-07,0.0
464,37.99196393189691,33.69706450216506,473.1661540158066,0.0029895635766261502,0.0,0.0029900800719733253,0.0,-5.164953471750548e-07,0.0
465,37.936010509340036,33.915585017997586,454.98345197883873,0.002829587159152501,0.0,0.0028301164342755046,0.0,-5.292751230037869e-07,0.0
466,37.87955927291692,34.133799549881715,436.9715448308063,0.0029855963882557996,0.0,0.0029862017867229194,0.0,-6.053984671198533e-07,0.0
467,37.82261131034616,34.35170656188874,419.15321081833116,0.0037558300471521406,0.0,0.0037566555398421903,0.0,-8.254926900496534e-07,0.0
468,37.76516771312942,34.569304550147486,401.5550235432938,0.003783067088240515,0.0,0.0037839739593993394,0.0,-9.068711588245022e-07,0.0
469,37.70722957640862,34.7865920428211,384.2080876996386,0.0033839339513228196,0.0,0.0033848215199966235,0.0,-8.875686738039901e-07,0.0
470,37.6487979988236,35.00356760007856,367.14892343687694,0.004086675100879914,0.0,0.004087847458086502,0.0,-1.1723572065878984e-06,0.0
471,37.58987408237021,35.22022981406068,350.4205231177459,0.003998015997909398,0.0,0.003999275943707659,0.0,-1.2599457982608725e-06,0.0
472,37.530458932258796,35.43657730884103,334.0736016924547,0.004171309158952599,0.0,0.004172755503118965,0.0,-1.4463441663659787e-06,0.0
473,37.47055365677345,35.65260874038153,318.1680531152123,0.005167745096313862,0.0,0.005169716700990984,0.0,-1.9716046771225265e-06,0.0
474,37.41015936713137,35.86832279648305,302.77460534549476,0.0048844206621790325,0.0,0.004886481382046806,0.0,-2.0607198677738067e-06,0.0
475,37.34927717734313,36.08371819673096,287.9766281511381,0.006675322713731538,0.0,0.006678416563610151,0.0,-3.093849878612817e-06,0.0
476,37.287908204073304,36.29879369243582,273.8719809221881,0.006820167990083569,0.0,0.0068236693121451735,0.0,-3.50132206160432e-06,0.0
477,37.22605356650179,36.513548066569115,260.5746797877279,0.006210050829323762,0.0,0.006213584264886371,0.0,-3.5334355626085584e-06,0.0
478,37.16371438618566,36.727980133694366,248.21600442121894,0.008374225899801293,0.0,0.008379434715954471,0.0,-5.208816153177628e-06,0.0
479,37.100891786921714,36.94208873989357,236.9444576336506,0.007168923486449041,0.0,0.007173852746821256,0.0,-4.929260372214979e-06,0.0
480,37.03758689460965,37.155872762688986,226.92377067939324,0.0075154829590434085,0.0,0.0075211160050882185,0.0,-5.633046044810006e-06,0.0
481,36.973800837115924,37.369331110960516,218.3280105958183,0.008882055622040235,0.0,0.008889228294589765,0.0,-7.172672549529691e-06,0.0
482,36.909534744138334,37.58246272485869,211.3329686128951,0.009497669173759656,0.0,0.009505846005764965,0.0,-8.176832005308762e-06,0.0
483,36.84478974707125,37.79526657571332,206.10360955608377,0.010039459176205119,0.0,0.010048535952761187,0.0,-9.076776556067936e-06,0.0
484,39.7287480114116,26.371397411049482,1107.0948372303628,0.0008256767256888088,0.0,0.0008257028376769366,0.0,-2.6111988127839637e-08,0.0
485,39.689676058805894,26.599522336620936,1087.342626189067,0.0007396932321801373,0.0,0.0007397174900371789,0.0,-2.4257857041544255e-08,0.0
486,39.650071991370936,26.827406997747772,1067.5969997347531,0.0007595374117255491,0.0,0.0007595632500627035,0.0,-2.5838337154430492e-08,0.0
487,39.60993670150482,27.05504880197344,1047.8584938006918,0.0008745323294564253,0.0,0.0008745632029392191,0.0,-3.087348279383773e-08,0.0
488,39.569271090218436,27.28244518666169,1028.1276894829773,0.0008280380493537387,0.0,0.0008280684201384392,0.0,-3.037078470050775e-08,0.0
489,39.52807606699424,27.509593619188504,1008.4052174268385,0.000852301647431776,0.0,0.0008523341425130047,0.0,-3.249508122868741e-08,0.0
490,39.486352549644124,27.736491597126996,988.6917627288831,0.0008378499926368854,0.0,0.0008378832253949591,0.0,-3.323275807364315e-08,0.0
491,39.44410146416706,27.96313664842488,968.9880704268052,0.0009052702400145137,0.0,0.0009053076186517504,0.0,-3.7378637236730634e-08,0.0
492,39.4013237446057,28.189526331574847,949.2949516594383,0.0009326299477010893,0.0,0.0009326700697860797,0.0,-4.012208499042536e-08,0.0
493,39.3580203329027,28.415658235777624,929.613290593609,0.0009218353556082018,0.0,0.0009218767129293321,0.0,-4.1357321130253144e-08,0.0
494,39.314192178756365,28.641529981097882,909.9440522301736,0.0009919669000662391,0.0,0.0009920133443017689,0.0,-4.644423552972905e-08,0.0
495,39.26984023947586,28.86713921861299,890.2882912206443,0.000967277513330981,0.0,0.0009673248275829413,0.0,-4.7314251960263974e-08,0.0
496,39.22496547983603,29.092483630554565,870.6471618484485,0.0009999939131286673,0.0,0.0010000450587831196,0.0,-5.1145654452302083e-08,0.0
497,39.17956887193157,29.317560930443012,851.0219293558755,0.001201683201520828,0.0,0.001201747501195832,0.0,-6.429967500391938e-08,0.0
498,39.13365139503115,29.5423688632149,831.4139828302345,0.0012617090300664207,0.0,0.0012617797559631736,0.0,-7.072589675288093e-08,0.0
499,39.08721403543095,29.766905205343367,811.8248499016793,0.0013080011056845798,0.0,0.0013080780045589824,0.0,-7.689887440254055e-08,0.0
500,39.04025778630794,29.991167764951474,792.2562135522426,0.001345805666194342,0.0,0.0013458887450499672,0.0,-8.307885562526887e-08,0.0
501,38.99278364757302,30.215154381918655,772.7099313925102,0.0014361096110700106,0.0,0.001436202785563633,0.0,-9.317449362229724e-08,0.0
502,38.94479262572374,30.438862927980185,753.1880578315439,0.0014117167535226034,0.0,0.0014118131830699345,0.0,-9.642954733107487e-08,0.0
503,38.89628573369699,30.66229130681988,733.692869649894,0.001329821387386089,0.0,0.0013299171448330684,0.0,-9.575744697935644e-08,0.0
504,38.847263990721466,30.88543745415588,714.2268955886216,0.0013878844017798928,0.0,0.0013879898582819749,0.0,-1.0545650208203944e-07,0.0
505,38.79772842216993,31.108299337819723,694.7929506936749,0.001442318084734968,0.0,0.001442433891047708,0.0,-1.1580631274006777e-07,0.0
506,38.74768005941157,31.330874957828748,675.3941763107185,0.0015045011189521488,0.0,0.0015046289526555877,0.0,-1.278337034389069e-07,0.0
507,38.697119939664155,31.553162346451714,656.034086817989,0.0015711560041578561,0.0,0.0015712974917155454,0.0,-1.4148755768926026e-07,0.0
508,38.64604910584627,31.77515956826793,636.7166244234116,0.0016449035804471527,0.0,0.001645060826953588,0.0,-1.5724650643525115e-07,0.0
509,38.594468606429366,31.99686472021987,617.4462236492852,0.0017197222780963586,0.0,0.001719897092061792,0.0,-1.748139654333871e-07,0.0
510,38.54237949529023,32.21827593165918,598.2278874987036,0.0022334409683685192,0.0,0.0022336823793945326,0.0,-2.4141102601335507e-07,0.0
511,38.489782831563176,32.439391364386424,579.067277762329,0.0022318434364798864,0.0,0.0022321010569748188,0.0,-2.5762049493237987e-07,0.0
512,38.43667967949253,32.66020921268436,559.9708225075648,0.0023281034624019928,0.0,0.0023283908304040147,0.0,-2.873680020219413e-07,0.0
513,38.383071108285215,32.88072770334502,540.945844526605,0.00262770453683807,0.0,0.002628051648651806,0.0,-3.471118137361555e-07,0.0
514,38.328958191963494,33.10094509569058,522.0007154464012,0.002601350712223245,0.0,0.002601720094133346,0.0,-3.6938191010126367e-07,0.0
515,38.27434200921808,33.32085968158801,503.14504137353305,0.002898708250356738,0.0,0.002899150776738366,0.0,-4.4252638162819297e-07,0.0
516,38.219223643261174,33.54046978545779,484.3898874244703,0.0028976829754536106,0.0,0.0028981606883105426,0.0,-4.777128569319333e-07,0.0
517,38.163604181680086,33.75977376427651,465.7480503546227,0.0029900719897982047,0.0,0.002990605303336995,0.0,-5.333135387904607e-07,0.0
518,38.107484716290976,33.97877000757362,447.23439083978826,0.003153058656554243,0.0,0.003153668521728772,0.0,-6.098651745287467e-07,0.0
519,38.050866342993,34.197456937422366,428.86623988300727,0.0030474333761211932,0.0,0.003048074886829315,0.0,-6.415107081216356e-07,0.0
520,37.99375016162271,34.41583300842492,410.66389741928003,0.003580402889146616,0.0,0.0035812239228820214,0.0,-8.210337354053361e-07,0.0
521,37.936137275809045,34.63389670769182,392.6512455432631,0.00482047653755068,0.0,0.004821672411154316,0.0,-1.1958736036363216e-06,0.0
522,37.87802879282846,34.85164655481589,374.8565038818581,0.0036165673623747216,0.0,0.0036175636100826197,0.0,-9.962477078981e-07,0.0
523,37.819425823460776,35.069081101840574,357.31316027596097,0.004055374522527642,0.0,0.004056603363405778,0.0,-1.228840878136038e-06,0.0
524,37.760329481845204,35.28619893322289,340.06111553511363,0.004109570038062637,0.0,0.004110945239301742,0.0,-1.3752012391048812e-06,0.0
525,37.70074088533718,35.502998665790955,323.1480852474168,0.004433579513300851,0.0,0.004435222131632457,0.0,-1.6426183316060189e-06,0.0
526,37.64066115436542,35.71947894869635,306.63130175586707,0.004876044813714498,0.0,0.004878050421784488,0.0,-2.0056080699895618e-06,0.0
527,37.5800914122897,35.93563846336129,290.5795503569822,0.005845775345870377,0.0,0.005848448005262373,0.0,-2.6726593919963043e-06,0.0
528,37.51903278525915,36.15147592342067,275.0755465312733,0.006272746514955504,0.0,0.00627594604346192,0.0,-3.1995285064163187e-06,0.0
529,37.457486402071154,36.36699007465907,260.2186006874563,0.006117389282923682,0.0,0.0061208801291718785,0.0,-3.490846248196608e-06,0.0
530,37.395453394030824,36.582179694943015,246.1274010182755,0.006656963781368069,0.0,0.006661208103049149,0.0,-4.244321681079813e-06,0.0
531,37.33293489481109,36.79704359414823,232.9425445060891,0.007757119518962104,0.0,0.007762632184970766,0.0,-5.512666008662334e-06,0.0
532,37.26993204031359,37.0115806140823,220.8281344081923,0.00943800482466935,0.0,0.009445431411127372,0.0,-7.426586458022383e-06,0.0
533,37.20644596853004,37.225789628402644,209.9713438983752,0.00915945758618809,0.0,0.00916745688229454,0.0,-7.999296106449977e-06,0.0
534,37.14247781940447,37.43966954252987,200.57841299747534,0.009679308871522501,0.0,0.00968856979301734,0.0,-9.260921494839286e-06,0.0
535,37.07802873469606,37.653219293556866,192.8653624797955,0.010520413650547112,0.0,0.010531286003245094,0.0,-1.0872352697982243e-05,0.0
536,37.013099857842796,37.86643785015329,187.0422400129374,0.011424347568267384,0.0,0.01143687524802555,0.0,-1.2527679758166446e-05,0.0
537,36.94769233382587,38.07932421246603,183.29144442253656,0.012074205858028972,0.0,0.012087969097850723,0.0,-1.376323982175097e-05,0.0
538,36.748609348926415,38.71598060511923,185.4075870942134,0.012397060914793258,0.0,0.012410832347608584,0.0,-1.377143281532621e-05,0.0
539,39.94376993983445,26.188025734557687,1124.458786451255,0.0009837130771035707,0.0,0.0009837431825551264,0.0,-3.010545155572933e-08,0.0
540,39.905108207022195,26.416972197227274,1104.6481270411068,0.0007224793586525198,0.0,0.0007225023156199046,0.0,-2.2956967384805266e-08,0.0
541,39.865911980591456,26.645678255096783,1084.8415952133796,0.0009298967100900686,0.0,0.0009299273213006877,0.0,-3.0611210619048076e-08,0.0
542,39.82618215486217,26.87414126009642,1065.0395781653947,0.0007856122664945023,0.0,0.0007856391190665927,0.0,-2.6852572090375892e-08,0.0
543,39.78591963299204,27.102358594266406,1045.2424964501072,0.0007845577530575454,0.0,0.0007845855960249352,0.0,-2.7842967389784742e-08,0.0
544,39.74512532683375,27.33032766995791,1025.4508071859605,0.0008080029323259333,0.0,0.0008080327245442424,0.0,-2.97922183090972e-08,0.0
545,39.70380015679129,27.55804593002644,1005.665007641464,0.000829672456097683,0.0,0.0008297042626388703,0.0,-3.180654118729864e-08,0.0
546,39.66194505167563,27.785510848017875,985.8856392461405,0.0008693117659362385,0.0,0.0008693464413510663,0.0,-3.467541482779241e-08,0.0
547,39.61956094855988,28.012719928347025,966.1132920877357,0.0011609097970548003,0.0,0.0011609579464353997,0.0,-4.814938059935839e-08,0.0
548,39.576648792633705,28.239670706468836,946.3486099652912,0.0009098953130412255,0.0,0.0009099347032565347,0.0,-3.939021530913883e-08,0.0
549,39.533209537057125,28.466360749042224,926.5922960792204,0.0009669041982429933,0.0,0.0009669478573427168,0.0,-4.365909972350174e-08,0.0
550,39.48924414281402,28.69278765408647,906.8451194532364,0.0009530706455016227,0.0,0.0009531155777379002,0.0,-4.493223627747341e-08,0.0
551,39.444753578564914,28.918949051130436,887.107922199265,0.0010915828958675262,0.0,0.0010916366593688221,0.0,-5.3763501295898963e-08,0.0
552,39.39973882049937,29.14484260135434,867.38162775606,0.0010056126427509927,0.0,0.0010056644636489537,0.0,-5.1820897960979176e-08,0.0
553,39.354200852188065,29.370465997724388,847.66725025561,0.001188253496838851,0.0,0.0011883175868592833,0.0,-6.409002043222117e-08,0.0
554,39.3081406644344,29.595816965120044,827.965905199666,0.001294237443792603,0.0,0.0012943105895677682,0.0,-7.314577516511628e-08,0.0
555,39.26155925512579,29.82089326045431,808.2788216627423,0.0014253564270217134,0.0,0.0014254409072597125,0.0,-8.448023799912871e-08,0.0
556,39.21445762908467,30.045692672786632,788.6073562792964,0.001194159340640673,0.0,0.0011942337759363153,0.0,-7.443529564227745e-08,0.0
557,39.1668367979193,30.270213023428898,768.953009322987,0.0013987047878843866,0.0,0.0013987964436626902,0.0,-9.1655778303645e-08,0.0
558,39.11869777987419,30.494452166044216,749.3174432473321,0.0013270022195068073,0.0,0.0013270938254264196,0.0,-9.160591961225074e-08,0.0
559,39.07004159968054,30.718407986738836,729.7025041323222,0.001340676601672405,0.0,0.0013407741989554418,0.0,-9.759728303673255e-08,0.0
560,39.020869288406395,30.942078404147004,710.1102465742267,0.0013961885928979122,0.0,0.0013962959140145618,0.0,-1.073211166496054e-07,0.0
561,38.971181883306734,31.16546136950891,690.5429626703457,0.0016283802744700882,0.0,0.00162851257086507,0.0,-1.3229639498181858e-07,0.0
562,38.92098042767344,31.38855486674192,671.003215892646,0.0015191995885559687,0.0,0.0015193303650399104,0.0,-1.3077648394169313e-07,0.0
563,38.870265970685374,31.611356912504846,651.4938808215023,0.001830711713705434,0.0,0.0018308787540424118,0.0,-1.6704033697781742e-07,0.0
564,38.81903956725823,31.833865556255574,632.0181899326705,0.001700849952970981,0.0,0.0017010149601437167,0.0,-1.6500717273581697e-07,0.0
565,38.767302277894586,32.056078880302074,612.579788909767,0.0019801148674962322,0.0,0.001980319215888279,0.0,-2.0434839204672497e-07,0.0
566,38.715055168533915,32.27799499984665,593.1828023071415,0.00179447943874288,0.0,0.0017946770787718345,0.0,-1.9764002895448878e-07,0.0
567,38.6622993104028,32.49961206302386,573.8319118353702,0.0022078504874778345,0.0,0.0022081100738400006,0.0,-2.595863621661365e-07,0.0
568,38.609035779865174,32.72092825093177,554.5324501118059,0.0023310762803036016,0.0,0.0023313697225983755,0.0,-2.934422947738907e-07,0.0
569,38.555265658272745,32.94194177765696,535.2905134482223,0.002666645246334458,0.0,0.0026670049716353847,0.0,-3.597253009266464e-07,0.0
570,38.50099003181567,33.16265089029307,516.1130981852916,0.002831057329340965,0.0,0.0028314680037620525,0.0,-4.1067442108728633e-07,0.0
571,38.446209991373436,33.383053868953276,497.0082662929228,0.0029428100063476235,0.0,0.002943270429333619,0.0,-4.604229859954921e-07,0.0
572,38.39092663236592,33.60314902677638,477.98534752036056,0.0031019075056430236,0.0,0.0031024321651510578,0.0,-5.246595080341324e-07,0.0
573,38.33514105460484,33.82293470992692,459.05518740973594,0.003314732428745336,0.0,0.003315340034607348,0.0,-6.076058620121602e-07,0.0
574,38.27885436214549,34.04240929758928,440.230453123529,0.0035584840528632934,0.0,0.00355919294246999,0.0,-7.088896066967734e-07,0.0
575,38.22206766313877,34.26157120195577,421.52601246104484,0.0031267706928781286,0.0,0.003127451990711911,0.0,-6.812978337821483e-07,0.0
576,38.16478206968369,34.48041886820889,402.95940587605435,0.003772509648205719,0.0,0.0037734076733248194,0.0,-8.980251191004207e-07,0.0
577,38.10699869768017,34.69895077449786,384.55143702279594,0.003584589834126132,0.0,0.0035855280026616688,0.0,-9.381685355368957e-07,0.0
578,38.048718666682355,34.917165431909325,366.3269146363835,0.003678808531708167,0.0,0.003679869691604923,0.0,-1.0611598967561094e-06,0.0
579,37.989943099752395,35.13506138443266,348.3155876419621,0.00391577780930178,0.0,0.003917027012050734,0.0,-1.2492027489539523e-06,0.0
580,37.930673123314605,35.352637208919504,330.55332634565724,0.004286647789694218,0.0,0.004288165766039131,0.0,-1.5179763449123945e-06,0.0
581,37.870909867010276,35.569891515038044,313.08361495357104,0.004647198417549635,0.0,0.004649032377202416,0.0,-1.8339596527814153e-06,0.0
582,37.81065446355296,35.7868229452219,295.9594329263381,0.005052572162262955,0.0,0.005054802853810785,0.0,-2.230691547830052e-06,0.0
583,37.74990804858424,36.00343017461371,279.24561088199954,0.006239929297737703,0.0,0.0062430169639842974,0.0,-3.0876662465940605e-06,0.0
584,37.688671760530276,36.219711911003635,263.02174238044614,0.006078065315105303,0.0,0.0060814601131558895,0.0,-3.3947980505868655e-06,0.0
585,37.62694674045878,36.43566689476263,247.38569899447734,0.006727762601507034,0.0,0.006732007803754706,0.0,-4.245202247671678e-06,0.0
586,37.56473413193674,36.65129389877096,232.45770142525075,0.008131027056474957,0.0,0.008136823089091503,0.0,-5.796032616545502e-06,0.0
587,37.50203508088878,36.86659172834155,218.3846920624998,0.009700417107488332,0.0,0.009708215146189423,0.0,-7.798038701090776e-06,0.0
588,37.438850735456136,37.08155922113883,205.34436002802684,0.008841470429947368,0.0,0.008849553331542269,0.0,-8.082901594900702e-06,0.0
589,37.3751822458564,37.29619524709261,193.54751326109255,0.009932737733969266,0.0,0.009942945724052066,0.0,-1.0207990082800392e-05,0.0
590,37.311030764244016,37.51049870830752,183.23657962059264,0.010869883278476648,0.0,0.01088233424212876,0.0,-1.2450963652111888e-05,0.0
591,37.246397444571436,37.724468538967834,174.67712490737614,0.012693806690514533,0.0,0.012709740865775813,0.0,-1.593417526127988e-05,0.0
592,37.1812834424511,37.93810370523792,168.13919948323715,0.013478542084981561,0.0,0.013496782779934414,0.0,-1.8240694952853173e-05,0.0
593,37.11568991501814,38.15140320515836,163.86738617413295,0.013807203922191123,0.0,0.013826879893885521,0.0,-1.9675971694398803e-05,0.0
594,37.04961802079403,38.36436606853779,162.04350113818776,0.01534182325520643,0.0,0.015364009276584208,0.0,-2.2186021377778448e-05,0.0
595,36.9830689195508,38.57699135684072,162.75237982758424,0.014191643889265151,0.0,0.014212120913097133,0.0,-2.0477023831981175e-05,0.0
596,36.916043772176415,38.78927816307116,165.964067174805,0.013804891363777275,0.0,0.013824054938498748,0.0,-1.9163574721472662e-05,0.0
597,36.84854374054069,39.00122561165241,171.54048608762574,0.014268591095674247,0.0,0.014287015619599304,0.0,-1.8424523925057376e-05,0.0
598,36.78056998736233,39.21283285830299,179.26345496487073,0.01239856123212588,0.0,0.012413334740787128,0.0,-1.4773508661247714e-05,0.0
599,36.71212367607664,39.4240990899088,188.87211094974379,0.012211783532703562,0.0,0.012224848385359366,0.0,-1.3064852655803733e-05,0.0
601,40.1201861044921,26.233358936863212,1122.4021402104684,0.0008186759971598461,0.0,0.0008187011855454101,0.0,-2.518838556405268e-08,0.0
602,40.08140064398977,26.462893286191683,1102.545029327386,0.00081421932573012,0.0,0.0008142452900562316,0.0,-2.5964326111653155e-08,0.0
603,40.042079185015,26.692184430650823,1082.6902868508616,0.0007665909801556679,0.0,0.0007666163354401638,0.0,-2.5355284495902006e-08,0.0
604,40.00222263271022,26.921229695926893,1062.8382026082543,0.0008800145388425639,0.0,0.0008800447336628094,0.0,-3.019482024547819e-08,0.0
605,39.961831901140826,27.15002643831508,1042.9890925507711,0.0007792747613929436,0.0,0.0007793025368547739,0.0,-2.777546183026572e-08,0.0
606,39.9209079131499,27.37857204492198,1023.1433012878645,0.0008099607325999451,0.0,0.0008099907318680256,0.0,-2.999926808052236e-08,0.0
607,39.879451600212164,27.606863933860325,1003.3012049203105,0.0008197224341726188,0.0,0.0008197540081731731,0.0,-3.1574000554281806e-08,0.0
608,39.837463902287475,27.834899554436195,983.4632142135772,0.0009644566408730485,0.0,0.0009644952908746702,0.0,-3.865000162170222e-08,0.0
609,39.794945767673326,28.062676387328622,963.6297781598553,0.0008708849908889066,0.0,0.0008709213535541756,0.0,-3.636266526904283e-08,0.0
610,39.751898152856995,28.290191944761638,943.801387985073,0.0009053909135606846,0.0,0.0009054303211317187,0.0,-3.940757103406897e-08,0.0
611,39.70832202236707,28.51744377066874,923.978581666698,0.0010494800953065827,0.0,0.0010495277404639336,0.0,-4.764515735091769e-08,0.0
612,39.66421834862438,28.744429440849917,904.1619490393786,0.0009894710582052395,0.0,0.0009895179809583058,0.0,-4.6922753066305084e-08,0.0
613,39.619588111792524,28.97114656312113,884.3521375789999,0.001036561961500463,0.0,0.0010366133419044549,0.0,-5.138040399177077e-08,0.0
614,39.57443229962788,29.19759277745635,864.5498589718825,0.001010527851139138,0.0,0.0010105802668971939,0.0,-5.241575805597226e-08,0.0
615,39.528751907329294,29.42376575612218,844.7558965953326,0.001307624934518801,0.0,0.001307695909527439,0.0,-7.097500863808073e-08,0.0
616,39.48254793738729,29.64966320380511,824.9711140592897,0.001262934691187691,0.0,0.0012630065992040576,0.0,-7.19080163666657e-08,0.0
617,39.4358213994331,29.87528285773141,805.1964649873548,0.001157666131356958,0.0,0.0011577353504557215,0.0,-6.921909876354826e-08,0.0
618,39.38857331008729,30.10062248777972,785.433004250228,0.0014878884478293744,0.0,0.0014879818318165013,0.0,-9.338398712687226e-08,0.0
619,39.34080469280809,30.325679896586415,765.6819009070434,0.0012480952705087895,0.0,0.0012481777939096035,0.0,-8.252340081399932e-08,0.0
620,39.29251657773977,30.550452919643725,745.9444531622485,0.0014352039239679622,0.0,0.0014353038685016488,0.0,-9.994453368665675e-08,0.0
621,39.24371000156047,30.7749394253907,726.2221057099106,0.0014828177420565857,0.0,0.0014829266865632375,0.0,-1.0894450665189202e-07,0.0
622,39.19438600733022,30.99913731529718,706.5164699169177,0.0017293698520068376,0.0,0.0017295039647496875,0.0,-1.3411274284993654e-07,0.0
623,39.14454564433868,31.2230445239405,686.8293473955601,0.00169052202841663,0.0,0.0016906608322792029,0.0,-1.388038625728654e-07,0.0
624,39.09418996795281,31.44665901907549,667.1627576396356,0.001793587293763544,0.0,0.0017937433381111205,0.0,-1.5604434757646342e-07,0.0
625,39.04332003946468,31.66997880169726,647.5189705537133,0.0018217032419010938,0.0,0.0018218715243437174,0.0,-1.6828244262358585e-07,0.0
626,38.991936925939086,31.893001906097325,627.9005449012936,0.0019015277617900404,0.0,0.0019017145573082721,0.0,-1.8679551823169369e-07,0.0
627,38.94004170006132,32.11572639991289,608.3103739466235,0.0019911798535657173,0.0,0.001991388243368884,0.0,-2.0838980316654696e-07,0.0
628,38.88763543998496,32.338150384169296,588.7517398825597,0.0020915167666239877,0.0,0.002091750421848371,0.0,-2.3365522438352146e-07,0.0
629,38.83471922917987,32.56027199331595,569.228379044365,0.0022503245988048123,0.0,0.0022505934489642637,0.0,-2.6885015945140103e-07,0.0
630,38.781294156280225,32.78208939525553,549.7445604350845,0.0023439558155440056,0.0,0.002344256057158718,0.0,-3.002416147125653e-07,0.0
631,38.72736131493278,33.0036007913668,530.3051807702573,0.002690319812340651,0.0,0.0026906896096082623,0.0,-3.6979726761136866e-07,0.0
632,38.67292180364538,33.22480441652082,510.91588013991657,0.003807760272643439,0.0,0.003808308163534013,0.0,-5.478908905740335e-07,0.0
633,38.61797672563558,33.445698539090955,491.58318355408204,0.0037835273393353784,0.0,0.0037841225934825413,0.0,-5.95254147162886e-07,0.0
634,38.56252718867975,33.66628146095647,472.31467518000727,0.004285415624153192,0.0,0.0042861333730682,0.0,-7.177489150080388e-07,0.0
635,38.506574304962264,33.88655151749992,453.11921412569956,0.0030957046777008996,0.0,0.003096288020971231,0.0,-5.833432703311776e-07,0.0
636,38.45011919092519,34.10650707759851,434.0072033534233,0.0033963661537004617,0.0,0.0033970633150932914,0.0,-6.971613928296802e-07,0.0
637,38.39316296711828,34.32614654360927,414.99092696291825,0.0032044533106031954,0.0,0.003205173655381635,0.0,-7.203447784398e-07,0.0
638,38.335706758049334,34.54546835134839,396.08497599823806,0.003873599931677034,0.0,0.003874554195278927,0.0,-9.542636018929768e-07,0.0
639,38.277751692035075,34.76447097006454,377.3067895499472,0.004522001083739284,0.0,0.0045232253646797374,0.0,-1.224280940453383e-06,0.0
640,38.219298901052355,34.983152902406516,358.6773468319218,0.004725992117607784,0.0,0.004727408938363175,0.0,-1.4168207553913459e-06,0.0
641,38.160349520589904,35.20151268438517,340.2220578517394,0.004378464622409123,0.0,0.004379927609233484,0.0,-1.4629868243607597e-06,0.0
642,38.10090468950075,35.41954888532958,321.9719161376725,0.004457690321844014,0.0,0.0044593539330345325,0.0,-1.663611190518173e-06,0.0
643,38.04096554985477,35.63726010783792,303.96499759603864,0.005350929410287775,0.0,0.005353166782606804,0.0,-2.237372319029325e-06,0.0
644,37.98053324679221,35.854644987722665,286.2484153919451,0.005309450605693709,0.0,0.005311955977286972,0.0,-2.5053715932629728e-06,0.0
645,37.91960892837763,36.07170219395067,268.8808707764181,0.005826956014611735,0.0,0.005830071033203068,0.0,-3.115018591333049e-06,0.0
646,37.85819374545437,36.28843042857781,251.9359692758356,0.006528812757796724,0.0,0.0065327856760731325,0.0,-3.972918276408562e-06,0.0
647,37.796288851499845,36.504828426678564,235.50648721812865,0.007094113414281064,0.0,0.007099051924845462,0.0,-4.938510564397522e-06,0.0
648,37.733895402481295,36.72089495627054,219.70974348165944,0.008740191873086804,0.0,0.008747163492522287,0.0,-6.971619435483523e-06,0.0
649,37.67101455671245,36.936628818233956,204.6940884281992,0.009494279403418902,0.0,0.009503001604065755,0.0,-8.722200646852502e-06,0.0
650,37.60764747471062,37.15202884622636,190.64613877068265,0.010833027152428613,0.0,0.010844477577884095,0.0,-1.1450425455481264e-05,0.0
651,37.543795319054794,37.36709390659246,177.79755795894343,0.01080008763220656,0.0,0.0108132357159608,0.0,-1.3148083754240675e-05,0.0
652,37.479459254244276,37.58182289826938,166.4286718936047,0.01357201448066137,0.0,0.013590765511173667,0.0,-1.8751030512296693e-05,0.0
653,37.41464044655823,37.79621475268723,156.86402548740415,0.014855693224887393,0.0,0.014878758265242662,0.0,-2.306504035526867e-05,0.0
654,37.34934006391592,38.01026843366529,149.45306645827944,0.016177733446519477,0.0,0.01620533831883709,0.0,-2.7604872317611023e-05,0.0
655,37.28355927573778,38.22398293730375,144.5302422193756,0.016809169724939958,0.0,0.016839832871599923,0.0,-3.066314665996564e-05,0.0
656,37.217299252807365,38.43735729187118,142.35675704628747,0.01681113876226263,0.0,0.016842782595286016,0.0,-3.164383302338425e-05,0.0
657,37.1505611671341,38.650390557687786,143.06083799718942,0.0161216000127539,0.0,0.016151709396162242,0.0,-3.0109383408343654e-05,0.0
658,37.08334619181691,38.86308182700466,146.60385533031223,0.017714823542059555,0.0,0.017746012535614315,0.0,-3.1188993554760736e-05,0.0
659,37.015655500908686,39.07543022387888,152.79118300914587,0.01723518964715611,0.0,0.017263034616697818,0.0,-2.7844969541706427e-05,0.0
660,36.947490269281786,39.28743490404493,161.3214719345792,0.01433891131851589,0.0,0.014359968330490632,0.0,-2.105701197474205e-05,0.0
661,36.878851672494214,39.49909505478208,171.84866579383382,0.01322277191315004,0.0,0.013239897465052166,0.0,-1.712555190212621e-05,0.0
662,36.80974088665697,39.710409894778365,184.0327527348969,0.012749065453539838,0.0,0.012763414895557483,0.0,-1.4349442017645014e-05,0.0
663,40.29653554887456,26.279037924116928,1120.6848696618345,0.0009352194400286089,0.0,0.000935248276160708,0.0,-2.8836132099111997e-08,0.0
664,40.21817774240142,26.739044402669453,1080.890593027889,0.0007684950415852138,0.0,0.0007685205445368036,0.0,-2.5502951589840943e-08,0.0
665,40.178193485626814,26.968675876308076,1060.99488919467,0.0007900822308674187,0.0,0.000790109442454062,0.0,-2.7211586643271363e-08,0.0
666,40.13767355698863,27.198055936224232,1041.1004325094395,0.0007880247913347386,0.0,0.0007880529803142789,0.0,-2.8188979540248564e-08,0.0
667,40.096618890471426,27.427181944046144,1021.2074675445617,0.0008364188276401501,0.0,0.0008364499228733561,0.0,-3.109523320603269e-08,0.0
668,40.05503042877249,27.656051292919926,1001.3162625648097,0.0009508909624853059,0.0,0.0009509277209923133,0.0,-3.675850700744516e-08,0.0
669,40.01290912315264,27.884661407698005,981.4271119334995,0.0008618299829811354,0.0,0.0008618646738042373,0.0,-3.469082310184144e-08,0.0
670,39.97025593328653,28.113009745119623,961.5403388159342,0.0009967149525290102,0.0,0.0009967567365149104,0.0,-4.17839859001741e-08,0.0
671,39.92707182711223,28.3410937939838,941.6562982236799,0.0008896614222440498,0.0,0.0008897003229244907,0.0,-3.8900680440984506e-08,0.0
672,39.883357780680356,28.568911075314393,921.7753804506473,0.001071152845987048,0.0,0.0010712017042228327,0.0,-4.8858235784845355e-08,0.0
673,39.83911477800261,28.796459142517637,901.8980149607602,0.0010066403334079215,0.0,0.001006688308859557,0.0,-4.7975451635462116e-08,0.0
674,39.79434381089984,29.023735581531948,882.0246747976352,0.0009808212749233265,0.0,0.0009808701545584554,0.0,-4.8879635128947635e-08,0.0
675,39.74904587884967,29.250738010970114,862.1558815994402,0.0011552269045178596,0.0,0.0011552871385787319,0.0,-6.023406087232383e-08,0.0
676,39.70322198883376,29.477464082253924,842.2922113175139,0.0011721792990830968,0.0,0.001172243336975712,0.0,-6.403789261518432e-08,0.0
677,39.656873155184655,29.70391147974124,822.4343007560004,0.0010894217105265188,0.0,0.0010894841517045239,0.0,-6.244117800504462e-08,0.0
678,39.61000039943228,29.930077920845623,802.5828550724809,0.0011329528184386727,0.0,0.001133021005073751,0.0,-6.81866350782552e-08,0.0
679,39.562604750150335,30.15596115614837,782.7386564073669,0.0012434310308927256,0.0,0.0012435096977837313,0.0,-7.866689100567009e-08,0.0
680,39.51468724280222,30.381558969503313,762.9025738438528,0.0012919319425935545,0.0,0.0012920179812451185,0.0,-8.603865156399035e-08,0.0
681,39.466248919586896,30.606869178134144,743.0755749422867,0.0013048674513786859,0.0,0.0013049590552713286,0.0,-9.16038926427297e-08,0.0
682,39.41729082928454,30.831889632724433,723.258739144783,0.0015870454539793591,0.0,0.0015871629656351006,0.0,-1.1751165574142887e-07,0.0
683,39.36781402710211,31.05661821750052,703.4532734106458,0.0017526942034934807,0.0,0.0017528312972217616,0.0,-1.3709372828087617e-07,0.0
684,39.31781957451871,31.281052850307052,683.660530524126,0.0017125973518614815,0.0,0.0017127392663068236,0.0,-1.4191444534209126e-07,0.0
685,39.267308539131086,31.505191482675514,663.8820306177818,0.0018058349010790953,0.0,0.001805993566440755,0.0,-1.586653616597513e-07,0.0
686,39.21628199449896,31.729032099885593,644.1194865833594,0.001822381958638712,0.0,0.001822552093150673,0.0,-1.7013451196110606e-07,0.0
687,39.16474101999038,31.952572721019667,624.3748342056268,0.0019526658504655876,0.0,0.0019528598087760062,0.0,-1.9395831041854432e-07,0.0
688,39.11268670062728,32.175811399010236,604.6502680637273,0.0020703763406811,0.0,0.002070595584447135,0.0,-2.192437660347886e-07,0.0
689,39.06012012693099,32.398746220680515,584.9482845136444,0.002180242669733526,0.0,0.0021804893313694825,0.0,-2.466616359567131e-07,0.0
690,39.00704239476782,32.621375306778305,565.2717334137598,0.002252918558723077,0.0,0.002253191521142,0.0,-2.7296241892314776e-07,0.0
691,38.95345460519509,32.84369681200303,545.6238807096224,0.002579505589486932,0.0,0.0025798405724445275,0.0,-3.3498295759536514e-07,0.0
692,38.89935786430698,33.065708925026236,526.0084845900112,0.0027160247733747605,0.0,0.0027164042327839383,0.0,-3.794594091778049e-07,0.0
693,38.84475328308093,33.287409868505435,506.4298887142185,0.0036405034537457864,0.0,0.003641043137501791,0.0,-5.396837560044283e-07,0.0
694,38.78964197722406,33.508797899091505,486.89313705945517,0.0036242589350295833,0.0,0.003624844291719513,0.0,-5.853566899297578e-07,0.0
695,38.734025067020085,33.72987130742968,467.4041163445905,0.0028835720951801706,0.0,0.0028840829691377215,0.0,-5.10873957550867e-07,0.0
696,38.67790367717638,33.95062841815417,447.96973388897044,0.0031470882843029945,0.0,0.003147694997675433,0.0,-6.067133724385956e-07,0.0
697,38.621278936671544,34.171067589876586,428.5981413570273,0.0028755370258092905,0.0,0.002876143302230602,0.0,-6.062764213114052e-07,0.0
698,38.56415197860323,34.3911872151682,409.2990183980201,0.0032668257052055447,0.0,0.003267580609919165,0.0,-7.549047136203718e-07,0.0
699,38.5065239400365,34.61098572053609,390.0839351127191,0.003631178020462456,0.0,0.003632101383545238,0.0,-9.23363082782052e-07,0.0
700,38.44839596185253,34.830461566393375,370.9668191362726,0.003814837075175043,0.0,0.003815909734133637,0.0,-1.0726589585938195e-06,0.0
701,38.38976918859791,35.04961324702345,351.96456273924457,0.0040893550271839775,0.0,0.004090632195602489,0.0,-1.2771684185118246e-06,0.0
702,38.33064476833425,35.268439290538545,333.0978188894595,0.0065237108348349185,0.0,0.0065259262278541865,0.0,-2.2153930192680277e-06,0.0
703,38.2710238524886,35.486938258832474,314.39205433922666,0.004836824611172196,0.0,0.004838716796587726,0.0,-1.8921854155300177e-06,0.0
704,38.21090759570411,35.705108747527774,295.87895477105263,0.006117093506960935,0.0,0.0061197858994848815,0.0,-2.692392523946825e-06,0.0
705,38.15029715569154,35.922949385917406,277.5983147763846,0.00555717088340363,0.0,0.005559958596284453,0.0,-2.787712880822704e-06,0.0
706,38.0891936930813,36.140458836900876,259.6005972619721,0.006139030193500463,0.0,0.006142550028907094,0.0,-3.519835406630596e-06,0.0
707,38.02759837127591,36.3576357969152,241.95041520039345,0.006932697822476716,0.0,0.0069372704183277055,0.0,-4.572595850989639e-06,0.0
708,37.965512356303535,36.57447899586045,224.7312711690739,0.008437425513330486,0.0,0.008443860389607911,0.0,-6.434876277425228e-06,0.0
709,37.9029368166719,36.79098719702031,208.05196974644093,0.0085929172579515,0.0,0.0086005720052861,0.0,-7.654747334599754e-06,0.0
710,37.8398729232229,37.007159196977476,192.05513851152998,0.00976199781299726,0.0,0.00977219165938198,0.0,-1.0193846384721345e-05,0.0
711,37.77632184898816,37.22299382552418,176.9281081643692,0.010885652632877559,0.0,0.010899034316471413,0.0,-1.3381683593854943e-05,0.0
712,37.712284769045155,37.438489945567845,162.91567882040044,0.013332659411396495,0.0,0.013351918615513412,0.0,-1.9259204116916714e-05,0.0
713,37.64776286037421,37.65364645303202,150.332409776552,0.014790138635937169,0.0,0.014815199188608236,0.0,-2.5060552671067257e-05,0.0
714,37.58275730171614,37.86846227675258,139.56818651234695,0.018891075661683347,0.0,0.018927735188365144,0.0,-3.6659526681796784e-05,0.0
715,37.51726927343102,38.08293637836952,131.07494866600572,0.019146302052820877,0.0,0.019188671511668233,0.0,-4.236945884735638e-05,0.0
716,37.45129995735741,38.29706775221419,125.3184812267264,0.02153398185924167,0.0,0.021585745329817056,0.0,-5.1763470575384024e-05,0.0
717,37.38485053667271,38.5108554251922,122.68791777665254,0.018573694634628567,0.0,0.018620809332368832,0.0,-4.711469774026575e-05,0.0
718,37.31792219575423,38.724298456662176,123.38666940436525,0.022063962312248015,0.0,0.022118621012286774,0.0,-5.4658700038758695e-05,0.0
719,37.2505161200413,38.93739593831027,127.36319918458638,0.02109285044493897,0.0,0.02114195682257165,0.0,-4.910637763267875e-05,0.0
720,37.18263349589814,39.15014699402062,134.32983984363403,0.01874945928891674,0.0,0.018788950789092165,0.0,-3.949150017542452e-05,0.0
721,37.1142755104777,39.36255077974204,143.8557683916406,0.01710995722048174,0.0,0.01714143097326812,0.0,-3.147375278638245e-05,0.0
722,37.04544335158653,39.574606483350586,155.47402070743573,0.01509954968258671,0.0,0.015123403724329743,0.0,-2.3854041743032878e-05,0.0
723,36.976138207550484,39.78631332450876,168.7555658314235,0.013519141786482397,0.0,0.013537296226994422,0.0,-1.8154440512025555e-05,0.0
724,36.90636126708145,39.99767055452064,183.34167564473515,0.011856030296158917,0.0,0.011869551017895571,0.0,-1.352072173665432e-05,0.0
725,40.43378255559751,26.55578844988763,1099.3764693327917,0.0008375740016274846,0.0,0.000837600862522248,0.0,-2.6860894763438767e-08,0.0
726,40.39420771705187,26.78626176003704,1079.4440794671384,0.0010310328052256135,0.0,0.001031067048437115,0.0,-3.42432115016042e-08,0.0
727,40.354094768172516,27.016483422121702,1059.511310043495,0.0007557243984323003,0.0,0.0007557505014034381,0.0,-2.6102971137777035e-08,0.0
728,40.31344464529415,27.246450740213557,1039.5783036361586,0.0011521417953443648,0.0,0.0011521829984096886,0.0,-4.120306532377424e-08,0.0
729,40.27225829369649,27.47616105022693,1019.6452181438718,0.0009370030195303101,0.0,0.0009370379495315399,0.0,-3.493000122977395e-08,0.0
730,40.2305366674535,27.705611720116046,999.7122283269034,0.0008654774316736578,0.0,0.0008655110051030121,0.0,-3.3573429354324946e-08,0.0
731,40.188280729281765,27.93480015006441,979.7795275316847,0.0013505128400880038,0.0,0.0013505670473635827,0.0,-5.4207275578845027e-08,0.0
732,40.14549145038825,28.16372377266648,959.8473296301187,0.0012377850155835138,0.0,0.0012378369778234689,0.0,-5.1962239955077524e-08,0.0
733,40.10216981031748,28.39238005310126,939.9158712053143,0.0012515348206134874,0.0,0.0012515896285510157,0.0,-5.48079375282777e-08,0.0
734,40.05831679679816,28.6207664892981,919.9854140209014,0.0009365708882793248,0.0,0.0009366137904561604,0.0,-4.290217683552717e-08,0.0
735,40.013933405589206,28.848880612094618,900.056247817637,0.0009516665411739581,0.0,0.0009517120872288419,0.0,-4.5546054883876565e-08,0.0
736,39.96902064032539,29.076719985386802,880.128693488847,0.001013833970758761,0.0,0.001013884710926438,0.0,-5.074016767706892e-08,0.0
737,39.92357951236253,29.30428220627132,860.2031066957052,0.0010416380916721754,0.0,0.001041692666262875,0.0,-5.45745906996558e-08,0.0
738,39.877611040622156,29.53156490518009,840.2798819947938,0.0010543543319583137,0.0,0.0010544122246274137,0.0,-5.7892669100018807e-08,0.0
739,39.8311162514361,29.75856574600717,820.3594575642962,0.0011259098443014335,0.0,0.0011259747000565716,0.0,-6.485575513811605e-08,0.0
740,39.784096178390456,29.98528242622794,800.4423206321533,0.0011679320763243893,0.0,0.0011680027408708573,0.0,-7.066454646800259e-08,0.0
741,39.736551862169485,30.211712677010667,780.5290137302976,0.0011787047083794714,0.0,0.0011787797125929196,0.0,-7.500421344815503e-08,0.0
742,39.68848435039919,30.43785426332059,760.6201419246987,0.0012977152091839987,0.0,0.0012978021521526373,0.0,-8.694296863855609e-08,0.0
743,39.63989469749078,30.663704984016384,740.7163812026329,0.0014925963204923621,0.0,0.0014927017154191065,0.0,-1.0539492674432882e-07,0.0
744,39.59078396448383,30.889262671939225,720.818488237944,0.0016564382161259631,0.0,0.0016565616523914496,0.0,-1.2343626548650365e-07,0.0
745,39.54115321888954,31.11452519399443,700.9273118042926,0.0016240397177328038,0.0,0.0016241677678116835,0.0,-1.2805007887969205e-07,0.0
746,39.49100353453368,31.339490451225817,681.0438061681541,0.0016816059517725263,0.0,0.0016817463956465743,0.0,-1.404438740480133e-07,0.0
747,39.440335991399714,31.56415637888271,661.1690468714526,0.0015260144427141097,0.0,0.001526149746484056,0.0,-1.3530376994632873e-07,0.0
748,39.389151675471766,31.78852094647976,641.3042494128924,0.0018455865287711633,0.0,0.0018457603358249658,0.0,-1.7380705380249002e-07,0.0
749,39.337451678577715,32.01258215784965,621.4507914639308,0.002030456558625571,0.0,0.0020306600743387783,0.0,-2.0351571320721684e-07,0.0
750,39.28523709823231,32.2363380511887,601.6102394185995,0.002034334795725896,0.0,0.0020345524553437504,0.0,-2.1765961785453342e-07,0.0
751,39.23250903748041,32.45978669909549,581.784380287895,0.002006747638499257,0.0,0.0020069773158510607,0.0,-2.2967735180358037e-07,0.0
752,39.1792686047404,32.68292620860249,561.9752602254873,0.002037440839667737,0.0,0.0020376907884985533,0.0,-2.4994883081634264e-07,0.0
753,39.125516913647694,32.90575472120095,542.1852313343369,0.0021611405843751813,0.0,0.0021614253883714216,0.0,-2.848039962403785e-07,0.0
754,39.07125508289855,33.12827041285893,522.4170088846062,0.0025118561320190795,0.0,0.0025122123895621124,0.0,-3.562575430328743e-07,0.0
755,39.01648423609411,33.35047149403265,502.67374171547,0.0037794758770167245,0.0,0.003780041626898735,0.0,-5.657498820103336e-07,0.0
756,38.96120550158467,33.57235620967121,482.9590994587843,0.002756300803264351,0.0,0.002756758214401517,0.0,-4.57411137166127e-07,0.0
757,38.90542001231434,33.79392283921489,463.2773813990833,0.002560882698096569,0.0,0.002561344911399982,0.0,-4.6221330341324543e-07,0.0
758,38.84912890566591,34.01516969658687,443.6336533990881,0.0031154057603400517,0.0,0.00311601832509338,0.0,-6.125647533283991e-07,0.0
759,38.792333323306295,34.236095130178605,424.0339215579098,0.003025506898228842,0.0,0.0030261584676798394,0.0,-6.515694509975911e-07,0.0
760,38.73503441103226,34.456697522829046,404.4853544029124,0.0037244767393178496,0.0,0.0037253567882343983,0.0,-8.80048916548741e-07,0.0
761,38.67723331861654,34.676975291797554,384.99656985096806,0.003583137636099637,0.0,0.003584073251537383,0.0,-9.356154377459895e-07,0.0
762,38.61893119965454,34.89692688873084,365.57800951906916,0.00386488567122314,0.0,0.003866004694537005,0.0,-1.119023313864674e-06,0.0
763,38.56012921141152,35.11655079962372,346.2424321403482,0.004358532929368554,0.0,0.004359938822529612,0.0,-1.4058931610575962e-06,0.0
764,38.500828514670175,35.33584554477423,327.00557125876645,0.004562069431191119,0.0,0.004563719451352321,0.0,-1.6500201612023105e-06,0.0
765,38.44103027357895,35.55480967873274,307.8870222003149,0.005004468975782068,0.0,0.005006510036070552,0.0,-2.0410602884846432e-06,0.0
766,38.38073565550083,35.773441790245336,288.91145288590513,0.005491558049880389,0.0,0.005494100691972315,0.0,-2.5426420919259785e-06,0.0
767,38.319945830862736,35.991740502191774,270.11027747325465,0.006418190292644961,0.0,0.006421585227056993,0.0,-3.394934412031571e-06,0.0
768,38.25866197300559,36.20970447151774,251.52399878974038,0.006994257336358204,0.0,0.006998522936689843,0.0,-4.265600331639259e-06,0.0
769,38.19688525803506,36.42733238916173,233.2055261497193,0.007321865127204293,0.0,0.007327061708790219,0.0,-5.196581585925966e-06,0.0
770,38.13461686467288,36.64462297997667,215.22492388019774,0.008945156394556768,0.0,0.00895259155544535,0.0,-7.435160888582051e-06,0.0
771,38.07185797410908,36.86157500264625,197.67625644045947,0.010279910164383647,0.0,0.01029002243882041,0.0,-1.0112274436762866e-05,0.0
772,38.00860976985472,37.07818724959617,180.68746407223327,0.010374004834229482,0.0,0.010386239664738568,0.0,-1.2234830509086705e-05,0.0
773,37.944873437595554,37.294458546900344,164.4344496220956,0.012279494500420903,0.0,0.012296945434239613,0.0,-1.745093381871031e-05,0.0
774,37.880650165046355,37.51038775418221,149.16047115083896,0.014213693790350234,0.0,0.014238194261403936,0.0,-2.450047105370147e-05,0.0
775,37.81594114180616,37.72597376451125,135.20059677135052,0.01714465271729444,0.0,0.017180483811021004,0.0,-3.583109372656476e-05,0.0
776,37.75074755921419,37.94121550429471,123.00622567828864,0.020328546274227456,0.0,0.02037963112873017,0.0,-5.1084854502714966e-05,0.0
777,37.6850706102068,38.156111933164816,113.15310089453074,0.025133506103205368,0.0,0.025207155228571643,0.0,-7.364912536627494e-05,0.0
778,37.61891148917504,38.3706620438614,106.29805651219158,0.03198580594295257,0.0,0.032082915332072366,0.0,-9.710938911979689e-05,0.0
779,37.5522713918234,38.58486486211021,103.04511916111453,0.0333767304802267,0.0,0.03348349163503515,0.0,-0.00010676115480844767,0.0
780,37.485151515029195,38.79871944649685,103.73765363049367,0.026834290148352775,0.0,0.026928152578956914,0.0,-9.386243060413926e-05,0.0
781,37.41755305670296,39.01222488833654,108.30381637865779,0.025942848571265737,0.0,0.026026011961524605,0.0,-8.316339025886757e-05,0.0
782,37.349477215649856,39.225380311539865,116.29179430808443,0.022924135495227715,0.0,0.02298824513472267,0.0,-6.410963949495668e-05,0.0
783,37.280925191431955,39.43818487247439,127.06117600193568,0.02043889145742248,0.0,0.020486885020048924,0.0,-4.799356262644508e-05,0.0
784,37.211898184231465,39.650637759822565,139.9744874722393,0.016349862963748144,0.0,0.01638176736746125,0.0,-3.190440371310735e-05,0.0
785,37.142397394715,39.86273819443573,154.4978740665194,0.014953084485693916,0.0,0.014977030699203472,0.0,-2.3946213509555905e-05,0.0
786,37.072424023898826,40.07448542918451,170.22229014307092,0.013668956953913902,0.0,0.013686971670429577,0.0,-1.801471651567514e-05,0.0
787,37.00197927301514,40.2858787488056,186.8471301875139,0.011895793834670286,0.0,0.011908837074535543,0.0,-1.3043239865256906e-05,0.0
788,40.6876555372791,26.13987605167033,1138.2320250910448,0.0008455633259361643,0.0,0.0008455886167952857,0.0,-2.5290859121470007e-08,0.0
789,40.64903460531436,26.371447394800388,1118.273660028394,0.0008205999254545956,0.0,0.0008206253600230857,0.0,-2.5434568490093935e-08,0.0
790,40.570169167157275,26.833840141964107,1078.3519778452232,0.0008931842034609524,0.0,0.0008932139701572398,0.0,-2.9766696287426668e-08,0.0
791,40.36357872892689,27.98531957557854,978.5222137993711,0.0013711901780511194,0.0,0.0013712453170635734,0.0,-5.5139012453998826e-08,0.0
792,40.32065231707862,28.214822292950004,958.5526369090262,0.000892675764648854,0.0,0.0008927134319575678,0.0,-3.766730871375239e-08,0.0
793,40.277192090372225,28.44405457335386,938.5821390892357,0.001056702519239982,0.0,0.0010567490058161352,0.0,-4.648657615314092e-08,0.0
794,40.23319904837306,28.67301389143943,918.6108741263074,0.001070647895059492,0.0,0.001070697068308475,0.0,-4.9173248983097606e-08,0.0
795,40.188674198746156,28.9016977553005,898.6390142756334,0.0013056759696411045,0.0,0.0013057385377619986,0.0,-6.256812089418771e-08,0.0
796,40.143618557099444,29.130103706625572,878.6667523735072,0.0010163500722664206,0.0,0.0010164011077012083,0.0,-5.1035434787743625e-08,0.0
797,40.09803314682628,29.35822932084032,858.6943042436592,0.0010517965266285288,0.0,0.001051851826469376,0.0,-5.529984084713668e-08,0.0
798,40.05191899894782,29.58607220724202,838.7219114475116,0.001351742026671833,0.0,0.0013518164386014237,0.0,-7.441192959056243e-08,0.0
799,40.00527715195487,29.81363000912615,818.7498444366297,0.0012821778721269213,0.0,0.0012822519870962648,0.0,-7.411496934358816e-08,0.0
800,39.95810865164955,30.040900403905187,798.7784061774736,0.0011715610488182157,0.0,0.0011716322284222906,0.0,-7.117960407481035e-08,0.0
801,39.91041455098667,30.26788110321954,778.8079363328516,0.0014330503428947557,0.0,0.0014331418634033963,0.0,-9.152050864055274e-08,0.0
802,39.86219590991478,30.494569853040865,758.8388161020722,0.0014500941204244726,0.0,0.00145019168162059,0.0,-9.756119611747244e-08,0.0
803,39.8134537952172,30.720964433767634,738.8714738437005,0.0016419149574878928,0.0,0.001642031374595421,0.0,-1.164171075282959e-07,0.0
804,39.764189280352795,30.947062660313126,718.9063916320501,0.0017020356737572147,0.0,0.0017021631468134095,0.0,-1.2747305619485033e-07,0.0
805,39.714403445296725,31.172862382185865,698.9441129327564,0.0016441519040887376,0.0,0.0016442822681079453,0.0,-1.3036401920766758e-07,0.0
806,39.66409737638097,31.398361483562496,678.9852516258545,0.0014487264012472893,0.0,0.00144884820694276,0.0,-1.2180569547068885e-07,0.0
807,39.613272166135104,31.623557883353396,659.0305026594409,0.0017898700064441762,0.0,0.0017900296179215066,0.0,-1.5961147733036841e-07,0.0
808,39.5619289131268,31.84844953526074,639.0806546867767,0.0018623433458462633,0.0,0.0018625199466554008,0.0,-1.7660080913741924e-07,0.0
809,39.51006872180259,32.073034427829406,619.1366051292624,0.0019392789644557165,0.0,0.0019394748953118462,0.0,-1.959308561297335e-07,0.0
810,39.45769270232854,32.29731058449064,599.1993782236445,0.0022148865413577938,0.0,0.0022151251964458466,0.0,-2.3865508805287483e-07,0.0
811,39.404801970431265,32.52127606359852,579.2701467628439,0.002018837375887161,0.0,0.00201907044559125,0.0,-2.330697040889458e-07,0.0
812,39.35139764723887,32.744928958459475,559.3502584380549,0.002402071003031514,0.0,0.0024023680375813454,0.0,-2.97034549831543e-07,0.0
813,39.29748085912228,32.96826739735466,539.4412679522898,0.002410979448546767,0.0,0.002411300165808554,0.0,-3.2071726178669116e-07,0.0
814,39.24305273753665,33.191289543555584,519.544976425917,0.002483166271126632,0.0,0.0024835224293861483,0.0,-3.5615825951613653e-07,0.0
815,39.188114418863194,33.41399359533284,499.66348008690005,0.002686090307003232,0.0,0.0026865066959256352,0.0,-4.163889224030083e-07,0.0
816,39.132667044251114,33.636377785958054,479.7992308805846,0.002837120325223315,0.0,0.0028375972583060123,0.0,-4.769330826971674e-07,0.0
817,39.07671175946011,33.85844038369927,459.9551125163492,0.004316267706501334,0.0,0.004317036113293674,0.0,-7.684067923393462e-07,0.0
818,39.02024971470303,34.08017969180974,440.13453669422546,0.004711025278952691,0.0,0.00471193275217818,0.0,-9.074732254896883e-07,0.0
819,38.963282064489015,34.30159404851024,420.34156597695113,0.003235816014072014,0.0,0.003236524877067893,0.0,-7.088629958790574e-07,0.0
820,38.90580996746716,34.52268182696493,400.5810722225903,0.00318008496780112,0.0,0.003180852378012904,0.0,-7.67410211783854e-07,0.0
821,38.8478345862704,34.74344143525111,380.85894302226063,0.003847247296145574,0.0,0.0038482732033698432,0.0,-1.0259072242692173e-06,0.0
822,38.78935708736016,34.963871316322546,361.18235374270296,0.004481067221923782,0.0,0.004482393752375727,0.0,-1.3265304519448004e-06,0.0
823,38.73037864087134,35.18396994796691,341.5601304128069,0.004276004202529391,0.0,0.004277422067569511,0.0,-1.4178650401203488e-06,0.0
824,38.67090042045789,35.40373584275703,322.00324018821595,0.004667841052549305,0.0,0.0046695820506524755,0.0,-1.7409981031705005e-06,0.0
825,38.61092360313902,35.6231675479964,302.52546370249905,0.0051214929404727345,0.0,0.00512365627296768,0.0,-2.1633324949451097e-06,0.0
826,38.55044936914594,35.84226364565873,283.1443309302957,0.006311526069233533,0.0,0.00631456156062766,0.0,-3.0354913941269684e-06,0.0
827,38.48947890176932,36.06102275232191,263.8824453667288,0.006613695731634265,0.0,0.006617360749905813,0.0,-3.665018271548255e-06,0.0
828,38.42801338720726,36.27944351909629,244.7693907139711,0.006699360788144908,0.0,0.006703679567693525,0.0,-4.318779548616314e-06,0.0
829,38.36605401441414,36.49752463154751,225.84452747028797,0.007548966624874748,0.0,0.007554678908248598,0.0,-5.712283373850158e-06,0.0
830,38.303601974950055,36.71526480961385,207.16117371887577,0.008726865233744347,0.0,0.008734704828370818,0.0,-7.839594626470395e-06,0.0
831,38.240658462831,36.93266280751835,188.79297448281153,0.011605143663200534,0.0,0.011617617435159842,0.0,-1.2473771959307933e-05,0.0
832,38.1772246743798,37.14971741367571,170.84377320449758,0.011411065891999084,0.0,0.011426103556946175,0.0,-1.5037664947091176e-05,0.0
833,38.11330180807792,37.36642745059409,153.46309902918742,0.013368325434046797,0.0,0.013390117586281673,0.0,-2.1792152234875392e-05,0.0
834,38.048891064417994,37.58279177477195,136.8704813788375,0.01608777335534263,0.0,0.016120644935988276,0.0,-3.2871580645646437e-05,0.0
835,37.9839936457571,37.79880927658994,121.39266871725385,0.01918197962579755,0.0,0.019231637724434297,0.0,-4.965809863674564e-05,0.0
836,37.91861075617121,38.01447888019808,107.51583156241996,0.025023282608903314,0.0,0.025105058056777225,0.0,-8.177544787391078e-05,0.0
837,37.85274360131001,38.22979954339825,95.94132472861223,0.02657425634305565,0.0,0.026683456347264434,0.0,-0.0001092000042087829,0.0
838,37.78639338825309,38.444770257522144,87.59125645928684,0.03514436192918277,0.0,0.03531426721521581,0.0,-0.0001699052860330355,0.0
839,37.719561325366726,38.659390047304676,83.4441856530846,0.03722967647337357,0.0,0.03742763060393032,0.0,-0.00019795413055674616,0.0
840,37.65224862216177,38.873657970753115,84.12886720225671,0.039689073897362474,0.0,0.03989279622833901,0.0,-0.0002037223309765343,0.0
841,37.58445648915238,39.08757311901203,89.539139455819,0.030758551005616308,0.0,0.030902757038405542,0.0,-0.00014420603278923402,0.0
842,37.51618613771574,39.30113461622388,98.90673631418662,0.02658503789981066,0.0,0.02668774432410943,0.0,-0.00010270642429877075,0.0
843,37.44743877995284,39.51434161938587,111.24013716391214,0.022419799386133706,0.0,0.02248862270692335,0.0,-6.882332078964395e-05,0.0
844,37.37821562855012,39.72719331820263,125.67255595238059,0.018851936280732506,0.0,0.018897461819654845,0.0,-4.552553892233843e-05,0.0
845,37.30851789664222,39.93968893493527,141.56651858653558,0.015751701858381165,0.0,0.015781784365956182,0.0,-3.008250757501746e-05,0.0
846,37.23834679767572,40.15182772424652,158.4856743841158,0.01346329547056461,0.0,0.013483856682387826,0.0,-2.0561211823215755e-05,0.0
847,37.16770354527398,40.36360897304251,176.13735612762787,0.011513181634283267,0.0,0.011527445193744748,0.0,-1.4263559461481085e-05,0.0
848,37.09658935310295,40.575032000310856,194.324354306993,0.01173592661368359,0.0,0.011747794263444111,0.0,-1.1867649760520169e-05,0.0
849,40.82518436690618,26.41818507386657,1117.5815668419436,0.0008282235503259281,0.0,0.0008282492521059751,0.0,-2.5701780047011728e-08,0.0
850,40.78589431396208,26.65011155362564,1097.5996163631592,0.000856503513389044,0.0,0.0008565310679937763,0.0,-2.755460473224773e-08,0.0
851,40.74606214470998,26.881783238831815,1077.6151795029857,0.0008004438619800243,0.0,0.0008004705849383707,0.0,-2.6722958346376072e-08,0.0
852,40.705688809105915,27.113197347636383,1057.628272621757,0.0008682900402073809,0.0,0.0008683201291913765,0.0,-3.008898399555794e-08,0.0
853,40.36333711745083,28.954914531424674,897.6481001190223,0.0013351605659956574,0.0,0.0013352246651825665,0.0,-6.409918690904355e-08,0.0
854,40.31813751073594,29.183890730959,877.6407901533922,0.0010105002222456601,0.0,0.00101055108328396,0.0,-5.0861038299824385e-08,0.0
855,40.27240672125306,29.41258336611655,857.6315815620159,0.0010357543080590829,0.0,0.0010358089011403451,0.0,-5.4593081262252485e-08,0.0
856,40.22614579228509,29.640990024915514,837.6205932882757,0.0011601382651571564,0.0,0.0011602023578483984,0.0,-6.409269124197509e-08,0.0
857,40.17935577464417,29.869108329918603,817.6079612334779,0.0011481515830567592,0.0,0.0011482181635838816,0.0,-6.658052712242221e-08,0.0
858,40.132037726510866,30.096935938351386,797.59384040071,0.0013028668139889695,0.0,0.0013029461793548508,0.0,-7.936536588126417e-08,0.0
859,40.08419271327292,30.32447054221254,777.5784073703268,0.0013927565170088689,0.0,0.0013928457645799466,0.0,-8.924757107777945e-08,0.0
860,40.03582180736394,30.551709868376363,757.5618631683227,0.0014161987239324056,0.0,0.0014162943408368362,0.0,-9.561690443062043e-08,0.0
861,39.98692608810174,30.778651678687293,737.5444366021643,0.0012806385372872728,0.0,0.0012807297989456399,0.0,-9.126165836708874e-08,0.0
862,39.9375066415268,31.005293770046816,717.5263881552021,0.0015082804983990437,0.0,0.0015083940142903657,0.0,-1.1351589132200211e-07,0.0
863,39.88756456024038,31.23163397449254,697.508014551651,0.0014507028961607423,0.0,0.0014508184675102152,0.0,-1.1557134947290902e-07,0.0
864,39.83710094324274,31.45767015926966,677.4896541304678,0.0016767408552039649,0.0,0.0016768823746553258,0.0,-1.4151945136099166e-07,0.0
865,39.7861168957713,31.683400226894904,657.4716931999728,0.0017815644675151698,0.0,0.001781724102073134,0.0,-1.596345579641268e-07,0.0
866,39.734613529138805,31.908822115212896,637.4545735879994,0.0018272308128047846,0.0,0.0018274049979190052,0.0,-1.7418511422053091e-07,0.0
867,39.68259196057166,32.13393379744508,617.4388016576913,0.0019581971262742338,0.0,0.001958396047397604,0.0,-1.989211233701521e-07,0.0
868,39.63005331304819,32.358733282231384,597.4249591308997,0.001775522375750559,0.0,0.0017757151626209228,0.0,-1.927868703637762e-07,0.0
869,39.576998715137194,32.583218613664485,577.413716155225,0.0018697860631491446,0.0,0.001870003389503464,0.0,-2.1732635431949247e-07,0.0
870,39.523429300836646,32.80738787131697,557.4058471747627,0.0022763711038382636,0.0,0.002276654765030692,0.0,-2.836611924282931e-07,0.0
871,39.46934620941253,33.031239170261244,537.4022503297404,0.002266849282930313,0.0,0.002267153292600271,0.0,-3.040096699579928e-07,0.0
872,39.41475058523807,33.25477066108259,517.4039713318978,0.0025184880361627596,0.0,0.0025188522231211837,0.0,-3.64186958424096e-07,0.0
873,39.35964357763306,33.477980529885116,497.4122330631358,0.002392680690751787,0.0,0.002393055306585353,0.0,-3.746158335660339e-07,0.0
874,39.3040263407037,33.70086699829089,477.4284725568598,0.002448634563865249,0.0,0.0024490507341747535,0.0,-4.161703095043913e-07,0.0
875,39.24790003318267,33.92342832343237,457.4543875921297,0.0026885637880054514,0.0,0.0026890613992236237,0.0,-4.976112181723398e-07,0.0
876,39.191265818269564,34.145662797937966,437.4919959308366,0.0033463765617307807,0.0,0.0033470526244386086,0.0,-6.760627078278812e-07,0.0
877,39.1341248634719,34.36756874991127,417.54371136406377,0.0034799403995271973,0.0,0.0034807124199474323,0.0,-7.720204202349597e-07,0.0
878,39.07647834044639,34.58914454290356,397.6124423689077,0.0037953040165882765,0.0,0.0037962320933428192,0.0,-9.280767545426921e-07,0.0
879,39.01832742484087,34.81038857588003,377.70172156513905,0.0041307091185129,0.0,0.004131828008304136,0.0,-1.1188897912359566e-06,0.0
880,38.959673296136565,35.031299283179656,357.81587770475886,0.004481094927796129,0.0,0.004482446886902201,0.0,-1.35195910607247e-06,0.0
881,38.90051713749105,35.251875134468875,337.960267276123,0.004343918055456757,0.0,0.004345389213744284,0.0,-1.4711582875274673e-06,0.0
882,38.840860135581735,35.472114634689184,318.14159102751466,0.004752324232160791,0.0,0.00475413991434319,0.0,-1.815682182398741e-06,0.0
883,38.78070348044988,35.6920163239987,298.3683336122399,0.005268537506460247,0.0,0.005270824993446649,0.0,-2.2874869864018474e-06,0.0
884,38.72004836534536,35.91157877770779,278.65138522634373,0.005621197174177263,0.0,0.0056239953370981815,0.0,-2.7981629209181125e-06,0.0
885,38.658895986572034,36.13080060620898,259.0049380152106,0.006485533912693842,0.0,0.006489267101839584,0.0,-3.733189145741292e-06,0.0
886,38.59724754333373,36.34968045490111,239.44780705660656,0.0073705142164825765,0.0,0.007375473769410378,0.0,-4.959552927801328e-06,0.0
887,38.535104237581095,36.56821700410786,220.0054242663377,0.007847973877577347,0.0,0.007854230268404393,0.0,-6.256390827045696e-06,0.0
888,38.47246727385904,36.78640896899087,200.71292870032755,0.008991286116379692,0.0,0.008999889687846114,0.0,-8.603571466422183e-06,0.0
889,38.40933785915501,37.00425509945745,181.6200970578517,0.012112950244813625,0.0,0.012127018586472504,0.0,-1.4068341658879033e-05,0.0
890,38.34571720274807,37.22175418006298,162.79946037478265,0.015061255953814705,0.0,0.015082866341290654,0.0,-2.1610387475948928e-05,0.0
891,38.2816065160587,37.438905029908156,144.36010951773204,0.014628055044347013,0.0,0.01465496874505531,0.0,-2.6913700708296878e-05,0.0
892,38.21700701249956,37.65570650253123,126.47192445390709,0.01858329862053115,0.0,0.018627628248546562,0.0,-4.432962801541318e-05,0.0
893,38.15191990732698,37.87215748579524,109.40909773129687,0.02232478348943894,0.0,0.022395675165687426,0.0,-7.08916762484843e-05,0.0
894,38.0863464174934,38.088256901770386,93.62813135806513,0.027985565978419752,0.0,0.028106076894544887,0.0,-0.00012051091612513484,0.0
895,38.02028776150073,38.304003706611724,79.89720415006693,0.03514777856100214,0.0,0.03535365935167797,0.0,-0.00020588079067582893,0.0
896,37.95374515925458,38.51939689043222,69.44894445091683,0.04689948143282007,0.0,0.04725516307704785,0.0,-0.0003556816442277788,0.0
897,37.886719831919365,38.73443547717128,63.92035133277069,0.05187292792928028,1e-08,0.05233426569985502,1e-08,-0.00046133777057474207,0.0
898,37.819213001774564,38.949118524458854,64.5936980394776,0.05957802707016953,1e-08,0.06005684440691516,1e-08,-0.0004788173367456308,0.0
899,37.75122589207173,39.163445123475306,71.29926862622237,0.04270084729252303,0.0,0.04301127277770689,0.0,-0.0003104254851838614,0.0
900,37.68275972689266,39.377414398807005,82.58551482169163,0.0344543293860809,0.0,0.034643279342106176,0.0,-0.0001889499560252736,0.0
901,37.6138157310085,39.59102550829798,96.86865769172189,0.027504589705313887,0.0,0.027615225955413686,0.0,-0.00011063625009979927,0.0
902,37.54439512973986,39.80427764289744,113.02190460779251,0.021899256784184643,0.0,0.021964420070117178,0.0,-6.516328593253462e-05,0.0
903,37.474499148818026,40.0171700265036,130.35519204991252,0.0172342736994829,0.0,0.0172730497517993,0.0,-3.8776052316398524e-05,0.0
904,37.404129014247204,40.229701915803616,148.45871192691635,0.014037455359407695,0.0,0.014061890677484198,0.0,-2.443531807650237e-05,0.0
905,37.33328595216781,40.441872600109996,167.08493974338833,0.011807980522570387,0.0,0.011824242956022102,0.0,-1.626243345171502e-05,0.0
906,37.261971188720935,40.653681401193445,186.07938413286314,0.012519412216060755,0.0,0.012533201802609856,0.0,-1.3789586549101118e-05,0.0
907,37.19018594991375,40.865127673112234,205.3420976537446,0.009856758715188197,0.0,0.009865744961080385,0.0,-8.986245892187578e-06,0.0
908,37.117931461486194,41.07621080203833,224.80617128026105,0.009535785140113036,0.0,0.009543010479126812,0.0,-7.225339013776713e-06,0.0
909,41.00126770712103,26.465282930848815,1117.2325322260688,0.0008183703489482079,0.0,0.0008183957620905868,0.0,-2.541314237888316e-08,0.0
910,40.96184903662014,26.69781775830148,1097.2349450830168,0.0008598183787476596,0.0,0.0008598460579446909,0.0,-2.767919703129066e-08,0.0
911,40.921886695413235,26.930094793053428,1077.234230779804,0.0008475248723592234,0.0,0.0008475531825988684,0.0,-2.831023964507042e-08,0.0
912,40.88138164505358,27.162111225721592,1057.2303690643048,0.0008733580427948424,0.0,0.0008733883296072174,0.0,-3.028681237499543e-08,0.0
913,40.840334856453204,27.393864280180818,1037.2233421863136,0.000856775867310752,0.0,0.0008568067403965774,0.0,-3.087308582535534e-08,0.0
914,40.53792211418743,29.00853495419776,897.0846971923376,0.0010158235500820265,0.0,0.001015872483781238,0.0,-4.893369921158547e-08,0.0
915,40.492577443122045,29.238085098739816,877.0521107276412,0.0010191411242299819,0.0,0.0010191924883462512,0.0,-5.136411626929793e-08,0.0
916,40.446700166894765,29.467348408369062,857.01636653011,0.00181089872978723,0.0,0.0018109927462600266,0.0,-9.401647279661321e-08,0.0
917,40.400291341214974,29.696322449680537,836.9774928410479,0.0014532581633993546,0.0,0.001453338420149904,0.0,-8.02567505493821e-08,0.0
918,40.35335202938108,29.925004824370646,816.935525964715,0.001113617035298046,0.0,0.0011136817237191161,0.0,-6.468842107007315e-08,0.0
919,40.30588330211703,30.153393169354896,796.8905112971672,0.001282150711532914,0.0,0.0012822289588400842,0.0,-7.82473071701123e-08,0.0
920,40.25788623740855,30.381485156877424,776.8425045151123,0.0012003821097019026,0.0,0.0012004592180620262,0.0,-7.710836012362818e-08,0.0
921,40.20936192033923,30.609278494612607,756.7915729545109,0.001351924582138705,0.0,0.0013520160651044437,0.0,-9.148296573860577e-08,0.0
922,40.16031144292639,30.836770925758533,736.7377972151698,0.0012991828070118268,0.0,0.001299275590546604,0.0,-9.27835347771383e-08,0.0
923,40.11073590395689,31.063960229122635,716.6812730356628,0.0014722471989711712,0.0,0.0014723582775703322,0.0,-1.1107859916093844e-07,0.0
924,40.06063640882284,31.290844219199393,696.6221134931624,0.0017761209273752774,0.0,0.0017762625894604661,0.0,-1.4166208518870058e-07,0.0
925,40.01001406935718,31.517420746240315,676.560451595693,0.0016377717258629937,0.0,0.0016379103568242757,0.0,-1.3863096128192455e-07,0.0
926,39.95887000366946,31.74368769631606,656.49644335086,0.0016833663487704194,0.0,0.0016835176876722723,0.0,-1.5133890185286235e-07,0.0
927,39.90720533598149,31.969642991371032,636.4302714162516,0.0018631308006490535,0.0,0.0018633089572121727,0.0,-1.7815656311922362e-07,0.0
928,39.855021196463156,32.19528458927028,616.362149464143,0.0019422006866870582,0.0,0.0019423986893582115,0.0,-1.9800267115331095e-07,0.0
929,39.802318721068296,32.420610483839,596.2923274287552,0.002166638934642924,0.0,0.0021668747698148313,0.0,-2.3583517190723172e-07,0.0
930,39.749099051370806,32.6456187048945,576.2210978511754,0.0018765917077587558,0.0,0.0018768107278824132,0.0,-2.19020123657385e-07,0.0
931,39.69536333440093,32.87030731827091,556.1488035989757,0.0020693245951866578,0.0,0.0020695837972667603,0.0,-2.5920208010250106e-07,0.0
932,39.64111272248173,33.09467442583659,536.0758473203578,0.0023885427652051445,0.0,0.0023888645552520007,0.0,-3.217900468562365e-07,0.0
933,39.586348373065825,33.31871816550437,516.0027031042608,0.002548858817603601,0.0,0.002549229366786781,0.0,-3.705491831802396e-07,0.0
934,39.53107144857254,33.542436711234735,495.9299309699203,0.0023137934609620504,0.0,0.002314157947750158,0.0,-3.644867881077464e-07,0.0
935,39.47528311622526,33.76582827303196,475.85819501876773,0.0029488859579851114,0.0,0.0029493897304296844,0.0,-5.03772444572937e-07,0.0
936,39.418984547889316,33.98889109693342,455.7882863733915,0.003054450550620973,0.0,0.0030550194469440182,0.0,-5.688963230451351e-07,0.0
937,39.36217691991001,34.21162346499202,435.7211524400506,0.0028906911944425982,0.0,0.002891280844116181,0.0,-5.896496735827844e-07,0.0
938,39.30486141295146,34.43402369525195,415.6579346202551,0.003640806502387203,0.0,0.003641621008122956,0.0,-8.145057357532119e-07,0.0
939,39.24703921183559,34.656090141717826,395.60001745187867,0.003769875123063346,0.0,0.0037708065781754353,0.0,-9.314551120890961e-07,0.0
940,39.18871150538178,34.87782119431732,375.54909342116855,0.004225051657377489,0.0,0.004226208871158445,0.0,-1.1572137809563732e-06,0.0
941,39.129879486247034,35.09921527885738,355.5072495789292,0.004379952006125937,0.0,0.00438129145482228,0.0,-1.339448696343476e-06,0.0
942,39.07054435076672,35.320270856974076,335.4770849870023,0.004928762550399321,0.0,0.004930453437354957,0.0,-1.690886955636045e-06,0.0
943,39.01070729879586,35.54098642607631,315.4618725367148,0.004537621402144463,0.0,0.004539385444774362,0.0,-1.7640426298991957e-06,0.0
944,38.95036953355112,35.76136051928343,295.46578589132525,0.0058874519301719075,0.0,0.00589005374813129,0.0,-2.6018179593821633e-06,0.0
945,38.88953226145343,35.98139170535671,275.4942241098942,0.00627030676634128,0.0,0.006273495251673587,0.0,-3.188485332306784e-06,0.0
946,38.82819669197127,36.20107858862511,255.55428638273332,0.007075554345310315,0.0,0.007079731788643218,0.0,-4.177443332903548e-06,0.0
947,38.76636403746463,36.42041980890513,235.65548381142042,0.007995364599350225,0.0,0.008000910652735442,0.0,-5.5460533852167565e-06,0.0
948,38.704035513029815,36.63941404141504,215.81083717325475,0.008979832783942735,0.0,0.008987254836957689,0.0,-7.4220530149535224e-06,0.0
949,38.64121233634496,36.858059996683444,196.0386254441751,0.009310546415377829,0.0,0.00931988277606014,0.0,-9.33636068231082e-06,0.0
950,38.577895727516285,37.07635642045254,176.3652758610964,0.011453140863737237,0.0,0.01146729495704412,0.0,-1.415409330688365e-05,0.0
951,38.51408690892523,37.29430209357586,156.83034933752072,0.013099855142682238,0.0,0.013120305663498989,0.0,-2.045052081675082e-05,0.0
952,38.449787105076446,37.51189583191091,137.49557669367178,0.016831110636814986,0.0,0.016865128551840684,0.0,-3.401791502569834e-05,0.0
953,38.384997542446534,37.72913648620655,118.46219971459075,0.020541030259920153,0.0,0.020596749648476024,0.0,-5.571938855587072e-05,0.0
954,38.31971944933379,37.946022941985426,99.90646871402167,0.02806640027967896,0.0,0.02817213726359112,0.0,-0.00010573698391216219,0.0
955,38.25395405570886,38.16255411942152,82.15740469076812,0.03377330499931862,0.0,0.033960752032428404,0.0,-0.00018744703310978605,0.0
956,38.18770259306613,38.37872897321283,65.87631509092617,0.04618780114829622,0.0,0.0465794205030343,0.0,-0.000391619354738075,0.0
957,38.120966294276364,38.594546492449396,52.45615069606805,0.06211754819719972,1e-08,0.06292684107555226,1e-08,-0.0008092928783525327,0.0
958,38.053746393440065,38.810005700476765,44.570412047234406,0.08038723173974545,1e-08,0.08178907611215708,1e-08,-0.0014018443724116286,0.0
959,37.98604412574191,39.02510565475501,45.223073686843684,0.08858799311366011,1e-08,0.08981162062292254,1e-08,-0.0012236275092624288,0.0
960,37.91786072730619,39.239845446713346,54.113656885588476,0.06235175295938515,1e-08,0.06311423244066382,1e-08,-0.0007624794812786662,0.0
961,37.84919743505332,39.454224201600574,68.09436006098336,0.04556833398873499,0.0,0.04592995148564381,0.0,-0.0003616174969088212,0.0
962,37.780055486557266,39.668241078331405,84.68550240848423,0.03377661301827888,0.0,0.03395283707705516,0.0,-0.00017622405877627811,0.0
963,37.71043611990419,39.88189526932867,102.63294396881783,0.025193996430992238,0.0,0.025284547028286523,0.0,-9.055059729428522e-05,0.0
964,37.640340573551995,40.09518600036181,121.3398887649241,0.019794757390442085,0.0,0.019845982248071967,0.0,-5.12248576298828e-05,0.0
965,37.56977008619112,40.3081125303814,140.5064157793408,0.01522202882700243,0.0,0.015251574697804166,0.0,-2.9545870801735152e-05,0.0
966,37.4987258966063,40.52067415135018,159.9701863530767,0.013573112601818328,0.0,0.013593447048270528,0.0,-2.0334446452200186e-05,0.0
967,37.42720924353953,40.732870188070336,179.637101778118,0.011411218450978542,0.0,0.0114248067300104,0.0,-1.3588279031858524e-05,0.0
968,37.355221365554165,40.944699998007515,199.44935049620608,0.010065916823138184,0.0,0.010075647326422247,0.0,-9.730503284063191e-06,0.0
969,37.28276350090003,41.15616297111135,219.36964969355745,0.00851026756222373,0.0,0.008517081898619492,0.0,-6.81433639576276e-06,0.0
970,37.209836887379936,41.36725852963286,239.37296330817398,0.007568800454477561,0.0,0.007573893885639463,0.0,-5.093431161901606e-06,0.0
971,37.13644276221704,41.57798612793869,259.4418986449178,0.007678304995764495,0.0,0.007682686159950919,0.0,-4.381164186424355e-06,0.0
972,41.177284685622645,26.512744692379666,1117.2267051910223,0.0008353993651936889,0.0,0.0008354253052004757,0.0,-2.5940006786778942e-08,0.0
973,41.13773638971278,26.74589206243481,1097.2197837162662,0.0008255404215654495,0.0,0.0008255670023652296,0.0,-2.6580799780098925e-08,0.0
974,41.097642858588465,26.978778599952943,1077.2093300255945,0.0009045102126535866,0.0,0.0009045404189187432,0.0,-3.0206265156686174e-08,0.0
975,41.05700506556307,27.21140146775214,1057.1953006439935,0.0008762699252080262,0.0,0.0008763003146478665,0.0,-3.038943984022373e-08,0.0
976,41.01582399339792,27.44375786247069,1037.1776527958298,0.000901951832336181,0.0,0.0009019843308398094,0.0,-3.2498503628420813e-08,0.0
977,40.666938288405184,29.29269090585052,876.9013729845371,0.0017553812763988715,0.0,0.001755468342090452,0.0,-8.706569158039093e-08,0.0
978,40.62091340712823,29.522528569583603,856.8493959274965,0.0011821422189304803,0.0,0.0011822046179483761,0.0,-6.239901789587346e-08,0.0
979,40.574355558308355,29.75207362890736,836.7934337912013,0.0011256069286503792,0.0,0.0011256692421509015,0.0,-6.231350052230897e-08,0.0
980,40.527265817897785,29.98132366451902,816.7334594679367,0.0011333704347142837,0.0,0.001133436300949004,0.0,-6.58662347202861e-08,0.0
981,40.479645269331435,30.210276292901824,796.6694485350313,0.0014797365255074797,0.0,0.0014798267832672653,0.0,-9.025775978563702e-08,0.0
982,40.43149500336061,30.438929166433716,776.6013796146242,0.001306392777292409,0.0,0.0013064767280881063,0.0,-8.395079569727994e-08,0.0
983,40.382816117886534,30.667279973487975,756.5292347911468,0.0013471058382547862,0.0,0.001347197059710495,0.0,-9.122145570882902e-08,0.0
984,40.33360971779346,30.895326438525533,736.453000097597,0.0012998370480082411,0.0,0.0012999299500577879,0.0,-9.290204954675099e-08,0.0
985,40.28387691478205,31.123066322179334,716.3726660841555,0.0013545252491992644,0.0,0.0013546275604887099,0.0,-1.023112894454805e-07,0.0
986,40.23361882720243,31.350497421330545,696.2882284858339,0.001413179696651055,0.0,0.0014132926816395495,0.0,-1.1298498849444255e-07,0.0
987,40.18283657988728,31.577617569176844,676.1996890098246,0.001644202782268819,0.0,0.001644342103647859,0.0,-1.3932137904004542e-07,0.0
988,40.131531303985,31.804424635292822,656.1070562683054,0.0017927687304276046,0.0,0.0017929300331054616,0.0,-1.6130267785699481e-07,0.0
989,40.079704136792905,32.03091652568258,636.0103468889764,0.0018370122654624134,0.0,0.0018371881759862427,0.0,-1.759105238293389e-07,0.0
990,40.02735622159046,32.25709118282454,615.9095868440621,0.0019440506845377827,0.0,0.0019442491670546092,0.0,-1.9848251682648942e-07,0.0
991,39.974488707472744,32.48294658570869,595.8048130495367,0.0018674896900863112,0.0,0.0018676935332224487,0.0,-2.038431361375652e-07,0.0
992,39.92110274918406,32.70848074986613,575.6960753008273,0.0018763400204148864,0.0,0.0018765594114722782,0.0,-2.1939105739185102e-07,0.0
993,39.86719950695171,32.9336917273913,555.5834386304678,0.0019784270739756655,0.0,0.001978675439107977,0.0,-2.483651323115406e-07,0.0
994,39.8127801463201,33.158577606956584,535.4669861989496,0.00221503710806647,0.0,0.0022153363683687006,0.0,-2.9926030223077077e-07,0.0
995,39.7578458379851,33.383136513819856,515.3468228647617,0.00238174037819742,0.0,0.0023820877154924606,0.0,-3.4733729504079006e-07,0.0
996,39.702397757628695,33.60736660982461,495.2230796272036,0.0024288278439843903,0.0,0.002429211469489312,0.0,-3.8362550492179737e-07,0.0
997,39.64643708575406,33.831266093393054,475.0959192011842,0.002853698089271431,0.0,0.0028541873869632217,0.0,-4.892976917907077e-07,0.0
998,39.58996500752097,34.05483319951221,454.9655430750666,0.0027968460001979003,0.0,0.0027973692325860343,0.0,-5.23232388134013e-07,0.0
999,39.532982712581756,34.27806619971294,434.8322005327287,0.0031059926833078076,0.0,0.003106628534415857,0.0,-6.358511080491874e-07,0.0
1000,39.475491394917526,34.50096340204232,414.6962003078729,0.003592733397525973,0.0,0.0035935411194939373,0.0,-8.077219679643831e-07,0.0
1001,39.417492252675096,34.72352315102914,394.5579258113801,0.003787604398732632,0.0,0.003788545160120618,0.0,-9.407613879861346e-07,0.0
1002,39.35898648800433,34.94574382764287,374.4178552769352,0.004033975276863828,0.0,0.004035087872335575,0.0,-1.112595471746726e-06,0.0
1003,39.299975306896044,35.16762384924602,354.27658878126726,0.003933442518853813,0.0,0.003934655332047715,0.0,-1.212813193902408e-06,0.0
1004,39.240459919020545,35.389161669540115,334.1348850369455,0.004570489331745876,0.0,0.004572072176907369,0.0,-1.5828451614928463e-06,0.0
1005,39.180441537566836,35.61035577850539,313.993712339122,0.004707027210854523,0.0,0.004708873799983561,0.0,-1.8465891290378803e-06,0.0
1006,39.11992137908233,35.8312047023342,293.8543204420741,0.005682088451297915,0.0,0.0056846295218258396,0.0,-2.541070527924648e-06,0.0
1007,39.05890066331335,36.05170700335836,273.71834411293867,0.006267952932996547,0.0,0.006271182202699115,0.0,-3.2292697025679967e-06,0.0
1008,38.997380613046424,36.27186127997058,253.58795590082653,0.006715232398057475,0.0,0.006719263791471845,0.0,-4.031393414370352e-06,0.0
1009,38.93536245395008,36.49166616653981,233.46609767720088,0.008424907699703575,0.0,0.008430853097183685,0.0,-5.945397480109846e-06,0.0
1010,38.872847414417606,36.711120333321084,213.35684261964917,0.010059080643362125,0.0,0.01006754765079985,0.0,-8.467007437723897e-06,0.0
1011,38.80983672541063,36.93022248635942,193.2659818838056,0.009756002198680658,0.0,0.009766061747532797,0.0,-1.0059548852138847e-05,0.0
1012,38.74633162030326,37.14897136738843,173.20201654786135,0.011183648352355774,0.0,0.01119799077186053,0.0,-1.4342419504756107e-05,0.0
1013,38.68233333472738,37.367365753723334,153.17792158896987,0.013405020498203796,0.0,0.013426953112031525,0.0,-2.1932613827728778e-05,0.0
1014,38.617843106418626,37.58540445814873,133.21448052402948,0.017207336126273346,0.0,0.01724439063465572,0.0,-3.7054508382372564e-05,0.0
1015,38.55286217506327,37.80308632880109,113.34708380378518,0.02294876789855265,0.0,0.023016459304867627,0.0,-6.769140631497639e-05,0.0
1016,38.48739178214609,38.020410249046265,93.64097689150972,0.029814502508795852,0.0,0.02994229950618912,0.0,-0.00012779699739326814,0.0
1017,38.421433170799084,38.2373751373519,74.22996141908897,0.04534987398649503,0.0,0.04564898300763964,0.0,-0.00029910902114461263,0.0
1018,38.35498758565127,38.453979947155105,55.432039390702336,0.06558778922708446,1e-08,0.06634084153247763,1e-08,-0.0007530523053931731,0.0
1019,38.28805627267926,38.67022366672531,38.174593506275464,0.09348436600434856,1e-08,0.09564596344021138,1e-08,-0.0021615974358628193,0.0
1020,38.22064047905911,38.88610531902245,25.78097047855272,0.15158830482373647,1e-08,0.15821089121232862,1e-08,-0.006622586388592144,0.0
1021,38.152741453018834,39.101623961550786,26.37428560670912,0.1469447974549941,1e-08,0.15315921759766335,1e-08,-0.006214420142669236,0.0
1022,38.08436044369233,39.316778686208146,39.3822100513786,0.09607017051559122,1e-08,0.09814617195468822,1e-08,-0.0020760014390970027,0.0
1023,38.0154987009741,39.531568619131015,56.84681523446785,0.058328838276767464,1e-08,0.05897963080508737,1e-08,-0.0006507925283199059,0.0
1024,37.94615747537511,39.74599292053546,75.75126516836406,0.039012071891301,0.0,0.03926472730294283,0.0,-0.0002526554116418292,0.0
1025,37.87633801787977,39.960050784553836,95.24649761968281,0.028109307356622464,0.0,0.028226178682148,0.0,-0.00011687132552553464,0.0
1026,37.806041579804,40.173741439067825,115.03629627705291,0.02153396830348018,0.0,0.021595833219968018,0.0,-6.186491648783876e-05,0.0
1027,37.73526941265442,40.38706414553741,134.99441641298725,0.018834260770621822,0.0,0.018873507428944253,0.0,-3.9246658322431016e-05,0.0
1028,37.66402276798857,40.60001819882631,155.05873197594585,0.015382993991570835,0.0,0.015407398973305968,0.0,-2.4404981735132864e-05,0.0
1029,37.59230289727653,40.812602927023725,175.19531805431674,0.011752695175236808,0.0,0.011767405752830126,0.0,-1.4710577593318036e-05,0.0
1030,37.5201110517634,41.0248176912626,195.38415082718564,0.010439958245865636,0.0,0.010450469037423863,0.0,-1.0510791558226984e-05,0.0
1031,37.44744848233318,41.236661885534645,215.61268075547187,0.008820594103217052,0.0,0.008827901815445897,0.0,-7.307712228845145e-06,0.0
1032,37.374316439373686,41.44813493650201,235.87266044882492,0.00776780433031558,0.0,0.007773186618948845,0.0,-5.3822886332648145e-06,0.0
1033,37.300716172642765,41.659236303305754,256.1584582275804,0.006943942935635588,0.0,0.006948024970175351,0.0,-4.082034539763281e-06,0.0
1034,37.22664893113567,41.86996547737142,276.46610588441723,0.0058548474774267716,0.0,0.0058578070496198165,0.0,-2.9595721930449764e-06,0.0
1035,41.31355641642708,26.794338280825,1097.553974475639,0.0009634412011686886,0.0,0.0009634721717121768,0.0,-3.097054348817196e-08,0.0
1036,41.27333066708045,27.02783850866139,1077.540326325348,0.0008826542952520574,0.0,0.0008826837572448752,0.0,-2.9461992817831142e-08,0.0
1037,41.23255909307168,27.261071956465102,1057.5229244031261,0.0009125529798641422,0.0,0.0009125846023285194,0.0,-3.162246437729728e-08,0.0
1038,41.19124268917771,27.49403579338267,1037.501715466949,0.0009449450991521158,0.0,0.0009449791180828554,0.0,-3.4018930739673076e-08,0.0
1039,41.149382459549955,27.72672722316726,1017.4766462203025,0.0009646633403519627,0.0,0.0009646994503266005,0.0,-3.610997463781955e-08,0.0
1040,41.106979417550214,27.95914348438236,997.4476633137434,0.0009554098235206477,0.0,0.0009554470437596662,0.0,-3.7220239018577635e-08,0.0
1041,40.841219972877525,29.347712304608077,877.188585345768,0.0010454698350228532,0.0,0.0010455225069129109,0.0,-5.267189005764804e-08,0.0
1042,40.795046357337704,29.578128028366553,857.130709099866,0.0010366568788715504,0.0,0.001036711583380875,0.0,-5.470450932455913e-08,0.0
1043,40.701097033660254,30.038069079352567,817.0018768287679,0.001363333586349507,0.0,0.0013634126979850134,0.0,-7.911163550644584e-08,0.0
1044,40.65332351061496,30.26758956207591,796.9308134414073,0.001176044695720804,0.0,0.0011761164792205778,0.0,-7.178349977366577e-08,0.0
1045,40.6050188825579,30.496806847330724,776.8552469778053,0.0012003527553192677,0.0,0.0012004298592654052,0.0,-7.710394613752447e-08,0.0
1046,40.556184260378004,30.72571860408948,756.7751237738651,0.0012481442793170537,0.0,0.0012482287622066492,0.0,-8.448288959551908e-08,0.0
1047,40.50682076199669,30.954322537986904,736.6903901960978,0.0012958370136413396,0.0,0.0012959295706547866,0.0,-9.255701344701613e-08,0.0
1048,40.456929512198386,31.182616391402856,716.6009926586958,0.0015459319437213996,0.0,0.0015460485789544447,0.0,-1.1663523304507664e-07,0.0
1049,40.40651164246102,31.410597943537056,696.5068776437923,0.001412518434141944,0.0,0.0014126312954074879,0.0,-1.1286126554393809e-07,0.0
1050,40.35556829078656,31.63826501047558,676.4079917255937,0.0015457418011555607,0.0,0.0015458727340149267,0.0,-1.3093285936602132e-07,0.0
1051,40.30410060153156,31.865615445249436,656.3042815991938,0.0017124249742401015,0.0,0.0017125790022291653,0.0,-1.5402798906379717e-07,0.0
1052,40.25210972523779,32.09264713788504,636.1956941151368,0.0018909068760167352,0.0,0.0018910878003980365,0.0,-1.809243813013367e-07,0.0
1053,40.1995968184629,32.319358015446845,616.0821763210319,0.0017766397535568137,0.0,0.0017768211345845313,0.0,-1.8138102771754656e-07,0.0
1054,40.1465630436114,32.54574604207224,595.963675511899,0.0021638525878899684,0.0,0.002164088385643636,0.0,-2.357977536677179e-07,0.0
1055,40.09300956876572,32.771809218998584,575.840139291405,0.0018756314047604636,0.0,0.0018758506033316907,0.0,-2.1919857122703994e-07,0.0
1056,40.038937567517486,32.99754558458271,555.7115156467397,0.002158542442183147,0.0,0.0021588131847960143,0.0,-2.7074261286716417e-07,0.0
1057,39.98434821879921,33.22295321431285,535.5777530407635,0.0020895489632055692,0.0,0.0020898312231769707,0.0,-2.822599714014974e-07,0.0
1058,39.92924270671607,33.448030220813145,515.4388005261418,0.0024325832609048163,0.0,0.0024329378340957847,0.0,-3.545731909683665e-07,0.0
1059,39.87362222037828,33.67277475384072,495.2946078877846,0.002699299678118072,0.0,0.002699725555840363,0.0,-4.2587772229076004e-07,0.0
1060,39.81748795373366,33.8971850002756,475.1451258219897,0.0028234508128636188,0.0,0.002823934879596946,0.0,-4.84066733327012e-07,0.0
1061,39.76084110540073,34.12125918410338,454.9903061637391,0.0029310265433134496,0.0,0.0029315746231199217,0.0,-5.480798064721494e-07,0.0
1062,39.70368287850216,34.34499556639091,434.83010217780924,0.003747664582147872,0.0,0.00374842887148235,0.0,-7.642893344781375e-07,0.0
1063,39.64601448049884,34.56839244525497,414.66446893550426,0.003024153019415098,0.0,0.0030248341353533285,0.0,-6.811159382305761e-07,0.0
1064,39.58783712302439,34.79144815582412,394.4933638077442,0.0035870686529901902,0.0,0.0035879605230815202,0.0,-8.918700913299743e-07,0.0
1065,39.52915202172019,35.014161070193765,374.3167471185344,0.0040921002757159765,0.0,0.0040932292585129535,0.0,-1.1289827969770266e-06,0.0
1066,39.4699603960711,35.23652959737468,354.13458302297573,0.004532040639006124,0.0,0.004533436567967559,0.0,-1.395928961435075e-06,0.0
1067,39.41026346924174,35.4585521832348,333.9468407050898,0.004931069759027369,0.0,0.004932777170862433,0.0,-1.707411835063545e-06,0.0
1068,39.35006246791335,35.6802273104349,313.75349603984955,0.005192444387879986,0.0,0.005194481979535009,0.0,-2.03759165502259e-06,0.0
1069,39.289358622121554,35.901553498357586,293.5545339435752,0.005814074310023033,0.0,0.00581667853712188,0.0,-2.6042270988473407e-06,0.0
1070,39.22815316509452,36.122529303030404,273.3499517695127,0.00662163829631751,0.0,0.006625054449048667,0.0,-3.4161527311575915e-06,0.0
1071,39.166447333092194,36.34315331704269,253.13976433391477,0.006857884493349175,0.0,0.0068620147537316436,0.0,-4.130260382468817e-06,0.0
1072,39.104242365245966,36.5634241694565,232.92401156488137,0.008364968502568097,0.0,0.00837090138276139,0.0,-5.9328801932934105e-06,0.0
1073,39.04153950339943,36.783340525711644,212.70277052212282,0.010371964700841183,0.0,0.010380731038774956,0.0,-8.766337933773308e-06,0.0
1074,38.978339991949774,37.00290108752501,192.4761750073068,0.010920322430871075,0.0,0.010931638290151657,0.0,-1.1315859280582041e-05,0.0
1075,38.914645077690075,37.22210459278428,172.24444901346678,0.011556436477577436,0.0,0.011571413416889786,0.0,-1.4976939312350002e-05,0.0
1076,38.85045600965252,37.44094981543599,152.007966922466,0.015665833067564826,0.0,0.01569170031280202,0.0,-2.5867245237193998e-05,0.0
1077,38.78577403895235,37.65943556536848,131.7673692325856,0.017788686340946113,0.0,0.017827798584846698,0.0,-3.9112243900584626e-05,0.0
1078,38.72060041863298,37.87756068828921,111.52380440726034,0.021352863489930835,0.0,0.02141820957373137,0.0,-6.534608380053333e-05,0.0
1079,38.65493640351188,38.09532406559719,91.27949267905775,0.030655109951811744,0.0,0.030793298051371692,0.0,-0.00013818809955994799,0.0
1080,38.58878325002744,38.312724614250264,71.03925381232143,0.051710385642560086,1e-08,0.05206761428678013,1e-08,-0.00035722864422004647,0.0
1081,38.52214221608687,38.52976128662741,50.815683024493495,0.0703435831411098,1e-08,0.07130294496329112,1e-08,-0.0009593618221813149,0.0
1082,38.4550145609151,38.746433070386416,30.654772983006193,0.12461085755850218,1e-08,0.12876466650567545,1e-08,-0.004153808947173265,0.0
1083,38.387401544904726,38.962738988316644,10.946461164201759,0.2872233234495884,0.009313319531620474,0.32060509517352287,0.024859667349113827,-0.03338177172393447,-0.015546347817493353
1084,38.31930442946692,39.178678098187376,11.107579293896974,0.29039574489856096,0.010536912570672161,0.32342155813439183,0.02708494691098817,-0.03302581323583087,-0.016548034340316008
1085,38.25072447688347,39.39424949259173,30.841529638814166,0.124168886390719,1e-08,0.12826378808639746,1e-08,-0.004094901695678457,0.0
1086,38.181662950159975,39.60945229878608,51.03062651761244,0.06478341975364502,1e-08,0.06567108427742246,1e-08,-0.0008876645237774483,0.0
1087,38.112121112879954,39.82428567852547,71.29514691737101,0.04987631538169301,0.0,0.0502257926934306,1e-08,-0.0003494773117375949,-1e-08
1088,38.0421002290603,40.03874882789477,91.589706904164,0.029699687962792865,0.0,0.029832959619978925,0.0,-0.00013327165718605982,0.0
1089,37.97160156300766,40.25284097713598,111.90182906904526,0.025282290293830192,0.0,0.025358115065864332,0.0,-7.582477203414012e-05,0.0
1090,37.9006263791761,40.466561390471604,132.22673010908306,0.02081075605464938,0.0,0.020855506803501202,0.0,-4.475074885182395e-05,0.0
1091,37.82917594202594,40.67990936592429,152.56220505122587,0.01731882951191301,0.0,0.017346878608854106,0.0,-2.8049096941096252e-05,0.0
1092,37.757251515883624,40.89288423513287,172.90711364810144,0.013010356046038323,0.0,0.013027010634099943,0.0,-1.665458806161986e-05,0.0
1093,37.68485436480295,41.10548536316492,193.26082094535235,0.010279433433327389,0.0,0.010290020273755173,0.0,-1.0586840427784586e-05,0.0
1094,37.61198575242743,41.31771214832585,213.62295704944066,0.008198064222432426,0.0,0.00820499401420059,0.0,-6.92979176816419e-06,0.0
1095,37.53864694185384,41.52956402196483,233.99330208099613,0.007705990442524204,0.0,0.007711417947933974,0.0,-5.4275054097701475e-06,0.0
1096,37.464839195497085,41.741040448277445,254.3717262940931,0.006970232487769963,0.0,0.00697438807516704,0.0,-4.1555873970767696e-06,0.0
1097,37.39056377495617,41.95214092410537,274.758156786179,0.005963895899736674,0.0,0.005966947672096979,0.0,-3.0517723603046276e-06,0.0
1098,37.315821940881555,42.16286497873317,295.1525579731809,0.005762278068867028,0.0,0.005764831388046148,0.0,-2.553319179119523e-06,0.0
1099,37.240614952843686,42.37321217368211,315.55491961809895,0.005546281757353368,0.0,0.005548429569870331,0.0,-2.1478125169635195e-06,0.0
1100,41.52911976503656,26.608775102084884,1118.2437068593672,0.000850154805101895,0.0,0.0008501811529186027,0.0,-2.6347816707702684e-08,0.0
1101,41.489309153515826,26.84316028264974,1098.2370297314487,0.0008441417464744795,0.0,0.0008441688734922665,0.0,-2.7127017787013236e-08,0.0
1102,41.448950147160225,27.077278423031096,1078.2267199515125,0.0008926385676297977,0.0,0.0008926683231722449,0.0,-2.9755542447205442e-08,0.0
1103,41.40804374330325,27.311126629647298,1058.2127281250084,0.0009050901525798357,0.0,0.0009051214767125389,0.0,-3.132413270315413e-08,0.0
1104,41.36659094890665,27.54470204389609,1038.1950050951205,0.0009378601112807047,0.0,0.0009378938312815752,0.0,-3.3720000870533784e-08,0.0
1105,41.324592780394276,27.778001842368646,1018.1735019730472,0.0009584451349735312,0.0,0.0009584809641408823,0.0,-3.582916735110804e-08,0.0
1106,41.282050263485395,28.01102323705447,998.1481701720993,0.000990880681469972,0.0,0.000990919222625196,0.0,-3.8541155224095305e-08,0.0
1107,41.23896443302711,28.243763475537147,978.1189614461546,0.0009820013259822372,0.0,0.0009820411084930619,0.0,-3.9782510824655504e-08,0.0
1108,41.1953363328262,28.476219841181145,958.0858279331113,0.0008670081181018256,0.0,0.0008670447395851915,0.0,-3.662148336588001e-08,0.0
1109,41.15116701548044,28.70838965330941,938.0487222041107,0.0008947681849748161,0.0,0.0008948076103677978,0.0,-3.942539298176263e-08,0.0
1110,41.10645754220926,28.94027026737205,918.0075973193916,0.0009397598139070032,0.0,0.0009398030477796907,0.0,-4.3233872687518764e-08,0.0
1111,41.06120898268406,29.171859075106045,897.9624068918333,0.0010617252105983603,0.0,0.001061776249228299,0.0,-5.1038629938701674e-08,0.0
1112,41.01542241485788,29.40315350468601,877.9131051594256,0.0014057402212289325,0.0,0.0014058107437273687,0.0,-7.052249843624535e-08,0.0
1113,40.96909892479484,29.63415102086612,857.8596470681214,0.0010353437693948501,0.0,0.0010353983118355796,0.0,-5.454244072946972e-08,0.0
1114,40.922239606499254,29.864849125113142,837.8019883668472,0.001215580320760238,0.0,0.0012156474352575898,0.0,-6.711449735178308e-08,0.0
1115,40.87484556174417,30.09524535573078,817.7400857167361,0.0012308063217862,0.0,0.0012308776571606458,0.0,-7.133537444580472e-08,0.0
1116,40.826917899900074,30.325337287975252,797.6738968171339,0.0016392500021543941,0.0,0.001639349538194175,0.0,-9.953603978085472e-08,0.0
1117,40.77845773776293,30.555122534162244,777.6033805514064,0.0016837123037288049,0.0,0.001683819902392021,0.0,-1.0759866321606408e-07,0.0
1118,40.72946619938237,30.784598743765283,757.5284971562388,0.0014058134080889779,0.0,0.00140590833587106,0.0,-9.492778208202574e-08,0.0
1119,40.679944415889736,31.01376360350555,737.4492084189447,0.0012808850857431474,0.0,0.0012809763885358464,0.0,-9.130279269892357e-08,0.0
1120,40.62989352532581,31.242614837433287,717.3654779082736,0.0013517316176953052,0.0,0.0013518334357061038,0.0,-1.0181801079860164e-07,0.0
1121,40.57931467246879,31.47115020700086,697.2772712455215,0.001410192638924019,0.0,0.0014103050656474395,0.0,-1.1242672342051674e-07,0.0
1122,40.528209008662095,31.699367511127406,677.1845564243547,0.001733838575350026,0.0,0.0017339850101126743,0.0,-1.4643476264832207e-07,0.0
1123,40.47657769164228,31.927264586255443,657.087304189797,0.0016139668578148568,0.0,0.0016141117217482715,0.0,-1.4486393341470692e-07,0.0
1124,40.424421885367074,32.154839306399154,636.9854884895416,0.001690458058817007,0.0,0.0016906195086069727,0.0,-1.61449789965731e-07,0.0
1125,40.3717427598435,32.38208958318474,616.8790870141162,0.0017904254045366145,0.0,0.001790607714187725,0.0,-1.82309651110572e-07,0.0
1126,40.31854149095619,32.609013365882795,596.7680818469631,0.001881139067658082,0.0,0.0018813437303742352,0.0,-2.0466271615318145e-07,0.0
1127,40.264819260295916,32.83560864143277,576.6524602513692,0.0020018381697516226,0.0,0.0020020713969359514,0.0,-2.3322718432873188e-07,0.0
1128,40.21057725498836,33.061873434459706,556.5322156289893,0.0022992925550653306,0.0,0.0022995799491435744,0.0,-2.873940782438522e-07,0.0
1129,40.15581666752324,33.28780580728317,536.4073486951947,0.0020847354723874867,0.0,0.002085016212526575,0.0,-2.807401390885443e-07,0.0
1130,40.100538695583694,33.513403859918775,516.277868930583,0.002206995751928088,0.0,0.002207316561203732,0.0,-3.2080927564372835e-07,0.0
1131,40.04474454187603,33.738665730072015,496.1437963873573,0.0027217723408417016,0.0,0.0027222002439715306,0.0,-4.27903129829061e-07,0.0
1132,39.988435413959934,33.96358959312485,476.00516395594235,0.002685365442363861,0.0,0.0026858243658546585,0.0,-4.589234907973437e-07,0.0
1133,39.93161252407919,34.18817366211496,455.86202023457207,0.002623225981762658,0.0,0.00262371495789307,0.0,-4.889761304120548e-07,0.0
1134,39.87427708899262,34.412416187707706,435.7144331974772,0.0030870258216173963,0.0,0.003087655255037099,0.0,-6.294334197027261e-07,0.0
1135,39.81643032980587,34.636315458161214,415.56249493334604,0.003479598799034647,0.0,0.0034803781834252707,0.0,-7.793843906237288e-07,0.0
1136,39.75807347180348,34.85986979928427,395.4063278367192,0.0034480815330028528,0.0,0.003448935176759449,0.0,-8.536437565960855e-07,0.0
1137,39.69920774428168,35.0830775743875,375.2460927996516,0.004030122664835658,0.0,0.004031229269998074,0.0,-1.106605162416556e-06,0.0
1138,39.639834380381735,35.30593718422777,355.0820001999344,0.0038535872890118864,0.0,0.0038547702432323145,0.0,-1.1829542204281132e-06,0.0
1139,39.579954616923985,35.52844706694582,334.9143248660869,0.004280538684901534,0.0,0.004282015168314718,0.0,-1.4764834131838697e-06,0.0
1140,39.51956969424252,35.75060569799752,314.74342680467623,0.004690365110265925,0.0,0.004692196429627173,0.0,-1.8313193612482653e-06,0.0
1141,39.45868085602059,35.97241159007865,294.5697804539442,0.0051757738723916084,0.0,0.005178080157531943,0.0,-2.306285140334617e-06,0.0
1142,39.39728934912672,36.193863293043336,274.3940168530458,0.006356705638926816,0.0,0.006359963356827448,0.0,-3.2577179006326035e-06,0.0
1143,39.335396423451684,36.41495939381635,254.2169859010071,0.007990961129868409,0.0,0.007995705556636108,0.0,-4.74442676769854e-06,0.0
1144,39.27300333174609,36.635698516299364,234.03985082086749,0.007070824926219512,0.0,0.007075809540312026,0.0,-4.984614092513363e-06,0.0
1145,39.210111329459,36.85607932127117,213.86423607000393,0.009283524297542948,0.0,0.00929133156958239,0.0,-7.80727203944162e-06,0.0
1146,39.146721674577286,37.07610050628209,193.69246758575594,0.010901812137694146,0.0,0.010912964792020875,0.0,-1.11526543267286e-05,0.0
1147,39.08283562746588,37.29576080554275,173.52798027440534,0.01271122546789081,0.0,0.01272739838831401,0.0,-1.6172920423199524e-05,0.0
1148,39.01845445070892,37.515058989807166,153.3760460058725,0.01480857372559866,0.0,0.014832658413933584,0.0,-2.4084688334924387e-05,0.0
1149,38.95357940895187,37.733993866250415,133.24515943982067,0.01645635062255629,0.0,0.016491822688559,0.0,-3.547206600271191e-05,0.0
1150,38.88821176874445,37.95256427834091,113.14989428357366,0.020651193896937765,0.0,0.020712645577179223,0.0,-6.145168024145747e-05,0.0
1151,38.82235279838476,38.170769105707464,93.11742570419902,0.03048977560217881,0.0,0.030621719544556728,0.0,-0.0001319439423779177,0.0
1152,38.756003767764284,38.38860726400129,73.20462252851273,0.04431066268383604,0.0,0.044613788093300175,0.0,-0.0003031254094641375,0.0
1153,38.68916594821382,38.60607770475288,53.552486579716,0.06507892405220013,1e-08,0.06588626183144083,1e-08,-0.0008073377792407049,0.0
1154,38.62184061235061,38.823179415224175,34.619443479466725,0.10555400656175347,1e-08,0.10844139520426747,1e-08,-0.002887388642514005,0.0
1155,38.5540290339265,39.03991141825594,18.751866753667183,0.22199256579680754,0.0006692823375915669,0.23566047318238312,0.001366200945203744,-0.013667907385575578,-0.0006969186076121771
1156,38.485732487677026,39.25627277211042,18.112516808043992,0.20738747632365429,0.00031034194366434155,0.22218203424171165,0.0006739387882333565,-0.014794557918057366,-0.000363596844569015
1157,38.41695224917186,39.47226257030967,33.59497925282969,0.10947782632638438,1e-08,0.11262829883072897,1e-08,-0.0031504725043445952,0.0
1158,38.347689594666114,39.68787994146928,52.47994946525751,0.06159975273183502,1e-08,0.06240224520291131,1e-08,-0.000802492471076291,0.0
1159,38.27794580095298,39.90312404912816,72.14897916199502,0.04565987168386689,0.0,0.045980324179560245,0.0,-0.00032045249569335327,0.0
1160,38.20772214521736,40.11799409157384,92.10574110159307,0.030613040028173798,0.0,0.03074850733340727,0.0,-0.00013546730523347067,0.0
1161,38.13701990489081,40.33248930166403,112.20065458152972,0.023934228911601487,0.0,0.024006078797490525,0.0,-7.184988588903804e-05,0.0
1162,38.06584035750758,40.54660894664414,132.3741218616656,0.019211892657854,0.0,0.0192535299939634,0.0,-4.163733610939788e-05,0.0
1163,37.994184780561824,40.76035232796108,152.59789125186958,0.01539718988898982,0.0,0.01542243985451998,0.0,-2.524996553016079e-05,0.0
1164,37.92205445136606,40.973718781073394,172.8568977192764,0.012824959186038494,0.0,0.01284139961840852,0.0,-1.6440432370026445e-05,0.0
1165,37.84945064691097,41.18670767525789,193.14239780995794,0.011375738289059396,0.0,0.011387416817361393,0.0,-1.1678528301996977e-05,0.0
1166,37.77637464372617,41.39931841341283,213.44898372245848,0.008799528817518288,0.0,0.008806969862383045,0.0,-7.441044864756399e-06,0.0
1167,37.70282771774251,41.611550431857786,233.77314205227034,0.0075744730918157,0.0,0.007579819884417262,0.0,-5.346792601562331e-06,0.0
1168,37.628811144155435,41.823403200130464,254.11249976205443,0.006965432404102622,0.0,0.006969593765330906,0.0,-4.1613612282841855e-06,0.0
1169,37.55432619728969,42.03487622078027,274.4654035105219,0.006016193611475823,0.0,0.0060192783706466925,0.0,-3.0847591708698177e-06,0.0
1170,37.47937415046538,42.245969029159056,294.8306723104535,0.005081355024119823,0.0,0.00508361558592843,0.0,-2.2605618086061693e-06,0.0
1171,37.40395627586515,42.456681193209114,315.2074455981925,0.004600708969227814,0.0,0.0046025002576914565,0.0,-1.7912884636428483e-06,0.0
1172,37.328073844402795,42.667012313248186,335.5950863915285,0.004191196732238743,0.0,0.0041926367441167175,0.0,-1.4400118779744203e-06,0.0
1173,41.74433028678728,26.42207370113284,1139.2591163465434,0.0008068486305621562,0.0,0.0008068727254672358,0.0,-2.4094905079615966e-08,0.0
1174,41.70493795389135,26.65735147273713,1119.2652734382164,0.000819752754215315,0.0,0.0008197781175180045,0.0,-2.5363302689541435e-08,0.0
1175,41.6649946312003,26.89236199239522,1099.2681340558322,0.0008554088606093028,0.0,0.0008554362964443624,0.0,-2.7435835059656973e-08,0.0
1176,41.62450131842567,27.127102302568453,1079.26766453966,0.000881276443786012,0.0,0.0008813057656434246,0.0,-2.9321857412598074e-08,0.0
1177,41.583459025166604,27.361569481070223,1059.2638326514495,0.0008966362066335151,0.0,0.0008966671778128303,0.0,-3.0971179315174985e-08,0.0
1178,41.5418687707416,27.595760641290653,1039.2566077185347,0.0009240957362310609,0.0,0.0009241288957354038,0.0,-3.3159504342870905e-08,0.0
1179,41.4997315840197,27.829672932412052,1019.2459607951358,0.0009633220678528326,0.0,0.00096335800238771,0.0,-3.593453487744404e-08,0.0
1180,41.45704850325075,28.06330353961492,999.231864843298,0.0008390318664572095,0.0,0.0008390644471005324,0.0,-3.258064332288101e-08,0.0
1181,41.413820575895116,28.296649684274687,979.2142949362859,0.0009611581380732468,0.0,0.0009611969921193547,0.0,-3.885404610787062e-08,0.0
1182,41.37004885845261,28.529708624149134,959.1932284877271,0.001263034002037766,0.0,0.0012630870739754364,0.0,-5.3071937670522845e-08,0.0
1183,41.18954552457093,29.459018774054154,879.0736429541299,0.0012778825503187347,0.0,0.001277946584473975,0.0,-6.40341552401915e-08,0.0
1184,41.14307100853579,29.69060184171104,859.0348570988857,0.0010824357430058262,0.0,0.0010824926050666732,0.0,-5.686206084698324e-08,0.0
1185,41.096059221599624,29.92188202449578,838.9925055417965,0.0010702491842314156,0.0,0.0010703081288307111,0.0,-5.894459929552988e-08,0.0
1186,41.04851127870822,30.15285683931958,818.9465916726473,0.0012988638716028293,0.0,0.001298938909320794,0.0,-7.503771796459058e-08,0.0
1187,41.000428302461934,30.38352384064632,798.8971246292817,0.001367251470842353,0.0,0.0013673344625439025,0.0,-8.299170154942893e-08,0.0
1188,40.951811422941304,30.613880620598394,778.8441200519118,0.0011957857080478896,0.0,0.0011958621270144558,0.0,-7.641896656619684e-08,0.0
1189,40.902661777532266,30.843924809053956,758.7876009576833,0.0012556481225051463,0.0,0.0012557326615087602,0.0,-8.45390036138989e-08,0.0
1190,40.85298051075155,31.073654073735256,738.7275987584785,0.0017230911418166773,0.0,0.0017232132686538118,0.0,-1.2212683713451467e-07,0.0
1191,40.802768774071644,31.3030661202885,718.6641544499754,0.0014794228675911582,0.0,0.0014795338686063957,0.0,-1.1100101523749475e-07,0.0
1192,40.75202772574605,31.53215869235514,698.5973200065365,0.0014062222886022013,0.0,0.0014063339757394847,0.0,-1.1168713728339219e-07,0.0
1193,40.70075853063448,31.7609295716346,678.5271600246405,0.0014686738624253043,0.0,0.001468797508381708,0.0,-1.2364595640369444e-07,0.0
1194,40.648962360027994,31.989376577938746,658.4537536679934,0.0016089776065193867,0.0,0.001609121424283144,0.0,-1.4381776375729273e-07,0.0
1195,40.59664039147443,32.21749756923797,638.3771969809043,0.0016866395266692316,0.0,0.0016867999101019759,0.0,-1.603834327442398e-07,0.0
1196,40.54379380860385,32.445290441699086,618.2976056537619,0.0017671615974296905,0.0,0.001767340721266278,0.0,-1.7912383658757677e-07,0.0
1197,40.49042380095428,32.67275312971512,598.2151183470281,0.0018571020138315134,0.0,0.0018573030939159618,0.0,-2.01080084448425e-07,0.0
1198,40.43653156379761,32.899883605927,578.1299007097336,0.0019543981148483973,0.0,0.0019546246753133194,0.0,-2.2656046492217433e-07,0.0
1199,40.38211829796578,33.126679881237465,558.0421502676211,0.0019667218035090703,0.0,0.0019669665296454413,0.0,-2.447261363710228e-07,0.0
1200,40.327185209677396,33.3531400048169,537.952102408428,0.0023612513213461684,0.0,0.002361567241277513,0.0,-3.159199313445063e-07,0.0
1201,40.27173351036447,33.57926206410169,517.8600377622956,0.0024086647500503357,0.0,0.002409012573290776,0.0,-3.478232404401614e-07,0.0
1202,40.21576441649981,33.805044184784734,497.7662913714995,0.00264941498333812,0.0,0.0026498289062694014,0.0,-4.1392293128163574e-07,0.0
1203,40.15927914942464,34.03048453079854,477.6712641760628,0.002828341757470399,0.0,0.002828821506569517,0.0,-4.797490991176497e-07,0.0
1204,40.10227893517683,34.25558130429088,457.57543752647007,0.0029693944906847387,0.0,0.0029699433842745562,0.0,-5.488935898175472e-07,0.0
1205,40.04476500431951,34.480332745593024,437.479391695327,0.0027890300680895887,0.0,0.002789594502240813,0.0,-5.644341512242926e-07,0.0
1206,39.9867385917703,34.704737133181006,417.38382973281944,0.002991345785530262,0.0,0.002992010777721461,0.0,-6.649921911990389e-07,0.0
1207,39.92820093663113,34.92879278362941,397.2896085528279,0.003414889690234686,0.0,0.0034157271516125453,0.0,-8.374613778591548e-07,0.0
1208,39.86915328201858,35.152498051558595,377.19777993645823,0.003744996918687233,0.0,0.0037460154494783036,0.0,-1.0185307910705842e-06,0.0
1209,39.80959687489496,35.375851329574736,357.1096453418909,0.004297602437470081,0.0,0.004298905228810315,0.0,-1.302791340233693e-06,0.0
1210,39.74953296589999,35.59885104820317,337.0268302503514,0.004297240354485183,0.0,0.004298703957613635,0.0,-1.4636031284518541e-06,0.0
1211,39.68896280918319,35.8214956758153,316.9513866578259,0.004641861386474209,0.0,0.0046436486683191815,0.0,-1.7872818449723299e-06,0.0
1212,39.62788766223711,36.04378371854862,296.88593693308883,0.0051158701810793735,0.0,0.0051181144449698275,0.0,-2.244263890453964e-06,0.0
1213,39.56630878573117,36.26571372022067,276.8338798380444,0.005923992965655052,0.0,0.005926979004597961,0.0,-2.9860389429087544e-06,0.0
1214,39.50422744334639,36.4872842622365,256.7996923161281,0.006991687139064697,0.0,0.006995775814058192,0.0,-4.08867499349444e-06,0.0
1215,39.44164490161099,36.708493963490056,236.78938302421435,0.007559174338628491,0.0,0.007564374247378471,0.0,-5.199908749979783e-06,0.0
1216,39.3785624297367,36.9293414802595,216.81119409511047,0.008763834221755747,0.0,0.008771015028710508,0.0,-7.180806954760685e-06,0.0
1217,39.31498129945609,37.149825506096604,196.87672407683712,0.010477895439956182,0.0,0.010488280484049727,0.0,-1.0385044093544696e-05,0.0
1218,39.25090278486075,37.36994477171034,177.00279627442296,0.01284453962307013,0.0,0.012860216627017597,0.0,-1.5677003947466017e-05,0.0
1219,39.18632816224038,37.589698044844766,157.2147127521755,0.014577864622157264,0.0,0.014600419765443035,0.0,-2.2555143285770893e-05,0.0
1220,39.12125870992289,37.80908413015151,137.5522373321546,0.016507540771148226,0.0,0.01654090351475489,0.0,-3.3362743606664413e-05,0.0
1221,39.05569570811545,38.02810186905659,118.08133346266273,0.020544510785845294,0.0,0.020600605360525992,0.0,-5.609457468069845e-05,0.0
1222,38.98964043874655,38.24675013962213,98.91906157610848,0.027959377726974058,0.0,0.028066959263750135,0.0,-0.0001075815367760774,0.0
1223,38.9230941853091,38.465027856402806,80.2915371643606,0.03859082889034249,0.0,0.0388124329562203,0.0,-0.0002216040658778104,0.0
1224,38.856058232704555,38.68293397029721,62.68362115441642,0.04950730064442404,0.0,0.04996852807498132,0.0,-0.0004612274305572789,0.0
1225,38.788533867088205,38.90046746839443,47.25771159633061,0.07275468481205802,1e-08,0.07390027536600298,1e-08,-0.0011455905539449612,0.0
1226,38.720522375715355,39.117627373815665,36.87410953038757,0.1025574544357022,1e-08,0.10505141725381682,1e-08,-0.00249396281811462,0.0
1227,38.652025046788886,39.33441274555123,36.18392469398691,0.11161037063644437,1e-08,0.11435050240356773,1e-08,-0.0027401317671233577,0.0
1228,38.583043169307686,39.550822678293066,45.63819367980103,0.07808041215419607,1e-08,0.07938481735724069,1e-08,-0.0013044052030446174,0.0
1229,38.51357803291648,39.766856302262724,60.673214518873976,0.05039705524986707,1e-08,0.05089757474804195,1e-08,-0.0005005194981748812,0.0
1230,38.443630927756615,39.9825127830351,78.13643974946089,0.038187880514397574,0.0,0.03842038624060307,0.0,-0.00023250572620549942,0.0
1231,38.373203144318076,40.19779132135803,96.72585833102758,0.02961349223065924,0.0,0.029732200483617122,0.0,-0.00011870825295788243,0.0
1232,38.30229597329287,40.412691152967774,115.90456685820207,0.02256380463904047,0.0,0.022627437836875233,0.0,-6.36331978347629e-05,0.0
1233,38.23091070542942,40.62721154840057,135.42565682111655,0.018300938938061964,0.0,0.018338912494916454,0.0,-3.7973556854489776e-05,0.0
1234,38.159048631388245,40.84135181280044,155.16280501115767,0.015283456226090132,0.0,0.015307681057671756,0.0,-2.4224831581624515e-05,0.0
1235,38.08671104159898,41.055111285723285,175.04549733301937,0.01257317110138196,0.0,0.012588893589653325,0.0,-1.5722488271365312e-05,0.0
1236,38.01389922611849,41.26848934093741,195.03154608497016,0.010714086613331042,0.0,0.010724902084477114,0.0,-1.0815471146072633e-05,0.0
1237,37.9406144744904,41.48148538622063,215.09427026455617,0.009310684891980475,0.0,0.009318423056845363,0.0,-7.738164864887556e-06,0.0
1238,37.866858075605876,41.69409886315407,235.21601871750042,0.007611758596392393,0.0,0.0076170649145275915,0.0,-5.306318135198801e-06,0.0
1239,37.79263131756561,41.906329246912726,255.38467339361452,0.0065744389321293175,0.0,0.006578331322869481,0.0,-3.892390740163447e-06,0.0
1240,37.717935487543194,42.11817604605302,275.59165400270354,0.00587038415229482,0.0,0.0058733704522586794,0.0,-2.986299963859268e-06,0.0
1241,37.64277187164978,42.32963880229733,295.83072501109814,0.005392710523341866,0.0,0.005395091807144667,0.0,-2.3812838028016564e-06,0.0
1242,37.56714175480013,42.54071709031576,316.09725343330604,0.004581461739000865,0.0,0.0045832355293868665,0.0,-1.773790386001492e-06,0.0
1243,37.491046420579806,42.7514105175051,336.38773102012823,0.004176512860361231,0.0,0.004177941087164056,0.0,-1.428226802824284e-06,0.0
1244,37.41448715111394,42.96171872376527,356.6994573897182,0.0038276126504129646,0.0,0.003828777019835157,0.0,-1.1643694221926022e-06,0.0
1245,41.880689956725654,26.70630719476749,1120.627528607043,0.0007121156250762391,0.0,0.0007121376119715904,0.0,-2.198689535136151e-08,0.0
1246,41.84061287307084,26.941947390805286,1100.6461478153767,0.0007264002702982424,0.0,0.0007264235199679533,0.0,-2.324966971083229e-08,0.0
1247,41.799984193699714,27.177314163385493,1080.6619709631088,0.0007465226218084501,0.0,0.0007465474071839845,0.0,-2.478537553440765e-08,0.0
1248,41.75880494065132,27.412404561443708,1060.6749960676825,0.0007675965909881213,0.0,0.0007676230453000894,0.0,-2.6454311968012595e-08,0.0
1249,41.71707614577598,27.647215670101907,1040.6852250451225,0.0007896864807778853,0.0,0.0007897147516768055,0.0,-2.8270898920165245e-08,0.0
1250,41.67479885056337,27.881744610885153,1020.6926641004608,0.0008128622888984397,0.0,0.0008128925403368555,0.0,-3.0251438415808234e-08,0.0
1251,41.63197410597008,28.11598854192874,1000.697324165316,0.0012600960843066546,0.0,0.0012601446572512369,0.0,-4.8572944582291055e-08,0.0
1252,41.07577082838877,30.9037012766311,760.5496866363701,0.0018516425959578596,0.0,0.001851766001654789,0.0,-1.2340569692948639e-07,0.0
1253,41.025928868649025,31.133998447564426,740.5226269355074,0.0012892020682528794,0.0,0.0012892932007139998,0.0,-9.113246112043769e-08,0.0
1254,40.97555506899123,31.363974760304735,720.4938832852187,0.0013260810769618438,0.0,0.0013261801003934537,0.0,-9.902343160988342e-08,0.0
1255,40.92465060132202,31.59362794062147,700.4636586243865,0.0014027940082132282,0.0,0.0014029048300663591,0.0,-1.1082185313090326e-07,0.0
1256,40.87321664419485,31.822955752944253,680.4321862822445,0.0014879270382903648,0.0,0.001488051599638711,0.0,-1.2456134834627937e-07,0.0
1257,40.82125438263247,32.051956000415096,660.3997346103354,0.0015291690209034653,0.0,0.0015293049201447056,0.0,-1.3589924124034723e-07,0.0
1258,40.76876500794959,32.280626524932146,640.3666124841186,0.0016793921953150315,0.0,0.0016795508994379802,0.0,-1.5870412294863474e-07,0.0
1259,40.71574971757566,32.50896520718499,620.3331758704302,0.001758527113595142,0.0,0.0017587041952416072,0.0,-1.7708164646527275e-07,0.0
1260,40.66220971487799,32.73696996668181,600.2998357091468,0.0018466906434309433,0.0,0.0018468892113501138,0.0,-1.9856791917054022e-07,0.0
1261,40.60814620898485,32.964638761768164,580.2670674256784,0.0020249644768352035,0.0,0.0020251974445634003,0.0,-2.3296772819680553e-07,0.0
1262,40.55356041460927,33.19196958963787,560.2354224809675,0.0021435378651836453,0.0,0.002143802397450269,0.0,-2.6453226662382506e-07,0.0
1263,40.49845355187284,33.4189604863357,540.2055424855396,0.0021609677160081492,0.0,0.0021612545939363927,0.0,-2.868779282435077e-07,0.0
1264,40.44282684612998,33.64560952675239,520.1781765651382,0.002485720362233828,0.0,0.0024860760110213694,0.0,-3.5564878754154594e-07,0.0
1265,40.38668152779278,33.87191482461172,500.1542028839395,0.002638843838327785,0.0,0.00263925217576187,0.0,-4.0833743408493287e-07,0.0
1266,40.330018832156064,34.097874532449985,480.1346555306975,0.0028442255691345617,0.0,0.002844703009588566,0.0,-4.774404540044616e-07,0.0
1267,40.27283999922307,34.32348684158789,460.12075838832396,0.0028226914446437264,0.0,0.0028232076695915253,0.0,-5.162249477989878e-07,0.0
1268,40.21514627353172,34.548749982095,440.11396818985895,0.0031214942197334947,0.0,0.0031221178861144862,0.0,-6.236663809915631e-07,0.0
1269,40.15693890398125,34.773662222746836,420.11602979171664,0.0036862152876341566,0.0,0.0036870220990885055,0.0,-8.068114543489241e-07,0.0
1270,40.0982191436597,34.998221870974724,400.1290478885351,0.0037232784782945945,0.0,0.0037241777016894257,0.0,-8.992233948312313e-07,0.0
1271,40.03898824967183,35.2224272728086,380.1555811401713,0.0034723353569518145,0.0,0.003473265551104637,0.0,-9.301941528224063e-07,0.0
1272,39.979247482967786,35.446276812812776,360.19876727857053,0.0037250845023773654,0.0,0.003726195895711659,0.0,-1.1113933342937754e-06,0.0
1273,39.918998108172524,35.66976891401481,340.2624916937258,0.004843688879879258,0.0,0.004845304202341811,0.0,-1.615322462553137e-06,0.0
1274,39.858241393415874,35.89290203782768,320.3516180647213,0.0048631917549708074,0.0,0.004865023586071319,0.0,-1.8318311005112095e-06,0.0
1275,39.796978610163386,36.11567468396531,300.4723091619007,0.005214852066903866,0.0,0.005217084739081362,0.0,-2.2326721774964045e-06,0.0
1276,39.73521103304803,36.338085390351516,280.6324813596126,0.0055623396294807725,0.0,0.005565069662553087,0.0,-2.7300330723142516e-06,0.0
1277,39.6729399397027,36.56013273302268,260.84246188041897,0.006848162154145854,0.0,0.006852044089635469,0.0,-3.88193548961531e-06,0.0
1278,39.610166610593524,36.78181532602407,241.11596109099466,0.007708582022251465,0.0,0.007713691446674175,0.0,-5.109424422710188e-06,0.0
1279,39.54689232885413,37.0031318213001,221.47154799471383,0.00856058138414253,0.0,0.008567303899988691,0.0,-6.7225158461615975e-06,0.0
1280,39.48311838012078,37.22408090857849,201.93495428670607,0.009148821897318722,0.0,0.009157467496417816,0.0,-8.645599099093085e-06,0.0
1281,39.41884605236843,37.4446613152486,182.542789668157,0.01029805639267152,0.0,0.010309956238325771,0.0,-1.189984565425073e-05,0.0
1282,39.35407663574785,37.66487180623401,163.3487522872826,0.013618612565659369,0.0,0.013638160379301096,0.0,-1.9547813641726877e-05,0.0
1283,39.2888114224236,37.88471118385945,144.4344324282436,0.015313945609327726,0.0,0.015342054608293453,0.0,-2.810899896572676e-05,0.0
1284,39.223051706413116,38.10417828771223,125.92893236969961,0.018700670713622747,0.0,0.018745659923064185,0.0,-4.498920944143864e-05,0.0
1285,39.1567987834268,38.32327199449825,108.04606225258996,0.024456274167971893,0.0,0.02453553471728079,0.0,-7.926054930889812e-05,0.0
1286,39.09005395070917,38.541991217892935,91.15726081919165,0.029087022209763353,0.0,0.029218972306476295,0.0,-0.00013195009671294194,0.0
1287,39.02281850688113,38.76033490838679,75.93394466200445,0.04888731294009838,0.0,0.049154595602364404,0.0,-0.00026728266226602043,0.0
1288,38.95509375178331,38.9783020531262,63.59008343942102,0.049832448324910406,0.0,0.05028302733737869,1e-08,-0.0004505790124682829,-1e-08
1289,38.88688098632047,39.19589167574925,56.06829982328605,0.06639883303981352,1e-08,0.06713748731168415,1e-08,-0.0007386542718706285,0.0
1290,38.81818151230727,39.41310283621687,55.377289868682205,0.060755293629263726,1e-08,0.06146651847124617,1e-08,-0.0007112248419824455,0.0
1291,38.748996632314885,39.629934630639305,61.753480171665245,0.049174416723351794,0.0,0.04964677634106115,0.0,-0.0004723596177093545,0.0
1292,38.679327649519124,39.84638619109818,73.38277807433785,0.038573127467340367,0.0,0.038839759663923556,0.0,-0.00026663219658319,0.0
1293,38.60917586754947,40.062456685464284,88.21625312392436,0.0299992660404237,0.0,0.03014444047176609,0.0,-0.00014517443134239028,0.0
1294,38.53854259033957,40.2781453172109,104.90744325405271,0.02562007624635165,0.0,0.02570800416503822,0.0,-8.792791868656932e-05,0.0
1295,38.467429121978824,40.493451325223354,122.7040707774683,0.019468509780555726,0.0,0.019517795081337986,0.0,-4.9285300782259817e-05,0.0
1296,38.39583676656522,40.70837398360435,141.19183171736572,0.017653301179247613,0.0,0.01768697928741614,0.0,-3.367810816852848e-05,0.0
1297,38.323766828059505,40.92291260147566,160.13428411850143,0.014297539742779768,0.0,0.014318862371868897,0.0,-2.1322629089128714e-05,0.0
1298,38.25122061014065,41.1370665227759,179.38993916874927,0.011914999161888333,0.0,0.011929204581490252,0.0,-1.4205419601918956e-05,0.0
1299,38.17819941606245,41.35083512605497,198.87011358479828,0.010398470817778649,0.0,0.010408570253429379,0.0,-1.0099435650730293e-05,0.0
1300,38.1047045485116,41.5642178242648,218.51686307652346,0.009033918604142365,0.0,0.009041196933548634,0.0,-7.278329406269074e-06,0.0
1301,38.03073730946701,41.77721406454695,238.29093113032792,0.007784527010588279,0.0,0.00778981024705001,0.0,-5.283236461731296e-06,0.0
1302,37.95629900006046,41.989823328016875,258.16487599885573,0.0066102582849172815,0.0,0.006614087102040389,0.0,-3.828817123107883e-06,0.0
1303,37.88139092043858,42.20204512954512,278.1189886190578,0.005823628900741174,0.0,0.005826537793565388,0.0,-2.9088928242132495e-06,0.0
1304,37.8060143696262,42.41387901753566,298.13877746185676,0.005141703327482591,0.0,0.005143939814670156,0.0,-2.2364871875655418e-06,0.0
1305,37.73017064539102,42.62532457370124,318.2133671347831,0.0045362243440769424,0.0,0.004537957395215737,0.0,-1.7330511387948777e-06,0.0
1306,37.65386104410968,42.83638141283606,338.3344485350075,0.004140811642676907,0.0,0.004142211447405329,0.0,-1.3998047284219384e-06,0.0
1307,37.5770868606352,43.04704918258588,358.4955724335011,0.0038245339950579143,0.0,0.003825685772565264,0.0,-1.1517775073497521e-06,0.0
1308,37.499849388165764,43.257327563215604,378.69166296157175,0.0035015188436074095,0.0,0.0035024640953753208,0.0,-9.452517679112322e-07,0.0
1309,37.42214991811491,43.46721626737446,398.9186754878234,0.003240520124249497,0.0,0.0032413085895624636,0.0,-7.884653129663736e-07,0.0
1310,37.34398973998318,43.67671503985905,419.1733514771566,0.003010153277676391,0.0,0.0030108167180253865,0.0,-6.634403489952541e-07,0.0
1311,37.26537014123099,43.88582365737404,439.4530398382528,0.0028056423796081103,0.0,0.002806205062391181,0.0,-5.626827830709259e-07,0.0
1312,37.10675782075429,44.30286969240555,480.07912623415353,0.0024594359159035963,0.0,0.0024598493037719677,0.0,-4.1338786837142455e-07,0.0
1313,42.01616389598485,26.991920515849888,1102.3696122731749,0.0007247073712946177,0.0,0.0007247304943261143,0.0,-2.312303149659429e-08,0.0
1314,41.97539877892615,27.227918079170696,1082.4081128629036,0.0007447274684363667,0.0,0.0007447521145199812,0.0,-2.4646083614503905e-08,0.0
1315,41.93408148472153,27.463635979388858,1062.444619705795,0.0007656908347604228,0.0,0.0007657171355822766,0.0,-2.6300821853839258e-08,0.0
1316,41.892213057931045,27.69907127309588,1042.4791809808667,0.0007876609081185926,0.0,0.0007876890095607274,0.0,-2.8101442134755884e-08,0.0
1317,41.84979455284358,27.934221053909788,1022.5118527722118,0.0009256403625141781,0.0,0.0009256746769911017,0.0,-3.43144769235533e-08,0.0
1318,41.14825221114573,31.425345339094463,722.8503874207589,0.0016273226422908519,0.0,0.0016274432459928037,0.0,-1.2060370195186507e-07,0.0
1319,41.097183088590675,31.655562554164103,702.8716839592881,0.001393493377834926,0.0,0.001393602712696019,0.0,-1.093348610929374e-07,0.0
1320,41.04558312705884,31.885450677398754,682.8946693191596,0.0014561497857246786,0.0,0.0014562708148072713,0.0,-1.2102908259273293e-07,0.0
1321,40.99345352548454,32.11500749523443,662.9198763753293,0.0015346617502382475,0.0,0.0015347971000148402,0.0,-1.3534977659273792e-07,0.0
1322,40.94079548912883,32.34423083347182,642.9479111236972,0.0015914474612016593,0.0,0.0015915966725261216,0.0,-1.4921132446233873e-07,0.0
1323,40.88761022939958,32.57311855730898,622.9794643988389,0.0018789120562353893,0.0,0.001879099587114762,0.0,-1.875308793725973e-07,0.0
1324,40.833898963671764,32.80166857136562,603.0153259076566,0.0017510463351188407,0.0,0.001751232957944856,0.0,-1.86622826015264e-07,0.0
1325,40.77966291510812,33.029878819698936,583.0564011287527,0.0019588966435502403,0.0,0.001959119892440074,0.0,-2.2324888983380614e-07,0.0
1326,40.72490331248001,33.2577472858113,563.1037317809906,0.0020371930141219303,0.0,0.002037441929554098,0.0,-2.489154321675714e-07,0.0
1327,40.66962138998877,33.4852719926497,543.1585207682363,0.002143488110201465,0.0,0.002143769585048653,0.0,-2.814748471880249e-07,0.0
1328,40.61381838708725,33.71245100259726,523.2221627790751,0.0024902188533157607,0.0,0.0024905709815014315,0.0,-3.5212818567074977e-07,0.0
1329,40.5574955483021,33.939282417456745,503.29628208683755,0.0026418782473237533,0.0,0.0026422819289820786,0.0,-4.036816583252202e-07,0.0
1330,40.50065412305626,34.16576437842625,483.38277959414734,0.0027873264643427566,0.0,0.0027877881532581083,0.0,-4.616889153516261e-07,0.0
1331,40.44329536549212,34.39189506606731,463.4838918527113,0.002884454616561347,0.0,0.0028849743768147723,0.0,-5.197602534253581e-07,0.0
1332,40.3854205342952,34.61767270026516,443.60226574400286,0.003121409393633836,0.0,0.0031220232128753647,0.0,-6.138192415287846e-07,0.0
1333,40.327030892518394,34.843095540181864,423.741053850764,0.0035046378488575417,0.0,0.003505392477241341,0.0,-7.546283837993675e-07,0.0
1334,40.268127707406904,35.068161884201764,403.9040374658747,0.0036472397524570576,0.0,0.0036481043524244743,0.0,-8.645999674166197e-07,0.0
1335,40.20871225022378,35.29287006986992,384.0957869545668,0.003708375009749679,0.0,0.0037093475916797243,0.0,-9.725819300455095e-07,0.0
1336,40.14878579607616,35.51721847382336,364.3218732464207,0.004239522080372531,0.0,0.004240756703299156,0.0,-1.2346229266253436e-06,0.0
1337,40.088349623742296,35.7412055117153,344.58915027914236,0.004029483071691412,0.0,0.004030796341496284,0.0,-1.3132698048722025e-06,0.0
1338,40.02740501549934,35.964829638132564,324.90613736721474,0.004688025202224219,0.0,0.0046897423713728485,0.0,-1.717169148629169e-06,0.0
1339,39.96595325695178,36.18808934650621,305.2835445663155,0.004764428636926493,0.0,0.004766406101565696,0.0,-1.9774646392032094e-06,0.0
1340,39.90399563686097,36.410983169015594,285.73500623235833,0.005736841633921267,0.0,0.005739555998073082,0.0,-2.7143641518146203e-06,0.0
1341,39.84153344697527,36.63350967648587,266.27812339742815,0.0060135472348792395,0.0,0.0060168243644986704,0.0,-3.2771296194309546e-06,0.0
1342,39.778567981861165,36.85566747827927,246.93597346831865,0.007482149351550421,0.0,0.007486878204642665,0.0,-4.728853092244266e-06,0.0
1343,39.71510053873542,37.077455222179935,227.73934233420135,0.008375780496436462,0.0,0.008381999516970186,0.0,-6.219020533724043e-06,0.0
1344,39.65113241729793,37.29887159427287,208.73009843126334,0.009704510651799905,0.0,0.009713072522300208,0.0,-8.561870500302729e-06,0.0
1345,39.586664919565784,37.519915318816764,189.96641344130225,0.01021492060638361,0.0,0.010225815186553841,0.0,-1.0894580170230442e-05,0.0
1346,39.52169934970814,37.74058515811107,171.53103452996902,0.01151906437384988,0.0,0.011534119355436669,0.0,-1.5054981586788002e-05,0.0
1347,39.456237013882316,37.9608799123573,153.5446885516607,0.01494099288281587,0.0,0.014965227186778344,0.0,-2.4234303962474696e-05,0.0
1348,39.3902792200707,38.180798419514865,136.1881761663167,0.015936708690999224,0.0,0.015969610021575507,0.0,-3.290133057628347e-05,0.0
1349,39.32382727791892,38.40033955515127,119.73889815434492,0.019011278315143692,0.0,0.019061888705493225,0.0,-5.061039034953349e-05,0.0
1350,39.25688249857508,38.6195022322872,104.62933834855369,0.02388799495544317,0.0,0.02397078178810892,0.0,-8.278683266574674e-05,0.0
1351,39.189446194529964,38.83828540123629,91.52970616856213,0.03103269213874634,0.0,0.03117163747838553,0.0,-0.00013894533963918973,0.0
1352,39.12151967945859,39.05668804943991,81.42090160900487,0.03516051877127104,0.0,0.03535870390163254,0.0,-0.00019818513036149593,0.0
1353,39.05310426806284,39.27470920129703,75.5190712560319,0.04227997769785754,0.0,0.042552731410466664,0.0,-0.00027275371260912507,0.0
1354,38.98420127591513,39.49234791798926,74.83181873644476,0.03964525655355459,0.0,0.039908131533590754,0.0,-0.00026287498003616655,0.0
1355,38.9148120193036,39.7096032973013,79.49968149344988,0.03888084876723165,0.0,0.03910862814986708,0.0,-0.00022777938263543462,0.0
1356,38.84493781507812,39.9264744734368,88.68572672355815,0.03442413079885655,0.0,0.03458671217130507,0.0,-0.00016258137244852533,0.0
1357,38.774579980497926,40.14296061682989,101.17074993861597,0.02430713976980374,0.0,0.024397225059222257,0.0,-9.00852894185171e-05,0.0
1358,38.70373983308022,40.359060933952456,115.8971105491177,0.020525754090827596,0.0,0.020583961090448036,0.0,-5.8206999620440125e-05,0.0
1359,38.63241869045015,40.57477466711722,132.12070364087305,0.016943851107899165,0.0,0.01698097198808502,0.0,-3.712088018585635e-05,0.0
1360,38.560617870192125,40.79010109427695,149.35733836968373,0.014504856661614116,0.0,0.01452977775114632,0.0,-2.4921089532203497e-05,0.0
1361,38.488338689702346,41.0050395288196,167.29682186550997,0.013369570577381994,0.0,0.01338786029906515,0.0,-1.8289721683157137e-05,0.0
1362,38.41558246604259,41.21958931935998,185.73801605012073,0.011200018925117598,0.0,0.011212488033205622,0.0,-1.246910808802397e-05,0.0
1363,38.3423505157956,41.433749849527594,204.5474782079602,0.008891960509411618,0.0,0.00890015267160407,0.0,-8.192162192452793e-06,0.0
1364,38.26864415492142,41.647520537751134,223.63434878618233,0.007791350145572338,0.0,0.007797361026254052,0.0,-6.0108806817140564e-06,0.0
1365,38.19446469861537,41.860900837039516,242.93515384360276,0.006689988843537857,0.0,0.006694367269171713,0.0,-4.3784256338564795e-06,0.0
1366,38.11981346116731,42.07389023475983,262.40447276574827,0.006145854965064651,0.0,0.006149303450380005,0.0,-3.4484853153543896e-06,0.0
1367,38.04469175582226,42.286488252412,282.0090830507286,0.0053605797972610105,0.0,0.005363185961828405,0.0,-2.6061645673940495e-06,0.0
1368,37.96910089464231,42.49869444540071,301.72419885282034,0.00499440339664104,0.0,0.004996524864580468,0.0,-2.121467939428419e-06,0.0
1369,37.89304218837012,42.71050840280422,321.53099702701644,0.0045482827449699935,0.0,0.004549984572087666,0.0,-1.7018271176727495e-06,0.0
1370,37.81651694629364,42.921929747140645,341.4149529917056,0.004281420052434582,0.0,0.004282840909442218,0.0,-1.4208570076361046e-06,0.0
1371,37.73952647611234,43.132958134131535,361.3646975472019,0.003710707540571314,0.0,0.0037118075191996587,0.0,-1.099978628344659e-06,0.0
1372,37.662072083804766,43.343593252463,381.3712161401859,0.003421474573364889,0.0,0.0034223853671322374,0.0,-9.10793767348525e-07,0.0
1373,37.58415507349764,43.55383482354444,401.42727785646315,0.003388379997158384,0.0,0.003389193897665712,0.0,-8.139005073281094e-07,0.0
1374,37.505776747336256,43.76368260126507,421.52702147652025,0.0029851593746684883,0.0,0.002985809989778091,0.0,-6.506151096026189e-07,0.0
1375,37.426938405356346,43.973136371748254,441.6656508197203,0.0027847352222801955,0.0,0.0027852881375008765,0.0,-5.529152206809433e-07,0.0
1376,37.34764134535746,44.18219595310385,461.83920738384023,0.0026055141342554394,0.0,0.0026059873088971376,0.0,-4.731746416982048e-07,0.0
1377,37.26788686277764,44.390861195178694,482.0443984829509,0.0024515317135331985,0.0,0.002451940418719594,0.0,-4.087051863953077e-07,0.0
1378,37.18767625056966,44.59913197930523,502.2784657933632,0.002299265434083788,0.0,0.0022996185270398183,0.0,-3.530929560302716e-07,0.0
1379,41.32085999195667,31.487182500521826,725.7282973445691,0.0013118475422996053,0.0,0.001311944095524772,0.0,-9.655322516662589e-08,0.0
1380,41.269624967163416,31.717967197661622,705.8156068294049,0.001367401881188413,0.0,0.001367508279139728,0.0,-1.0639795131506431e-07,0.0
1381,41.217857747017376,31.948419029703384,685.9083528480937,0.0017007634143728922,0.0,0.00170090342940514,0.0,-1.400150322478349e-07,0.0
1382,41.165559544547065,32.17853576634415,666.0074011044593,0.0015362166269564071,0.0,0.0015363508584330884,0.0,-1.3423147668129715e-07,0.0
1383,41.11273157914205,32.40831521726539,646.1137306763451,0.001579838631131811,0.0,0.0015799853069493432,0.0,-1.4667581753227514e-07,0.0
1384,41.05937507637032,32.63775523216294,626.2284519431693,0.0016551908177647194,0.0,0.0016553543972289383,0.0,-1.635794642188687e-07,0.0
1385,41.00549126779576,32.86685370076827,606.3528280014095,0.0017367011879027888,0.0,0.0017368842512909617,0.0,-1.8306338817291982e-07,0.0
1386,40.95108139079611,33.09560855286125,586.4883003805664,0.0018895135450500936,0.0,0.0018897264011870395,0.0,-2.1285613694592767e-07,0.0
1387,40.89614668838107,33.324017758274536,566.6365200941395,0.0022001469009233243,0.0,0.002200412240084586,0.0,-2.6533916126173646e-07,0.0
1388,40.84068840901098,33.5520793268896,546.7993853523342,0.0021222594327876374,0.0,0.0021225344247086855,0.0,-2.7499192104809764e-07,0.0
1389,40.784707806415746,33.77979130862461,526.9790876505668,0.0022422622723716253,0.0,0.00224257505615739,0.0,-3.1278378576473156e-07,0.0
1390,40.728206139414404,34.007151793414224,507.1781684660261,0.0024131913866743157,0.0,0.00241355474790235,0.0,-3.6336122803421605e-07,0.0
1391,40.67118467173504,34.234158911181396,487.3995894937029,0.002518805260044462,0.0,0.0025192159285691925,0.0,-4.106685247305328e-07,0.0
1392,40.61364467183538,34.46081083180141,467.64682030579706,0.002969005304379622,0.0,0.0029695305846218715,0.0,-5.25280242249463e-07,0.0
1393,40.55558741272389,34.687105765058064,447.9239486287233,0.0027269865648862058,0.0,0.0027275130084244968,0.0,-5.264435382909896e-07,0.0
1394,40.49701417178148,34.91304196059237,428.23582025353784,0.003601161982329597,0.0,0.003601920571558104,0.0,-7.585892285071408e-07,0.0
1395,40.43792623058401,35.138617707843686,408.5882181559365,0.003130558416933201,0.0,0.0031312845494952785,0.0,-7.261325620775728e-07,0.0
1396,40.37832487472523,35.363831335983555,388.9880940420841,0.00336444587054724,0.0,0.0033653067504335436,0.0,-8.608798863036712e-07,0.0
1397,40.318211393640695,35.588681213842236,369.4438707748033,0.003804868475395092,0.0,0.0038059472339129733,0.0,-1.0787585178811607e-06,0.0
1398,40.25758708043235,35.813165749828165,349.96584176710263,0.0039377156147385505,0.0,0.003938959923584533,0.0,-1.244308845982714e-06,0.0
1399,40.19645323169387,36.037283391840454,330.5667046956275,0.0043442633696680905,0.0,0.004345801472378456,0.0,-1.5381027103650996e-06,0.0
1400,40.13481114733686,36.261032627174515,311.262283733316,0.004881965158546887,0.0,0.00488391361094893,0.0,-1.9484524020427912e-06,0.0
1401,40.07266213041797,36.484411982420916,292.07252002206167,0.006428273284404857,0.0,0.006431172729736365,0.0,-2.899445331507565e-06,0.0
1402,40.01000748696678,36.707420023357756,273.02284924813466,0.005624867500213955,0.0,0.005627784557337222,0.0,-2.9170571232669043e-06,0.0
1403,39.946848525814744,36.93005535483646,254.1461458619385,0.006732858740343588,0.0,0.0067368826709981264,0.0,-4.023930654538377e-06,0.0
1404,39.88318655842495,37.152316620661416,235.48550825799845,0.007999437642761337,0.0,0.008004994578959392,0.0,-5.556936198055154e-06,0.0
1405,39.81902289872296,37.37420250346312,217.09830744906714,0.009583079983488268,0.0,0.009590884004175675,0.0,-7.804020687406793e-06,0.0
1406,39.75435886292864,37.59571172456563,199.06215105937306,0.010555582991947768,0.0,0.010565807876142148,0.0,-1.0224884194380557e-05,0.0
1407,39.68919576938891,37.81684304384785,181.48375659767433,0.01154119577869714,0.0,0.011554650788261475,0.0,-1.3455009564334458e-05,0.0
1408,39.623534938411744,38.037595259599065,164.51219154486904,0.012065444991205813,0.0,0.01208258178762569,0.0,-1.7136796419877157e-05,0.0
1409,39.55737769210108,38.25796720836893,148.35840299565308,0.0147033107034786,0.0,0.014728907172256736,0.0,-2.559646877813536e-05,0.0
1410,39.490725354192925,38.47795776481179,133.32284623366797,0.016242559772524697,0.0,0.01627754174821037,0.0,-3.4981975685674516e-05,0.0
1411,39.42357924989265,38.69756584152571,119.83042765158136,0.018990030783106685,0.0,0.019040508601029352,0.0,-5.0477817922667256e-05,0.0
1412,39.35594070571317,38.91679038888629,108.46220163340308,0.022237198438294154,0.0,0.022309072950781435,0.0,-7.187451248728133e-05,0.0
1413,39.28781104931469,39.135630394875236,99.94962626373834,0.026179917834498894,0.0,0.026279010360127284,0.0,-9.909252562839005e-05,0.0
1414,39.219191609345344,39.35408488490415,95.06718766075498,0.028145914821935625,0.0,0.028263379362293513,0.0,-0.00011746454035788806,0.0
1415,39.15008371528316,39.57215292163329,94.38426345785079,0.02906405737350417,0.0,0.029186880473647526,0.0,-0.00012282310014335648,0.0
1416,39.080488697279286,39.78983360478578,97.99289597909913,0.02693976832918072,0.0,0.027045748454855693,0.0,-0.00010598012567497248,0.0
1417,39.010407886002376,40.00712607095711,105.45737715271436,0.024220831613962164,0.0,0.024303382605955107,0.0,-8.255099199294333e-05,0.0
1418,38.939842612484355,40.224029493420396,116.03958041407702,0.021074062348265383,0.0,0.021133608809233144,0.0,-5.954646096776109e-05,0.0
1419,38.86879420796747,40.44054308192713,128.97766491102612,0.01805715773745354,0.0,0.018098599236520112,0.0,-4.144149906657249e-05,0.0
1420,38.79726400375241,40.656666082503946,143.639419659071,0.015418880412846848,0.0,0.015447493660593278,0.0,-2.8613247746429524e-05,0.0
1421,38.7252533310482,40.872397777245226,159.55310054109535,0.012837619787735345,0.0,0.012856986712298853,0.0,-1.936692456350718e-05,0.0
1422,38.65276352082299,41.08773748410193,176.38267614866638,0.011071379559744628,0.0,0.011085069944008607,0.0,-1.3690384263978506e-05,0.0
1423,38.579795903656354,41.30268455666654,193.89209922034237,0.009625455272925852,0.0,0.009635318202414696,0.0,-9.862929488844638e-06,0.0
1424,38.506351809593106,41.517238383954485,211.91505104365032,0.008438414930723758,0.0,0.008445660935200928,0.0,-7.246004477169318e-06,0.0
1425,38.43243256799821,41.731398390181965,230.3329998278359,0.00745771027861781,0.0,0.007463135502147309,0.0,-5.425223529499472e-06,0.0
1426,38.3580395074133,41.94516403454054,249.06018664331762,0.006528753768142193,0.0,0.006532819348633661,0.0,-4.0655804914675395e-06,0.0
1427,38.28317395541445,42.15853481096834,268.0335447952954,0.005955145343513115,0.0,0.005958348423992123,0.0,-3.20308047900824e-06,0.0
1428,38.207837238471434,42.371510247918174,287.2059364951316,0.0053742230819949005,0.0,0.00537674178909725,0.0,-2.518707102349728e-06,0.0
1429,38.13203068180844,42.5840899081228,306.54157792953765,0.004878166814682351,0.0,0.0048801744671684855,0.0,-2.0076524861346173e-06,0.0
1430,38.055755609266036,42.796273388357235,326.012905841072,0.00445129475667222,0.0,0.0044529149359693885,0.0,-1.6201792971681783e-06,0.0
1431,37.97901334316479,43.00806031919822,345.59840045971185,0.0040812922064004525,0.0,0.004082614461416524,0.0,-1.3222550160714094e-06,0.0
1432,37.9018052041701,43.219450364781345,365.28105020748865,0.0037570678714571103,0.0,0.003758157690886497,0.0,-1.0898194293868825e-06,0.0
1433,37.82413251115876,43.430443222555425,385.0472528905813,0.0035777230333162036,0.0,0.0035786569992950577,0.0,-9.339659788540344e-07,0.0
1434,37.74599658108665,43.641038623034675,404.8860179891147,0.003258370670921612,0.0,0.0032591401951705436,0.0,-7.69524248931449e-07,0.0
1435,37.66739872885816,43.85123632954861,424.788379619178,0.0030590470926997186,0.0,0.0030597034966617772,0.0,-6.564039620586028e-07,0.0
1436,37.588340267196855,44.06103613798978,444.74695895486343,0.002737370155623936,0.0,0.002737906186840037,0.0,-5.360312161010843e-07,0.0
1437,37.50882250651787,44.27043787655949,464.7556341052585,0.0032454065606930004,0.0,0.0032459870413341224,0.0,-5.804806411219797e-07,0.0
1438,37.428846754801484,44.47944140551178,484.80928823244795,0.002465761457131577,0.0,0.0024661678394291,0.0,-4.0638229752316957e-07,0.0
1439,37.34841431746838,44.68804661689543,504.9036153269105,0.0023210092165667877,0.0,0.002321361931477954,0.0,-3.527149111661951e-07,0.0
1440,41.44197600671858,31.78084659909648,709.2885160642177,0.0013747420881069896,0.0,0.0013748480099120622,0.0,-1.0592180507262156e-07,0.0
1441,41.390040261784314,32.01186555791156,689.4657634509084,0.0016362669969761142,0.0,0.0016364003473259496,0.0,-1.3335034983533167e-07,0.0
1442,41.33757218556265,32.242545581069855,669.6542078928462,0.0014977755481320005,0.0,0.0014979050058606604,0.0,-1.294577286598507e-07,0.0
1443,41.2845730117567,32.47288446211543,649.8552676659192,0.0015662999355838126,0.0,0.0015664436857909655,0.0,-1.437502071528849e-07,0.0
1444,41.23104398027898,32.702880035234976,630.0705456877162,0.0018505119168043132,0.0,0.0018506924815271208,0.0,-1.805647228075944e-07,0.0
1445,41.17698633706624,32.93253017527599,610.301859133592,0.0018641376216875904,0.0,0.0018643315245476183,0.0,-1.9390286002795437e-07,0.0
1446,41.122401333894466,33.161832797756304,590.5512748802421,0.0018064095677779684,0.0,0.001806610297501448,0.0,-2.0072972347945535e-07,0.0
1447,41.067290228194366,33.39078585886497,570.8211521444404,0.0019002428445829595,0.0,0.001900468838710029,0.0,-2.2599412706947493e-07,0.0
1448,41.01165428286719,33.619387355454826,551.1141940593043,0.002002382407237906,0.0,0.0020026378697191446,0.0,-2.554624812384221e-07,0.0
1449,40.95549476610112,33.84763532502656,531.4335104230839,0.002214321387354942,0.0,0.002214625122515487,0.0,-3.0373516054496216e-07,0.0
1450,40.89881295118795,34.075527845704634,511.7826945078278,0.0022313974073238183,0.0,0.002231727483409224,0.0,-3.300760854055458e-07,0.0
1451,40.84161011634053,34.30306303620505,492.1659176861421,0.0023402063788708015,0.0,0.002340580680997896,0.0,-3.743021270946438e-07,0.0
1452,40.783887544510605,34.53023905579522,472.58804680600525,0.002665418208130846,0.0,0.0026658803816569047,0.0,-4.621735260586582e-07,0.0
1453,40.72564652320737,34.7570541042458,453.0547908337619,0.0028116476175129436,0.0,0.0028121780621710767,0.0,-5.304446581331189e-07,0.0
1454,40.66688834431663,34.98350642177497,433.57288546178546,0.0029983121495080105,0.0,0.0029989297115689973,0.0,-6.175620609867941e-07,0.0
1455,40.60761430392069,35.20959428898491,414.1503273827563,0.0030646770225656425,0.0,0.0030653689399943417,0.0,-6.919174286991285e-07,0.0
1456,40.54782570211886,35.43531602679098,394.796674119877,0.0032910194275837783,0.0,0.0032918369616816976,0.0,-8.17534097919282e-07,0.0
1457,40.487523842848866,35.66066999634339,375.52343118897085,0.003713576612773207,0.0,0.003714595740098559,0.0,-1.0191273253521912e-06,0.0
1458,40.42671003370899,35.88565459894168,356.3445567157459,0.0038470159344382673,0.0,0.0038481885075032757,0.0,-1.1725730650084462e-06,0.0
1459,40.365385585780984,36.11026827594216,337.2771255647312,0.0051148715415546215,0.0,0.005116605440392787,0.0,-1.7338988381656456e-06,0.0
1460,40.30355181345388,36.33450950865833,318.3422122156955,0.005798220932613162,0.0,0.005800422189499887,0.0,-2.201256886724852e-06,0.0
1461,40.24121003424877,36.55837681825444,299.5660764803766,0.00564953028416397,0.0,0.0056519605937919905,0.0,-2.4303096280205855e-06,0.0
1462,40.17836156864442,36.78186876563247,280.98177217982357,0.0053897346859093295,0.0,0.00539237416344997,0.0,-2.6394775406403045e-06,0.0
1463,40.11500773990382,37.004983951312404,262.6313509082575,0.005959963488995263,0.0,0.005963302903459585,0.0,-3.3394144643220103e-06,0.0
1464,40.05114987390177,37.22772101530625,244.56890700906175,0.006626719376321001,0.0,0.006630998848754073,0.0,-4.2794724330720915e-06,0.0
1465,39.98678929895354,37.45007863698559,226.86481167280348,0.007405141896774418,0.0,0.007410696106502409,0.0,-5.554209727990679e-06,0.0
1466,39.92192734564437,37.672055534943134,209.61161381295656,0.009501403520246702,0.0,0.009509721020025941,0.0,-8.317499779239568e-06,0.0
1467,39.85656534666028,37.89365046684819,192.9322216784813,0.010886297880900815,0.0,0.010897525507330722,0.0,-1.1227626429907017e-05,0.0
1468,39.790704636619786,38.114862229296314,176.99103719351172,0.01194621297799585,0.0,0.01196085086250666,0.0,-1.4637884510809718e-05,0.0
1469,39.72434655190679,38.335689657653134,162.00844886519167,0.01390910645510599,0.0,0.013929389972131242,0.0,-2.0283517025251885e-05,0.0
1470,39.6574924305047,38.55613162589277,148.2779021075158,0.015425337105735643,0.0,0.01545216865054517,0.0,-2.6831544809527083e-05,0.0
1471,39.590143611831586,38.77618704643057,136.1814839521519,0.017817829347685825,0.0,0.01785444518465903,0.0,-3.661583697320628e-05,0.0
1472,39.52230143657657,38.99585486995069,126.1931112419883,0.017604067613394215,0.0,0.017646325744741297,0.0,-4.2258131347082395e-05,0.0
1473,39.453967246537445,39.21513408522852,118.84882502862884,0.019458198174849787,0.0,0.01951074514595462,0.0,-5.25469711048325e-05,0.0
1474,39.3851423844596,39.43402371894799,114.66134829630897,0.020254796894278882,0.0,0.020313516974077156,0.0,-5.8720079798273844e-05,0.0
1475,39.315828193875966,39.652522835514006,113.98271159787139,0.021030903496060478,0.0,0.021092527414539833,0.0,-6.16239184793553e-05,0.0
1476,39.24602601894851,39.87063053686016,116.87757217529317,0.020977382974158215,0.0,0.021035807758646302,0.0,-5.842478448808697e-05,0.0
1477,39.17573720431083,40.08834596225185,123.09745000788571,0.020388015685012577,0.0,0.02043916193219814,0.0,-5.114624718556213e-05,0.0
1478,39.10496309491208,40.30566828808488,132.17695311078316,0.018545901389332996,0.0,0.018586328543542422,0.0,-4.042715420942561e-05,0.0
1479,39.03370503586241,40.52259672767971,143.57755248505694,0.01542864408857833,0.0,0.01545729983766203,0.0,-2.8655749083700277e-05,0.0
1480,38.96196437227942,40.739130531071616,156.79650739881745,0.013553670164989436,0.0,0.01357481916598954,0.0,-2.1149001000104334e-05,0.0
1481,38.88974244913625,40.95526898479662,171.41619862202316,0.011884462233528435,0.0,0.011900004298931276,0.0,-1.5542065402841462e-05,0.0
1482,38.8170406111109,41.17101141167367,187.11093440515666,0.010442061309798118,0.0,0.010453538249204995,0.0,-1.1476939406876788e-05,0.0
1483,38.74386020243699,41.38635717058292,203.63448574050076,0.008951639001043505,0.0,0.008959959820048926,0.0,-8.32081900542167e-06,0.0
1484,38.67020256675588,41.601305656240356,220.80290449446815,0.007939929777643821,0.0,0.007946212598083735,0.0,-6.282820439913739e-06,0.0
1485,38.596069046970285,41.815856298969045,238.47887139950538,0.007082967378780768,0.0,0.007087775496363422,0.0,-4.808117582653926e-06,0.0
1486,38.521460985099125,42.03000856446675,256.55930374985695,0.006354910765885297,0.0,0.006358640262941841,0.0,-3.729497056543553e-06,0.0
1487,38.44637972213406,42.24376195357054,274.9661250048706,0.005733487872565166,0.0,0.005736418694135763,0.0,-2.9308215705970905e-06,0.0
1488,38.37082659789723,42.457116002018125,293.6395712384453,0.005200162375556566,0.0,0.00520249418923414,0.0,-2.3318136775736173e-06,0.0
1489,38.294802950900646,42.67007028020627,312.5333830954767,0.004739767389250071,0.0,0.00474164419459005,0.0,-1.8768053399792137e-06,0.0
1490,38.218310118206894,42.8826243929463,331.61135267678253,0.004339983873185482,0.0,0.0043415107726178645,0.0,-1.5268994323826973e-06,0.0
1491,38.1413494352914,43.0947779792169,350.84483106852275,0.003990824214005646,0.0,0.003992078859479686,0.0,-1.2546454740396812e-06,0.0
1492,38.06392223590611,43.30653071191435,370.2109150874163,0.003684179536990595,0.0,0.0036852199917982954,0.0,-1.0404548077005103e-06,0.0
1493,37.98602985194464,43.51788229760016,389.6911157770849,0.0033141055869028023,0.0,0.003314950588692729,0.0,-8.450017899268997e-07,0.0
1494,37.907673613309065,43.72883247624649,409.27037082086076,0.0032663078296620543,0.0,0.0032670627216327334,0.0,-7.54891970679121e-07,0.0
1495,37.82885484777798,43.939381020979255,428.93630452342217,0.0029931053895743934,0.0,0.0029937353290477946,0.0,-6.299394734012378e-07,0.0
1496,37.749574880876246,44.149527737819064,448.67866766418433,0.0027201575035031384,0.0,0.002720680865760391,0.0,-5.233622572525104e-07,0.0
1497,37.66983503574606,44.35927246542037,468.4889093069874,0.002594793108703503,0.0,0.002595251034399441,0.0,-4.579256959380204e-07,0.0
1498,37.589636633019765,44.56861507480852,488.35984636237043,0.0024391047955272167,0.0,0.00243950096704839,0.0,-3.961715211732962e-07,0.0
1499,41.56213041884072,32.07579507442807,693.5582959413858,0.0016130629367138358,0.0,0.0016131928550358777,0.0,-1.2991832204186163e-07,0.0
1500,41.509491183896124,32.30704177111383,673.8509707354915,0.0016483876613021479,0.0,0.0016485283138453805,0.0,-1.4065254323259238e-07,0.0
1501,41.456319510218336,32.537943418212144,654.1623902038692,0.001578658230158679,0.0,0.0015788012072641855,0.0,-1.4297710550659898e-07,0.0
1502,41.40261665225172,32.76849783439764,634.4947098527065,0.0016368448136376776,0.0,0.0016370023915211157,0.0,-1.5757788343812897e-07,0.0
1503,41.3483838704925,32.998702879642266,614.8503662668671,0.0017098023744833877,0.0,0.0017099776560838247,0.0,-1.752816004370241e-07,0.0
1504,41.29362243130095,33.22855645522144,595.2321226574702,0.001785279593803723,0.0,0.0017854748699662629,0.0,-1.952761625398109e-07,0.0
1505,41.23833360671413,33.45805650371143,575.6431234223902,0.001965782893524241,0.0,0.0019660127457220584,0.0,-2.2985219781754967e-07,0.0
1506,41.182518674258866,33.68720100897807,556.0869598343257,0.0020716418190658246,0.0,0.0020719013679228976,0.0,-2.595488570729214e-07,0.0
1507,41.126178916765355,33.91598799615705,536.5677495459802,0.0021199259402741805,0.0,0.002120211231011779,0.0,-2.852907375985349e-07,0.0
1508,41.069315622181264,34.144415531625725,517.0902333544691,0.0025210324253113095,0.0,0.002521397421618091,0.0,-3.6499630678152664e-07,0.0
1509,41.01193008338628,34.37248172296677,497.659893658401,0.002371516368130094,0.0,0.0023718873147799526,0.0,-3.7094664985873327e-07,0.0
1510,40.954023598007446,34.600184718923586,478.2831003557301,0.0026726067709532068,0.0,0.0026730591720920773,0.0,-4.5240113887056246e-07,0.0
1511,40.89559746823501,34.82752270934777,458.96729168494653,0.0029114276105093955,0.0,0.0029119626163759695,0.0,-5.350058665740121e-07,0.0
1512,40.83665300063894,35.054493925138715,439.72119986888436,0.003008224294305551,0.0,0.003008826612762236,0.0,-6.023184566847882e-07,0.0
1513,40.777191505986316,35.28109663817536,420.55513460552936,0.0037364586865578048,0.0,0.003737274479456617,0.0,-8.157928988120761e-07,0.0
1514,40.71721429905922,35.507329161240435,401.48134177916506,0.003695423781206883,0.0,0.0036963103250573035,0.0,-8.865438504207165e-07,0.0
1515,40.6567226984737,35.73318984793718,382.5144606779836,0.0034536041391850505,0.0,0.0034545179396173018,0.0,-9.138004322512515e-07,0.0
1516,40.595718026499306,35.958677092598656,363.67211110887104,0.004029576750447998,0.0,0.004030755296305018,0.0,-1.1785458570202911e-06,0.0
1517,40.53420160887967,36.18378933018994,344.97565292673573,0.003972324358411412,0.0,0.003973616207969837,0.0,-1.2918495584249637e-06,0.0
1518,40.4721747746539,36.408525036203166,326.45117574573686,0.004442409759904196,0.0,0.004444022376915372,0.0,-1.6126170111763205e-06,0.0
1519,40.409638855978905,36.632882726545674,308.13079735806264,0.0048408078617431976,0.0,0.004842779695555182,0.0,-1.9718338119846524e-06,0.0
1520,40.34659518795265,36.85686095742133,290.05437720460367,0.005563362669737184,0.0,0.005565917727065687,0.0,-2.5550573285034947e-06,0.0
1521,40.28304510843848,37.0804583252052,272.27178737544176,0.0058179744118936816,0.0,0.005821007373185871,0.0,-3.032961292189114e-06,0.0
1522,40.21898995789039,37.303673466311714,254.8459277084512,0.006418447134491234,0.0,0.006422264544811638,0.0,-3.817410320404099e-06,0.0
1523,40.15443107917937,37.5265050570564,237.8567183713175,0.007392242769824705,0.0,0.007397284021338693,0.0,-5.041251513987488e-06,0.0
1524,40.089369817420796,37.74895181351148,221.40633531900582,0.008214833198612269,0.0,0.008221294185614562,0.0,-6.46098700229393e-06,0.0
1525,40.02380751980297,37.97101249135529,205.62592569123512,0.008566916777936811,0.0,0.008574730708383223,0.0,-7.813930446411502e-06,0.0
1526,39.95774553541679,38.1926858857158,190.6838483451987,0.01018525087453292,0.0,0.010196032138466033,0.0,-1.078126393311285e-05,0.0
1527,39.891185215086495,38.413970831008264,176.79492261471873,0.010713503826586574,0.0,0.010726697469365292,0.0,-1.319364277871729e-05,0.0
1528,39.8241279112017,38.63486620076733,164.22888963833572,0.011946381723443792,0.0,0.011963411509743749,0.0,-1.702978629995744e-05,0.0
1529,39.756574977550514,38.85537090747349,153.3139044815204,0.013574614900735067,0.0,0.01359677886218052,0.0,-2.2163961445453156e-05,0.0
1530,39.688527769154014,39.07548390237425,144.42749910189923,0.015932756435230504,0.0,0.015961956944983514,0.0,-2.9200509753010695e-05,0.0
1531,39.619987642101826,39.29520417530005,137.96509730581514,0.01742869683338798,0.0,0.01746361354947529,0.0,-3.4916716087310395e-05,0.0
1532,39.550955953389156,39.514530754475054,134.28012592999838,0.01607025292122001,0.0,0.016104378291677296,0.0,-3.412537045728581e-05,0.0
1533,39.48143406075491,39.73346270632306,133.60563990659327,0.016218411429668265,0.0,0.01625319414128187,0.0,-3.478271161360541e-05,0.0
1534,39.4114233225212,39.95199913526859,135.98946461015922,0.01577433782444445,0.0,0.01580700812469661,0.0,-3.2670300252161943e-05,0.0
1535,39.34092509743431,40.17013918353328,141.2798168089904,0.015068906875304156,0.0,0.015097841286260608,0.0,-2.8934410956452453e-05,0.0
1536,39.26994074450675,40.387882030927834,149.17059195022907,0.015387108138915523,0.0,0.0154135496154994,0.0,-2.644147658387684e-05,0.0
1537,39.19847162286095,40.60522689463946,159.27844541535075,0.013243711741563911,0.0,0.013263744397375678,0.0,-2.0032655811767427e-05,0.0
1538,39.12651909157406,40.82217302901534,171.2136730783324,0.012947396789105147,0.0,0.012964314812962858,0.0,-1.6918023857710393e-05,0.0
1539,39.05408450952438,41.03871972534166,184.6245754827968,0.010663987005840916,0.0,0.010676022933928872,0.0,-1.2035928087955963e-05,0.0
1540,38.98116923523906,41.254866311619,199.21556610004583,0.009647475866625333,0.0,0.009656835291502838,0.0,-9.359424877505157e-06,0.0
1541,38.90777462674323,41.470612152333715,214.74831390835078,0.010052776536003517,0.0,0.010061124861695817,0.0,-8.348325692299555e-06,0.0
1542,38.83390204141066,41.68595664822572,231.03490333982222,0.008599346712585207,0.0,0.008605541360175741,0.0,-6.1946475905343135e-06,0.0
1543,38.75955283581574,41.900899236052744,247.9286587688023,0.007106175646812215,0.0,0.007110635991088343,0.0,-4.460344276127973e-06,0.0
1544,38.68472836558704,42.115439388351156,265.3153630695387,0.0062239271556994375,0.0,0.006227342276148053,0.0,-3.4151204486151596e-06,0.0
1545,38.60942998526222,42.32957661319353,283.10585796873386,0.005652061177609933,0.0,0.00565478624500365,0.0,-2.7250673937176395e-06,0.0
1546,38.533659048144514,42.5433104539431,301.2301764907724,0.0079544845826011,0.0,0.007957704749198323,0.0,-3.2201665972220878e-06,0.0
1547,38.45741690616066,42.75664048900519,319.63303052292343,0.006898935363072352,0.0,0.0069014777939347,0.0,-2.542430862347879e-06,0.0
1548,38.38070490972037,42.96956633157584,338.27039090619644,0.0053529926770773464,0.0,0.005354792982276092,0.0,-1.8003051987453347e-06,0.0
1549,38.3035244075772,43.182087629387546,357.10690967832386,0.004264463912723477,0.0,0.0042657568282985815,0.0,-1.2929155751044072e-06,0.0
1550,38.225876746691064,43.39420406445269,376.1139771334385,0.0035984548445672218,0.0,0.003599439498032585,0.0,-9.846534653632985e-07,0.0
1551,38.147763272092185,43.60591535280409,395.26825256358757,0.0034125533984114553,0.0,0.00341339890458089,0.0,-8.455061694346774e-07,0.0
1552,38.0691853267466,43.81722124423361,414.55054734397095,0.0030659073140999397,0.0,0.0030665981689494484,0.0,-6.908548495086937e-07,0.0
1553,37.99014425142314,44.028121522028265,433.9449703982604,0.0031999963763284667,0.0,0.0032006539718935963,0.0,-6.575955651295928e-07,0.0
1554,41.68131626437359,32.372029233571595,678.5872475779267,0.0014500464794692859,0.0,0.0014501685391208614,0.0,-1.2205965157553213e-07,0.0
1555,41.62797078708791,32.60349700114474,659.0237633218702,0.0015339305039071807,0.0,0.0015340673958131568,0.0,-1.3689190597613102e-07,0.0
1556,41.57409279258515,32.834613562913724,639.4886103106738,0.0016042962273347867,0.0,0.0016044482740464534,0.0,-1.520467116666608e-07,0.0
1557,41.51968355611047,33.06537676398779,619.9848937446383,0.0018693489092299227,0.0,0.0018695373054578863,0.0,-1.8839622796355815e-07,0.0
1558,41.4647443587973,33.29578449142419,600.5161250671609,0.0017924753297278012,0.0,0.001792667950075168,0.0,-1.926203473667787e-07,0.0
1559,41.4092764874771,33.52583467422192,581.0862881454424,0.0018825213369956593,0.0,0.001882737377274616,0.0,-2.1604027895675074e-07,0.0
1560,41.35328123448961,33.755525283306504,561.6999185295603,0.0020393334424184595,0.0,0.00203958386830736,0.0,-2.504258889003512e-07,0.0
1561,41.29675989749361,33.98485433150629,542.3621988276994,0.002086268384694052,0.0,0.0020865431842831874,0.0,-2.7479958913554856e-07,0.0
1562,41.2397137792782,34.213819873520066,523.0790740433081,0.002201887013438398,0.0,0.0022021987985170076,0.0,-3.1178507860956176e-07,0.0
1563,41.1821441875748,34.44242000587625,503.8573917680346,0.0023281925601310975,0.0,0.0023285478359564397,0.0,-3.5527582534222724e-07,0.0
1564,41.12405243486952,34.67065286688397,484.70507348991686,0.0024665512148091162,0.0,0.002466957901893678,0.0,-4.066870845616591e-07,0.0
1565,41.065439838216484,34.898516636575756,465.6313250633179,0.0026185470002434144,0.0,0.0026190148005109217,0.0,-4.678002675072984e-07,0.0
1566,41.00630771905172,35.12600953664238,446.64689673341917,0.0028685765959242716,0.0,0.0028691334020831145,0.0,-5.568061588428867e-07,0.0
1567,40.94665740300777,35.353129830359705,427.76440619749263,0.0030591270197996706,0.0,0.0030597743086875095,0.0,-6.472888878388851e-07,0.0
1568,40.8864902197292,35.57987582250789,408.99874225801784,0.003270396450182479,0.0,0.0032711532882290354,0.0,-7.5683804655639e-07,0.0
1569,40.82580750268881,35.80624585928282,390.3675719886708,0.0033047513473193355,0.0,0.003305591051906458,0.0,-8.397045871224619e-07,0.0
1570,40.76461058900485,36.03223832820025,371.89198137796996,0.003659422579486454,0.0,0.003660446737974963,0.0,-1.0241584885092858e-06,0.0
1571,40.702900819258986,36.257851657992504,353.59728858494344,0.004468461943156452,0.0,0.00446984291762751,0.0,-1.380974471058144e-06,0.0
1572,40.640679537315215,36.48308431849796,335.5140806911989,0.004265106106480633,0.0,0.004266572034675351,0.0,-1.465928194718108e-06,0.0
1573,40.577948090139856,36.707934820543564,317.67953946625846,0.004626048797136004,0.0,0.004627821855063607,0.0,-1.773057927602871e-06,0.0
1574,40.51470782762243,36.932401715820426,300.13913895030805,0.0064079810896060406,0.0,0.006410713635274861,0.0,-2.7325456688201064e-06,0.0
1575,40.45096010239755,37.15648359675255,282.9488160214624,0.00533413999383833,0.0,0.00533671615725665,0.0,-2.5761634183194687e-06,0.0
1576,40.38670626966795,37.38017909635914,266.1777299364784,0.005841122320062298,0.0,0.005844308809616541,0.0,-3.186489554243138e-06,0.0
1577,40.321947687028505,37.60348688811024,249.91172719191047,0.006888108177979236,0.0,0.0068923651102097624,0.0,-4.256932230526506e-06,0.0
1578,40.25668571429146,37.82640568577618,234.2575908247871,0.007576585509652907,0.0,0.0075819114815652835,0.0,-5.325971912376569e-06,0.0
1579,40.19092171331268,38.04893424327075,219.34803368399218,0.007784613770269113,0.0,0.007790857683947049,0.0,-6.243913677935788e-06,0.0
1580,40.12465704781922,38.27107135448851,205.3471150219657,0.010335565476680885,0.0,0.010344967037938902,0.0,-9.401561258016652e-06,0.0
1581,40.057893083237865,38.49281585313596,192.45520265483674,0.010780282657683538,0.0,0.010791461979671747,0.0,-1.1179321988208715e-05,0.0
1582,39.990631186525164,38.71416661255723,180.9116486177656,0.01035537385416959,0.0,0.01036755666599266,0.0,-1.2182811823070044e-05,0.0
1583,39.922872725998445,38.93512254555403,170.9920135792457,0.011897560464011664,0.0,0.011913197336222934,0.0,-1.563687221126965e-05,0.0
1584,39.85461907116826,39.15568260420023,162.99545837727257,0.01208007142826162,0.0,0.012097551172287328,0.0,-1.7479744025708163e-05,0.0
1585,39.78587159257208,39.37584577965105,157.21822024241058,0.01572064149603336,0.0,0.015744821131367593,0.0,-2.4179635334232313e-05,0.0
1586,39.71663166160922,39.595611101947306,153.91302245992017,0.016533760271961892,0.0,0.016560214420644558,0.0,-2.6454148682665546e-05,0.0
1587,39.64690065037719,39.81497763981443,153.24255372729377,0.013370200448363914,0.0,0.01339205876639066,0.0,-2.1858318026745163e-05,0.0
1588,39.57667993150935,40.03394450045679,155.24360143893287,0.013142948738072781,0.0,0.013163889530147856,0.0,-2.0940792075074474e-05,0.0
1589,39.505970878013905,40.25251082934728,159.81844902218424,0.012591946862121844,0.0,0.012610887773117776,0.0,-1.8940910995931745e-05,0.0
1590,39.43477486311437,40.47067581001228,166.75792183058257,0.01343562889087512,0.0,0.013454126431534878,0.0,-1.8497540659757547e-05,0.0
1591,39.36309326009131,40.68843866381234,175.78461543649436,0.010804652850923524,0.0,0.010818111003179007,0.0,-1.3458152255483441e-05,0.0
1592,39.29092744212564,40.90579864971845,186.5981726658583,0.010484501329574618,0.0,0.01049608786795862,0.0,-1.1586538384001505e-05,0.0
1593,39.21827878214318,41.12275506408429,198.90957114318536,0.009551621145024643,0.0,0.009560918491047631,0.0,-9.297346022988165e-06,0.0
1594,39.14514865266086,41.33930724041449,212.46065872268414,0.008652523343811815,0.0,0.008659911606721018,0.0,-7.388262909203622e-06,0.0
1595,39.07153842563424,41.55545454912898,227.03152300589034,0.00868935594286607,0.0,0.008695840615463114,0.0,-6.484672597045077e-06,0.0
1596,38.9974494723065,41.771196397323756,242.44022546407433,0.007124283898387014,0.0,0.007128961948281636,0.0,-4.678049894622435e-06,0.0
1597,38.922883163059076,41.98653222852802,258.53877060253814,0.007082345566128151,0.0,0.0070864294924152214,0.0,-4.083926287070695e-06,0.0
1598,38.84784086726358,42.20146152245789,275.207802739659,0.005894647181249842,0.0,0.00589765408459803,0.0,-3.006903348188629e-06,0.0
1599,38.772323953135334,42.41598379476693,292.3513519481865,0.0053885680664395915,0.0,0.005391004880933674,0.0,-2.4368144940821804e-06,0.0
1600,38.69633378758852,42.630098596793424,309.89219892894323,0.007765677337715279,0.0,0.0077686251122005496,0.0,-2.9477744852707266e-06,0.0
1602,38.54293916253044,43.05710417223884,345.9282860563321,0.0053528304808045405,0.0,0.005354549196999677,0.0,-1.7187161951365618e-06,0.0
1603,38.46553742905813,43.26999422444286,364.3318024153266,0.005649771616591377,0.0,0.005651385248192443,0.0,-1.6136316010658541e-06,0.0
1604,38.38766789596602,43.4824753634095,382.94478865838494,0.0038256396413388614,0.0,0.003826648698184594,0.0,-1.0090568457327143e-06,0.0
1605,38.30933192154145,43.69454731501044,401.73937190402467,0.0036540548948231313,0.0,0.0036549305256666424,0.0,-8.756308435111174e-07,0.0
1606,38.23053086193317,43.90620983922782,420.69241190463623,0.0031359986068772703,0.0,0.0031366846216629497,0.0,-6.860147856793675e-07,0.0
1607,38.15126607101717,44.117462729883364,439.78458054583945,0.0031602839716881456,0.0,0.003160916254186675,0.0,-6.322824985293199e-07,0.0
1608,41.79952654407539,32.66955019293088,664.4269833774799,0.0014962980519309759,0.0,0.0014964294276190182,0.0,-1.3137568804231017e-07,0.0
1609,41.74547209057811,32.901232220460095,645.0387691018634,0.0015837645375320157,0.0,0.0015839120680288413,0.0,-1.475304968255424e-07,0.0
1610,41.69088507081273,33.132556844818374,625.6907615871633,0.0016573112993642683,0.0,0.0016574753698320591,0.0,-1.640704677908708e-07,0.0
1611,41.63576678087741,33.363521938873824,606.3872533236441,0.0017666726401364212,0.0,0.0017668588319574604,0.0,-1.8619182103919718e-07,0.0
1612,41.58011852258893,33.59412541808867,587.1330994652901,0.0018561553093087197,0.0,0.0018563639612618212,0.0,-2.086519531015532e-07,0.0
1613,41.52394160329002,33.82436524050008,567.9338094394047,0.0019067283910334004,0.0,0.0019069574691488575,0.0,-2.29078115457056e-07,0.0
1614,41.46723733565726,34.05423940669206,548.7956564809466,0.0023390619630871273,0.0,0.002339362627956217,0.0,-3.006648690898582e-07,0.0
1615,41.41000703750963,34.28374595975891,529.7258091610867,0.002097674007253251,0.0,0.00209796366615172,0.0,-2.8965889846931103e-07,0.0
1616,41.35225203161759,34.51288298525982,510.7324900174969,0.0023493377208821296,0.0,0.0023496865986842846,0.0,-3.4887780215502387e-07,0.0
1617,41.29397364551285,34.74164861116522,491.825167718563,0.0024135487702552963,0.0,0.0024139352921177405,0.0,-3.865218624441065e-07,0.0
1618,41.235173211298815,34.97004100779474,473.01479088623563,0.0025052931511286153,0.0,0.002505726910640557,0.0,-4.337595119418246e-07,0.0
1619,41.175852065461896,35.19805838774706,454.31407386425406,0.002670055397865296,0.0,0.0026705564702041605,0.0,-5.010723388644729e-07,0.0
1620,41.11601154868345,35.425699005821635,435.73784747437315,0.003264305863918164,0.0,0.003264970965217022,0.0,-6.651012988581444e-07,0.0
1621,41.05565300565258,35.65296115893269,417.3034912992733,0.0034882213574575086,0.0,0.0034889960869801304,0.0,-7.747295226218261e-07,0.0
1622,40.99477778487988,35.87984318601532,399.0314684259409,0.003747168288520456,0.0,0.003748078220287228,0.0,-9.099317667717044e-07,0.0
1623,40.93338723851196,36.106343467924084,380.94598902394563,0.0034707197356408145,0.0,0.003471645635634333,0.0,-9.258999935186571e-07,0.0
1624,40.87148272214696,36.332460427324094,363.07583569484177,0.003728005506460135,0.0,0.003729100165276176,0.0,-1.094658816040879e-06,0.0
1625,40.80906559465104,36.55819252857485,345.4553910930965,0.00396411863810469,0.0,0.0039654042480798055,0.0,-1.2856099751157313e-06,0.0
1626,40.7461372179758,36.783538277606866,328.12591633015234,0.0044846335022996784,0.0,0.004486244673103796,0.0,-1.611170804117698e-06,0.0
1627,40.68269895697678,37.00849622179129,311.13713568021194,0.004912231323452925,0.0,0.0049141933113301265,0.0,-1.961987877201893e-06,0.0
1628,40.61875217923302,37.233064949802696,294.5491859318826,0.005231435397064027,0.0,0.005233766565633027,0.0,-2.331168569000286e-06,0.0
1629,40.554298254867696,37.45724309147513,278.43498104647745,0.00546316418333867,0.0,0.005465888639544756,0.0,-2.7244562060858846e-06,0.0
1630,40.48933855636986,37.68102931765156,262.88301284972397,0.0059502050792666974,0.0,0.005953532673789018,0.0,-3.3275945223202805e-06,0.0
1631,40.42387445841738,37.904422340027004,248.00053600343097,0.0068796232348877885,0.0,0.006883941290478888,0.0,-4.318055591099115e-06,0.0
1632,40.357907337700986,38.12742091098534,233.9169384897405,0.007076338934765536,0.0,0.007081332657604611,0.0,-4.993722839074198e-06,0.0
1633,40.29143857274958,38.350023823429986,220.78683395600282,0.008338373184434495,0.0,0.008344966535768505,0.0,-6.593351334009678e-06,0.0
1634,40.22446954375676,38.57222991060861,208.7919878220998,0.008375119241928729,0.0,0.008382529530584739,0.0,-7.410288656009914e-06,0.0
1635,40.15700163240857,38.794038045932176,198.14060847217172,0.009050669804098006,0.0,0.009059556760587307,0.0,-8.886956489300574e-06,0.0
1636,40.08903622171258,39.0154471427881,189.06194132443275,0.009701458697483518,0.0,0.009711915507639007,0.0,-1.0456810155488536e-05,0.0
1637,40.02057469582821,39.23645615434813,181.79391278217338,0.010410013045459472,0.0,0.01042213991700054,0.0,-1.2126871541067938e-05,0.0
1638,39.9516184398984,39.45706407337074,176.5625087591544,0.011467608623976201,0.0,0.01148174811082191,0.0,-1.4139486845709398e-05,0.0
1639,39.8821688398827,39.677269931998325,173.5543068091376,0.011148769020556082,0.0,0.011163009201807583,0.0,-1.4240181251500353e-05,0.0
1640,39.812227282391554,39.897072801549456,172.88774332156382,0.01229914000055706,0.0,0.012314930479499117,0.0,-1.579047894205779e-05,0.0
1641,39.741795154522165,40.116471792306115,174.59199265900648,0.012233766711033385,0.0,0.012249165515896946,0.0,-1.5398804863561016e-05,0.0
1642,39.67087384369566,40.335466053296216,178.6015257008345,0.01118542328336189,0.0,0.011198907046947204,0.0,-1.3483763585314668e-05,0.0
1643,39.5994647374956,40.5540547720716,184.76860202595753,0.011368783976530631,0.0,0.01138156934694371,0.0,-1.2785370413078215e-05,0.0
1644,39.527569223508195,40.7722371744815,192.8885925903146,0.009536505688520828,0.0,0.00954638154729556,0.0,-9.87585877473135e-06,0.0
1645,39.45518868916365,40.99001252444174,202.72909255101402,0.009206824008858704,0.0,0.009215454845616014,0.0,-8.630836757310065e-06,0.0
1646,39.38232452157918,41.20738012369974,214.05498194007106,0.008557246966462376,0.0,0.008564446049197896,0.0,-7.199082735519224e-06,0.0
1647,39.30897810740352,41.42433931159564,226.64563059487224,0.007862414806652234,0.0,0.007868318483848643,0.0,-5.903677196408136e-06,0.0
1648,39.23515083266281,41.640889464819395,240.3041752669068,0.007348818635514389,0.0,0.0073537283633871445,0.0,-4.909727872755114e-06,0.0
1649,39.160844082608065,41.85702999716428,254.8607499630002,0.006891563885134531,0.0,0.00689565762992009,0.0,-4.093744785559766e-06,0.0
1650,39.08605924156426,42.07276035927683,270.1719268771186,0.00621092312899776,0.0,0.006214208923120871,0.0,-3.28579412311146e-06,0.0
1651,39.01079769278072,42.2880800384032,286.11819961607506,0.008340045620396643,0.0,0.00834382217600678,0.0,-3.7765556101364978e-06,0.0
1652,38.93506081828328,42.50298855813251,302.6007227502168,0.005558875162144902,0.0,0.005561219002133067,0.0,-2.3438399881650987e-06,0.0
1653,38.858849998727955,42.71748547813675,319.5380002315308,0.005085856100966635,0.0,0.00508778027930807,0.0,-1.924178341434872e-06,0.0
1654,38.782166613256,42.93157039390792,336.86286073270145,0.005523402919600534,0.0,0.00552527334951681,0.0,-1.8704299162763602e-06,0.0
1655,38.70501203935078,43.1452429364922,354.51984745057007,0.0059837204088669625,0.0,0.0059855170305013845,0.0,-1.7966216344219785e-06,0.0
1656,38.62738765269609,43.35850277222133,372.46303822701935,0.0037980958974707644,0.0,0.003799155288838026,0.0,-1.0593913672613843e-06,0.0
1657,38.54929482703611,43.57134960244161,390.654259889552,0.0035015717302508886,0.0,0.0035024598137680177,0.0,-8.880835171290805e-07,0.0
1658,38.47073493403685,43.78378316324015,409.06164168155397,0.0032032671223118977,0.0,0.0032040082998987516,0.0,-7.411775868539257e-07,0.0
1659,38.3917093431494,43.99580322516907,427.6584502130282,0.0030602554665703167,0.0,0.003060903314628641,0.0,-6.478480583244073e-07,0.0
1660,38.31221942147453,44.20740959296735,446.42215334691195,0.0027406609836277446,0.0,0.0027411936282553235,0.0,-5.326446275788835e-07,0.0
1661,41.861988080175,33.20024820606073,631.9522495044756,0.0016256647724033687,0.0,0.001625822540430696,0.0,-1.5776802732726108e-07,0.0
1662,41.80668935057208,33.43177389745063,612.8283804656538,0.0017094215632080876,0.0,0.001709597965842542,0.0,-1.764026344543753e-07,0.0
1663,41.75085935254714,33.66293385031072,593.7648544539479,0.0017918584445855295,0.0,0.0017920554094995756,0.0,-1.9696491404606713e-07,0.0
1664,41.6944994086388,33.89372600984697,574.7681594198056,0.0019072240257933819,0.0,0.0019074477379395069,0.0,-2.2371214612498976e-07,0.0
1665,41.63761084673349,34.12414836446785,555.845655759624,0.0019521669571892816,0.0,0.0019524118042660125,0.0,-2.44847076730963e-07,0.0
1666,41.58019499987112,34.354198945743015,537.0057209318014,0.002117350357736593,0.0,0.002117634837695492,0.0,-2.8447995889914826e-07,0.0
1667,41.52225320605134,34.58387582835336,518.2579224050778,0.002232473653008027,0.0,0.0022327956720065148,0.0,-3.220189984877615e-07,0.0
1668,41.46378680804052,34.81317713003249,499.61322521580064,0.002780000729999896,0.0,0.0027804315645536875,0.0,-4.308345537915731e-07,0.0
1669,41.404797153179466,35.04210101149966,481.0842419041267,0.00249425503187524,0.0,0.002494672493502369,0.0,-4.174616271288359e-07,0.0
1670,41.34528559319185,35.27064567638452,462.68553444184465,0.0025984184173561574,0.0,0.002598888580671989,0.0,-4.701633158315892e-07,0.0
1671,41.285253483993685,35.498809371143544,444.43398001747346,0.00275894096477518,0.0,0.002759481964080661,0.0,-5.409993054810748e-07,0.0
1672,41.22470218550324,35.72659038496856,426.3492152578936,0.002935020696329333,0.0,0.002935646015019007,0.0,-6.253186896738004e-07,0.0
1673,41.16363306145229,35.953987049687434,408.4541766578795,0.0030892461099237866,0.0,0.003089963178038488,0.0,-7.170681147012845e-07,0.0
1674,41.10204747919797,36.18099773965683,390.77575859868904,0.003341558919345968,0.0,0.0033424061506886313,0.0,-8.472313426633425e-07,0.0
1675,41.03994680953581,36.40762087164765,373.3456141452885,0.003921874901615842,0.0,0.00392296326099158,0.0,-1.0883593757372856e-06,0.0
1676,40.977332426513584,36.633854904722824,356.20112729630466,0.004918119771990459,0.0,0.0049196129550664715,0.0,-1.4931830760126635e-06,0.0
1677,40.91420570724637,36.85969834010801,339.3865874502642,0.004070051282264166,0.0,0.004071418777540131,0.0,-1.3674952759647196e-06,0.0
1678,40.85056803173252,37.085149721055046,322.9545955226485,0.00438192229313334,0.0,0.004383547855651576,0.0,-1.6255625182358749e-06,0.0
1679,40.78642078267082,37.310207632698486,306.96772279824717,0.004725608903144667,0.0,0.004727548846617637,0.0,-1.9399434729701695e-06,0.0
1680,40.7217653452788,37.534870701905334,291.500422157916,0.005411955738984465,0.0,0.005414417393608789,0.0,-2.461654624323975e-06,0.0
1681,40.65660310711202,37.75913759711807,276.6411471547857,0.005796513916078809,0.0,0.005799440641521908,0.0,-2.926725443099139e-06,0.0
1682,40.59093545788489,37.983007028191224,262.4945535474063,0.005963290162259642,0.0,0.00596663491882847,0.0,-3.3447565688281625e-06,0.0
1683,40.52476378929227,38.2064777462216,249.18352274138385,0.006725617001715771,0.0,0.0067297995127145824,0.0,-4.1825109988111175e-06,0.0
1684,40.45808949483275,38.42954854337226,236.85054123573408,0.006946661800939145,0.0,0.006951443825841461,0.0,-4.78202490231637e-06,0.0
1685,40.3909139696328,38.65221825269051,225.6576952801532,0.007463978721668514,0.0,0.007469636844073218,0.0,-5.658122404704827e-06,0.0
1686,40.32323861027252,38.87448574792003,215.78424303519245,0.008399327139911338,0.0,0.008406282054647062,0.0,-6.954914735724654e-06,0.0
1687,40.255064814612545,39.096349943307224,207.42054576670117,0.008563948588992405,0.0,0.008571624664542104,0.0,-7.676075549698305e-06,0.0
1688,40.18639398162236,39.31780979340202,200.75733267864635,0.008876513622349022,0.0,0.008885005125497742,0.0,-8.491503148719964e-06,0.0
1689,40.1172275112099,39.538864292853305,195.97015642165366,0.009873562285890656,0.0,0.009883458984880153,0.0,-9.89669898949705e-06,0.0
1690,40.047566804052686,39.759512476199056,193.2005968538694,0.009676479686332066,0.0,0.009686465542812555,0.0,-9.98585648048951e-06,0.0
1691,39.977413261430165,39.979753417651395,192.53784780335786,0.010911695737847506,0.0,0.010922995639644143,0.0,-1.1299901796636702e-05,0.0
1692,39.90676828505767,40.199586230876655,194.0056178057094,0.009337770650046122,0.0,0.009347332122437348,0.0,-9.561472391226775e-06,0.0
1693,39.835633276921676,40.4190100687707,197.55852855429538,0.010113715075577108,0.0,0.010123681406890815,0.0,-9.966331313707513e-06,0.0
1694,39.76400963911666,40.63802412322966,203.08924420818002,0.009250143221217984,0.0,0.00925878285864952,0.0,-8.639637431535896e-06,0.0
1695,39.691898773683235,40.85662762491604,210.44390559769042,0.008775600726477617,0.0,0.00878323754683214,0.0,-7.636820354522261e-06,0.0
1696,39.619302082448066,41.07481984302061,219.44115864619394,0.00884621317787838,0.0,0.008853284317257496,0.0,-7.071139379115007e-06,0.0
1697,39.546220966864986,41.29260008502011,229.8901180944726,0.007698491597348116,0.0,0.007704110979810435,0.0,-5.61938246231887e-06,0.0
1698,39.47265682785794,41.509967696430856,241.60432864751863,0.006947439075400188,0.0,0.006952034475916171,0.0,-4.595400515982825e-06,0.0
1699,39.398611065665165,41.72692206055855,254.41082789608117,0.007607899850687712,0.0,0.007612421661876032,0.0,-4.521811188320027e-06,0.0
1700,39.324085079685226,41.94346259824429,268.15484598109106,0.007171931590583686,0.0,0.007175767981015767,0.0,-3.836390432081747e-06,0.0
1701,39.24908026832435,42.159588767607055,282.70129109105665,0.006680608863732703,0.0,0.0066838253208327605,0.0,-3.2164571000577874e-06,0.0
1702,39.17359802884554,42.37530006378272,297.93420000863165,0.005993424923544752,0.0,0.005996027728066721,0.0,-2.602804521968996e-06,0.0
1703,39.09763975721907,42.590596018659795,313.75509075092805,0.004856027872074716,0.0,0.004857935249935426,0.0,-1.9073778607103797e-06,0.0
1704,39.02120684797488,42.805476200611984,330.0808562137601,0.004504926797758366,0.0,0.00450652598648288,0.0,-1.5991887245140127e-06,0.0
1705,38.944300694056174,43.01994021422782,346.8415854061694,0.00419038788390386,0.0,0.004191735429857687,0.0,-1.3475459538269188e-06,0.0
1706,38.866922686675,43.233987700037375,363.9785193190554,0.005941679050403779,0.0,0.0059433596123675166,0.0,-1.6805619637372607e-06,0.0
1707,38.78907421516922,43.44761833423616,381.44223424684105,0.0036954361391593237,0.0,0.0036964189631341084,0.0,-9.828239747847363e-07,0.0
1708,38.71075666686119,43.66083182840675,399.1910790281579,0.003962593084618865,0.0,0.003963553452898913,0.0,-9.603682800474536e-07,0.0
1709,38.631971426918035,43.873627929237514,417.18985763655894,0.003496486754866318,0.0,0.0034972637197580986,0.0,-7.769648917806994e-07,0.0
1710,38.55271987821366,44.086006418239485,435.408732430977,0.002844541369082562,0.0,0.0028451224863006276,0.0,-5.811172180654814e-07,0.0
1711,41.977511709269876,33.5005455354535,619.8214930775781,0.001671760298197166,0.0,0.0016719289485849522,0.0,-1.6865038778620528e-07,0.0
1712,41.92149860606025,33.73226515423427,600.9619370327514,0.0017904940327217896,0.0,0.0017906861550114667,0.0,-1.9212228967706996e-07,0.0
1713,41.86495426658026,33.96361278889681,582.1815623391468,0.0018282247705344794,0.0,0.0018284338087977924,0.0,-2.0903826331302063e-07,0.0
1714,41.807880034121006,34.19458641574848,563.4887872091421,0.0019225629410932006,0.0,0.00192279757962441,0.0,-2.3463853120945892e-07,0.0
1715,41.75027725713717,34.4251840549203,544.8931536638466,0.002022866422540518,0.0,0.002023130425551337,0.0,-2.640030108188446e-07,0.0
1716,41.69214728905049,34.655403770312034,526.4055102473607,0.0021440298529931305,0.0,0.0021443296437293168,0.0,-2.997907361862104e-07,0.0
1717,41.63349148805374,34.885243669528705,508.03822912550265,0.002260536916739636,0.0,0.0022608762431962897,0.0,-3.393264566536186e-07,0.0
1718,41.574311216915845,35.11470190380837,489.8054646270218,0.0023870360990455074,0.0,0.0023874215581570343,0.0,-3.854591115268896e-07,0.0
1719,41.51460784278737,35.34377666794146,471.7234617244704,0.002500398497218423,0.0,0.00250083379030671,0.0,-4.352930882867319e-07,0.0
1720,41.45438273700726,35.572466200181836,453.81092461145323,0.0026408594881779505,0.0,0.0026413562058429157,0.0,-4.96717664965219e-07,0.0
1721,41.39363727491019,35.800768782149696,436.0894573811947,0.0028268208282229454,0.0,0.002827396536434884,0.0,-5.75708211938801e-07,0.0
1722,41.332372835635,36.028682738726424,418.5840907537009,0.002978581642587405,0.0,0.0029792400105453786,0.0,-6.583679579737212e-07,0.0
1723,41.27059080193398,36.25620643794163,401.3239106257178,0.0034106851995022746,0.0,0.003411504837981265,0.0,-8.196384789905913e-07,0.0
1724,41.20829255998325,36.4833382908525,384.3428055236563,0.004812352711003024,0.0,0.004813602084003582,0.0,-1.2493730005584333e-06,0.0
1725,41.14547949919419,36.71007675141553,367.68035009230437,0.005048048152432305,0.0,0.005049481113889142,0.0,-1.4329614568368843e-06,0.0
1726,41.082153012025785,36.936420316350976,351.3828392960993,0.003865021107132942,0.0,0.003866232726785906,0.0,-1.2116196529640168e-06,0.0
1727,41.01831449379826,37.162367524999965,335.50448098632745,0.004391156360992658,0.0,0.004392665315056901,0.0,-1.508954064243298e-06,0.0
1728,40.95396534250775,37.387916959174646,320.1087396737521,0.004708972080990819,0.0,0.004710749214810689,0.0,-1.7771338198706646e-06,0.0
1729,40.88910695864216,37.61306724300133,305.2697969790222,0.0048251779296431055,0.0,0.004827180598494025,0.0,-2.0026688509191745e-06,0.0
1730,40.82374074499821,37.83781704275696,291.0740478312063,0.005423738324706077,0.0,0.005426212548387445,0.0,-2.474223681368272e-06,0.0
1731,40.7578681064997,38.062165066698874,277.6214783834821,0.00557813101379099,0.0,0.0055809286754443495,0.0,-2.797661653359401e-06,0.0
1732,40.691490450017106,38.286110064888284,265.0266652356713,0.006233995198430193,0.0,0.006237423271281526,0.0,-3.42807285133237e-06,0.0
1733,40.624609184188365,38.509650829007356,253.41899603722948,0.006649742079741855,0.0,0.006653740117538832,0.0,-3.998037796977202e-06,0.0
1734,40.557225719241,38.73278619217024,242.9415565122312,0.0066897271160855035,0.0,0.006694105140560951,0.0,-4.378024475447037e-06,0.0
1735,40.48934146681559,38.955515028728136,233.74800917875532,0.007083929030606817,0.0,0.007088935307337585,0.0,-5.006276730768616e-06,0.0
1736,40.42095783979058,39.17783625406859,225.99680210405765,0.007541423918431263,0.0,0.007547122842395219,0.0,-5.6989239639567216e-06,0.0
1737,40.35207625210854,39.399748824409045,219.84232809524391,0.007758672721702177,0.0,0.0077648680092615935,0.0,-6.1952875594168885e-06,0.0
1738,40.2826981186037,39.621251736585144,215.42331962117262,0.007995823023077544,0.0,0.00800247098517675,0.0,-6.647962099206109e-06,0.0
1739,40.21282485483106,39.8423440278335,212.84977687517468,0.008554289985449257,0.0,0.008561569019318855,0.0,-7.279033869598758e-06,0.0
1740,40.14245787689681,40.063024775569396,212.19076903508585,0.008177059868813591,0.0,0.008184066170360759,0.0,-7.0063015471678175e-06,0.0
1741,40.07159860129033,40.28329309715963,213.46595048188752,0.008477983950001884,0.0,0.00848515728929055,0.0,-7.173339288665814e-06,0.0
1742,40.000248444717634,40.50314814969022,216.6430859171313,0.007929167918866496,0.0,0.007935686798417786,0.0,-6.5188795512899356e-06,0.0
1743,39.928408823936266,40.72258912972975,221.64229506528258,0.009886773793496687,0.0,0.009894468511952628,0.0,-7.694718455941371e-06,0.0
1744,39.85608115559181,40.941615273088,228.34579794982875,0.007775798651201381,0.0,0.00778155110612645,0.0,-5.752454925069331e-06,0.0
1745,39.78326685605586,41.160225854570314,236.61060156891372,0.007376517756199456,0.0,0.007381602015387525,0.0,-5.084259188068395e-06,0.0
1746,39.709967341265596,41.37842018772769,246.28133862910565,0.007054065155949794,0.0,0.007058553375579765,0.0,-4.488219629970869e-06,0.0
1747,39.63618402656493,41.596197624602844,257.20118071071545,0.007020169672382078,0.0,0.007024261600193397,0.0,-4.0919278113194305e-06,0.0
1748,39.56191832654712,41.81355755547246,269.2198298255964,0.006444981186870953,0.0,0.006448412834392055,0.0,-3.431647521101762e-06,0.0
1749,39.487171654899186,42.0304994085855,282.1985248841251,0.0055165367582147625,0.0,0.0055192144377258735,0.0,-2.677679511110982e-06,0.0
1750,39.41194542424768,42.24702264989812,296.0125523426023,0.005871107354750245,0.0,0.005873692419033544,0.0,-2.585064283298563e-06,0.0
1751,39.33624104600633,42.46312678280506,310.55194408299934,0.005070328818469471,0.0,0.005072360848515863,0.0,-2.0320300463923593e-06,0.0
1752,39.26005993022507,42.67881134786769,325.72101012959627,0.004588846480603066,0.0,0.00459051926828008,0.0,-1.6727876770141967e-06,0.0
1753,39.183403485440905,42.89407592253896,341.43721749191087,0.004278293760744821,0.0,0.004279713404102952,0.0,-1.4196433581305581e-06,0.0
1754,39.10627311853028,43.10892012088539,357.6297730234648,0.003993364306814285,0.0,0.003994572380652516,0.0,-1.208073838230607e-06,0.0
1755,39.02867023456316,43.32334359330609,374.2381375523118,0.004385361197166231,0.0,0.004386569724779876,0.0,-1.2085276136445527e-06,0.0
1756,38.95059623665878,43.53734602624919,391.2106020710444,0.004851081971333096,0.0,0.004852294106498187,0.0,-1.2121351650913603e-06,0.0
1757,38.87205252584299,43.75092714192558,408.5029919722982,0.0031820921948957576,0.0,0.0031828305234670048,0.0,-7.383285712471606e-07,0.0
1758,38.79304050090742,43.96408669802033,426.07752496789647,0.00298865329930457,0.0,0.002989290799796002,0.0,-6.375004914320991e-07,0.0
1759,38.713561558270115,44.176824487401724,443.90182500988095,0.003206122567772867,0.0,0.0032067519742330266,0.0,-6.294064601596212e-07,0.0
1760,41.92025338767148,34.49670657982107,553.361862834336,0.002188674423606076,0.0,0.0021889512655820466,0.0,-2.7684197597072427e-07,0.0
1761,41.86193384623583,34.7274721152371,535.1465611245595,0.0022638787403584807,0.0,0.0022641849283754315,0.0,-3.061880169507973e-07,0.0
1762,41.803087238458865,34.957853544492814,517.068759369983,0.00220196801346277,0.0,0.002202287114422797,0.0,-3.191009600271577e-07,0.0
1763,41.743714942730904,35.18784900947102,499.1439994692573,0.00232080951627425,0.0,0.002321170403369627,0.0,-3.608870953772207e-07,0.0
1764,41.68381834182168,35.41745669625986,481.39001111168864,0.002963590172618678,0.0,0.002964084737783538,0.0,-4.945651648599787e-07,0.0
1765,41.6233988226841,35.64667483505814,463.82707224216483,0.0038100989762175253,0.0,0.0038107778443531143,0.0,-6.788681355890738e-07,0.0
1766,41.562457776258924,35.87550170007248,446.4784330014806,0.0038235920778796327,0.0,0.003824329764739018,0.0,-7.376868593855605e-07,0.0
1767,41.5009965972805,36.103935609406186,429.3708130822334,0.004227853592062203,0.0,0.004228732210294606,0.0,-8.786182324029349e-07,0.0
1768,41.31350626521956,36.786863440253384,379.8261696197025,0.00501824433418535,0.0,0.005019575045724654,0.0,-1.330711539303947e-06,0.0
1769,41.0563224984426,37.691838096120385,319.6516815992481,0.004505900351410354,0.0,0.0045076063971020725,0.0,-1.7060456917183942e-06,0.0
1770,40.990750861397366,37.91707303651375,306.08578795467776,0.007510259498699331,0.0,0.007513251821558841,0.0,-2.9923228595102325e-06,0.0
1771,40.92467178357717,38.14190183736067,293.282883022294,0.005363157763018763,0.0,0.0053655677526959255,0.0,-2.409989677162362e-06,0.0
1772,40.858086687201485,38.366323247947086,281.3484483662199,0.005704582002808438,0.0,0.005707366742265131,0.0,-2.7847394566925254e-06,0.0
1773,40.79099699621943,38.59033605974266,270.3988742223866,0.006050991797407706,0.0,0.006054188812520779,0.0,-3.1970151130730415e-06,0.0
1774,40.723404136129645,38.81393910620465,260.55979411124093,0.006029182396926686,0.0,0.006032614346149975,0.0,-3.4319492232893004e-06,0.0
1775,40.65530953380157,39.03713126257569,251.9628463971659,0.006337216588705792,0.0,0.006341073319127512,0.0,-3.856730421719634e-06,0.0
1776,40.586714617298156,39.259911445675804,244.74053827949174,0.006616859139644874,0.0,0.006621126295542004,0.0,-4.267155897129914e-06,0.0
1777,40.51762081569988,39.48227861368861,239.01914639940367,0.006853326004137173,0.0,0.006857958903707686,0.0,-4.632899570512772e-06,0.0
1778,40.448029558930386,39.70423176594211,234.91004721305754,0.007031990785605622,0.0,0.0070369115183403375,0.0,-4.9207327347151886e-06,0.0
1779,40.377942277583394,39.92576994268406,232.50046290089156,0.0072306243857162165,0.0,0.00723578835202606,0.0,-5.163966309843643e-06,0.0
1780,40.307360402751335,40.146892224852124,231.84513689251068,0.0071703724742657,0.0,0.007175523003815999,0.0,-5.150529550299217e-06,0.0
1781,40.236285365855224,40.367597733839,232.9606344805199,0.007209444239803283,0.0,0.007214572847399283,0.0,-5.128607596000499e-06,0.0
1782,40.16471859847633,40.58788563125268,235.82358777046656,0.0070799637530233476,0.0,0.007084879224224439,0.0,-4.9154712010914675e-06,0.0
1783,40.09266153218915,40.807755118672056,240.37331310310515,0.007549062624936931,0.0,0.007554100386559782,0.0,-5.037761622850995e-06,0.0
1784,40.02011559839616,41.02720543739782,246.5181590336268,0.007623635702002746,0.0,0.007628467857926083,0.0,-4.832155923337363e-06,0.0
1785,39.94708222816398,41.24623586819913,254.14414037775333,0.007774841304276615,0.0,0.007779467519432402,0.0,-4.626215155786179e-06,0.0
1786,39.873562852061205,41.46484573105597,263.1241610810635,0.006301027856208892,0.0,0.006304542883243489,0.0,-3.5150270345975926e-06,0.0
1787,39.7995588999979,41.68303438489744,273.3264046943862,0.005686712738877068,0.0,0.005689655014594913,0.0,-2.9422757178449582e-06,0.0
1788,39.725071801066576,41.900801227336125,284.6210339756072,0.006102322740926142,0.0,0.006105229414045981,0.0,-2.9066731198389498e-06,0.0
1789,39.650102983384954,42.11814569439873,296.884916518296,0.005266756849768695,0.0,0.005269066616294761,0.0,-2.3097665260663966e-06,0.0
1790,39.57465387394025,42.33506726025308,310.00451110842914,0.0047973704862208045,0.0,0.004799301137519724,0.0,-1.930651298919124e-06,0.0
1791,39.49872589843518,42.5515654369317,323.87726759327205,0.004952844964241237,0.0,0.004954669323522412,0.0,-1.8243592811752196e-06,0.0
1792,39.42232048113566,42.7676397740521,338.4119508006655,0.005071978747613326,0.0,0.005073686843223587,0.0,-1.7080956102614661e-06,0.0
1793,39.34543904472013,42.98328985853376,353.5282611176218,0.004062478140644355,0.0,0.004063735740838588,0.0,-1.257600194233023e-06,0.0
1794,39.26808301013054,43.198515314312445,369.1560461351465,0.0038092831985523062,0.0,0.003810364890064416,0.0,-1.0816915121097254e-06,0.0
1795,39.19025379642508,43.41331580205133,385.23431439187743,0.0035751380275283596,0.0,0.0035760704142562983,0.0,-9.323867279386645e-07,0.0
1796,39.111952820632666,43.62769101884955,401.7101907087645,0.00335910860863368,0.0,0.003359914391263696,0.0,-8.057826300159054e-07,0.0
1797,39.03318149760898,43.84164069794829,418.5378981359356,0.003163067918512707,0.0,0.0031637669806554034,0.0,-6.990621426962093e-07,0.0
1798,38.953941239894306,44.05516460843431,435.67781330214854,0.003124147240517691,0.0,0.0031247842806443288,0.0,-6.370401266376363e-07,0.0
1799,41.97257359927055,35.03101213959499,526.6733953877456,0.0028262369809104793,0.0,0.002826630428194995,0.0,-3.9344728451585695e-07,0.0
1800,40.95725227139686,38.67160968056826,287.7168340795362,0.006900096605068987,0.0,0.006903293882204829,0.0,-3.197277135841975e-06,0.0
1801,40.889448548804104,38.89568243717443,278.44841757293534,0.005462772407288964,0.0,0.005465496406000968,0.0,-2.723998712004204e-06,0.0
1802,40.821142127842656,39.11933988853747,270.37747366142867,0.005706833968751824,0.0,0.00570985154352187,0.0,-3.017574770045918e-06,0.0
1803,40.75233445192847,39.34258095321072,263.6154742195983,0.005925662317463076,0.0,0.005928957858750831,0.0,-3.2955412877554505e-06,0.0
1804,40.68302696544674,39.5654045916521,258.26676434692774,0.006108862818186204,0.0,0.006112401927255886,0.0,-3.5391090696815578e-06,0.0
1805,40.61322111357538,39.78780980599727,254.4220477715231,0.006246466617911611,0.0,0.006250195248295656,0.0,-3.7286303840450286e-06,0.0
1806,40.542918342109935,40.009795639827274,252.15171771862094,0.0063301690689805575,0.0,0.006334015762428799,0.0,-3.846693448241595e-06,0.0
1807,40.472120097290194,40.231361177930985,251.50002493836672,0.006354541671444885,0.0,0.0063584231397534816,0.0,-3.8814683085966126e-06,0.0
1808,40.40082782562812,40.4525055460624,252.48112724311352,0.006317908756211396,0.0,0.006321738024423792,0.0,-3.8292682123962016e-06,0.0
1809,40.32904297373759,40.673227910693086,255.07781118475515,0.0063244078737821315,0.0,0.006328163105886808,0.0,-3.7552321046768755e-06,0.0
1810,40.2567669881655,40.893527478759914,259.24315378529303,0.006441557805313795,0.0,0.006445259192487437,0.0,-3.7013871736412893e-06,0.0
1811,40.1840013152247,41.11340349740806,264.90477259429974,0.006485573026043119,0.0,0.006489140460745031,0.0,-3.5674347019119465e-06,0.0
1812,40.110747400828345,41.33285525372972,271.97082007839015,0.0060290278217252895,0.0,0.006032176436346894,0.0,-3.148614621604172e-06,0.0
1813,40.03700669032606,41.55188207449854,280.33666928386816,0.006326967084549113,0.0,0.006330072052552492,0.0,-3.104968003379144e-06,0.0
1814,39.962780628341605,41.7704833258999,289.8913284238255,0.006463149589975312,0.0,0.0064661093020007745,0.0,-2.959712025462323e-06,0.0
1815,39.888070658612314,41.98865841325733,300.52291073571354,0.005172292216380898,0.0,0.005174506132600572,0.0,-2.213916219673956e-06,0.0
1816,39.81287822383018,42.2064067807551,312.1228309490139,0.005230484334613576,0.0,0.005232558297223807,0.0,-2.0739626102311143e-06,0.0
1817,39.73720476548463,42.42372791115725,324.588691227471,0.004612668191895854,0.0,0.004614361384723258,0.0,-1.6931928274038777e-06,0.0
1818,39.66105172370689,42.64062132552308,337.8260082512848,0.004346485713418452,0.0,0.0043479589087247585,0.0,-1.4731953063068168e-06,0.0
1819,39.58442053711635,42.85708658291944,351.74902057925067,0.004093083040537124,0.0,0.004094362936887044,0.0,-1.279896349920366e-06,0.0
1820,39.50731264266828,43.0731232801298,366.2808287834187,0.0038538574140862007,0.0,0.003854968975231355,0.0,-1.1115611451544688e-06,0.0
1821,39.42972947550357,43.28873105136036,381.3530918695281,0.003629418946509938,0.0,0.0036303848170562807,0.0,-9.658705463428188e-07,0.0
1822,39.35167246880003,43.50390956794328,396.90545738054095,0.003419810063259083,0.0,0.003420650352608313,0.0,-8.402893492301215e-07,0.0
1823,39.27314305362549,43.71865853803729,412.8848550821804,0.0032332032384637067,0.0,0.0032339374599869193,0.0,-7.342215232125984e-07,0.0
1824,39.19414265879262,43.932977706325644,429.2447430497585,0.0035670588992453164,0.0,0.0035678068944439787,0.0,-7.479951986623552e-07,0.0
1825,39.11467271071562,44.1468668537118,445.94436288818326,0.0028609641935014732,0.0,0.0028615212880795113,0.0,-5.570945780380976e-07,0.0
1826,40.986838550178625,39.20214641139893,288.9532014503424,0.005170218987969334,0.0,0.005172613577482262,0.0,-2.394589512928237e-06,0.0
1827,40.9178166329951,39.42585027707622,282.5948154117327,0.005344074368513352,0.0,0.0053466617810819725,0.0,-2.587412568620835e-06,0.0
1828,40.848293978814766,39.64913225363338,277.5699374834641,0.005488485715631145,0.0,0.005491239834356234,0.0,-2.7541187250885654e-06,0.0
1829,40.77827204823652,39.87199134633889,273.9533974277605,0.0055965003997315715,0.0,0.005599383123545349,0.0,-2.882723813777202e-06,0.0
1830,40.70775230242262,40.09442660243918,271.80288940552856,0.005674532465319931,0.0,0.005677501616755074,0.0,-2.969151435142439e-06,0.0
1831,40.63673620292307,40.31643711091315,271.1547896470995,0.005682543304710085,0.0,0.005685530887615204,0.0,-2.987582905118573e-06,0.0
1832,40.565225211501776,40.53802200222154,272.02134334782545,0.005655666641614174,0.0,0.005658621239662303,0.0,-2.954598048128705e-06,0.0
1833,40.493220789964184,40.75918044805119,274.3897119301843,0.0055832817278715354,0.0,0.00558614853238395,0.0,-2.8668045124148264e-06,0.0
1834,40.42072439998667,40.97991166105477,278.22305393336615,0.005538638744948287,0.0,0.005541404736416809,0.0,-2.765991468521925e-06,0.0
1835,40.34773750294743,41.20021489458566,283.4634401880197,0.005641473406042536,0.0,0.005644186533707905,0.0,-2.7131276653692693e-06,0.0
1836,40.27426155975927,41.420089442428555,290.0360945696238,0.005453592562588393,0.0,0.005456098180718555,0.0,-2.505618130162375e-06,0.0
1837,40.200298030703756,41.63953463852562,297.8542934834065,0.0052413062369067115,0.0,0.005243589950216494,0.0,-2.283713309782394e-06,0.0
1838,40.125848375267346,41.85854985669872,306.8242718364492,0.005015212549270839,0.0,0.005017272213653623,0.0,-2.0596643827844666e-06,0.0
1839,40.05091405197914,42.07713451036759,316.8496286463859,0.005260468071446732,0.0,0.005262491225491415,0.0,-2.0231540446826943e-06,0.0
1840,39.97549651825025,42.295288052264176,327.83492896955676,0.004834977494407814,0.0,0.004836716011043494,0.0,-1.7385166356798099e-06,0.0
1841,39.89959723021511,42.51300997414351,339.6883937860359,0.004160750393733995,0.0,0.004162145667267524,0.0,-1.3952735335295494e-06,0.0
1842,39.82321764257424,42.73029980649094,352.32371595504617,0.004488315175941484,0.0,0.004489712324933288,0.0,-1.3971489918034735e-06,0.0
1843,39.74635920843909,42.94715711822628,365.6611271153183,0.004546607132343756,0.0,0.004547919252121398,0.0,-1.312119777641639e-06,0.0
1844,39.6690233791784,43.1635815164045,379.62787550204627,0.004225367423629015,0.0,0.004226499639618752,0.0,-1.1322159897365555e-06,0.0
1845,39.5912116042664,43.37957264591379,394.1582740929851,0.003874266877756761,0.0,0.0038752307620671758,0.0,-9.638843104149176e-07,0.0
1846,39.512925331132884,43.59513018917054,409.1934581928582,0.0031741014956460476,0.0,0.003174835490693116,0.0,-7.339950470683365e-07,0.0
1847,39.434166005014866,43.8102538658117,424.68096356759185,0.003092252552136882,0.0,0.003092916370746397,0.0,-6.63818609514949e-07,0.0
1848,39.354935068810285,44.02494343238469,440.5742080565716,0.0027950157362580086,0.0,0.0027955734421596418,0.0,-5.577059016331418e-07,0.0
1849,40.94318161269757,39.956781941898974,293.49975761782224,0.005051606489509043,0.0,0.00505387441498838,0.0,-2.2679254793375042e-06,0.0
1850,40.872443396518136,40.179668378611005,291.4535151448071,0.005104421941887666,0.0,0.005106745780814568,0.0,-2.3238389269012935e-06,0.0
1851,40.80120794594552,40.40212556438431,290.8089747927304,0.005121249188799252,0.0,0.0051235910061151,0.0,-2.3418173158481354e-06,0.0
1852,40.72947673815819,40.624152634741996,291.57683700226056,0.00510121284482369,0.0,0.005103533264135187,0.0,-2.3204193114970822e-06,0.0
1853,40.65725125031384,40.845748766948304,293.7474370693521,0.005045275512687516,0.0,0.005047536788181176,0.0,-2.2612754936599325e-06,0.0
1854,40.58453295937691,41.06691317973994,297.29146249437576,0.004956116073129229,0.0,0.004958284882767446,0.0,-2.1688096382170216e-06,0.0
1855,40.5113233419476,41.28764513305265,302.1619957991263,0.0048424521201503755,0.0,0.0048445035868855185,0.0,-2.0514667351430316e-06,0.0
1856,40.437623874092765,41.507943927743476,308.2975675124049,0.004695327770560653,0.0,0.004697238731494039,0.0,-1.9109609333866143e-06,0.0
1857,40.363436031178445,41.72780890530854,315.6257884447955,0.004534116901001533,0.0,0.004535877755197022,0.0,-1.7608541954886037e-06,0.0
1858,40.288761287704176,41.94723944759689,324.06711625236187,0.004623710579621123,0.0,0.004625413279239262,0.0,-1.7026996181387227e-06,0.0
1859,40.21360111713906,42.1662349765202,333.53838219217994,0.004712013634296969,0.0,0.004713650666251117,0.0,-1.6370319541481743e-06,0.0
1860,40.137956991759566,42.3847949537588,343.9558227560314,0.004541847346597565,0.0,0.004543331189481784,0.0,-1.4838428842190582e-06,0.0
1861,40.061830382489134,42.602918880464,355.23748812181447,0.004311275870248629,0.0,0.004312596672885917,0.0,-1.3208026372881973e-06,0.0
1862,39.985222758739546,42.82060629695705,367.305006644991,0.0036643017049650378,0.0,0.0036653530687714955,0.0,-1.0513638064577925e-06,0.0
1863,39.908135588254105,43.03785678242471,380.0847587620638,0.0035103875065729626,0.0,0.003511328186309963,0.0,-9.406797370002488e-07,0.0
1864,39.83057033695272,43.25466995461166,393.50855419429314,0.003467640941534367,0.0,0.003468507722959633,0.0,-8.667814252660486e-07,0.0
1865,39.752528468778515,43.47104546951006,407.51391997230843,0.003288149417059993,0.0,0.0032889159093109355,0.0,-7.664922509423994e-07,0.0
1866,39.67401144554663,43.68698302104619,422.0441025870134,0.003040832786993065,0.0,0.003041493844791656,0.0,-6.61057798590891e-07,0.0
1867,39.59502072679457,43.90248234076444,437.04787370338795,0.0029398082974716106,0.0,0.0029404042630398457,0.0,-5.959655682351121e-07,0.0
1868,39.515557769634505,44.11754319750879,452.479211390801,0.0026861981249241855,0.0,0.002686706318329873,0.0,-5.081934056874911e-07,0.0
1869,39.4356240286074,44.332165397101974,468.29691149816983,0.003128133175717155,0.0,0.003128684588080612,0.0,-5.514123634568595e-07,0.0
1870,40.96553453630753,40.488432144221306,310.46225214459076,0.00464672427322287,0.0,0.004648589236913545,0.0,-1.8649636906748618e-06,0.0
1871,40.893581603836886,40.710903040882556,311.1442897959834,0.004631584202149357,0.0,0.004633434968692222,0.0,-1.8507665428650621e-06,0.0
1872,40.8211335414072,40.932938455373304,313.14205291524496,0.004587707570029389,0.0,0.004589517543325187,0.0,-1.809973295798309e-06,0.0
1873,40.748191841431165,41.1545376128932,316.4319476580769,0.004516946854814204,0.0,0.004518692135260758,0.0,-1.7452804465540456e-06,0.0
1874,40.6747579958891,41.37569978034522,320.9755668169159,0.00461050115079658,0.0,0.004612232051713053,0.0,-1.7309009164735017e-06,0.0
1875,40.600833496158,41.596424266049404,326.7219233608026,0.004361636866329059,0.0,0.004363217751559671,0.0,-1.5808852306120613e-06,0.0
1876,40.526419832842265,41.816710419451994,333.6101747094201,0.004197685063818515,0.0,0.004199144551615644,0.0,-1.4594877971287404e-06,0.0
1877,40.45151849560625,42.03655763083066,341.57253122791604,0.004291418153354998,0.0,0.004292840976238231,0.0,-1.4228228832329631e-06,0.0
1878,40.376130973008735,42.2559653309956,350.53707488740946,0.004114150841791397,0.0,0.004115446216995216,0.0,-1.2953752038195182e-06,0.0
1879,40.30025875233898,42.47493299098694,360.43028267445936,0.003947292698337934,0.0,0.003948468389659,0.0,-1.1756913210654585e-06,0.0
1880,40.22390331945479,42.69346012176849,371.1791311916518,0.0037784325999271704,0.0,0.0037794938907376816,0.0,-1.0612908105112062e-06,0.0
1881,40.147066158622316,42.91154627391789,382.7127348885417,0.0036150032661053256,0.0,0.00361595847986699,0.0,-9.552137616645855e-07,0.0
1882,40.06974875235777,43.129191037313745,394.963529172554,0.003288949805198001,0.0,0.0032897661361045902,0.0,-8.163309065892937e-07,0.0
1883,39.991952581270915,43.34639404081934,407.86804767887406,0.003283900779542039,0.0,0.003284664954966559,0.0,-7.641754245198487e-07,0.0
1884,39.91367912391044,43.563154951963554,421.3673620902089,0.0031285234490958844,0.0,0.003129205641436179,0.0,-6.821923402944123e-07,0.0
1885,39.83492985661126,43.77947347661899,435.4072576499038,0.0029795244312928464,0.0,0.0029801329713594633,0.0,-6.085400666168937e-07,0.0
1886,39.75570625334354,43.995349358677295,449.9382129880121,0.0028373873946675797,0.0,0.00283793013016329,0.0,-5.427354957104197e-07,0.0
1887,39.676009785563785,44.21078237972219,464.9152434346146,0.0027023531031651737,0.0,0.0027028372856848534,0.0,-4.841825196797399e-07,0.0
1888,39.595841922067606,44.42577235870004,480.2976557866748,0.0025744760113805133,0.0,0.0025749082456663418,0.0,-4.322342858284478e-07,0.0
1889,41.05753899009901,40.7982788835441,330.7211788026588,0.004229721667594691,0.0,0.0042312180946042655,0.0,-1.4964270095745372e-06,0.0
1890,40.98486683309166,41.02075516647779,332.5667069181478,0.004194848945743838,0.0,0.004196316644678978,0.0,-1.4676989351395872e-06,0.0
1891,40.91170020437865,41.242790603268205,335.63178320133693,0.0041379817509891335,0.0,0.00413940328598242,0.0,-1.421534993286365e-06,0.0
1892,40.83804061148016,41.464384468181485,339.8846637550824,0.004061180097358153,0.0,0.004062540623967354,0.0,-1.3605266092012874e-06,0.0
1893,40.7638895612408,41.68553607740224,345.2827036276459,0.004000687644121571,0.0,0.004001986342002898,0.0,-1.2986978813267838e-06,0.0
1894,40.68924855965868,41.90624478873408,351.7744233317068,0.003858620244155031,0.0,0.0038598271709217183,0.0,-1.2069267666873877e-06,0.0
1895,40.614119111716235,42.126510001295784,359.30177008264945,0.004073966521088583,0.0,0.00407518723750053,0.0,-1.2207164119468206e-06,0.0
1896,40.53850272121283,42.34633115521375,367.8023731859085,0.0038301612803727887,0.0,0.003831256904451414,0.0,-1.0956240786251514e-06,0.0
1897,40.462400890599355,42.5657077313104,377.2116321657454,0.0036888731192884824,0.0,0.0036898764437882227,0.0,-1.0033244997403011e-06,0.0
1898,40.38581512081453,42.784639250789155,387.4645283834201,0.0037917276917213906,0.0,0.0037927045539110854,0.0,-9.768621896948278e-07,0.0
1899,40.30874691112325,43.003125274915774,398.4971036397124,0.0033996244599791784,0.0,0.003400453141611982,0.0,-8.286816328036128e-07,0.0
1900,40.23119775895673,43.22116540469658,410.24759393213884,0.0034265214209356003,0.0,0.0034273092195209742,0.0,-7.877985853739673e-07,0.0
1901,40.15316915975453,43.43875928055336,422.6572389747185,0.003288716332959315,0.0,0.003289428758908627,0.0,-7.124259493117811e-07,0.0
1902,40.07466260680858,43.65590658199553,435.6708078584294,0.003249231330022628,0.0,0.003249893605806254,0.0,-6.622757836257688e-07,0.0
1903,39.99567959110892,43.87260702728937,449.23689023657,0.0034039418827902647,0.0,0.0034045934146365426,0.0,-6.515318462779057e-07,0.0
1904,39.91622160119162,44.08886037312462,463.3080035407642,0.0031822649690690327,0.0,0.003182838021884199,0.0,-5.730528151665429e-07,0.0
1905,39.83629012298844,44.304666414278785,477.84056286229253,0.002594216701478245,0.0,0.002594656735121834,0.0,-4.4003364358877195e-07,0.0
1906,39.75588663967839,44.52002498327892,492.79475365862527,0.002477843032747817,0.0,0.0024782382358915383,0.0,-3.952031437212851e-07,0.0
1907,41.148450278201125,41.109204619380584,352.0160610628492,0.0040884651516765284,0.0,0.0040897416694318555,0.0,-1.2765177553270349e-06,0.0
1908,41.07505718934249,41.33167785908496,354.8809734057247,0.0038084609832708173,0.0,0.003809631495794382,0.0,-1.1705125235648116e-06,0.0
1909,41.00117031823263,41.55370489323769,358.8738278532439,0.0037455710610880917,0.0,0.003746696818094793,0.0,-1.1257570067015055e-06,0.0
1910,40.92679118734286,41.775285046301015,363.95868256948637,0.004053938939388005,0.0,0.004055122650010203,0.0,-1.1837106221983251e-06,0.0
1911,40.851921318221834,41.99641768485431,370.09170292592415,0.0036233120130395734,0.0,0.0036243360471638823,0.0,-1.0240341243089243e-06,0.0
1912,40.77656223132459,42.2171022172814,377.2229324120222,0.0036887086871679794,0.0,0.0036897119069544404,0.0,-1.003219786461021e-06,0.0
1913,40.700715445843514,42.43733809345379,385.29810258605806,0.0035742572501450158,0.0,0.0035751890991316928,0.0,-9.318489866769891e-07,0.0
1914,40.6243824795411,42.65712480441009,394.26035677640414,0.0034540133463731876,0.0,0.0034548734451318517,0.0,-8.600987586641039e-07,0.0
1915,40.54756484858492,42.876461882031876,404.05179522761165,0.0036806299521658626,0.0,0.0036815017009292224,0.0,-8.717487633598531e-07,0.0
1916,40.470264067384115,43.09534889871596,414.6147855226388,0.0032046745065514226,0.0,0.003205396213186649,0.0,-7.217066352264295e-07,0.0
1917,40.392481648428195,43.313785467043594,425.89301515531884,0.0030791603374739906,0.0,0.0030798175944890933,0.0,-6.572570151026046e-07,0.0
1918,40.314219102127566,43.53177123944631,437.83228934322244,0.0029617107006750087,0.0,0.002962308921222237,0.0,-5.982205472281413e-07,0.0
1919,41.31188301231145,41.198292599981386,371.4858999330432,0.0058768564591562536,0.0,0.005878444075405681,0.0,-1.5876162494272983e-06,0.0
1920,41.23826192009495,41.42120515482897,374.17156738257125,0.003519934934758815,0.0,0.0035209082820591743,0.0,-9.73347300359511e-07,0.0
1921,41.164146228217284,41.64366681793307,377.9306594538733,0.003678434732352322,0.0,0.003679431421919983,0.0,-9.966895676608543e-07,0.0
1922,41.08953747493702,41.865676922458064,382.73266958296415,0.0034449961693954474,0.0,0.0034459066633472277,0.0,-9.104939517803196e-07,0.0
1923,41.0144371975117,42.087234844189325,388.54004806258746,0.0033506169790307704,0.0,0.003351476322594893,0.0,-8.593435641226534e-07,0.0
1924,40.93884693202491,42.308340001211135,395.3095993485913,0.0034405034375892085,0.0,0.0034413556382502757,0.0,-8.522006610671602e-07,0.0
1925,40.8627682132157,42.52899185358075,402.9939403586944,0.003343194043008773,0.0,0.003343990915717074,0.0,-7.968727083009809e-07,0.0
1926,40.78620257430975,42.74918990299842,411.5429230472076,0.003240346966022984,0.0,0.0032410876224983256,0.0,-7.406564753414772e-07,0.0
1927,40.70915154685234,42.968933692473996,420.9049452449544,0.0033856682774575054,0.0,0.003386407617285304,0.0,-7.393398277987483e-07,0.0
1928,40.63161666054377,43.18822280598995,431.02809829644957,0.0030247054545901523,0.0,0.0030253358195874713,0.0,-6.303649973189891e-07,0.0
1929,40.553599443076216,43.40705686816124,441.8611240466362,0.0029149603047126465,0.0,0.0029155384189441073,0.0,-5.781142314608724e-07,0.0
1930,41.4013135028085,41.51137833205955,393.4971682932043,0.0032735567074380295,0.0,0.003274375318362941,0.0,-8.1861092491144e-07,0.0
1931,41.3269674358147,41.73427607122313,397.04511001431973,0.00347892666573263,0.0,0.0034797807577973323,0.0,-8.540920647024351e-07,0.0
1932,41.25212750671821,41.95671752157767,401.59061742274554,0.0031681892819574683,0.0,0.0031689499881919583,0.0,-7.607062344899829e-07,0.0
1933,41.17679526864505,42.17870206855657,407.101342513469,0.0033210382253666963,0.0,0.0033218139019443537,0.0,-7.756765776573485e-07,0.0
1934,41.100972273464905,42.400229140392014,413.5397617374642,0.003217083503747344,0.0,0.0032178117703452647,0.0,-7.282665979205759e-07,0.0
1935,41.024660071618506,42.62129820777947,420.8643564289611,0.0031423745643797585,0.0,0.003143061400511325,0.0,-6.868361315665039e-07,0.0
1936,40.947860211947265,42.841908783538244,429.0307883650334,0.0030456934440477525,0.0,0.003046334097539927,0.0,-6.406534921745387e-07,0.0
1937,40.87057424152474,43.06206042226852,437.9930087854754,0.0029578109376890544,0.0,0.0029584079359000156,0.0,-5.969982109612151e-07,0.0
1938,40.79280370549015,43.281752720004874,447.70425576283594,0.003205450907229748,0.0,0.0032060694480162944,0.0,-6.185407865465925e-07,0.0
1939,40.71455014688404,43.50098531386662,458.1179120741458,0.0027659239949757754,0.0,0.0027664343582226255,0.0,-5.103632468501408e-07,0.0
1940,41.41456034735005,42.0484127261427,420.52095144255446,0.003137902302805126,0.0,0.0031385892930073235,0.0,-6.869902021973233e-07,0.0
1941,41.338994584622306,42.27082522598576,425.76053804239103,0.002908639820465941,0.0,0.0029092612627656814,0.0,-6.214422997403643e-07,0.0
1942,41.26293729709331,42.49277548777057,431.89497664779356,0.0030723430159636965,0.0,0.0030729806595094855,0.0,-6.376435457890878e-07,0.0
1943,41.186390051061984,42.714262993295556,438.8877575484883,0.00294441258399762,0.0,0.0029450044667128457,0.0,-5.918827152254398e-07,0.0
1944,41.10935441113947,42.935287266968686,446.699577383274,0.002868072882170677,0.0,0.002868629459444235,0.0,-5.565772735580295e-07,0.0
1945,41.031831940079066,43.15584787545468,455.2892765303296,0.002787872939378707,0.0,0.002788393759702298,0.0,-5.208203235911209e-07,0.0
1946,40.95382419860817,43.37594442731887,464.61470172954984,0.0027049566915475563,0.0,0.0027054419669188035,0.0,-4.852753712472277e-07,0.0
1947,40.8753327452623,43.59557657266774,474.63346773437223,0.002620365878583688,0.0,0.002620816366753944,0.0,-4.5048817025588467e-07,0.0
1948,41.4247410259025,42.58598496269658,450.3597012960106,0.002835034627569803,0.0,0.0028355758979719536,0.0,-5.412704021504934e-07,0.0
1949,41.34795716302013,42.80789211318346,457.04579595191194,0.002993346468950136,0.0,0.0029939010328895225,0.0,-5.545639393863405e-07,0.0
1950,41.27068417195891,43.029331239437525,464.5284000261406,0.002705705095923309,0.0,0.0027061906856972063,0.0,-4.855897738974095e-07,0.0
