comparison_source,metric,epicentral_distance_km,kernel_bandwidth_km,pairs_within_200_km,effective_pair_count,systematic_mean_signed_change,empirical_standard_deviation,weighted_negative_percent,weighted_unchanged_percent,weighted_positive_percent
global_cmt,pga_percent,0.0,15.0,1480,36.0508626797543,-12.81147755604774,28.13267556071075,84.70559151050891,2.886402720672077e-14,15.294408489491069
global_cmt,pga_percent,1.0,15.0,1480,37.68506901057705,-12.611384848374763,27.741828446317452,84.72446848368983,4.5755715032521694e-14,15.275531516310103
global_cmt,pga_percent,2.0,15.0,1480,39.380065377647895,-12.412396313871074,27.341938637562805,84.74367526410185,7.239539611880793e-14,15.256324735898087
global_cmt,pga_percent,3.0,15.0,1480,41.13844900288988,-12.214214656641847,26.93331283226464,84.76299026443269,1.143218209132991e-13,15.237009735567197
global_cmt,pga_percent,4.0,15.0,1480,42.96326475541675,-12.016546116137233,26.51627080789304,84.7822156911648,1.8016646665964607e-13,15.217784308835034
global_cmt,pga_percent,5.0,15.0,1480,44.85806025048915,-11.819103693381258,26.091146788191956,84.80117997729096,2.8334665914013335e-13,15.198820022708748
global_cmt,pga_percent,6.0,15.0,1480,46.82693714987949,-11.621610521481056,25.658291142866894,84.81973990064454,4.446648027073544e-13,15.180260099355012
global_cmt,pga_percent,7.0,15.0,1480,48.8745961039356,-11.42380336709028,25.21807243005533,84.8377823194949,6.962860103541918e-13,15.162217680504408
global_cmt,pga_percent,8.0,15.0,1480,51.00637223394776,-11.225436244017198,24.770879780071958,84.85522545435684,1.0878050578671585e-12,15.144774545642091
global_cmt,pga_percent,9.0,15.0,1480,53.22825742106548,-11.026284112891359,24.317125604538198,84.8720196438213,1.6954683897368573e-12,15.127980356176995
global_cmt,pga_percent,10.0,15.0,1480,55.5469049479961,-10.826146631579489,23.85724859723299,84.88814750329122,2.6361419421052707e-12,15.111852496706142
global_cmt,pga_percent,11.0,15.0,1480,57.969611248722245,-10.624851909840986,23.39171697176366,84.90362341954834,4.088388686563267e-12,15.096376580447588
global_cmt,pga_percent,12.0,15.0,1480,60.5042686965406,-10.422260208680017,22.92103185660069,84.91849232190215,6.324152493832921e-12,15.081507678091533
global_cmt,pga_percent,13.0,15.0,1480,63.159282567796424,-10.21826751035727,22.445730740600897,84.93282768309372,9.756195687813584e-12,15.067172316896526
global_cmt,pga_percent,14.0,15.0,1480,65.94344466289783,-10.012808869722337,21.966390832698554,84.94672872088043,1.5008830508810584e-11,15.053271279104552
global_cmt,pga_percent,15.0,15.0,1480,68.8657557030279,-9.80586144238456,21.483632169269452,84.96031679484629,2.3022934099912686e-11,15.03968320513068
global_cmt,pga_percent,16.0,15.0,1480,71.93518876644822,-9.59744707155283,20.998120273577257,84.9737310226604,3.5211181178380953e-11,15.026268977304388
global_cmt,pga_percent,17.0,15.0,1480,75.1603869644523,-9.387634304740846,20.51056814602857,84.98712317545208,5.3686476062364286e-11,15.012876824494228
global_cmt,pga_percent,18.0,15.0,1480,78.5492906269892,-9.176539705779996,20.021737344513856,85.00065195225149,8.159655317309464e-11,14.999348047666919
global_cmt,pga_percent,19.0,15.0,1480,82.10869285220464,-8.964328328623575,19.532437904083086,85.01447677687423,1.2361178807370895e-10,14.985523223002167
global_cmt,pga_percent,20.0,15.0,1480,85.84372773797848,-8.751213229075347,19.043526847948073,85.02875130470834,1.866329783082856e-10,14.971248695105029
global_cmt,pga_percent,21.0,15.0,1480,89.75730321630074,-8.537453910286686,18.555905060524637,85.04361686831814,2.8081332419668444e-10,14.956383131401038
global_cmt,pga_percent,22.0,15.0,1480,93.84950017203052,-8.32335362845477,18.07051233059638,85.0591961257248,4.2102690435413863e-10,14.940803873854149
global_cmt,pga_percent,23.0,15.0,1480,98.1169710541466,-8.109255526514264,17.58832043037378,85.07558719945487,6.289684046620531e-10,14.924412799916146
global_cmt,pga_percent,24.0,15.0,1480,102.55238349700439,-7.895537614497154,17.110324174440905,85.09285860388063,9.361408000429181e-10,14.907141395183263
global_cmt,pga_percent,25.0,15.0,1480,107.14396585414218,-7.682606673123787,16.637530499636075,85.1110452495792,1.3880858524476506e-09,14.888954749032703
global_cmt,pga_percent,26.0,15.0,1480,111.8752195737917,-7.470891218342976,16.17094571891582,85.1301457842027,2.0503456073699794e-09,14.869854213746951
global_cmt,pga_percent,27.0,15.0,1480,116.7248650780304,-7.260833724223793,15.71156122304126,85.15012147920955,3.0168233260413883e-09,14.849878517773634
global_cmt,pga_percent,28.0,15.0,1480,121.66708033704619,-7.0528823545125645,15.260338025263811,85.17089680240197,4.42145496644753e-09,14.829103193176586
global_cmt,pga_percent,29.0,15.0,1480,126.67207259585966,-6.847482494017493,14.818190656281617,85.19236173139026,6.454427704870309e-09,14.807638262155312
global_cmt,pga_percent,30.0,15.0,1480,131.70699347670666,-6.64506839517363,14.385971009086491,85.21437576873873,9.38461653545147e-09,14.785624221876636
global_cmt,pga_percent,31.0,15.0,1480,136.7371683595855,-6.446055259419766,13.964452795804792,85.23677352299161,1.359048809522331e-08,14.763226463417912
global_cmt,pga_percent,32.0,15.0,1480,141.72756787536437,-6.250832055998668,13.55431730274769,85.25937162907556,1.9602487053247686e-08,14.740628351321956
global_cmt,pga_percent,33.0,15.0,1480,146.64441017592168,-6.059755343235552,13.156141109931998,85.28197670449532,2.816093202460302e-08,14.718023267343726
global_cmt,pga_percent,34.0,15.0,1480,151.45675572955483,-5.873144302150423,12.770386375411327,85.30439398079707,4.029477853431662e-08,14.695605978908159
global_cmt,pga_percent,35.0,15.0,1480,156.13794855160126,-5.691277124117282,12.397394175351687,85.32643621743112,5.74283497760842e-08,14.673563725140525
global_cmt,pga_percent,36.0,15.0,1480,160.6667721462993,-5.5143888191119315,12.037381244824688,85.34793249927576,8.152541053994052e-08,14.652067419198831
global_cmt,pga_percent,37.0,15.0,1480,165.02822318820617,-5.342670435273848,11.690440292624366,85.36873653883829,1.1528291522520356e-07,14.631263345878796
global_cmt,pga_percent,38.0,15.0,1480,169.21385459720548,-5.176269610118458,11.356543879727312,85.38873414621224,1.6239058417008254e-07,14.611265691397172
global_cmt,pga_percent,39.0,15.0,1480,173.2216926923993,-5.015292313849796,11.03555167032204,85.40784958900683,2.2787738530524782e-07,14.5921501831158
global_cmt,pga_percent,40.0,15.0,1480,177.05578072883895,-4.8598055994310645,10.727220701236169,85.42605063432934,3.185723050811013e-07,14.573949047098342
global_cmt,pga_percent,41.0,15.0,1480,180.72543567404136,-4.7098411442396655,10.431218182586804,85.44335213885795,4.4371483005108614e-07,14.556647417427216
global_cmt,pga_percent,42.0,15.0,1480,184.24432266649214,-4.565399354425819,10.147136248560555,85.45981812494962,6.157607448234003e-07,14.540181259289628
global_cmt,pga_percent,43.0,15.0,1480,187.6294523438184,-4.426453804199054,9.874508026982754,85.47556234554187,8.514416772682248e-07,14.524436803016426
global_cmt,pga_percent,44.0,15.0,1480,190.90019342927354,-4.292955795779489,9.612824389679938,85.49074739473404,1.1731528645066015e-06,14.509251432113102
global_cmt,pga_percent,45.0,15.0,1480,194.07737160603165,-4.164838848616352,9.361550778194667,85.50558246237932,1.6107635335248674e-06,14.494415926857132
global_cmt,pga_percent,46.0,15.0,1480,197.18250096335757,-4.042022955427416,9.120143563397658,85.52031985928696,2.2039688261904623e-06,14.47967793674422
global_cmt,pga_percent,47.0,15.0,1480,200.23717043257065,-3.92441847454018,8.88806548302038,85.53525045550418,3.005332149558454e-06,14.464746539163654
global_cmt,pga_percent,48.0,15.0,1480,203.26258746594937,-3.8119295602408005,8.66479979736497,85.55069817936382,4.084203029226028e-06,14.449297736433172
global_cmt,pga_percent,49.0,15.0,1480,206.2792660920844,-3.7044570632767337,8.44986290016156,85.56701372189168,5.531738797308361e-06,14.432980746369537
global_cmt,pga_percent,50.0,15.0,1480,209.3068365584937,-3.601900860890505,8.242815209926095,85.58456758243076,7.467309473095351e-06,14.415424950259782
global_cmt,pga_percent,51.0,15.0,1480,212.36394842167124,-3.504161599002217,8.043270240544027,85.60374257963706,1.0046624505826943e-05,14.39624737373842
global_cmt,pga_percent,52.0,15.0,1480,215.46823716426562,-3.4111418481922047,7.850901803936745,85.62492593987331,1.3471987808321612e-05,14.375060588138885
global_cmt,pga_percent,53.0,15.0,1480,218.63632513766436,-3.322746690205582,7.6654493308141145,85.64850106469977,1.8005163343995717e-05,14.351480930136889
global_cmt,pga_percent,54.0,15.0,1480,221.88382990100976,-3.2388837633888237,7.486721308267012,85.67483907250086,2.398341629930511e-05,14.32513694408284
global_cmt,pga_percent,55.0,15.0,1480,225.22535613397594,-3.159462804572825,7.314596827987505,85.70429020771788,3.183938241014209e-05,14.295677952899727
global_cmt,pga_percent,56.0,15.0,1480,228.67445077309023,-3.08439473234002,7.149025220745196,85.7371752156526,4.212550683139453e-05,14.262782658840587
global_cmt,pga_percent,57.0,15.0,1480,232.24350463448405,-3.013590323260928,6.990023727550626,85.77377679182136,5.554387897136089e-05,14.22616766429968
global_cmt,pga_percent,58.0,15.0,1480,235.94358752553552,-2.9469585393763698,6.83767313329922,85.81433123227654,7.298236407340825e-05,14.185595785359395
global_cmt,pga_percent,59.0,15.0,1480,239.7842078735677,-2.884404572583882,6.69211127342381,85.85902043444314,9.555798721591021e-05,14.140884007569618
global_cmt,pga_percent,60.0,15.0,1480,243.77299250370862,-2.825827680062646,6.553524327818805,85.90796442540027,0.00012466855019104328,14.091910906049536
global_cmt,pga_percent,61.0,15.0,1480,247.9152877564278,-2.7711188945273877,6.422135848762747,85.96121462394,0.00016205344433421116,14.03862332261567
global_cmt,pga_percent,62.0,15.0,1480,252.2136900446634,-2.7201587036510433,6.298193539393249,86.01874807110566,0.0002098645500232683,13.98104206434431
global_cmt,pga_percent,63.0,15.0,1480,256.6675225385364,-2.672814803737727,6.181953912268328,86.0804628873859,0.0002707479739391883,13.91926636464014
global_cmt,pga_percent,64.0,15.0,1480,261.272285067769,-2.628940042539178,6.073665114385599,86.14617522881345,0.00034793715806657473,13.853476834028477
global_cmt,pga_percent,65.0,15.0,1480,266.0191163317202,-2.5883706734831153,5.973548398945839,86.21561801400743,0.00044535759369958175,13.78393662839885
global_cmt,pga_percent,66.0,15.0,1480,270.8943203529755,-2.5509250467315128,5.881778938955265,86.28844167493466,0.0005677429895672796,13.710990582075768
global_cmt,pga_percent,67.0,15.0,1480,275.87902134397115,-2.516402859510842,5.798466887332083,86.36421714181535,0.0007207622840746359,13.635062095900556
global_cmt,pga_percent,68.0,15.0,1480,280.9490205140132,-2.4845850772904305,5.723639758236488,86.44244120464526,0.0009111563758079535,13.556647638978943
global_cmt,pga_percent,69.0,15.0,1480,286.0749318287877,-2.4552346173037227,5.657227297180476,86.52254430003606,0.0011468829022379208,13.476308817061694
global_cmt,pga_percent,70.0,15.0,1480,291.22266795457466,-2.4280978560505333,5.59904998943285,86.60390065529928,0.0014372668612383894,13.394662077839477
global_cmt,pga_percent,71.0,15.0,1480,296.35432947432355,-2.4029069832878607,5.5488122064989955,86.6858405881427,0.001793154386698564,13.312366257470613
global_cmt,pga_percent,72.0,15.0,1480,301.4295181555211,-2.37938317837389,5.506100708783195,86.76766461965217,0.0022270666020312744,13.230108313745816
global_cmt,pga_percent,73.0,15.0,1480,306.4070492551525,-2.357240533729264,5.470388833112654,86.84865892280429,0.002753350222049032,13.148587726973672
global_cmt,pga_percent,74.0,15.0,1480,311.24698267660216,-2.3361905987890137,5.44104624311645,86.92811151256998,0.0033883214801954387,13.068500165949821
global_cmt,pga_percent,75.0,15.0,1480,315.9128360685785,-2.315947371007673,5.41735366904648,87.00532850049737,0.004150400031402404,12.990521099471207
global_cmt,pga_percent,76.0,15.0,1480,320.3737953421887,-2.29623252321785,5.39852167360795,87.07964969806154,0.005060229704998696,12.91529007223347
global_cmt,pga_percent,77.0,15.0,1480,324.6067109326007,-2.27678063328555,5.383712202386136,87.15046286643074,0.0061407833177834405,12.843396350251474
global_cmt,pga_percent,78.0,15.0,1480,328.59767041773017,-2.2573441756058803,5.372061540977099,87.21721597738787,0.0074174491452406585,12.775366573466904
global_cmt,pga_percent,79.0,15.0,1480,332.34297335586245,-2.2376980457544002,5.362703310333719,87.27942696644152,0.00891809701684223,12.711654936541626
global_cmt,pga_percent,80.0,15.0,1480,335.84939864091734,-2.217643418669724,5.354790268761367,87.33669061424341,0.010673122274833035,12.65263626348177
global_cmt,pga_percent,81.0,15.0,1480,339.13373749251525,-2.197010784195965,5.347513919288036,87.38868237131823,0.012715465948809302,12.598602162732957
global_cmt,pga_percent,82.0,15.0,1480,342.2216511285952,-2.175662057163949,5.340121203741416,87.43515912642083,0.015080609403618505,12.549760264175555
global_cmt,pga_percent,83.0,15.0,1480,345.1459855337526,-2.153491717009485,5.331927860068373,87.47595709320406,0.017806541394629793,12.506236365401325
global_cmt,pga_percent,84.0,15.0,1480,347.9447245496495,-2.130426988637776,5.322328294695046,87.51098713835734,0.020933694920728965,12.468079166721926
global_cmt,pga_percent,85.0,15.0,1480,350.6587811858125,-2.1064271268691606,5.310802054618901,87.54022798618446,0.024504850538400888,12.435267163277153
global_cmt,pga_percent,86.0,15.0,1480,353.3298169260882,-2.081481907554779,5.296917162453705,87.56371780413443,0.028565001950613535,12.407717193914948
global_cmt,pga_percent,87.0,15.0,1480,355.998246674382,-2.055609457068302,5.280330698813652,87.58154470073218,0.033161178789147705,12.38529412047869
global_cmt,pga_percent,88.0,15.0,1480,358.70154239521855,-2.028853567688343,5.26078708390022,87.5938366558657,0.038342220654431595,12.367821123479867
global_cmt,pga_percent,89.0,15.0,1480,361.47290100327075,-2.00128065012777,5.238114531824985,87.60075136095956,0.04415849575013065,12.355090143290317
global_cmt,pga_percent,90.0,15.0,1480,364.34029913634157,-1.9729764679561108,5.212220136969761,87.60246638246764,0.05066155693377819,12.346872060598583
global_cmt,pga_percent,91.0,15.0,1480,367.3259236064856,-1.944042784367518,5.183084011812512,87.59916998597524,0.05790372777496107,12.34292628624982
global_cmt,pga_percent,92.0,15.0,1480,370.4459431125625,-1.9145940323718045,5.150752839617298,87.59105287877188,0.06593761133517383,12.343009509892967
global_cmt,pga_percent,93.0,15.0,1480,373.7105735023269,-1.8847540976156418,5.115333141257715,87.57830105314865,0.07481551491547533,12.346883431935867
global_cmt,pga_percent,94.0,15.0,1480,377.1243834507414,-1.8546532808923526,5.076984489577174,87.5610898459,0.08458878500824729,12.354321369091753
global_cmt,pga_percent,95.0,15.0,1480,380.6867873662802,-1.8244254866787133,5.035912841745979,87.53957927444348,0.09530704817887502,12.365113677377634
global_cmt,pga_percent,96.0,15.0,1480,384.3926753130864,-1.7942056658984677,4.992364103178647,87.51391066753301,0.10701735562581371,12.379071976841162
global_cmt,pga_percent,97.0,15.0,1480,388.23313394784134,-1.7641275261850475,4.946617987570727,87.48420457806708,0.1197632317485125,12.396032190184425
global_cmt,pga_percent,98.0,15.0,1480,392.19621679304305,-1.734321511388536,4.898982197358169,87.45055994517278,0.13358363020618236,12.41585642462106
global_cmt,pga_percent,99.0,15.0,1480,396.26772611958137,-1.704913043794746,4.849786917541455,87.4130544600473,0.14851180467536493,12.438433735277338
global_cmt,pga_percent,100.0,15.0,1480,400.43197231251344,-1.6760210171181067,4.799379593037796,87.3717460821064,0.1645741057889867,12.4636798121046
global_cmt,pga_percent,101.0,15.0,1480,404.67248018959333,-1.6477565252843636,4.748119944953853,87.32667564597028,0.18178872051522016,12.491535633514497
global_cmt,pga_percent,102.0,15.0,1480,408.9726158105621,-1.620221810773181,4.696375173719697,87.27787049310685,0.20016437542799737,12.521965131465139
global_cmt,pga_percent,103.0,15.0,1480,413.31611229673706,-1.5935094162954448,4.644515296180499,87.22534905238892,0.21969903080837722,12.554951916802708
global_cmt,pga_percent,104.0,15.0,1480,417.68747934375676,-1.567701524340293,4.59290856881205,87.16912627981775,0.24037859812622375,12.590495122056009
global_cmt,pga_percent,105.0,15.0,1480,422.07228846872584,-1.5428694702277368,4.541916959529705,87.1092198483041,0.26217571896317654,12.628604432732736
global_cmt,pga_percent,106.0,15.0,1480,426.45733431622364,-1.5190734154227308,4.491891645391212,87.0456569534807,0.2850486485776158,12.669294397941671
global_cmt,pga_percent,107.0,15.0,1480,430.83068102767095,-1.4963621687809587,4.4431685320539165,86.97848157161143,0.30894029175934246,12.712578136629244
global_cmt,pga_percent,108.0,15.0,1480,435.18161104034465,-1.4747731439739677,4.396063812169758,86.90776197205847,0.333777442016019,12.758460585925523
global_cmt,pga_percent,109.0,15.0,1480,439.5005009236776,-1.4543324415352064,4.3508696027870535,86.83359825148872,0.3594702770909805,12.806931471420281
global_cmt,pga_percent,110.0,15.0,1480,443.77865420347575,-1.4350550438060714,4.3078497248020655,86.75612962266328,0.3859121639458347,12.857958213390885
global_cmt,pga_percent,111.0,15.0,1480,448.00812392063955,-1.416945110628985,4.267235708830544,86.67554116037988,0.4129798242888572,12.911479015331276
global_cmt,pga_percent,112.0,15.0,1480,452.1815574866429,-1.399996363063775,4.229223129630177,86.59206968433301,0.4405339071856796,12.967396408481289
global_cmt,pga_percent,113.0,15.0,1480,456.2920930753004,-1.3841925418524716,4.1939683834476424,86.50600844678267,0.46842000803793166,13.025571545179371
global_cmt,pga_percent,114.0,15.0,1480,460.33333047800727,-1.3695079269941093,4.161586027621572,86.4177102952162,0.4964701631704097,13.0858195416134
global_cmt,pga_percent,115.0,15.0,1480,464.29939050747555,-1.355907904775245,4.132146798120027,86.32758899934186,0.5245048364970488,13.147906164161096
global_cmt,pga_percent,116.0,15.0,1480,468.18506641150844,-1.3433495690682193,4.105676407796682,86.23611846960759,0.552335399489049,13.211546130903354
global_cmt,pga_percent,117.0,15.0,1480,471.9860593402541,-1.3317823447515817,4.082155206272539,86.14382965169861,0.5797670883832964,13.276403259918103
global_cmt,pga_percent,118.0,15.0,1480,475.699278842258,-1.3211486227657565,4.061518752722303,86.05130495748818,0.6066024038686835,13.342092638643132
global_cmt,pga_percent,119.0,15.0,1480,479.323179837552,-1.3113843985702143,4.043659317611522,85.959170185569,0.6326448991569878,13.408184915274019
global_cmt,pga_percent,120.0,15.0,1480,482.8581006305553,-1.3024199085290362,4.02842829143247,85.8680839901836,0.6577032832905274,13.47421272652587
global_cmt,pga_percent,121.0,15.0,1480,486.3065631433751,-1.2941802618703055,4.015639440914828,85.7787250711771,0.6815957487345702,13.53967918008834
global_cmt,pga_percent,122.0,15.0,1480,489.67349715785474,-1.2865860691380415,4.00507291917153,85.69177737353323,0.7041544167232378,13.604068209743545
global_cmt,pga_percent,123.0,15.0,1480,492.9663549695494,-1.2795540712416869,3.9964799084449596,85.60791369650461,0.7252297813789851,13.666856522116417
global_cmt,pga_percent,124.0,15.0,1480,496.19509100010987,-1.2729977760463491,3.989587754422378,85.5277782125171,0.7446950250769477,13.727526762405953
global_cmt,pga_percent,125.0,15.0,1480,499.37199166919186,-1.2668281116794444,3.9841054404027627,85.45196847849078,0.7624500734525155,13.785581448056684
global_cmt,pga_percent,126.0,15.0,1480,502.5113529743357,-1.2609541071250143,3.9797292478422253,85.38101758141424,0.7784252591955927,13.840557159390167
global_cmt,pga_percent,127.0,15.0,1480,505.62901543896197,-1.2552836110535333,3.9761484560424516,85.3153770916783,0.7925844694268759,13.89203843889483
global_cmt,pga_percent,128.0,15.0,1480,508.74177713421295,-1.249724059077091,3.973050946407083,85.25540149919276,0.8049276618472663,13.93967083895996
global_cmt,pga_percent,129.0,15.0,1480,511.86671440462004,-1.2441832976921856,3.970128593859743,85.20133477784726,0.8154926495995118,13.983172572553213
global_cmt,pga_percent,130.0,15.0,1480,515.0204461617122,-1.238570470125991,3.9670823477115644,85.15329966443942,0.8243560732992524,14.022344262261326
global_cmt,pga_percent,131.0,15.0,1480,518.2183809965574,-1.2327969652735085,3.963626924665961,85.111290151482,0.8316335002570633,14.057076348260955
global_cmt,pga_percent,132.0,15.0,1480,521.473987098279,-1.2267774261170858,3.959495056256852,85.07516758347258,0.8374786147106684,14.087353801816763
global_cmt,pga_percent,133.0,15.0,1480,524.7981234815502,-1.2204308087353068,3.9544412507412248,85.04466061854421,0.842081488063501,14.113257893392277
global_cmt,pga_percent,134.0,15.0,1480,528.198467840048,-1.2136814775598694,3.948245044632959,85.0193691779336,0.8456659438295188,14.134964878236893
global_cmt,pga_percent,135.0,15.0,1480,531.6790719215902,-1.2064603172755723,3.940713731377339,84.9987723607848,0.8484860573936024,14.152741581821589
global_cmt,pga_percent,136.0,15.0,1480,535.2400699789554,-1.1987058370293762,3.931684564139297,84.982240157829,0.8508218550428848,14.166937987128119
global_cmt,pga_percent,137.0,15.0,1480,538.8775597074385,-1.1903652387466794,3.921026436555503,84.96904866050495,0.8529742993008133,14.177977040194223
global_cmt,pga_percent,138.0,15.0,1480,542.5836680790592,-1.1813954186289908,3.908641049968635,84.9583983376101,0.8552596677650381,14.186341994624835
global_cmt,pga_percent,139.0,15.0,1480,546.3468064672808,-1.171763869546475,3.8944635785848627,84.94943484431838,0.8580034498469565,14.19256170583466
global_cmt,pga_percent,140.0,15.0,1480,550.1521102857173,-1.1614494521825158,3.878462845655403,84.94127174219146,0.8615338995473933,14.197194358261136
global_cmt,pga_percent,141.0,15.0,1480,553.982048051589,-1.1504430044885947,3.8606410246444236,84.93301444645064,0.8661753922793647,14.200810161270002
global_cmt,pga_percent,142.0,15.0,1480,557.8171736139242,-1.1387477622271382,3.841032879831143,84.92378468000892,0.8722417394671874,14.203973580523902
global_cmt,pga_percent,143.0,15.0,1480,561.6369838915025,-1.1263795679880284,3.819704561274434,84.91274470324021,0.8800296160335256,14.207225680726264
global_cmt,pga_percent,144.0,15.0,1480,565.4208338343994,-1.1133668518493511,3.7967519698613375,84.8991206037487,0.8898122528937351,14.211067143357544
global_cmt,pga_percent,145.0,15.0,1480,569.1488517136039,-1.0997503735347458,3.7722987095356912,84.88222397003342,0.9018335393264466,14.215942490640108
global_cmt,pga_percent,146.0,15.0,1480,572.8027926087782,-1.0855827231692374,3.746493645985966,84.8614713345049,0.9163026688606957,14.222225996634428
global_cmt,pga_percent,147.0,15.0,1480,576.3667673130374,-1.070927585196809,3.7195080942501653,84.83640085157782,0.9333894475539478,14.230209700868233
global_cmt,pga_percent,148.0,15.0,1480,579.8277886074759,-1.0558587773381753,3.691532662018568,84.80668577167334,0.953220365818188,14.240093862508475
global_cmt,pga_percent,149.0,15.0,1480,583.1760871516784,-1.0404590832998843,3.6627737809827963,84.77214437763037,0.9758755149844296,14.2519801073852
global_cmt,pga_percent,150.0,15.0,1480,586.4051645161751,-1.0248189040033244,3.6334499654283117,84.73274616178985,1.001386408354962,14.265867429855184
global_cmt,pga_percent,151.0,15.0,1480,589.5115698489863,-1.0090347571526028,3.603787845343433,84.68861413547714,1.0297347443764515,14.28165112014642
global_cmt,pga_percent,152.0,15.0,1480,592.494407465746,-0.9932076588441959,3.574018030446717,84.6400232736849,1.0608521275448983,14.299124598770183
global_cmt,pga_percent,153.0,15.0,1480,595.3546031585201,-0.9774414235566092,3.5443708713879367,84.58739520287413,1.094620741414204,14.317984055711674
global_cmt,pga_percent,154.0,15.0,1480,598.0939751814959,-0.9618409202379018,3.5150721944465833,84.53128933605134,1.1308749481897404,14.337835715758917
global_cmt,pga_percent,155.0,15.0,1480,600.7141700255573,-0.9465103223923496,3.486339095633516,84.47239074448862,1.1694037712615968,14.358205484249796
global_cmt,pga_percent,156.0,15.0,1480,603.2155321717319,-0.9315513891673014,3.458375888312685,84.41149512822408,1.2099542009207127,14.378550670855223
global_cmt,pga_percent,157.0,15.0,1480,605.5959806288593,-0.9170618126063403,3.4313703042817636,84.34949130713163,1.2522352495000355,14.398273443368346
global_cmt,pga_percent,158.0,15.0,1480,607.8499634504344,-0.903133663632283,3.405490050612464,84.28734170077377,1.2959226702541906,14.416735628972056
global_cmt,pga_percent,159.0,15.0,1480,609.9675552922395,-0.8898519661216339,3.3808798224503565,84.22606129879136,1.340664244301909,14.433274456906723
global_cmt,pga_percent,160.0,15.0,1480,611.9337533808158,-0.8772934247857145,3.357658864620597,84.16669564483082,1.3860855317242269,14.447218823444958
global_cmt,pga_percent,161.0,15.0,1480,613.7280150472089,-0.8655253286140093,3.3359191618544406,84.11029836664285,1.4317959762588297,14.45790565709832
global_cmt,pga_percent,162.0,15.0,1480,615.3240662057864,-0.8546046474644826,3.3157243188100485,84.05790878363436,1.4773952478259424,14.464695968539699
global_cmt,pga_percent,163.0,15.0,1480,616.6899956554828,-0.8445773350766562,3.2971091674515165,84.0105301112835,1.5224797033188595,14.466990185397663
global_cmt,pga_percent,164.0,15.0,1480,617.7886355506763,-0.8354778473844641,3.280080111992051,83.96910875972519,1.5666488437555217,14.464242396519289
global_cmt,pga_percent,165.0,15.0,1480,618.5782144454248,-0.8273288805493391,3.264616192216706,83.93451519160108,1.6095116451917026,14.455973163207219
global_cmt,pga_percent,166.0,15.0,1480,619.0132565398619,-0.8201413286460164,3.2506708166226277,83.90752676199601,1.6506926420126007,14.441780595991384
global_cmt,pga_percent,167.0,15.0,1480,619.0456897290915,-0.8139144564459816,3.2381740895994784,83.88881291107059,1.6898376446808725,14.421349444248523
global_cmt,pga_percent,168.0,15.0,1480,618.6261163300917,-0.8086362783036012,3.2270356338198853,83.87892301818087,1.726618980069753,14.394458001749381
global_cmt,pga_percent,169.0,15.0,1480,617.705194413059,-0.8042841298275537,3.2171477917380766,83.87827715557819,1.7607401514460033,14.360982692975796
global_cmt,pga_percent,170.0,15.0,1480,616.2350747823382,-0.8008254149106676,3.2083890796644483,83.88715990144513,1.7919398271749867,14.320900271379896
global_cmt,pga_percent,171.0,15.0,1480,614.1708388580623,-0.7982185069139873,3.200627764704791,83.90571728788635,1.8199950823187012,14.274287629794943
global_cmt,pga_percent,172.0,15.0,1480,611.4718856961978,-0.7964137794926491,3.193725438685647,83.93395687201367,1.8447238352978717,14.221319292688456
global_cmt,pga_percent,173.0,15.0,1480,608.1032215358579,-0.7953547398555494,3.1875404732269934,83.97175083042741,1.865986442271606,14.162262727300961
global_cmt,pga_percent,174.0,15.0,1480,604.0366117504807,-0.7949792353047157,3.181931255144561,84.01884189259057,1.8836864342058504,14.097471673203575
global_cmt,pga_percent,175.0,15.0,1480,599.2515620275922,-0.7952207028192416,3.176759119895003,84.07485185036076,1.8977704049105448,14.027377744728703
global_cmt,pga_percent,176.0,15.0,1480,593.7361022772886,-0.7960094313127576,3.1718909212744664,84.13929231274842,1.9082270816370226,13.952480605614538
global_cmt,pga_percent,177.0,15.0,1480,587.4873527480024,-0.7972738070362032,3.1672011965808564,84.21157731988107,1.9150856320830671,13.873337048035854
global_cmt,pga_percent,178.0,15.0,1480,580.5118570835083,-0.7989415143990226,3.162573906680116,84.29103739061503,1.918413281807353,13.790549327577594
global_cmt,pga_percent,179.0,15.0,1480,572.8256719402269,-0.8009406671661322,3.15790374886599,84.37693455583732,1.9183123331603027,13.704753111002365
global_cmt,pga_percent,180.0,15.0,1480,564.4542079003154,-0.8032008484276726,3.1530970563498677,84.46847792483707,1.9149166901224355,13.616605385040511
global_cmt,pga_percent,181.0,15.0,1480,555.4318224051729,-0.8056540417631124,3.1480723112262434,84.56483934477056,1.908388002367336,13.526772652862094
global_cmt,pga_percent,182.0,15.0,1480,545.8011727449164,-0.8082354404300486,3.142760307651269,84.66516874177175,1.898911546170325,13.435919712057935
global_cmt,pga_percent,183.0,15.0,1480,535.6123458392273,-0.8108841259854315,3.137104008782823,84.7686087744027,1.8866919594852813,13.344699266112007
global_cmt,pga_percent,184.0,15.0,1480,524.9217912266164,-0.81354361227858,3.131058144963333,84.8743084829824,1.8719489438994832,13.253742573118103
global_cmt,pga_percent,185.0,15.0,1480,513.7910934946642,-0.8161622550430544,3.124588602002373,84.9814356785545,1.8549130377694893,13.163651283676012
global_cmt,pga_percent,186.0,15.0,1480,502.2856291962037,-0.8186935311889753,3.117671647629505,85.08918787940871,1.8358215533369882,13.074990567254284
global_cmt,pga_percent,187.0,15.0,1480,490.4731599113285,-0.8210961952273347,3.110293041668621,85.1968016678076,1.8149147568315604,12.988283575360834
global_cmt,pga_percent,188.0,15.0,1480,478.4224165311992,-0.8233343229549424,3.1024470716659405,85.30356040187567,1.792432355342765,12.904007242781573
global_cmt,pga_percent,189.0,15.0,1480,466.2017294564084,-0.8253772545485873,3.0941355509963246,85.40880027495406,1.7686103384249487,12.822589386621
global_cmt,pga_percent,190.0,15.0,1480,453.8777551374937,-0.8271994505569686,3.085366811248884,85.51191476517099,1.7436782067527008,12.744407028076305
global_cmt,pga_percent,191.0,15.0,1480,441.51434167893365,-0.8287802749722238,3.0761547152748223,85.61235756022718,1.7178566053301556,12.669785834442651
global_cmt,pga_percent,192.0,15.0,1480,429.17156594802793,-0.8301037196713886,3.066517711932863,85.7096440757659,1.691355365294414,12.599000558939682
global_cmt,pga_percent,193.0,15.0,1480,416.9049629030579,-0.8311580841242845,3.0564779484971867,85.80335171007712,1.6643719466154252,12.532276343307467
global_cmt,pga_percent,194.0,15.0,1480,404.76495587315986,-0.831935623462522,3.0460604520496846,85.89311899364203,1.6370902642086596,12.469790742149293
global_cmt,pga_percent,195.0,15.0,1480,392.7964853653752,-0.8324321768933682,3.03529238706126,85.9786437998965,1.6096798722349912,12.411676327868502
global_cmt,pga_percent,196.0,15.0,1480,381.03882448028054,-0.8326467871186235,3.0242023928291326,86.05968078458037,1.5822954756407537,12.35802373977889
global_cmt,pga_percent,197.0,15.0,1480,369.5255617140067,-0.8325813199716159,3.0128200014945583,86.13603821629924,1.5550767341735718,12.30888504952716
global_cmt,pga_percent,198.0,15.0,1480,358.28472702155574,-0.8322400919931676,3.0011751350036895,86.20757435166323,1.5281483220118255,12.264277326324946
global_cmt,pga_percent,199.0,15.0,1480,347.33903444744635,-0.8316295121951348,2.9892976775573383,86.27419349577374,1.5016202055388352,12.22418629868741
global_cmt,pga_percent,200.0,15.0,1480,336.70621412116634,-0.830757742859218,2.9772171187713705,86.33584187401324,1.4755881024257034,12.188570023561054
global_cmt,loss_ratio,0.0,15.0,1480,36.0508626797543,-0.007932591799120368,0.03069505643127482,24.43808408112083,68.58554179211299,6.976374126766167
global_cmt,loss_ratio,1.0,15.0,1480,37.68506901057705,-0.007402073818064554,0.029640277036283292,23.540209454171688,69.45425691643786,7.0055336293904436
global_cmt,loss_ratio,2.0,15.0,1480,39.380065377647895,-0.006896509693943594,0.02859296736533874,22.66445516184861,70.3079874805698,7.027557357581588
global_cmt,loss_ratio,3.0,15.0,1480,41.13844900288988,-0.006415450848685753,0.027554312211593626,21.81135381482692,71.14655554137455,7.042090643798524
global_cmt,loss_ratio,4.0,15.0,1480,42.96326475541675,-0.005958407372362017,0.026525462411858197,20.981351281764574,71.96987634874787,7.048772369487553
global_cmt,loss_ratio,5.0,15.0,1480,44.85806025048915,-0.0055248519029509465,0.025507533651494402,20.17480408863315,72.77795903760435,7.047236873762499
global_cmt,loss_ratio,6.0,15.0,1480,46.82693714987949,-0.005114223559398963,0.02450160572578814,19.39197729091893,73.5709061618495,7.037116547231553
global_cmt,loss_ratio,7.0,15.0,1480,48.8745961039356,-0.00472593187615712,0.023508722230336676,18.633042861228105,74.34891193502907,7.018045203742831
global_cmt,loss_ratio,8.0,15.0,1480,51.00637223394776,-0.004359360688137311,0.022529890637858558,17.898078641945386,75.11225904280451,6.989662315250136
global_cmt,loss_ratio,9.0,15.0,1480,53.22825742106548,-0.004013871916877603,0.02156608270285175,17.187067920602807,75.86131389827275,6.951618181124426
global_cmt,loss_ratio,10.0,15.0,1480,55.5469049479961,-0.0036888092117246057,0.020618235119094126,16.499899693969542,76.59652022419101,6.903580081839453
global_cmt,loss_ratio,11.0,15.0,1480,57.969611248722245,-0.0033835014041092622,0.019687250338668694,15.836369694791168,77.31839086826024,6.845239436948595
global_cmt,loss_ratio,12.0,15.0,1480,60.5042686965406,-0.0030972657385714584,0.018773997445758313,15.196182261553515,78.02749779061769,6.776319947828806
global_cmt,loss_ratio,13.0,15.0,1480,63.159282567796424,-0.00282941085110422,0.017879312964848796,14.578953135342376,78.72446020820229,6.696586656455341
global_cmt,loss_ratio,14.0,15.0,1480,65.94344466289783,-0.0025792394736137607,0.01700400147235728,13.984213267338228,79.40993093981841,6.60585579284335
global_cmt,loss_ratio,15.0,15.0,1480,68.8657557030279,-0.0023460508527249537,0.016148835874382986,13.411413714126551,80.08458106883288,6.504005217040585
global_cmt,loss_ratio,16.0,15.0,1480,71.93518876644822,-0.0021291428816023164,0.015314557212680296,12.859931684237136,80.74908312664006,6.390985189122824
global_cmt,loss_ratio,17.0,15.0,1480,75.1603869644523,-0.0019278139545835808,0.014501873867500641,12.329077776766864,81.40409309694569,6.26682912628744
global_cmt,loss_ratio,18.0,15.0,1480,78.5492906269892,-0.0017413645657811958,0.013711460040915852,11.818104420634484,82.0502316443851,6.131663934980434
global_cmt,loss_ratio,19.0,15.0,1480,82.10869285220464,-0.0015690986838052562,0.012943953428573523,11.32621548069486,82.68806507490889,5.9857194443962545
global_cmt,loss_ratio,20.0,15.0,1480,85.84372773797848,-0.0014103249446870353,0.012199952021963983,10.852576945279761,83.31808663177429,5.829336422945945
global_cmt,loss_ratio,21.0,15.0,1480,89.75730321630074,-0.0012643577131411603,0.011480010026878295,10.396328550566706,83.9406988103993,5.662972639033981
global_cmt,loss_ratio,22.0,15.0,1480,93.84950017203052,-0.001130518067683293,0.010784632935563605,9.956596133619781,84.55619742748864,5.487206438891565
global_cmt,loss_ratio,23.0,15.0,1480,98.1169710541466,-0.001008134767073386,0.010114271847856682,9.53250444235986,85.16475819464209,5.302737362998036
global_cmt,loss_ratio,24.0,15.0,1480,102.55238349700439,-0.000896545253507277,0.009469317196972946,9.123190072504824,85.76642651553628,5.110383411958899
global_cmt,loss_ratio,25.0,15.0,1480,107.14396585414218,-0.0007950967416337691,0.008850092094408901,8.727814154674189,86.36111114308387,4.91107470224194
global_cmt,loss_ratio,26.0,15.0,1480,111.8752195737917,-0.0007031474319029589,0.00825684556071882,8.345574385359766,86.94858219735038,4.705843417289846
global_cmt,loss_ratio,27.0,15.0,1480,116.7248650780304,-0.0006200678724572804,0.007689745949707657,7.9757159885231586,87.52847386036552,4.495810151111329
global_cmt,loss_ratio,28.0,15.0,1480,121.66708033704619,-0.0005452424767018602,0.007148874898170354,7.6175412138105285,88.10029183993973,4.282166946249743
global_cmt,loss_ratio,29.0,15.0,1480,126.67207259585966,-0.0004780711851626691,0.006634222138004827,7.270417024109528,88.66342544618676,4.066157529703727
global_cmt,loss_ratio,30.0,15.0,1480,131.70699347670666,-0.0004179712418534088,0.00614568149016756,6.9337806979965615,89.21716387081841,3.849055431185015
global_cmt,loss_ratio,31.0,15.0,1480,136.7371683595855,-0.00036437903881218113,0.005683048320311721,6.607143167253815,89.76071602176069,3.6321408109855264
global_cmt,loss_ratio,32.0,15.0,1480,141.72756787536437,-0.0003167519693138366,0.005246018675975479,6.290090019228431,90.29323306525454,3.4166769155170185
global_cmt,loss_ratio,33.0,15.0,1480,146.64441017592168,-0.0002745702217786099,0.004834190248854942,5.9822802096528225,90.81383268240947,3.203887107937701
global_cmt,loss_ratio,34.0,15.0,1480,151.45675572955483,-0.00023733844336948218,0.004447065218665775,5.6834426440866395,91.32162396990928,2.9949333860040914
global_cmt,loss_ratio,35.0,15.0,1480,156.13794855160126,-0.00020458720490863417,0.004084054944104591,5.3933708861310485,91.81573191104701,2.7908972028219354
global_cmt,loss_ratio,36.0,15.0,1480,160.6667721462993,-0.00017587420666096733,0.003744486378509695,5.111916330189515,92.29532041171304,2.592763258097452
global_cmt,loss_ratio,37.0,15.0,1480,165.02822318820617,-0.0001507851768159686,0.003427610009553737,4.838980230315031,92.75961302749872,2.401406742186252
global_cmt,loss_ratio,38.0,15.0,1480,169.21385459720548,-0.00012893442984522399,0.0031326090590628034,4.574505001950717,93.2079106881304,2.217584309918882
global_cmt,loss_ratio,39.0,15.0,1480,173.2216926923993,-0.0001099650688124774,0.0028586096345443192,4.318465210447357,93.63960593586133,2.041928853691334
global_cmt,loss_ratio,40.0,15.0,1480,177.05578072883895,-9.35488326451636e-05,0.002604691499975588,4.0708586320774565,94.0541934159109,1.8749479520116608
global_cmt,loss_ratio,41.0,15.0,1480,180.72543567404136,-7.938560498221575e-05,0.002369899129679521,3.8316977248254593,94.45127657137107,1.717025703803451
global_cmt,loss_ratio,42.0,15.0,1480,184.24432266649214,-6.720261442706325e-05,0.002153252723827437,3.601001783691722,94.83057068701115,1.5684275292971295
global_cmt,loss_ratio,43.0,15.0,1480,187.6294523438184,-5.675336615830952e-05,0.001953758894113486,3.3787899851446515,95.19190258510721,1.4293074297481199
global_cmt,loss_ratio,44.0,15.0,1480,190.90019342927354,-4.781635156719357e-05,0.0017704207695071095,3.1650754538511054,95.53520739546904,1.2997171506798588
global_cmt,loss_ratio,45.0,15.0,1480,194.07737160603165,-4.019358593262175e-05,0.0016022473204888939,2.9598604171238603,95.86052289938195,1.1796166834941648
global_cmt,loss_ratio,46.0,15.0,1480,197.18250096335757,-3.370902442283546e-05,0.0014482617517437477,2.7631324525730854,96.1679819851863,1.0688855622406035
global_cmt,loss_ratio,47.0,15.0,1480,200.23717043257065,-2.8206904431828845e-05,0.0013075088643465169,2.574861784756299,96.45780375644951,0.9673344587941857
global_cmt,loss_ratio,48.0,15.0,1480,203.26258746594937,-2.3550058025930215e-05,0.0011790613361561625,2.394999548368291,96.73028380866926,0.8747166429624671
global_cmt,loss_ratio,49.0,15.0,1480,206.2792660920844,-1.9618232722676654e-05,0.0010620249113634838,2.2234769087388213,96.98578414440233,0.790738946858842
global_cmt,loss_ratio,50.0,15.0,1480,209.3068365584937,-1.6306452542533225e-05,0.0009555425256371848,2.0602049142839065,97.22472313674683,0.7150719489692666
global_cmt,loss_ratio,51.0,15.0,1480,212.36394842167124,-1.3523444775107824e-05,0.000858797421522309,1.9050749486847927,97.44756588355307,0.6473591677621143
global_cmt,loss_ratio,52.0,15.0,1480,215.46823716426562,-1.119015159198534e-05,0.0007710153296914929,1.7579596512466045,97.65481522481905,0.5872251239343452
global_cmt,loss_ratio,53.0,15.0,1480,218.63632513766436,-9.238339814107526e-06,0.0006914658058041444,1.6187141803449914,97.84700362734857,0.5342821923064288
global_cmt,loss_ratio,54.0,15.0,1480,221.88382990100976,-7.609316993841784e-06,0.0006194628208602828,1.4871777054339468,98.02468607655423,0.4881362180118075
global_cmt,loss_ratio,55.0,15.0,1480,225.22535613397594,-6.252757600522573e-06,0.0005543647059802642,1.3631750263048774,98.18843405674772,0.44839091694740824
global_cmt,loss_ratio,56.0,15.0,1480,228.67445077309023,-5.125639530076092e-06,0.0004955735514945265,1.2465182329719606,98.33883064893348,0.4146511180945704
global_cmt,loss_ratio,57.0,15.0,1480,232.24350463448405,-4.1912883666466075e-06,0.0004425341560621989,1.137008334815335,98.47646672887416,0.38652493631051243
global_cmt,loss_ratio,58.0,15.0,1480,235.94358752553552,-3.418524742342616e-06,0.00039473261514936657,1.0344368028145183,98.60193820748785,0.3636249896976328
global_cmt,loss_ratio,59.0,15.0,1480,239.7842078735677,-2.7809086839472994e-06,0.0003516946303698546,0.9385869834503046,98.71584421977344,0.34556879677624724
global_cmt,loss_ratio,60.0,15.0,1480,243.77299250370862,-2.256073906629074e-06,0.0003129836125782951,0.8492353569177137,98.81878613682434,0.33197850625794406
global_cmt,loss_ratio,61.0,15.0,1480,247.9152877564278,-1.8251445175622888e-06,0.0002781986427302949,0.766152625558687,98.9113672477474,0.32248012669389764
global_cmt,loss_ratio,62.0,15.0,1480,252.2136900446634,-1.4722264355944394e-06,0.00024697234578639754,0.689104630821774,98.99419293455058,0.31670243462765607
global_cmt,loss_ratio,63.0,15.0,1480,256.6675225385364,-1.1839659345807032e-06,0.00021896872462094769,0.6178531085057314,99.06787114392174,0.31427574757253757
global_cmt,loss_ratio,64.0,15.0,1480,261.272285067769,-9.491680068297766e-07,0.00019388099319186592,0.5521563024033502,99.13301294646381,0.3148307511328522
global_cmt,loss_ratio,65.0,15.0,1480,266.0191163317202,-7.584676600727491e-07,0.00017142944123861294,0.4917694654959722,99.19023296801299,0.31799756649104644
global_cmt,loss_ratio,66.0,15.0,1480,270.8943203529755,-6.040477586286535e-07,0.00015135935654308984,0.4364452852176842,99.24014948108463,0.3234052336977002
global_cmt,loss_ratio,67.0,15.0,1480,275.87902134397115,-4.793975595099328e-07,0.00013343902530060767,0.38593427457934365,99.28338395919963,0.33068176622102535
global_cmt,loss_ratio,68.0,15.0,1480,280.9490205140132,-3.791066486706761e-07,0.0001174578263572317,0.3399851736364071,99.32055992441178,0.3394549019518064
global_cmt,loss_ratio,69.0,15.0,1480,286.0749318287877,-2.9868953067906327e-07,0.00010322443090395932,0.29834540544395666,99.35230095953584,0.34935363502019406
global_cmt,loss_ratio,70.0,15.0,1480,291.22266795457466,-2.344366522605957e-07,9.056511559409709e-05,0.2607616269265609,99.37922781088542,0.36001056218803423
global_cmt,loss_ratio,71.0,15.0,1480,296.35432947432355,-1.8328813680722077e-07,7.932219388437005e-05,0.22698040787753043,99.40195457270204,0.37106501942044173
global_cmt,loss_ratio,72.0,15.0,1480,301.4295181555211,-1.427269672485144e-07,6.935256761854545e-05,0.19674906078174118,99.42108401709862,0.3821669221196372
global_cmt,loss_ratio,73.0,15.0,1480,306.4070492551525,-1.1068877559841702e-07,6.052639841734321e-05,0.16981663089279558,99.43720220783463,0.39298116127257254
global_cmt,loss_ratio,74.0,15.0,1480,311.24698267660216,-8.548577799221555e-08,5.272589627430365e-05,0.14593504093749882,99.45087260598733,0.40319235307517465
global_cmt,loss_ratio,75.0,15.0,1480,315.9128360685785,-6.574273447645488e-08,4.584422087101794e-05,0.12486036924479806,99.46262993352242,0.41250969723276437
global_cmt,loss_ratio,76.0,15.0,1480,320.3737953421887,-5.0343114523134145e-08,3.9784489523899454e-05,0.10635422548099796,99.47297410033016,0.42067167418884605
global_cmt,loss_ratio,77.0,15.0,1480,324.6067109326007,-3.838391416844443e-08,3.4458884380031936e-05,0.09018517601771328,99.48236451640909,0.4274503075731838
global_cmt,loss_ratio,78.0,15.0,1480,328.59767041773017,-2.9137801230941308e-08,2.9787850518900054e-05,0.0761301625754366,99.49121510085992,0.43265473656466397
global_cmt,loss_ratio,79.0,15.0,1480,332.34297335586245,-2.20214639673797e-08,2.5699376013417718e-05,0.06397585410036682,99.49989026343621,0.436133882463412
global_cmt,loss_ratio,80.0,15.0,1480,335.84939864091734,-1.656920872576737e-08,2.2128344768055114e-05,0.053519873240237964,99.50870207587687,0.43777805088290445
global_cmt,loss_ratio,81.0,15.0,1480,339.13373749251525,-1.2410996750152152e-08,1.901595307472474e-05,0.04457184508573894,99.51790877502621,0.4375193798880453
global_cmt,loss_ratio,82.0,15.0,1480,342.2216511285952,-9.254232436623411e-09,1.630918127622707e-05,0.036954226274543235,99.5277146555619,0.43533111816354764
global_cmt,loss_ratio,83.0,15.0,1480,345.1459855337526,-6.8687181557475616e-09,1.3960312648379752e-05,0.030502885912099643,99.53827132539448,0.43122578869344413
global_cmt,loss_ratio,84.0,15.0,1480,347.9447245496495,-5.074277226147384e-09,1.1926492534256555e-05,0.02506742459167325,99.54968021941289,0.42525235599543737
global_cmt,loss_ratio,85.0,15.0,1480,350.6587811858125,-3.730619495426272e-09,1.0169321806446005e-05,0.02051123260046828,99.56199620365787,0.41749256374167115
global_cmt,loss_ratio,86.0,15.0,1480,353.3298169260882,-2.729085693205275e-09,8.654479814247769e-06,0.016711301842571188,99.57523205647264,0.4080566416847875
global_cmt,loss_ratio,87.0,15.0,1480,355.998246674382,-1.9859593388112732e-09,7.351373018023691e-06,0.013557817065996434,99.58936358752472,0.3970785954092864
global_cmt,loss_ratio,88.0,15.0,1480,358.70154239521855,-1.4370802064131828e-09,6.232806462247513e-06,0.010953560016816298,99.6043351492936,0.3847112906895926
global_cmt,loss_ratio,89.0,15.0,1480,361.47290100327075,-1.0335325040212234e-09,5.27467604982884e-06,0.00881316493191195,99.62006530628386,0.37112152878422994
global_cmt,loss_ratio,90.0,15.0,1480,364.34029913634157,-7.382150204331093e-10,4.455680229801281e-06,0.007062265458409301,99.63645245118263,0.3564852833589634
global_cmt,loss_ratio,91.0,15.0,1480,367.3259236064856,-5.23130284590288e-10,3.7570501930422047e-06,0.005636572062869336,99.65338019018036,0.3409832377567576
global_cmt,loss_ratio,92.0,15.0,1480,370.4459431125625,-3.6725581526418443e-10,3.1622979955808493e-06,0.004480915848719374,99.67072235747011,0.32479672668117276
global_cmt,loss_ratio,93.0,15.0,1480,373.7105735023269,-2.5488322800053444e-10,2.6569822160565018e-06,0.003548290087558752,99.68834755776243,0.30810415215002157
global_cmt,loss_ratio,94.0,15.0,1480,377.1243834507414,-1.7433063631120206e-10,2.228490829020876e-06,0.0027989153239464967,99.7061231724989,0.29107791217713375
global_cmt,loss_ratio,95.0,15.0,1480,380.6867873662802,-1.1695071214340954e-10,1.8658409673218256e-06,0.0021993481915000977,99.72391879819476,0.2738818536137446
global_cmt,loss_ratio,96.0,15.0,1480,384.3926753130864,-7.637121053914694e-11,1.5594951821503299e-06,0.0017216485247436612,99.74160911274124,0.25666923873400915
global_cmt,loss_ratio,97.0,15.0,1480,388.23313394784134,-4.791696015147979e-11,1.3011937127781573e-06,0.0013426142844123726,99.75907618705804,0.23958119865754968
global_cmt,loss_ratio,98.0,15.0,1480,392.19621679304305,-2.817251665902597e-11,1.083802169492942e-06,0.0010430894313083216,99.77621127529882,0.22274563526987706
global_cmt,loss_ratio,99.0,15.0,1480,396.26772611958137,-1.4653108358969102e-11,9.011739278570415e-07,0.00080734627848715,99.79291612739826,0.20627652632326948
global_cmt,loss_ratio,100.0,15.0,1480,400.43197231251344,-5.558403657033367e-12,7.480264405916615e-07,0.0006225410347141751,99.80910387385985,0.19027358510542283
global_cmt,loss_ratio,101.0,15.0,1480,404.67248018959333,4.107813056978412e-13,6.198306013840627e-07,0.0004782391764646721,99.82469953519231,0.1748222256312277
global_cmt,loss_ratio,102.0,15.0,1480,408.9726158105621,4.188235906328724e-12,5.127122455969067e-07,0.0003660058671413222,99.8396402081731,0.15999378595976296
global_cmt,loss_ratio,103.0,15.0,1480,413.31611229673706,6.44241210539807e-12,4.233648465032227e-07,0.0002790557777668619,99.85387497895422,0.1458459652680339
global_cmt,loss_ratio,104.0,15.0,1480,417.68747934375676,7.649828656052268e-12,3.489724607475878e-07,0.00021195624532572115,99.86736460960891,0.13242343414576369
global_cmt,loss_ratio,105.0,15.0,1480,422.07228846872584,8.148682072727135e-12,2.871419905811988e-07,0.00016037762993725905,99.88008104061264,0.11975858175742476
global_cmt,loss_ratio,106.0,15.0,1480,426.45733431622364,8.177834599853032e-12,2.3584385978886248e-07,0.00012088490747572253,99.89200674737783,0.10787236771467831
global_cmt,loss_ratio,107.0,15.0,1480,430.83068102767095,7.905052575492461e-12,1.9336024170195688e-07,9.076488105232844e-05,99.90313398463132,0.09677525048762346
global_cmt,loss_ratio,108.0,15.0,1480,435.18161104034465,7.44738031236003e-12,1.5824002797486447e-07,6.788384840861983e-05,99.91346394833172,0.08646816781986956
global_cmt,loss_ratio,109.0,15.0,1480,439.5005009236776,6.8857866674592325e-12,1.2925978289880954e-07,5.057107219698047e-05,99.9230058810925,0.07694354783527678
global_cmt,loss_ratio,110.0,15.0,1480,443.77865420347575,6.275659070331232e-12,1.0538998734736337e-07,3.7523928404863465e-05,99.93177614374935,0.06818633232221988
global_cmt,loss_ratio,111.0,15.0,1480,448.00812392063955,5.654299489941413e-12,8.576593684748575e-08,2.7731127656626243e-05,99.93979727279051,0.06017499608183391
global_cmt,loss_ratio,112.0,15.0,1480,452.1815574866429,5.046264558276323e-12,6.96627180447975e-08,2.0410896484811505e-05,99.94709704082122,0.05288254828227
global_cmt,loss_ratio,113.0,15.0,1480,456.2920930753004,4.467161352930783e-12,5.6473745686469416e-08,1.4961459563726964e-05,99.95370753500265,0.046277503537785425
global_cmt,loss_ratio,114.0,15.0,1480,460.33333047800727,3.926340779479853e-12,4.569239724577381e-08,1.0921573312715228e-05,99.95966426642599,0.04032481200069253
global_cmt,loss_ratio,115.0,15.0,1480,464.29939050747555,3.4288065138722824e-12,3.689633383223518e-08,7.939224057995495e-06,99.96500532159108,0.03498673918487524
global_cmt,loss_ratio,116.0,15.0,1480,468.18506641150844,2.976567262010807e-12,2.973414369603323e-08,5.74692065931346e-06,99.96977056548602,0.030223687593319615
global_cmt,loss_ratio,117.0,15.0,1480,471.9860593402541,2.5695947845913616e-12,2.3913988270977885e-08,4.1422845220694835e-06,99.97400090416647,0.025994953549011168
global_cmt,loss_ratio,118.0,15.0,1480,475.699278842258,2.2065030776082536e-12,1.91939702872643e-08,2.9728726743217316e-06,99.97773761316272,0.02225941396458571
global_cmt,loss_ratio,119.0,15.0,1480,479.323179837552,1.8850303557159197e-12,1.5373979117796947e-08,2.124366101850494e-06,99.98102173648226,0.018976139151635627
global_cmt,loss_ratio,120.0,15.0,1480,482.8581006305553,1.6023814080990073e-12,1.2288800375373837e-08,1.5114200050844956e-06,99.98389355941,0.016104929169999966
global_cmt,loss_ratio,121.0,15.0,1480,486.3065631433751,1.355470802049789e-12,9.802305081375572e-09,1.070609207702814e-06,99.98639215675072,0.01360677264009265
global_cmt,loss_ratio,122.0,15.0,1480,489.67349715785474,1.1410953354879674e-12,7.802558740958068e-09,7.55014520028577e-07,99.98855501662187,0.011444228363610753
global_cmt,loss_ratio,123.0,15.0,1480,492.9663549695494,9.56055656973453e-13,6.197712662009679e-09,5.300880301273275e-07,99.99041773842609,0.009581731485895542
global_cmt,loss_ratio,124.0,15.0,1480,496.19509100010987,7.972410441759492e-13,4.912559125567301e-09,3.705102809783029e-07,99.99201380224338,0.007985827246330138
global_cmt,loss_ratio,125.0,15.0,1480,499.37199166919186,6.616872113105349e-13,3.885648828678924e-09,2.578129288258717e-07,99.99337440562846,0.006625336558600709
global_cmt,loss_ratio,126.0,15.0,1480,502.5113529743357,5.466141652118578e-13,3.0668836397082598e-09,1.7858922693472866e-07,99.99452836271139,0.005471458699388429
global_cmt,loss_ratio,127.0,15.0,1480,505.62901543896197,4.494491640866838e-13,2.415510377746342e-09,1.231536500861185e-07,99.99550205961953,0.004497817226829592
global_cmt,loss_ratio,128.0,15.0,1480,508.74177713421295,3.678384791518708e-13,1.8984522807042616e-09,8.454295736978558e-08,99.9963194595844,0.0036804558726285606
global_cmt,loss_ratio,129.0,15.0,1480,511.86671440462004,2.9965072418335166e-13,1.4889242698374715e-09,5.777548728036157e-08,99.99700215068542,0.0029977915391080022
global_cmt,loss_ratio,130.0,15.0,1480,515.0204461617122,2.4297386616526186e-13,1.1652862410891973e-09,3.930474215908348e-08,99.99756942901298,0.002430531682269842
global_cmt,loss_ratio,131.0,15.0,1480,518.2183809965574,1.9610756797377227e-13,9.10095585496469e-10,2.66183841110402e-08,99.99803841009756,0.00196156328405825
global_cmt,loss_ratio,132.0,15.0,1480,521.473987098279,1.5755217728741129e-13,7.093261131546447e-10,1.7945481827479546e-08,99.99842416172191,0.001575820332617494
global_cmt,loss_ratio,133.0,15.0,1480,524.7981234815502,1.2599542169081274e-13,5.517256616457834e-10,1.2043910621803448e-08,99.9987398516874,0.0012601362686919357
global_cmt,loss_ratio,134.0,15.0,1480,528.198467840048,1.0029767004570408e-13,4.28289028097407e-10,8.046778351466838e-09,99.99899690469712,0.001003087256092984
global_cmt,loss_ratio,135.0,15.0,1480,531.6790719215902,7.947645670346141e-14,3.3182657721857737e-10,5.352080289628075e-09,99.99920516321349,0.0007948314344217305
global_cmt,loss_ratio,136.0,15.0,1480,535.2400699789554,6.269082703149373e-14,2.566120356631859e-10,3.54383866416816e-09,99.99937304790268,0.0006269485534857672
global_cmt,loss_ratio,137.0,15.0,1480,538.8775597074385,4.922594358393685e-14,1.9809566406210167e-10,2.3360456680595802e-09,99.99950771405457,0.0004922836093763148
global_cmt,loss_ratio,138.0,15.0,1480,542.5836680790592,3.8478288492636986e-14,1.5267126983507882e-10,1.5330300974038143e-09,99.99961520113101,0.00038479733594989804
global_cmt,loss_ratio,139.0,15.0,1480,546.3468064672808,2.994170739640335e-14,1.174874451125372e-10,1.0015863915893067e-09,99.99970057331775,0.00029942568066482266
global_cmt,loss_ratio,140.0,15.0,1480,550.1521102857173,2.3194462458667928e-14,9.029503547552768e-11,6.514804687332386e-10,99.99976804961659,0.00023194973193619645
global_cmt,loss_ratio,141.0,15.0,1480,553.982048051589,1.7887396110524738e-14,6.93242105387712e-11,4.218877409760548e-10,99.99982112259691,0.00017887698119322396
global_cmt,loss_ratio,142.0,15.0,1480,557.8171736139242,1.3733252527073523e-14,5.318565442340383e-11,2.7200854861622044e-10,99.99986266542297,0.0001373343050099355
global_cmt,loss_ratio,143.0,15.0,1480,561.6369838915025,1.04971598351172e-14,4.079135544833489e-11,1.7460885589531473e-10,99.99989502718171,0.00010497264368909127
global_cmt,loss_ratio,144.0,15.0,1480,565.4208338343994,7.98824184040483e-15,3.12912779468016e-11,1.1159795445060001e-10,99.99992011685796,7.988303043656942e-05
global_cmt,loss_ratio,145.0,15.0,1480,569.1488517136039,6.052302682207899e-15,2.4022869084707133e-11,7.10167618730523e-11,99.9999394765449,6.052338406739884e-05
global_cmt,loss_ratio,146.0,15.0,1480,572.8027926087782,4.565510188198349e-15,1.8470910555242305e-11,4.499753855095019e-11,99.99995434464522,4.565530980008758e-05
global_cmt,loss_ratio,147.0,15.0,1480,576.3667673130374,3.4289926696901773e-15,1.4235686600396937e-11,2.838890585276668e-11,99.99996570992425,3.429004737086127e-05
global_cmt,loss_ratio,148.0,15.0,1480,579.8277886074759,2.56425831842141e-15,1.1007820731273574e-11,1.78340269290679e-11,99.99997435732912,2.564265303865441e-05
global_cmt,loss_ratio,149.0,15.0,1480,583.1760871516784,1.909345138451773e-15,8.548446072344052e-12,1.1155781377283804e-11,99.99998090649713,1.9093491721069473e-05
global_cmt,loss_ratio,150.0,15.0,1480,586.4051645161751,1.4156114516601129e-15,6.673628691551506e-12,6.948793198638375e-12,99.99998584385528,1.4156137754331237e-05
global_cmt,loss_ratio,151.0,15.0,1480,589.5115698489863,1.045081544691864e-15,5.242168556029376e-12,4.310092873275132e-12,99.99998954916688,1.045082880502165e-05
global_cmt,loss_ratio,152.0,15.0,1480,592.494407465746,7.682671967890393e-16,4.1460675399358184e-12,2.6622005140511575e-12,99.99999231731769,7.682679631216004e-06
global_cmt,loss_ratio,153.0,15.0,1480,595.3546031585201,5.623929902390212e-16,3.3030873623434544e-12,1.6374981954387203e-12,99.99999437606407,5.623934290473414e-06
global_cmt,loss_ratio,154.0,15.0,1480,598.0939751814959,4.0996093433457274e-16,2.6509317508579556e-12,1.0030344664162739e-12,99.99999590038713,4.099611851641193e-06
global_cmt,loss_ratio,155.0,15.0,1480,600.7141700255573,2.975976245048458e-16,2.142684024517604e-12,6.118639376155074e-13,99.99999702402171,2.975977676532575e-06
global_cmt,loss_ratio,156.0,15.0,1480,603.2155321717319,2.1513461125484904e-16,1.7432169599734065e-12,3.7171222520072146e-13,99.99999784865271,2.151346928288426e-06
global_cmt,loss_ratio,157.0,15.0,1480,605.5959806288593,1.5487966036464644e-16,1.426364783459185e-12,2.248955439249272e-13,99.99999845120271,1.5487970678648384e-06
global_cmt,loss_ratio,158.0,15.0,1480,607.8499634504344,1.11043013683972e-16,1.1727038623069434e-12,1.3551455904387126e-13,99.99999888956945,1.1104304006795042e-06
global_cmt,loss_ratio,159.0,15.0,1480,609.9675552922395,7.928853668527504e-17,9.678275850490327e-13,8.132636097266128e-14,99.9999992071144,7.928855166282298e-07
global_cmt,loss_ratio,160.0,15.0,1480,611.9337533808158,5.638473941152562e-17,8.010245652438473e-13,4.861007943317741e-14,99.99999943615246,5.638474790433487e-07
global_cmt,loss_ratio,161.0,15.0,1480,613.7280150472089,3.993509090013805e-17,6.642831429220673e-13,2.89387974502529e-14,99.99999960064902,3.993509571066023e-07
global_cmt,loss_ratio,162.0,15.0,1480,615.3240662057864,2.817084712648203e-17,5.515547104625236e-13,1.7159460944249652e-14,99.99999971829149,2.817084984840177e-07
global_cmt,loss_ratio,163.0,15.0,1480,616.6899956554828,1.9792828193288853e-17,4.582171816405279e-13,1.0134587059570548e-14,99.99999980207168,1.9792829731814707e-07
global_cmt,loss_ratio,164.0,15.0,1480,617.7886355506763,1.3851269953380842e-17,3.806891750616919e-13,5.962089202771164e-15,99.99999986148728,1.3851270822095568e-07
global_cmt,loss_ratio,165.0,15.0,1480,618.5782144454248,9.655100195833224e-18,3.1615494328143515e-13,3.4937531145483107e-15,99.99999990344898,9.655100685817103e-08
global_cmt,loss_ratio,166.0,15.0,1480,619.0132565398619,6.7038114814182345e-18,2.623690050158283e-13,2.039385524402336e-15,99.99999993296188,6.703811757476925e-08
global_cmt,loss_ratio,167.0,15.0,1480,619.0456897290915,4.63658039359399e-18,2.1751721336934175e-13,1.1858580249767525e-15,99.99999995363419,4.636580548944655e-08
global_cmt,loss_ratio,168.0,15.0,1480,618.6261163300917,3.1944705688893863e-18,1.8011732922581025e-13,6.869199125215974e-16,99.99999996805529,3.194470656204437e-08
global_cmt,loss_ratio,169.0,15.0,1480,617.705194413059,2.1925031033264217e-18,1.4894706688674006e-13,3.9640068662115764e-16,99.99999997807497,2.1925031523379007e-08
global_cmt,loss_ratio,170.0,15.0,1480,616.2350747823382,1.4991256482097544e-18,1.2299121328016196e-13,2.278943454020588e-16,99.99999998500874,1.4991256756826758e-08
global_cmt,loss_ratio,171.0,15.0,1480,614.1708388580623,1.0211976977422556e-18,1.014020350186073e-13,1.3053313305017423e-16,99.99999998978802,1.0211977131193431e-08
global_cmt,loss_ratio,172.0,15.0,1480,611.4718856961978,6.930656445451597e-19,8.346902153732131e-14,7.449284120551464e-17,99.99999999306934,6.93065653138632e-09
global_cmt,loss_ratio,173.0,15.0,1480,608.1032215358579,4.686534279813079e-19,6.85952764585364e-14,4.235793145388572e-17,99.99999999531344,4.68653432775903e-09
global_cmt,loss_ratio,174.0,15.0,1480,604.0366117504807,3.157647409727139e-19,5.62787286577664e-14,2.3999524693174056e-17,99.99999999684235,3.1576474364318736e-09
global_cmt,loss_ratio,175.0,15.0,1480,599.2515620275922,2.1199851798681932e-19,4.6096913166642986e-14,1.3550050745254028e-17,99.99999999788001,2.1199851947153664e-09
global_cmt,loss_ratio,176.0,15.0,1480,593.7361022772886,1.4183510613289573e-19,3.7694459329279825e-14,7.623838787646147e-18,99.99999999858166,1.4183510695681956e-09
global_cmt,loss_ratio,177.0,15.0,1480,587.4873527480024,9.456755150584069e-20,3.0772682122825966e-14,4.274905474162297e-18,99.99999999905432,9.456755196218185e-10
global_cmt,loss_ratio,178.0,15.0,1480,580.5118570835083,6.283985621836304e-20,2.508084523060501e-14,2.3890555998579053e-18,99.9999999993716,6.28398564706102e-10
global_cmt,loss_ratio,179.0,15.0,1480,572.8256719402269,4.1618967221488407e-20,2.04087803650203e-14,1.3307642985362538e-18,99.9999999995838,4.161896736063592e-10
global_cmt,loss_ratio,180.0,15.0,1480,564.4542079003154,2.7475156457838685e-20,1.6580625874197147e-14,7.388914166410755e-19,99.99999999972526,2.7475156534436997e-10
global_cmt,loss_ratio,181.0,15.0,1480,555.4318224051729,1.8080591379185273e-20,1.3449501660559183e-14,4.0897362275051775e-19,99.99999999981918,1.8080591421262156e-10
global_cmt,loss_ratio,182.0,15.0,1480,545.8011727449164,1.186152501462213e-20,1.089297531239892e-14,2.2567155081428476e-19,99.99999999988138,1.1861525037686334e-10
global_cmt,loss_ratio,183.0,15.0,1480,535.6123458392273,7.75812271448206e-21,8.809201595374564e-15,1.2415314639287417e-19,99.99999999992242,7.758122727097352e-11
global_cmt,loss_ratio,184.0,15.0,1480,524.9217912266164,5.059347927476257e-21,7.113637638081608e-15,6.810381004190025e-20,99.99999999994941,5.059347934361467e-11
global_cmt,loss_ratio,185.0,15.0,1480,513.7910934946642,3.2899436492386176e-21,5.736251584572538e-15,3.7252195272394895e-20,99.99999999996709,3.289943652988338e-11
global_cmt,loss_ratio,186.0,15.0,1480,502.2856291962037,2.1334041083952932e-21,4.619154670464975e-15,2.0320465851037412e-20,99.99999999997866,2.1334041104330205e-11
global_cmt,loss_ratio,187.0,15.0,1480,490.4731599113285,1.3796968504104242e-21,3.714596574477503e-15,1.1054820734219172e-20,99.9999999999862,1.379696851515432e-11
global_cmt,loss_ratio,188.0,15.0,1480,478.4224165311992,8.899292065112631e-22,2.9832721316960325e-15,5.9984794619818305e-21,99.99999999999109,8.899292071092152e-12
global_cmt,loss_ratio,189.0,15.0,1480,466.2017294564084,5.725638921935554e-22,2.39289447993348e-15,3.2466640791292225e-21,99.99999999999427,5.725638925164498e-12
global_cmt,loss_ratio,190.0,15.0,1480,453.8777551374937,3.674722962918515e-22,1.9169957196316364e-15,1.752974108924881e-21,99.99999999999632,3.6747229646585666e-12
global_cmt,loss_ratio,191.0,15.0,1480,441.51434167893365,2.352841600174411e-22,1.5339213867095184e-15,9.44258110134538e-22,99.99999999999766,2.352841601110219e-12
global_cmt,loss_ratio,192.0,15.0,1480,429.17156594802793,1.5030147390845613e-22,1.2259895969047237e-15,5.074787575011121e-22,99.9999999999985,1.5030147395868484e-12
global_cmt,loss_ratio,193.0,15.0,1480,416.9049629030579,9.580118845261458e-23,9.787897145698185e-16,2.721393906971287e-22,99.99999999999906,9.58011884795223e-13
global_cmt,loss_ratio,194.0,15.0,1480,404.76495587315986,6.093261733134979e-23,7.805989012040453e-16,1.4562815485014282e-22,99.99999999999937,6.093261734573711e-13
global_cmt,loss_ratio,195.0,15.0,1480,392.7964853653752,3.8675297053534286e-23,6.218979673670025e-16,7.777018417034855e-23,99.9999999999996,3.867529706121293e-13
global_cmt,loss_ratio,196.0,15.0,1480,381.03882448028054,2.449939376007323e-23,4.949706346282738e-16,4.1450288228252196e-23,99.99999999999974,2.449939376416404e-13
global_cmt,loss_ratio,197.0,15.0,1480,369.5255617140067,1.5489847092562713e-23,3.9357265390954807e-16,2.205061609399457e-23,99.99999999999984,1.5489847094738306e-13
global_cmt,loss_ratio,198.0,15.0,1480,358.28472702155574,9.775534822851439e-24,3.1265926030407223e-16,1.170911260044894e-23,99.9999999999999,9.775534824006523e-14
global_cmt,loss_ratio,199.0,15.0,1480,347.33903444744635,6.158376011704274e-24,2.4816120589596426e-16,6.206801262754386e-24,99.99999999999993,6.158376012316534e-14
global_cmt,loss_ratio,200.0,15.0,1480,336.70621412116634,3.873057775449647e-24,1.9680113191376222e-16,3.2845960840542818e-24,99.99999999999996,3.873057775773665e-14
isc_ehb,pga_percent,0.0,15.0,1480,36.0508626797543,-10.365821054243723,23.692693358655404,67.16613093289669,10.032301746358685,22.80156732074461
isc_ehb,pga_percent,1.0,15.0,1480,37.68506901057705,-10.256271080508746,23.544704944165783,66.99640192295885,9.99540756637791,23.00819051066323
isc_ehb,pga_percent,2.0,15.0,1480,39.380065377647895,-10.145825145514252,23.391014575048874,66.8404771083448,9.948713170054805,23.210809721600405
isc_ehb,pga_percent,3.0,15.0,1480,41.13844900288988,-10.034650107372569,23.231591627623896,66.69864722284339,9.8927170148838,23.408635762272795
isc_ehb,pga_percent,4.0,15.0,1480,42.96326475541675,-9.922902932305508,23.066391061123845,66.57115818684936,9.82799902133218,23.600842791818454
isc_ehb,pga_percent,5.0,15.0,1480,44.85806025048915,-9.810728153631418,22.895353164029796,66.45820435367968,9.75522009085117,23.78657555546914
isc_ehb,pga_percent,6.0,15.0,1480,46.82693714987949,-9.698255279951349,22.718403680538326,66.35992100290767,9.675120828495535,23.96495816859679
isc_ehb,pga_percent,7.0,15.0,1480,48.8745961039356,-9.58559619495234,22.535454379477056,66.27637608569212,9.588519380629718,24.135104533678152
isc_ehb,pga_percent,8.0,15.0,1480,51.00637223394776,-9.47284260150465,22.34640412767491,66.20756126478062,9.496308291031282,24.296130444188123
isc_ehb,pga_percent,9.0,15.0,1480,53.22825742106548,-9.36006357394078,22.151140526848167,66.15338233950663,9.399450273318612,24.447167387174744
isc_ehb,pga_percent,10.0,15.0,1480,55.5469049479961,-9.247303294192548,21.94954216678807,66.11364920392259,9.298972795339026,24.587378000738386
isc_ehb,pga_percent,11.0,15.0,1480,57.969611248722245,-9.13457905925553,21.74148153732764,66.08806555372719,9.195961373523446,24.71597307274937
isc_ehb,pga_percent,12.0,15.0,1480,60.5042686965406,-9.021879658447707,21.52682862657323,66.0762186334041,9.091551484015879,24.832229882580034
isc_ehb,pga_percent,13.0,15.0,1480,63.159282567796424,-8.909164228093875,21.305455212694373,66.07756939630401,8.98691901448997,24.93551158920602
isc_ehb,pga_percent,14.0,15.0,1480,65.94344466289783,-8.796361697335827,21.077239830898886,66.09144353316302,8.88326920778075,25.025287259056245
isc_ehb,pga_percent,15.0,15.0,1480,68.8657557030279,-8.683370940295637,20.84207336616733,66.11702390307406,8.781824087313497,25.101152009612438
isc_ehb,pga_percent,16.0,15.0,1480,71.93518876644822,-8.570061745268884,20.599865186457606,66.15334496799241,8.683808405766946,25.162846626240654
isc_ehb,pga_percent,17.0,15.0,1480,75.1603869644523,-8.456276699501808,20.35054969159998,66.19928987890778,8.590434222546872,25.21027589854536
isc_ehb,pga_percent,18.0,15.0,1480,78.5492906269892,-8.34183406714605,20.094093111856836,66.25359087947471,8.502884291339392,25.243524829185894
isc_ehb,pga_percent,19.0,15.0,1480,82.10869285220464,-8.226531707374324,19.830500349704835,66.31483367172223,8.422294523631312,25.262871804646448
isc_ehb,pga_percent,20.0,15.0,1480,85.84372773797848,-8.110152039267067,19.55982162204732,66.38146632006845,8.349735883310075,25.26879779662148
isc_ehb,pga_percent,21.0,15.0,1480,89.75730321630074,-7.992468010763799,19.282158631496134,66.45181314819787,8.28619615526439,25.26199069653773
isc_ehb,pga_percent,22.0,15.0,1480,93.84950017203052,-7.873249972645291,18.997669978473837,66.52409390614612,8.232562109791472,25.243343984062378
isc_ehb,pga_percent,23.0,15.0,1480,98.1169710541466,-7.7522732982932325,18.70657552435227,66.59644825499885,8.18960264609068,25.213949098910444
isc_ehb,pga_percent,24.0,15.0,1480,102.55238349700439,-7.629326530093845,18.4091594326148,66.66696534283638,8.157953533514906,25.175081123648734
isc_ehb,pga_percent,25.0,15.0,1480,107.14396585414218,-7.504219778894355,18.10577165181938,66.73371794322736,8.138104370742994,25.12817768602964
isc_ehb,pga_percent,26.0,15.0,1480,111.8752195737917,-7.376793059372565,17.796827660953102,66.79480031786525,8.130388344834826,25.074811337299906
isc_ehb,pga_percent,27.0,15.0,1480,116.7248650780304,-7.246924216817581,17.48280637258346,66.84836867337937,8.134975291596673,25.016656035023985
isc_ehb,pga_percent,28.0,15.0,1480,121.66708033704619,-7.114536094011012,17.164246177889247,66.89268283637362,8.151868437222948,24.955448726403425
isc_ehb,pga_percent,29.0,15.0,1480,126.67207259585966,-6.979602603407725,16.841739214145463,66.92614759648215,8.180905044679005,24.89294735883884
isc_ehb,pga_percent,30.0,15.0,1480,131.70699347670666,-6.8421534102515995,16.515924032094794,66.94735208604985,8.221761006953836,24.830886906996298
isc_ehb,pga_percent,31.0,15.0,1480,136.7371683595855,-6.702276994772119,16.187476929791593,66.95510559034342,8.273959236835918,24.770935172820664
isc_ehb,pga_percent,32.0,15.0,1480,141.72756787536437,-6.56012194190928,15.857102293194833,66.94846831704602,8.336881514998543,24.714650167955433
isc_ehb,pga_percent,33.0,15.0,1480,146.64441017592168,-6.415896398787731,15.525522335525983,66.92677588995903,8.409783290882258,24.66344081915872
isc_ehb,pga_percent,34.0,15.0,1480,151.45675572955483,-6.269865735760642,15.193466652792411,66.88965665039939,8.491810798328903,24.618532551271716
isc_ehb,pga_percent,35.0,15.0,1480,156.13794855160126,-6.122348538221016,14.861662010127164,66.8370412233104,8.58201976082699,24.580939015862622
isc_ehb,pga_percent,36.0,15.0,1480,160.6667721462993,-5.9737111360620645,14.530822743722709,66.76916420106976,8.679394925455128,24.55144087347512
isc_ehb,pga_percent,37.0,15.0,1480,165.02822318820617,-5.824360939644905,14.201642109722938,66.686558182822,8.78286968069981,24.530572136478185
isc_ehb,pga_percent,38.0,15.0,1480,169.21385459720548,-5.674738891477973,13.874784840081224,66.59004075031214,8.891345076690191,24.518614172997673
isc_ehb,pga_percent,39.0,15.0,1480,173.2216926923993,-5.525311360000727,13.550881082917721,66.48069523841491,9.003707668229382,24.5155970933557
isc_ehb,pga_percent,40.0,15.0,1480,177.05578072883895,-5.376561796716276,13.230521818498174,66.35984635412265,9.118845729678592,24.521307916198754
isc_ehb,pga_percent,41.0,15.0,1480,180.72543567404136,-5.228982453252767,12.914255758328268,66.22903180530653,9.235663533427319,24.535304661266128
isc_ehb,pga_percent,42.0,15.0,1480,184.24432266649214,-5.083066415002958,12.602587659620418,66.0899711225921,9.353093527871332,24.556935349536545
isc_ehb,pga_percent,43.0,15.0,1480,187.6294523438184,-4.939300157815608,12.295977924627449,65.944532804001,9.47010638566719,24.585360810331807
isc_ehb,pga_percent,44.0,15.0,1480,190.90019342927354,-4.798156778934345,11.99484330645403,65.79470079756356,9.585719010180112,24.619580192256333
isc_ehb,pga_percent,45.0,15.0,1480,194.07737160603165,-4.660089997722361,11.699558510748595,65.64254117960432,9.69900068202795,24.65845813836771
isc_ehb,pga_percent,46.0,15.0,1480,197.18250096335757,-4.525528969596421,11.410458465586085,65.4901697040729,9.809077595845496,24.70075270008159
isc_ehb,pga_percent,47.0,15.0,1480,200.23717043257065,-4.394873910934981,11.127841028310776,65.33972070809874,9.915136079748137,24.745143212153124
isc_ehb,pga_percent,48.0,15.0,1480,203.26258746594937,-4.2684924953871395,10.851969905941415,65.19331767536548,10.016424808288862,24.79025751634568
isc_ehb,pga_percent,49.0,15.0,1480,206.2792660920844,-4.14671695389159,10.583077582525336,65.05304559329406,10.112256317081803,24.834698089624137
isc_ehb,pga_percent,50.0,15.0,1480,209.3068365584937,-4.029841791924027,10.321368070204068,64.92092510053423,10.202008107460887,24.877066792004882
isc_ehb,pga_percent,51.0,15.0,1480,212.36394842167124,-3.918122027547777,10.067019328645973,64.79888831307717,10.285123596417353,24.915988090505458
isc_ehb,pga_percent,52.0,15.0,1480,215.46823716426562,-3.8117718518921113,9.820185228254829,64.68875614315826,10.36111312419575,24.950130732646
isc_ehb,pga_percent,53.0,15.0,1480,218.63632513766436,-3.710963618680028,9.580996964982354,64.59221688589564,10.42955518237451,24.97822793172986
isc_ehb,pga_percent,54.0,15.0,1480,221.88382990100976,-3.615827080276641,9.349563867893577,64.51080584389268,10.490097971435151,24.99909618467218
isc_ehb,pga_percent,55.0,15.0,1480,225.22535613397594,-3.5264488033719927,9.125973574428398,64.44588578852893,10.542461340545701,25.011652870925374
isc_ehb,pga_percent,56.0,15.0,1480,228.67445077309023,-3.4428717168645466,8.910291582339461,64.39862811647133,10.586439104878782,25.014932778649897
isc_ehb,pga_percent,57.0,15.0,1480,232.24350463448405,-3.365094766855033,8.702560221359395,64.36999464856481,10.621901678289545,25.008103673145655
isc_ehb,pga_percent,58.0,15.0,1480,235.94358752553552,-3.293072677993888,8.502797121401283,64.36072013246739,10.648798902578653,24.990480964953964
isc_ehb,pga_percent,59.0,15.0,1480,239.7842078735677,-3.226715845793483,8.310993286844576,64.37129564583144,10.66716290004307,24.96154145412548
isc_ehb,pga_percent,60.0,15.0,1480,243.77299250370862,-3.1658904098241365,8.127110917072988,64.4019532475707,10.677110725194478,24.920936027234816
isc_ehb,pga_percent,61.0,15.0,1480,247.9152877564278,-3.1104185816488794,7.951081140265348,64.45265238276724,10.678846546652156,24.868501070580592
isc_ehb,pga_percent,62.0,15.0,1480,252.2136900446634,-3.060079322334388,7.782801848367984,64.52306870152081,10.67266305428024,24.804268244198937
isc_ehb,pga_percent,63.0,15.0,1480,256.6675225385364,-3.014609480545943,7.622135833741447,64.61258609026058,10.658941763343577,24.728472146395838
isc_ehb,pga_percent,64.0,15.0,1480,261.272285067769,-2.9737055115176254,7.468909429671484,64.7202928199493,10.638151881039766,24.64155529901094
isc_ehb,pga_percent,65.0,15.0,1480,266.0191163317202,-2.937025897437371,7.322911845604077,64.84498277167313,10.610847415623248,24.54416981270362
isc_ehb,pga_percent,66.0,15.0,1480,270.8943203529755,-2.9041943790145437,7.183895362255245,64.98516268845923,10.577662248442895,24.437175063097882
isc_ehb,pga_percent,67.0,15.0,1480,275.87902134397115,-2.8748040846999716,7.0515765115665205,65.13906630672531,10.539302957363365,24.321630735911324
isc_ehb,pga_percent,68.0,15.0,1480,280.9490205140132,-2.848422607553009,6.925638313344345,65.30467602997616,10.49653927699756,24.198784693026287
isc_ehb,pga_percent,69.0,15.0,1480,286.0749318287877,-2.8245980306715883,6.805733577601785,65.4797525171535,10.450192204851785,24.070055277994726
isc_ehb,pga_percent,70.0,15.0,1480,291.22266795457466,-2.802865842521751,6.691489213979128,65.661872174658,10.40111990730428,23.937007918037718
isc_ehb,pga_percent,71.0,15.0,1480,296.35432947432355,-2.7827566171930287,6.582511423155112,65.84847208300853,10.350201736019077,23.801326180972392
isc_ehb,pga_percent,72.0,15.0,1480,301.4295181555211,-2.763804266903293,6.478391586264281,66.03690138767291,10.298320821287552,23.664777791039537
isc_ehb,pga_percent,73.0,15.0,1480,306.4070492551525,-2.745554611491622,6.378712622891943,66.22447768130468,10.246345848877592,23.529176469817745
isc_ehb,pga_percent,74.0,15.0,1480,311.24698267660216,-2.727573959163992,6.283055560709155,66.40854645136083,10.195112735543608,23.396340813095552
isc_ehb,pga_percent,75.0,15.0,1480,315.9128360685785,-2.709457360953628,6.191006052621513,66.58654131428024,10.145406981129902,23.26805170458985
isc_ehb,pga_percent,76.0,15.0,1480,320.3737953421887,-2.6908361933430336,6.102160590372809,66.75604255080843,10.097947481606736,23.14600996758484
isc_ehb,pga_percent,77.0,15.0,1480,324.6067109326007,-2.671384742029753,6.016132194427702,66.91483142941799,10.05337253251802,23.031796038063995
isc_ehb,pga_percent,78.0,15.0,1480,328.59767041773017,-2.650825504685085,5.932555404315735,67.060937969877,10.012228638236078,22.92683339188693
isc_ehb,pga_percent,79.0,15.0,1480,332.34297335586245,-2.6289329983805354,5.851090445976903,67.19268014837652,9.974962578291034,22.83235727333243
isc_ehb,pga_percent,80.0,15.0,1480,335.84939864091734,-2.6055359419527195,5.771426507279372,67.30869304869735,9.941916983196842,22.74938996810581
isc_ehb,pga_percent,81.0,15.0,1480,339.13373749251525,-2.580517776762998,5.693284104617472,67.40794707197281,9.913329458062037,22.678723469965146
isc_ehb,pga_percent,82.0,15.0,1480,342.2216511285952,-2.5538155820634496,5.61641656833952,67.48975497073359,9.889335083653775,22.62090994561262
isc_ehb,pga_percent,83.0,15.0,1480,345.1459855337526,-2.525417524912905,5.540610710165012,67.55376810847007,9.869971940757635,22.576259950772307
isc_ehb,pga_percent,84.0,15.0,1480,347.9447245496495,-2.4953590522672937,5.465686760675958,67.59996290722434,9.855189159883444,22.5448479328922
isc_ehb,pga_percent,85.0,15.0,1480,350.6587811858125,-2.463718079843893,5.391497679620903,67.62861888901107,9.844856904108383,22.526524206880577
isc_ehb,pga_percent,86.0,15.0,1480,353.3298169260882,-2.4306094567165966,5.317927947286031,67.64029001579856,9.838777651229211,22.52093233297223
isc_ehb,pga_percent,87.0,15.0,1480,355.998246674382,-2.396178987076666,5.24489194324034,67.6357711795822,9.836698149516279,22.52753067090152
isc_ehb,pga_percent,88.0,15.0,1480,358.70154239521855,-2.3605972741091765,5.172332011232537,67.61606169785601,9.838321471536094,22.54561683060788
isc_ehb,pga_percent,89.0,15.0,1480,361.47290100327075,-2.324053619881835,5.100216297745314,67.58232755270559,9.843318671974734,22.574353775319686
isc_ehb,pga_percent,90.0,15.0,1480,364.34029913634157,-2.286750174598145,5.02853643834277,67.53586390402259,9.851339656143095,22.61279643983432
isc_ehb,pga_percent,91.0,15.0,1480,367.3259236064856,-2.2488964835709786,4.957305151857831,67.47805914216796,9.862022974265948,22.6599178835661
isc_ehb,pga_percent,92.0,15.0,1480,370.4459431125625,-2.210704535261447,4.886553788757642,67.41036145453708,9.875004362763436,22.714634182699484
isc_ehb,pga_percent,93.0,15.0,1480,373.7105735023269,-2.172384372177842,4.816329867532025,67.33424859103206,9.889923949905247,22.775827459062693
isc_ehb,pga_percent,94.0,15.0,1480,377.1243834507414,-2.134140290706423,4.746694622275771,67.2512012460849,9.906432124455803,22.842366629459296
isc_ehb,pga_percent,95.0,15.0,1480,380.6867873662802,-2.0961676273297996,4.677720576176796,67.16268024324236,9.92419412972962,22.913125627028023
isc_ehb,pga_percent,96.0,15.0,1480,384.3926753130864,-2.058650107518499,4.6094891495955,67.07010751945202,9.942893491442273,22.986998989105697
isc_ehb,pga_percent,97.0,15.0,1480,388.23313394784134,-2.021757719466435,4.542088307879587,66.97485076158746,9.962234417056528,23.06291482135601
isc_ehb,pga_percent,98.0,15.0,1480,392.19621679304305,-1.985645066894023,4.475610252908829,66.87821144477489,9.981943319203069,23.13984523602205
isc_ehb,pga_percent,99.0,15.0,1480,396.26772611958137,-1.9504501521954312,4.410149163378063,66.78141595539343,10.001769618950028,23.216814425656537
isc_ehb,pga_percent,100.0,15.0,1480,400.43197231251344,-1.9162935419916154,4.345798991656556,66.68560944445852,10.021485979085393,23.292904576456074
isc_ehb,pga_percent,101.0,15.0,1480,404.67248018959333,-1.8832778704384414,4.282651329258944,66.5918520423682,10.040888105873405,23.367259851758387
isc_ehb,pga_percent,102.0,15.0,1480,408.9726158105621,-1.8514876403288771,4.22079335799787,66.50111706703022,10.059794242311167,23.439088690658597
isc_ehb,pga_percent,103.0,15.0,1480,413.31611229673706,-1.8209892872030673,4.160305909176964,66.41429086848483,10.078044458651528,23.50766467286365
isc_ehb,pga_percent,104.0,15.0,1480,417.68747934375676,-1.7918314766294798,4.101261658117234,66.33217396981468,10.095499828306751,23.572326201878557
isc_ehb,pga_percent,105.0,15.0,1480,422.07228846872584,-1.7640456090417576,4.043723485294934,66.25548318324928,10.112041560183556,23.63247525656717
isc_ehb,pga_percent,106.0,15.0,1480,426.45733431622364,-1.737646509701664,3.987743037861624,66.1848544000679,10.127570142609736,23.68757545732235
isc_ehb,pga_percent,107.0,15.0,1480,430.83068102767095,-1.712633283374583,3.933359525869273,66.12084577248787,10.142004539561718,23.73714968795043
isc_ehb,pga_percent,108.0,15.0,1480,435.18161104034465,-1.6889903141641374,3.880598785822615,66.06394102543598,10.15528146691843,23.780777507645602
isc_ehb,pga_percent,109.0,15.0,1480,439.5005009236776,-1.6666883907912136,3.829472640085881,66.01455265689653,10.167354764823216,23.818092578280243
isc_ehb,pga_percent,110.0,15.0,1480,443.77865420347575,-1.6456859366470304,3.7799785742355443,65.97302480878908,10.178194871725953,23.848780319484952
isc_ehb,pga_percent,111.0,15.0,1480,448.00812392063955,-1.6259303224922912,3.732099745933114,65.93963561760059,10.187788396086528,23.872575986312885
isc_ehb,pga_percent,112.0,15.0,1480,452.1815574866429,-1.6073592380444541,3.6858053287444728,65.91459888670603,10.196137772878071,23.889263340415887
isc_ehb,pga_percent,113.0,15.0,1480,456.2920930753004,-1.5899020972325755,3.6410511831700196,65.89806496152534,10.203260983853536,23.898674054621125
isc_ehb,pga_percent,114.0,15.0,1480,460.33333047800727,-1.5734814509269668,3.5977808357008696,65.89012073486667,10.209191313065558,23.900687952067774
isc_ehb,pga_percent,115.0,15.0,1480,464.29939050747555,-1.558014380749758,3.5559267357564117,65.89078876273648,10.213977102517456,23.895234134746065
isc_ehb,pga_percent,116.0,15.0,1480,468.18506641150844,-1.5434138483572153,3.5154117506386218,65.90002552945167,10.217681467346129,23.882293003202207
isc_ehb,pga_percent,117.0,15.0,1480,471.9860593402541,-1.5295899764853937,3.4761508508139642,65.91771896310867,10.220381925960675,23.86189911093066
isc_ehb,pga_percent,118.0,15.0,1480,475.699278842258,-1.5164512410985507,3.438052932402493,65.94368536559999,10.22216989849567,23.83414473590433
isc_ehb,pga_percent,119.0,15.0,1480,479.323179837552,-1.503905558100718,3.4010227210131516,65.97766598204846,10.223150027192599,23.79918399075892
isc_ehb,pga_percent,120.0,15.0,1480,482.8581006305553,-1.4918612530876953,3.364962701089792,66.01932348899614,10.223439275239313,23.75723723576455
isc_ehb,pga_percent,121.0,15.0,1480,486.3065631433751,-1.4802279082604983,3.329775017580704,66.06823872509662,10.22316576639632,23.708595508507063
isc_ehb,pga_percent,122.0,15.0,1480,489.67349715785474,-1.468917086550958,3.295363301678589,66.12390801882688,10.222467336466103,23.653624644707005
isc_ehb,pga_percent,123.0,15.0,1480,492.9663549695494,-1.4578429388406815,3.261634379110711,66.18574148184264,10.221489779155664,23.59276873900171
isc_ehb,pga_percent,124.0,15.0,1480,496.19509100010987,-1.4469227054891995,3.228499827407052,66.25306263191806,10.220384782753602,23.526552585328343
isc_ehb,pga_percent,125.0,15.0,1480,499.37199166919186,-1.4360771278524689,3.195877357116846,66.32510968489305,10.219307569685327,23.455582745421623
isc_ehb,pga_percent,126.0,15.0,1480,502.5113529743357,-1.4252307887519597,3.1636920004787608,66.40103881088507,10.218414267627745,23.38054692148719
isc_ehb,pga_percent,127.0,15.0,1480,505.62901543896197,-1.4143124027153988,3.1318770990418816,66.47992958763913,10.217859057526136,23.30221135483472
isc_ehb,pga_percent,128.0,15.0,1480,508.74177713421295,-1.4032550771260275,3.100375088751715,66.5607928058696,10.217791159559763,23.221416034570634
isc_ehb,pga_percent,129.0,15.0,1480,511.86671440462004,-1.3919965641773866,3.0691380867521856,66.64258069134458,10.218351731853645,23.139067576801782
isc_ehb,pga_percent,130.0,15.0,1480,515.0204461617122,-1.3804795208402836,3.038128288441183,66.72419951054569,10.21967076761972,23.056129721834598
isc_ehb,pga_percent,131.0,15.0,1480,518.2183809965574,-1.36865179011853,3.007318186115929,66.80452442568425,10.221864083672603,22.97361149064315
isc_ehb,pga_percent,132.0,15.0,1480,521.473987098279,-1.356466711997337,2.976690621935659,66.88241636546888,10.225030496354414,22.892553138176723
isc_ehb,pga_percent,133.0,15.0,1480,524.7981234815502,-1.3438834670308122,2.9462386880902938,66.95674058492138,10.229249279520472,22.814010135558163
isc_ehb,pga_percent,134.0,15.0,1480,528.198467840048,-1.3308674498620467,2.915965486242985,67.02638650493722,10.234577993353069,22.73903550170971
isc_ehb,pga_percent,135.0,15.0,1480,531.6790719215902,-1.3173906645114764,2.885883756803249,67.09028835378639,10.241050762622004,22.668660883591595
isc_ehb,pga_percent,136.0,15.0,1480,535.2400699789554,-1.303432128370309,2.856015386694716,67.1474460812154,10.24867706908596,22.60387684969864
isc_ehb,pga_percent,137.0,15.0,1480,538.8775597074385,-1.2889782678083002,2.8263908023098634,67.19694598329124,10.257441105730392,22.54561291097836
isc_ehb,pga_percent,138.0,15.0,1480,542.5836680790592,-1.2740232853915492,2.7970482525717273,67.23798046382166,10.267301721334949,22.494717814843384
isc_ehb,pga_percent,139.0,15.0,1480,546.3468064672808,-1.258569477065975,2.7680329856887624,67.26986636644159,10.278192963439798,22.451940670118603
isc_ehb,pga_percent,140.0,15.0,1480,550.1521102857173,-1.2426274773668942,2.739396322485903,67.29206133980165,10.290025207169242,22.41791345302912
isc_ehb,pga_percent,141.0,15.0,1480,553.982048051589,-1.2262164117474375,2.7111946292614473,67.30417774547894,10.302686837598646,22.393135416922423
isc_ehb,pga_percent,142.0,15.0,1480,557.8171736139242,-1.2093639373792222,2.683488194039602,67.30599368229768,10.31604643537224,22.37795988233008
isc_ehb,pga_percent,143.0,15.0,1480,561.6369838915025,-1.1921061570978633,2.6563400118898137,67.29746077911027,10.329955399926092,22.37258382096364
isc_ehb,pga_percent,144.0,15.0,1480,565.4208338343994,-1.1744873953181678,2.6298144876369047,67.27870849765405,10.344250932601408,22.377040569744537
isc_ehb,pga_percent,145.0,15.0,1480,569.1488517136039,-1.1565598294667587,2.6039760677031647,67.25004478438113,10.358759293598055,22.391195922020774
isc_ehb,pga_percent,146.0,15.0,1480,572.8027926087782,-1.1383829754933013,2.578887816858977,67.2119530114539,10.37329924233399,22.41474774621211
isc_ehb,pga_percent,147.0,15.0,1480,576.3667673130374,-1.1200230310478876,2.554609960107465,67.16508524865401,10.387685570318016,22.44722918102797
isc_ehb,pga_percent,148.0,15.0,1480,579.8277886074759,-1.1015520846947329,2.531198414529871,67.11025200615425,10.401732638852854,22.48801535499288
isc_ehb,pga_percent,149.0,15.0,1480,583.1760871516784,-1.0830472038513863,2.5087033403602077,67.04840867965429,10.415257840293881,22.536333480051834
isc_ehb,pga_percent,150.0,15.0,1480,586.4051645161751,-1.0645894178274764,2.4871677444907028,66.98063901148177,10.428084910557052,22.591276077961183
isc_ehb,pga_percent,151.0,15.0,1480,589.5115698489863,-1.0462626152733447,2.4666261726648817,66.90813595170883,10.440047031338114,22.651817016953043
isc_ehb,pga_percent,152.0,15.0,1480,592.494407465746,-1.0281523774813446,2.4471035284319993,66.83218036062766,10.450989672256021,22.716829967116304
isc_ehb,pga_percent,153.0,15.0,1480,595.3546031585201,-1.010344770311673,2.4286140571936747,66.75411803727052,10.460773135050774,22.78510882767872
isc_ehb,pga_percent,154.0,15.0,1480,598.0939751814959,-0.9929251180892052,2.4111605321247813,66.67533558791918,10.469274773300489,22.85538963878032
isc_ehb,pga_percent,155.0,15.0,1480,600.7141700255573,-0.9759767827241336,2.3947336752582182,66.59723566416876,10.476390871244481,22.92637346458673
isc_ehb,pga_percent,156.0,15.0,1480,603.2155321717319,-0.9595799706569011,2.379311841584394,66.52121210296202,10.482038173743279,22.996749723294712
isc_ehb,pga_percent,157.0,15.0,1480,605.5959806288593,-0.943810589135661,2.364860986778504,66.44862549223774,10.486155065900691,23.06521944186157
isc_ehb,pga_percent,158.0,15.0,1480,607.8499634504344,-0.9287391719160327,2.351334930428117,66.38077966667701,10.488702405350987,23.130517927972015
isc_ehb,pga_percent,159.0,15.0,1480,609.9675552922395,-0.9144298928252453,2.338675916817511,66.31889960967413,10.489664012809753,23.1914363775161
isc_ehb,pga_percent,160.0,15.0,1480,611.9337533808158,-0.9009396838275683,2.3268154649575545,66.26411120113265,10.489046827513917,23.246841971353412
isc_ehb,pga_percent,161.0,15.0,1480,613.7280150472089,-0.8883174723070815,2.315675489205928,66.21742320678389,10.486880734089336,23.295696059126776
isc_ehb,pga_percent,162.0,15.0,1480,615.3240662057864,-0.8766035502593842,2.3051696620771387,66.17971185402004,10.483218066733674,23.337070079246303
isc_ehb,pga_percent,163.0,15.0,1480,616.6899956554828,-0.8658290859421882,2.295204982220436,66.15170828211758,10.478132795975323,23.370158921907077
isc_ehb,pga_percent,164.0,15.0,1480,617.7886355506763,-0.8560157862446551,2.285683503480946,66.1339890915315,10.471719403232829,23.394291505235653
isc_ehb,pga_percent,165.0,15.0,1480,618.5782144454248,-0.8471757155586113,2.2765041757706053,66.12697014807038,10.464091449441717,23.40893840248789
isc_ehb,pga_percent,166.0,15.0,1480,619.0132565398619,-0.8393112742382032,2.2675647453446546,66.13090372385578,10.45537984649501,23.413716429649206
isc_ehb,pga_percent,167.0,15.0,1480,619.0456897290915,-0.8324153368019747,2.2587636610605126,66.1458789790341,10.445730844347947,23.40839017661796
isc_ehb,pga_percent,168.0,15.0,1480,618.6261163300917,-0.8264715468736593,2.250001934226278,66.17182570774268,10.435303752359617,23.392870539897686
isc_ehb,pga_percent,169.0,15.0,1480,617.705194413059,-0.8214547625204859,2.241184902568198,66.2085211908577,10.424268420575336,23.36721038856697
isc_ehb,pga_percent,170.0,15.0,1480,616.2350747823382,-0.8173316422129256,2.2322238534305865,66.25559991909985,10.412802514794931,23.331597566105213
isc_ehb,pga_percent,171.0,15.0,1480,614.1708388580623,-0.8140613582153277,2.223037467289787,66.31256587608328,10.401088627866905,23.286345496049805
isc_ehb,pga_percent,172.0,15.0,1480,611.4718856961978,-0.8115964209689923,2.2135530497085183,66.37880700501366,10.38931127803129,23.231881716955048
isc_ehb,pga_percent,173.0,15.0,1480,608.1032215358579,-0.8098835951114093,2.2037075276569467,66.45361142812163,10.377653852590823,23.168734719287528
isc_ehb,pga_percent,174.0,15.0,1480,604.0366117504807,-0.8088648853541034,2.1934481943584085,66.5361849474046,10.366295561027489,23.09751949156791
isc_ehb,pga_percent,175.0,15.0,1480,599.2515620275922,-0.8084785686701788,2.18273319516296,66.62566933113506,10.35540846529366,23.01892220357127
isc_ehb,pga_percent,176.0,15.0,1480,593.7361022772886,-0.8086602482461352,2.171531755106712,66.72116088436287,10.34515465593626,22.933684459700856
isc_ehb,pga_percent,177.0,15.0,1480,587.4873527480024,-0.8093439045136106,2.159824156495757,66.82172881378769,10.335683640694977,22.84258754551734
isc_ehb,pga_percent,178.0,15.0,1480,580.5118570835083,-0.8104629193266969,2.1476014818060274,66.92643292733463,10.327130007208927,22.74643706545645
isc_ehb,pga_percent,179.0,15.0,1480,572.8256719402269,-0.8119510509644853,2.1348651431977284,67.03434025488862,10.319611413652494,22.646048331458893
isc_ehb,pga_percent,180.0,15.0,1480,564.4542079003154,-0.8137433400366051,2.1216262248342037,67.14454023633432,10.31322695089198,22.542232812773698
isc_ehb,pga_percent,181.0,15.0,1480,555.4318224051729,-0.8157769294230173,2.10790466785275,67.2561581929655,10.308055907671077,22.435785899363417
isc_ehb,pga_percent,182.0,15.0,1480,545.8011727449164,-0.8179917849215864,2.0937283301999905,67.36836687462973,10.304156957076524,22.327476168293753
isc_ehb,pga_percent,183.0,15.0,1480,535.6123458392273,-0.8203313071174732,2.079131954618026,67.48039595364001,10.301567768844903,22.218036277515083
isc_ehb,pga_percent,184.0,15.0,1480,524.9217912266164,-0.8227428289280926,2.064156077908958,67.59153941360238,10.300305038683115,22.108155547714507
isc_ehb,pga_percent,185.0,15.0,1480,513.7910934946642,-0.8251779971239679,2.0488459133258816,67.70116085335118,10.300364913364241,21.99847423328458
isc_ehb,pga_percent,186.0,15.0,1480,502.2856291962037,-0.8275930397069902,2.033250235692328,67.8086967902283,10.301723779495296,21.8895794302764
isc_ehb,pga_percent,187.0,15.0,1480,490.4731599113285,-0.8299489242017121,2.017420295824681,67.9136581008106,10.3043393749611,21.782002524228304
isc_ehb,pga_percent,188.0,15.0,1480,478.4224165311992,-0.8322114145779105,2.001408787226621,68.01562977952199,10.308152175399943,21.676218045078084
isc_ehb,pga_percent,189.0,15.0,1480,466.2017294564084,-0.8343510366096527,1.9852688840493316,68.1142692258122,10.31308700377254,21.57264377041525
isc_ehb,pga_percent,190.0,15.0,1480,453.8777551374937,-0.8363429629627972,1.9690533651668523,68.2093032889349,10.319054809108703,21.471641901956374
isc_ehb,pga_percent,191.0,15.0,1480,441.51434167893365,-0.8381668302004935,1.9528138350859634,68.30052430662802,10.32595456069358,21.373521132678402
isc_ehb,pga_percent,192.0,15.0,1480,429.17156594802793,-0.8398065002458357,1.9366000484525603,68.38778537148187,10.333675206025553,21.278539422492578
isc_ehb,pga_percent,193.0,15.0,1480,416.9049629030579,-0.8412497787061128,1.9204593412596276,68.47099504808482,10.342097644514185,21.186907307401004
isc_ehb,pga_percent,194.0,15.0,1480,404.76495587315986,-0.8424881019227707,1.904436168601433,68.55011174693622,10.351096673725877,21.098791579337906
isc_ehb,pga_percent,195.0,15.0,1480,392.7964853653752,-0.8435162037515719,1.888571746017895,68.62513793941244,10.360542870658536,21.014319189929026
isc_ehb,pga_percent,196.0,15.0,1480,381.03882448028054,-0.844331771985896,1.872903789165687,68.69611437347464,10.37030437668055,20.933581249844803
isc_ehb,pga_percent,197.0,15.0,1480,369.5255617140067,-0.8449351030957901,1.8574663447453936,68.76311442385796,10.380248561086498,20.856637015055526
isc_ehb,pga_percent,198.0,15.0,1480,358.28472702155574,-0.845328762641247,1.8422897042916704,68.82623868449274,10.390243544429467,20.783517771077783
isc_ehb,pga_percent,199.0,15.0,1480,347.33903444744635,-0.8455172573944079,1.8274003915633328,68.88560988593663,10.400159568669034,20.714230545394333
isc_ehb,pga_percent,200.0,15.0,1480,336.70621412116634,-0.8455067239241314,1.8128212138075086,68.94136819743885,10.409870206560273,20.648761596000888
isc_ehb,loss_ratio,0.0,15.0,1480,36.0508626797543,-0.0029491702826435475,0.01502867843901785,22.185776862014308,69.68769704951295,8.126526088472733
isc_ehb,loss_ratio,1.0,15.0,1480,37.68506901057705,-0.0027251195831124735,0.014501373317597622,21.338306782571642,70.65845221035904,8.003241007069295
isc_ehb,loss_ratio,2.0,15.0,1480,39.380065377647895,-0.0025132697698853545,0.013978173166527047,20.51445089076659,71.60493971071249,7.8806093985209325
isc_ehb,loss_ratio,3.0,15.0,1480,41.13844900288988,-0.002313343995296881,0.013459661817259577,19.71457999814766,72.52691097711869,7.758509024733661
isc_ehb,loss_ratio,4.0,15.0,1480,42.96326475541675,-0.002125044355301461,0.012946405799386307,18.938967021295305,73.42426457001609,7.636768408688611
isc_ehb,loss_ratio,5.0,15.0,1480,44.85806025048915,-0.0019480538402642754,0.012438953850862664,18.187785887309435,74.29704656506992,7.515167547620635
isc_ehb,loss_ratio,6.0,15.0,1480,46.82693714987949,-0.0017820383155346474,0.01193783664754395,17.461111145433474,75.14544929876442,7.393439555802107
isc_ehb,loss_ratio,7.0,15.0,1480,48.8745961039356,-0.0016266485113473636,0.011443566735596135,16.758918317527225,75.9698083474231,7.271273335049673
isc_ehb,loss_ratio,8.0,15.0,1480,51.00637223394776,-0.0014815220029589819,0.010956638642897577,16.08108502120801,76.77059761345016,7.148317365341851
isc_ehb,loss_ratio,9.0,15.0,1480,53.22825742106548,-0.001346285163756131,0.010477529137760755,15.42739290067726,77.54842240237923,7.024184696943507
isc_ehb,loss_ratio,10.0,15.0,1480,55.5469049479961,-0.0012205550763393286,0.010006697595395644,14.797530401016962,78.30401039110161,6.898459207881416
isc_ehb,loss_ratio,11.0,15.0,1480,57.969611248722245,-0.0011039413892361492,0.009544586424800898,14.191096421388071,79.0382004133956,6.770703165216337
isc_ehb,loss_ratio,12.0,15.0,1480,60.5042686965406,-0.0009960481098553273,0.009091621501590484,13.607604880240013,79.75192902558805,6.64046609417193
isc_ehb,loss_ratio,13.0,15.0,1480,63.159282567796424,-0.0008964753274552371,0.008648212546120646,13.046490220369591,80.44621486463161,6.5072949149988135
isc_ehb,loss_ratio,14.0,15.0,1480,65.94344466289783,-0.0008048208631341999,0.008214753381745252,12.507113872403444,81.12214087438355,6.370745253212996
isc_ehb,loss_ratio,15.0,15.0,1480,68.8657557030279,-0.0007206818469957342,0.0077916220057394885,11.98877168100368,81.78083455390565,6.230393765090656
isc_ehb,loss_ratio,16.0,15.0,1480,71.93518876644822,-0.0006436562255135328,0.007379180406075323,11.49070227795014,82.423446473432,6.085851248617855
isc_ehb,loss_ratio,17.0,15.0,1480,75.1603869644523,-0.0005733442045155216,0.006977774061477427,11.012096359689947,83.05112740696187,5.936776233348182
isc_ehb,loss_ratio,18.0,15.0,1480,78.5492906269892,-0.0005093496349157396,0.006587731070620633,10.552106793916547,83.66500454099491,5.782888665088549
isc_ehb,loss_ratio,19.0,15.0,1480,82.10869285220464,-0.0004512813491521792,0.0062093608693615686,10.109859440871027,84.26615733043121,5.62398322869775
isc_ehb,loss_ratio,20.0,15.0,1480,85.84372773797848,-0.0003987544560793135,0.00584295251266656,9.684464531798335,84.8555936767583,5.459941791443365
isc_ehb,loss_ratio,21.0,15.0,1480,89.75730321630074,-0.0003513916007191526,0.005488772520171773,9.275028401698394,85.43422719030286,5.290744407998736
isc_ehb,loss_ratio,22.0,15.0,1480,93.84950017203052,-0.000308824192785839,0.005147062310400735,8.880665329438106,86.00285635652153,5.11647831404036
isc_ehb,loss_ratio,23.0,15.0,1480,98.1169710541466,-0.00027069360436775687,0.004818035277375895,8.50050919942395,86.56214644511338,4.937344355462635
isc_ehb,loss_ratio,24.0,15.0,1480,102.55238349700439,-0.0002366523328027543,0.004501873593002384,8.133724669797648,87.11261497070645,4.7536603594959015
isc_ehb,loss_ratio,25.0,15.0,1480,107.14396585414218,-0.00020636511996311187,0.00419872484705555,7.779517516909077,87.65462142854285,4.565861054548069
isc_ehb,loss_ratio,26.0,15.0,1480,111.8752195737917,-0.0001795100143270038,0.0039086986614752335,7.437143828455638,88.1883618859905,4.374494285553851
isc_ehb,loss_ratio,27.0,15.0,1480,116.7248650780304,-0.0001557793578670926,0.0036318634345102233,7.105917740780272,88.71386881447052,4.180213444749233
isc_ehb,loss_ratio,28.0,15.0,1480,121.66708033704619,-0.00013488067645951417,0.0033682433808355844,6.785217460280228,89.23101630629115,3.9837662334286126
isc_ehb,loss_ratio,29.0,15.0,1480,126.67207259585966,-0.00011653745067770026,0.0031178160343625014,6.474489373462102,89.7395305525385,3.7859800739994043
isc_ehb,loss_ratio,30.0,15.0,1480,131.70699347670666,-0.00010048974383349331,0.0028805103701300405,6.173250131407985,90.23900518184115,3.5877446867508507
isc_ehb,loss_ratio,31.0,15.0,1480,136.7371683595855,-8.649466613307932e-05,0.002656205680433871,5.881086686764999,90.72892079832793,3.3899925149070724
isc_ehb,loss_ratio,32.0,15.0,1480,141.72756787536437,-7.432665778447819e-05,0.002444731309281411,5.597654357778268,91.20866783316691,3.1936778090548152
isc_ehb,loss_ratio,33.0,15.0,1480,146.64441017592168,-6.377757956450507e-05,0.0022458673104313437,5.322673086557291,91.67757165754091,2.9997552559017806
isc_ehb,loss_ratio,34.0,15.0,1480,151.45675572955483,-5.465660627084112e-05,0.0020593460505421417,5.055922140092057,92.13491881011775,2.8091590497901837
isc_ehb,loss_ratio,35.0,15.0,1480,156.13794855160126,-4.678992605540895e-05,0.0018848547336743396,4.797233566042071,92.57998317606375,2.6227832578941874
isc_ehb,loss_ratio,36.0,15.0,1480,160.6667721462993,-4.002025620158947e-05,0.0017220387800349296,4.546484756432517,93.0120510163861,2.4414642271813944
isc_ehb,loss_ratio,37.0,15.0,1480,165.02822318820617,-3.4206192831894255e-05,0.00157050595361883,4.303590488920523,93.43044387713975,2.265965633939716
isc_ehb,loss_ratio,38.0,15.0,1480,169.21385459720548,-2.9221417771430226e-05,0.0014298311028837032,4.0684948075735745,93.83453859280667,2.096966599619758
isc_ehb,loss_ratio,39.0,15.0,1480,173.2216926923993,-2.4953789955358624e-05,0.001299561357533686,3.8411630757615303,94.2237838179066,1.935053106331883
isc_ehb,loss_ratio,40.0,15.0,1480,177.05578072883895,-2.1304351149481215e-05,0.0011792216136643828,3.6215744872153697,94.59771275509355,1.780712757691082
isc_ehb,loss_ratio,41.0,15.0,1480,180.72543567404136,-1.8186276334141267e-05,0.0010683201387652827,3.4097152630507432,94.95595197706996,1.6343327598792818
isc_ehb,loss_ratio,42.0,15.0,1480,184.24432266649214,-1.5523798031607248e-05,0.000966354136392257,3.2055726984364608,95.29822644705906,1.4962008545044636
isc_ehb,loss_ratio,43.0,15.0,1480,187.6294523438184,-1.3251131411990819e-05,0.0008728151261007766,3.009130158115309,95.62436101610474,1.366508825779946
isc_ehb,loss_ratio,44.0,15.0,1480,190.90019342927354,-1.1311423546628832e-05,0.0007871940154869153,2.820363059804852,95.93427880783017,1.245358132365001
isc_ehb,loss_ratio,45.0,15.0,1480,194.07737160603165,-9.655746073189085e-06,0.0007089857658108215,2.639235832082655,96.22799698998574,1.132767177931591
isc_ehb,loss_ratio,46.0,15.0,1480,197.18250096335757,-8.242146160900698e-06,0.0006376935786588117,2.465699790854066,96.50562047877389,1.0286797303720292
isc_ehb,loss_ratio,47.0,15.0,1480,200.23717043257065,-7.034766336905691e-06,0.0005728325566725323,2.299691846826003,96.76733413126999,0.9329740219040037
isc_ehb,loss_ratio,48.0,15.0,1480,203.26258746594937,-6.003039707685787e-06,0.0005139328151302271,2.141133935423103,97.01339395995001,0.8454721046268904
isc_ehb,loss_ratio,49.0,15.0,1480,206.2792660920844,-5.120963559101533e-06,0.0004605420421007314,1.9899330493388085,97.24411785893128,0.7659490917298972
isc_ehb,loss_ratio,50.0,15.0,1480,209.3068365584937,-4.366451347470125e-06,0.0004122275223957664,1.84598175095153,97.45987627154265,0.6941419775058041
isc_ehb,loss_ratio,51.0,15.0,1480,212.36394842167124,-3.7207607405163254e-06,0.0003685776543649439,1.7091590454386416,97.66108316004195,0.6297577945193898
isc_ehb,loss_ratio,52.0,15.0,1480,215.46823716426562,-3.1679936178368144e-06,0.00032920299874538903,1.5793315038386162,97.84818756632541,0.5724809298359728
isc_ehb,loss_ratio,53.0,15.0,1480,218.63632513766436,-2.694662745763384e-06,0.0002937369055459635,1.4563545369239719,98.0216659816106,0.5219794814654545
isc_ehb,loss_ratio,54.0,15.0,1480,221.88382990100976,-2.2893191282519205e-06,0.0002618357687112238,1.340073734170606,98.18201567626097,0.4779105895684395
isc_ehb,loss_ratio,55.0,15.0,1480,225.22535613397594,-1.9422337196585624e-06,0.00023317895954897067,1.2303261962478134,98.3297490798694,0.43992472388278425
isc_ehb,loss_ratio,56.0,15.0,1480,228.67445077309023,-1.6451271812799666e-06,0.00020746848912097082,1.1269418035135055,98.46538924714149,0.40766894934500936
isc_ehb,loss_ratio,57.0,15.0,1480,232.24350463448405,-1.3909415905737532e-06,0.00018442844747942509,1.0297443764667091,98.58946639698593,0.3807892265473672
isc_ehb,loss_ratio,58.0,15.0,1480,235.94358752553552,-1.173648398425596e-06,0.0001638042642319792,0.9385526967083225,98.70251547003024,0.3589318332614732
isc_ehb,loss_ratio,59.0,15.0,1480,239.7842078735677,-9.88087415361272e-07,0.0001453618308284902,0.853181368599122,98.80507461284076,0.34174401856011855
isc_ehb,loss_ratio,60.0,15.0,1480,243.77299250370862,-8.298321437441785e-07,0.000128886520512097,0.7734415125121695,98.89768446479164,0.3288740226961963
isc_ehb,loss_ratio,61.0,15.0,1480,247.9152877564278,-6.950773226264129e-07,0.00011418213732858412,0.6991412904474339,98.98088809540295,0.31997061414960426
isc_ehb,loss_ratio,62.0,15.0,1480,252.2136900446634,-5.805450880783992e-07,0.00010106982114281896,0.6300862739045635,99.05523141608808,0.3146823100073385
isc_ehb,loss_ratio,63.0,15.0,1480,256.6675225385364,-4.834066562006401e-07,8.938693141432468e-05,0.5660796723397821,99.12126387115144,0.31265645650876434
isc_ehb,loss_ratio,64.0,15.0,1480,261.272285067769,-4.0121689734982885e-07,7.898592863228148e-05,0.5069224482163707,99.17953919965545,0.3135383521281777
isc_ehb,loss_ratio,65.0,15.0,1480,266.0191163317202,-3.3185958260401435e-07,6.973326885872476e-05,0.4524133514253668,99.23061605398597,0.31697059458864124
isc_ehb,loss_ratio,66.0,15.0,1480,270.8943203529755,-2.735014454593336e-07,6.150832379903489e-05,0.40234891140435636,99.27505826445324,0.3225928241423903
isc_ehb,loss_ratio,67.0,15.0,1480,275.87902134397115,-2.2455351441919692e-07,5.4202336205788145e-05,0.3565234292035931,99.31343455395033,0.330042016846081
isc_ehb,loss_ratio,68.0,15.0,1480,280.9490205140132,-1.8363843867567577e-07,4.7717418200037985e-05,0.3147290135548413,99.34631753408277,0.33895345236238533
isc_ehb,loss_ratio,69.0,15.0,1480,286.0749318287877,-1.4956275383891764e-07,4.196559822304326e-05,0.27675570420286283,99.37428185501777,0.3489624407793685
isc_ehb,loss_ratio,70.0,15.0,1480,291.22266795457466,-1.2129322257473974e-07,3.686792076232136e-05,0.24239172196715986,99.39790143510821,0.359706842924618
isc_ehb,loss_ratio,71.0,15.0,1480,296.35432947432355,-9.793654113430504e-08,3.2353601676008936e-05,0.21142387801161783,99.41774576110005,0.37083036088833915
isc_ehb,loss_ratio,72.0,15.0,1480,301.4295181555211,-7.872183198935787e-08,2.8359240817372165e-05,0.1836381647022057,99.43437532169648,0.3819865136012964
isc_ehb,loss_ratio,73.0,15.0,1480,306.4070492551525,-6.298544959757152e-08,2.4828092690948948e-05,0.15882053767788332,99.44833631110086,0.39284315122126295
isc_ehb,loss_ratio,74.0,15.0,1480,311.24698267660216,-5.015771463593671e-08,2.170939501622794e-05,0.13675788417734647,99.46015480837615,0.4030873074465059
isc_ehb,loss_ratio,75.0,15.0,1480,315.9128360685785,-3.975126514913056e-08,1.8957754308217696e-05,0.1172391574205117,99.47033069607706,0.41243014650243576
isc_ehb,loss_ratio,76.0,15.0,1480,320.3737953421887,-3.13507736206683e-08,1.653258689304208e-05,0.10005664232942141,99.47933162112324,0.4206117365473598
isc_ehb,loss_ratio,77.0,15.0,1480,324.6067109326007,-2.46038290520003e-08,1.4397613158403653e-05,0.08500730553464636,99.48758731726467,0.42740537720067523
isc_ehb,loss_ratio,78.0,15.0,1480,328.59767041773017,-1.921282429094192e-08,1.252040229996748e-05,0.0718941737511832,99.49548459904543,0.4326212272034105
isc_ehb,loss_ratio,79.0,15.0,1480,332.34297335586245,-1.4927722264605255e-08,1.0871964377567467e-05,0.0605276801824097,99.5033633021035,0.4361090177140868
isc_ehb,loss_ratio,80.0,15.0,1480,335.84939864091734,-1.1539601367633501e-08,9.42638615327677e-06,0.05072691908974314,99.51151338715873,0.4377596937515394
isc_ehb,loss_ratio,81.0,15.0,1480,339.13373749251525,-8.87490082482298e-09,8.160506958035354e-06,0.042320753949472344,99.5201733509442,0.4375058951063315
isc_ehb,loss_ratio,82.0,15.0,1480,342.2216511285952,-6.7903021409624904e-09,7.053630730283944e-06,0.035148734056487066,99.52953000424321,0.43532126170028196
isc_ehb,loss_ratio,83.0,15.0,1480,345.1459855337526,-5.168193543858317e-09,6.087270386922352e-06,0.029061786932211547,99.53971959339222,0.43121861967557157
isc_ehb,loss_ratio,84.0,15.0,1480,347.9447245496495,-3.9126714335861595e-09,5.244920813831913e-06,0.023922668082830993,99.55083016494761,0.425247166969552
isc_ehb,loss_ratio,85.0,15.0,1480,350.6587811858125,-2.9460371118245425e-09,4.511856982973926e-06,0.019606164094848475,99.56290501006788,0.41748882583728697
isc_ehb,loss_ratio,86.0,15.0,1480,353.3298169260882,-2.205749305608617e-09,3.874953993369413e-06,0.01599905843187808,99.57594697977295,0.4080539617951644
isc_ehb,loss_ratio,87.0,15.0,1480,355.998246674382,-1.6417939829104949e-09,3.3225261692329865e-06,0.012999880568018343,99.58992343644215,0.397076682989845
isc_ehb,loss_ratio,88.0,15.0,1480,358.70154239521855,-1.2144333372849814e-09,2.8441827055102815e-06,0.01051846758303113,99.60477160022344,0.3847099321935149
isc_ehb,loss_ratio,89.0,15.0,1480,361.47290100327075,-8.922961084255377e-10,2.4306977068926688e-06,0.008475372765224554,99.6204040591196,0.3711205681151676
isc_ehb,loss_ratio,90.0,15.0,1480,364.34029913634157,-6.507719626903896e-10,2.0738928030618783e-06,0.006801158184954701,99.63671423478776,0.35648460702727913
isc_ehb,loss_ratio,91.0,15.0,1480,367.3259236064856,-4.706736897416663e-10,1.766530827494643e-06,0.005435607957341495,99.65358162835885,0.34098276368381325
isc_ehb,loss_ratio,92.0,15.0,1480,370.4459431125625,-3.371325548029137e-10,1.5022193118365688e-06,0.004326896529642569,99.67087670765916,0.32479639581120695
isc_ehb,loss_ratio,93.0,15.0,1480,373.7105735023269,-2.386942554886637e-10,1.2753227695216768e-06,0.003430742411971811,99.68846533538164,0.30810392220639876
isc_ehb,loss_ratio,94.0,15.0,1480,377.1243834507414,-1.6658547369149575e-10,1.0808829216652087e-06,0.0027095729238268045,99.70621267403193,0.29107775304424816
isc_ehb,loss_ratio,95.0,15.0,1480,380.6867873662802,-1.1412385508827508e-10,9.145461587533199e-07,0.002131720294310982,99.72398653576327,0.27388174394241066
isc_ehb,loss_ratio,96.0,15.0,1480,384.3926753130864,-7.624724860682343e-11,7.724976384659113e-07,0.0016706642713960565,99.7416601722674,0.2566691634611827
isc_ehb,loss_ratio,97.0,15.0,1480,388.23313394784134,-4.9141060981580054e-11,6.5140149905906e-07,0.001304331589231375,99.75911452120609,0.23958114720467427
isc_ehb,loss_ratio,98.0,15.0,1480,392.19621679304305,-2.9945513158658093e-11,5.48346725120152e-07,0.0010144584222146133,99.77623994133621,0.2227456002415895
isc_ehb,loss_ratio,99.0,15.0,1480,396.26772611958137,-1.652733827787594e-11,4.6079824375919344e-07,0.0007860184294495454,99.7929374789979,0.20627650257266916
isc_ehb,loss_ratio,100.0,15.0,1480,400.43197231251344,-7.302975625275005e-12,3.865528592209941e-07,0.0006067161917005981,99.80911971474205,0.19027356906623225
isc_ehb,loss_ratio,101.0,15.0,1480,404.67248018959333,-1.1025574025387221e-12,3.236996564053546e-07,0.00046654373435449695,99.8247112414225,0.17482221484311547
isc_ehb,loss_ratio,102.0,15.0,1480,408.9726158105621,2.934056884519101e-12,2.705845218692237e-07,0.0003573963450479126,99.83964882492228,0.15999377873266485
isc_ehb,loss_ratio,103.0,15.0,1480,413.31611229673706,5.436265715426449e-12,2.2577844672528546e-07,0.0002727429432731273,99.85388129661081,0.14584596044593873
isc_ehb,loss_ratio,104.0,15.0,1480,417.68747934375676,6.86238369162103e-12,1.880492909025333e-07,0.00020734574368511436,99.86736922331501,0.1324234309412919
isc_ehb,loss_ratio,105.0,15.0,1480,422.07228846872584,7.544451575714155e-12,1.5633670337988524e-07,0.0001570237794314182,99.88008439658404,0.11975857963652879
isc_ehb,loss_ratio,106.0,15.0,1480,426.45733431622364,7.721715539117703e-12,1.2972990869329024e-07,0.00011845492941907756,99.89200917875391,0.10787236631664997
isc_ehb,loss_ratio,107.0,15.0,1480,430.83068102767095,7.565514729692672e-12,1.0744808638976338e-07,8.901134859823205e-05,99.90313573908156,0.09677524956984884
isc_ehb,loss_ratio,108.0,15.0,1480,435.18161104034465,7.197693603273816e-12,8.882308709340478e-08,6.662357070448698e-05,99.91346520920945,0.08646816721984667
isc_ehb,loss_ratio,109.0,15.0,1480,439.5005009236776,6.704162318173133e-12,7.328424627212022e-08,4.966898895731788e-05,99.92300678356642,0.0769435474446173
isc_ehb,loss_ratio,110.0,15.0,1480,443.77865420347575,6.1448415951689445e-12,6.034507440375814e-08,3.6880884245392794e-05,99.9317767870468,0.06818633206893243
isc_ehb,loss_ratio,111.0,15.0,1480,448.00812392063955,5.560927544158675e-12,4.9591619775817977e-08,2.7274634856737493e-05,99.93979772944685,0.06017499591830331
isc_ehb,loss_ratio,112.0,15.0,1480,452.1815574866429,4.980179831037395e-12,4.067231736681918e-08,2.0088187841656104e-05,99.947097363635,0.052882548177136994
isc_ehb,loss_ratio,113.0,15.0,1480,456.2920930753004,4.4207588407332955e-12,3.328915393401755e-08,1.4734287426314693e-05,99.95370776224208,0.04627750347048493
isc_ehb,loss_ratio,114.0,15.0,1480,460.33333047800727,3.894002400696666e-12,2.718999539536075e-08,1.076233355179396e-05,99.95966442570865,0.040324811957796115
isc_ehb,loss_ratio,115.0,15.0,1480,464.29939050747555,3.406430633470961e-12,2.2161937709520043e-08,7.828080506416477e-06,99.96500543276183,0.03498673915765251
isc_ehb,loss_ratio,116.0,15.0,1480,468.18506641150844,2.9611909965454878e-12,1.8025556633331345e-08,5.66968142211056e-06,99.96977064274247,0.030223687576119356
isc_ehb,loss_ratio,117.0,15.0,1480,471.9860593402541,2.559098532157599e-12,1.4629944914632114e-08,4.088840662891957e-06,99.97400095762116,0.02599495353819143
isc_ehb,loss_ratio,118.0,15.0,1480,475.699278842258,2.1993840899387387e-12,1.1848437635493343e-08,2.93605556797358e-06,99.97773764998661,0.022259413957809875
isc_ehb,loss_ratio,119.0,15.0,1480,479.323179837552,1.8802321603975407e-12,9.574937557520427e-09,2.0991150059833507e-06,99.98102176173758,0.018976139147411284
isc_ehb,loss_ratio,120.0,15.0,1480,482.8581006305553,1.5991671693520244e-12,7.720762459175448e-09,1.4941784169182655e-06,99.98389357665418,0.016104929167378188
isc_ehb,loss_ratio,121.0,15.0,1480,486.3065631433751,1.3533304986508173e-12,6.211945632583384e-09,1.058889154514291e-06,99.98639216847238,0.013606772638472856
isc_ehb,loss_ratio,122.0,15.0,1480,489.67349715785474,1.1396785005668035e-12,4.986928972933951e-09,7.47083533949325e-07,99.98855502455386,0.01144422836261456
isc_ehb,loss_ratio,123.0,15.0,1480,492.9663549695494,9.551231457413562e-13,3.994595503870102e-09,5.247453232336142e-07,99.99041774376938,0.009581731485285674
isc_ehb,loss_ratio,124.0,15.0,1480,496.19509100010987,7.96630777668838e-13,3.1925947981554012e-09,3.669274639262298e-07,99.99201380582656,0.00798582724595849
isc_ehb,loss_ratio,125.0,15.0,1480,499.37199166919186,6.612900638908029e-13,2.545920637471919e-09,2.554212055869379e-07,99.99337440802041,0.006625336558375271
isc_ehb,loss_ratio,126.0,15.0,1480,502.5113529743357,5.463571351982784e-13,2.025705471558804e-09,1.7699989201419237e-07,99.99452836430086,0.0054714586992523125
isc_ehb,loss_ratio,127.0,15.0,1480,505.62901543896197,4.492837217957334e-13,1.6082008468321383e-09,1.2210233077028466e-07,99.99550206067092,0.004497817226747787
isc_ehb,loss_ratio,128.0,15.0,1480,508.74177713421295,3.677325614454332e-13,1.2739170374421004e-09,8.385070198159047e-08,99.99631946027671,0.0036804558725796236
isc_ehb,loss_ratio,129.0,15.0,1480,511.86671440462004,2.9958327494722124e-13,1.0068986835082444e-09,5.732174472900574e-08,99.99700215113918,0.0029977915390788624
isc_ehb,loss_ratio,130.0,15.0,1480,515.0204461617122,2.4293113962984307e-13,7.941163743776396e-10,3.900869270420977e-08,99.99756942930904,0.0024305316822525705
isc_ehb,loss_ratio,131.0,15.0,1480,518.2183809965574,1.9608064301193884e-13,6.249568574970069e-10,2.6426105124176782e-08,99.99803841028985,0.0019615632840480606
isc_ehb,loss_ratio,132.0,15.0,1480,521.473987098279,1.5753529726882546e-13,4.907969500605552e-10,1.7821169442609393e-08,99.99842416184623,0.0015758203326115103
isc_ehb,loss_ratio,133.0,15.0,1480,524.7981234815502,1.2598489301030836e-13,3.8464832104946583e-10,1.1963905992317228e-08,99.99873985176741,0.0012601362686884376
isc_ehb,loss_ratio,134.0,15.0,1480,528.198467840048,1.0029113602898048e-13,3.008621316822748e-10,7.995523148356143e-09,99.99899690474838,0.001003087256090949
isc_ehb,loss_ratio,135.0,15.0,1480,531.6790719215902,7.947242198514524e-14,2.348841049254488e-10,5.3193923419460514e-09,99.99920516324619,0.0007948314344205518
isc_ehb,loss_ratio,136.0,15.0,1480,535.2400699789554,6.268834793340553e-14,1.8305196832130694e-10,3.5230862024322465e-09,99.99937304792344,0.0006269485534850876
isc_ehb,loss_ratio,137.0,15.0,1480,538.8775597074385,4.922442778357846e-14,1.4242840449307554e-10,2.322930015929806e-09,99.99950771406769,0.0004922836093759248
isc_ehb,loss_ratio,138.0,15.0,1480,542.5836680790592,3.8477366180551554e-14,1.1066367287608612e-10,1.52477817707769e-09,99.99961520113926,0.0003847973359496752
isc_ehb,loss_ratio,139.0,15.0,1480,546.3468064672808,2.994114889956123e-14,8.588295447164408e-11,9.96417801614578e-10,99.99970057332291,0.00029942568066469597
isc_ehb,loss_ratio,140.0,15.0,1480,550.1521102857173,2.3194125877848677e-14,6.659423637123194e-11,6.48257556172548e-10,99.9997680496198,0.00023194973193612473
isc_ehb,loss_ratio,141.0,15.0,1480,553.982048051589,1.788719422634079e-14,5.161321003976008e-11,4.198869939010706e-10,99.99982112259893,0.00017887698119318355
isc_ehb,loss_ratio,142.0,15.0,1480,557.8171736139242,1.373313200194686e-14,4.0002220640223654e-11,2.7077199986854834e-10,99.99986266542423,0.0001373343050099128
isc_ehb,loss_ratio,143.0,15.0,1480,561.6369838915025,1.0497088215342169e-14,3.1020786159364424e-11,1.7384797950006377e-10,99.99989502718246,0.0001049726436890786
isc_ehb,loss_ratio,144.0,15.0,1480,565.4208338343994,7.988199477504928e-15,2.40856153966991e-11,1.1113182186132879e-10,99.99992011685843,7.988303043656238e-05
isc_ehb,loss_ratio,145.0,15.0,1480,569.1488517136039,6.052277738975273e-15,1.873840225284688e-11,7.073244268115022e-11,99.99993947654518,6.052338406739492e-05
isc_ehb,loss_ratio,146.0,15.0,1480,572.8027926087782,4.5654955680858406e-15,1.4619968111405297e-11,4.482486999245967e-11,99.99995434464537,4.5655309800085436e-05
isc_ehb,loss_ratio,147.0,15.0,1480,576.3667673130374,3.4289841387704258e-15,1.1449571140275075e-11,2.8284496385232518e-11,99.99996570992434,3.429004737086009e-05
isc_ehb,loss_ratio,148.0,15.0,1480,579.8277886074759,2.5642533627322955e-15,9.00840677507023e-12,1.7771163904249547e-11,99.99997435732918,2.5642653038653765e-05
isc_ehb,loss_ratio,149.0,15.0,1480,583.1760871516784,1.9093422723550215e-15,7.1264928167864134e-12,1.1118094621580967e-11,99.99998090649717,1.909349172106912e-05
isc_ehb,loss_ratio,150.0,15.0,1480,586.4051645161751,1.4156098013277109e-15,5.6722711897254296e-12,6.9262959369750596e-12,99.99998584385531,1.4156137754331049e-05
isc_ehb,loss_ratio,151.0,15.0,1480,589.5115698489863,1.0450805985404656e-15,4.5443731473818075e-12,4.2967199192399495e-12,99.99998954916691,1.0450828805021546e-05
isc_ehb,loss_ratio,152.0,15.0,1480,592.494407465746,7.682666566905368e-16,3.665092861889361e-12,2.654284780315682e-12,99.9999923173177,7.68267963121595e-06
isc_ehb,loss_ratio,153.0,15.0,1480,595.3546031585201,5.623926832501715e-16,2.9752019871384914e-12,1.63283234878252e-12,99.99999437606407,5.623934290473384e-06
isc_ehb,loss_ratio,154.0,15.0,1480,598.0939751814959,4.0996076058515495e-16,2.429817549929407e-12,1.0002957031050561e-12,99.99999590038713,4.099611851641178e-06
isc_ehb,loss_ratio,155.0,15.0,1480,600.7141700255573,2.9759752658092867e-16,1.9951056705260603e-12,6.102630067951924e-13,99.99999702402168,2.975977676532566e-06
isc_ehb,loss_ratio,156.0,15.0,1480,603.2155321717319,2.151345562966978e-16,1.6456601018264115e-12,3.7078027242622865e-13,99.99999784865271,2.1513469282884215e-06
isc_ehb,loss_ratio,157.0,15.0,1480,605.5959806288593,1.5487962964852421e-16,1.3624347423240636e-12,2.243552528697527e-13,99.9999984512027,1.548797067864836e-06
isc_ehb,loss_ratio,158.0,15.0,1480,607.8499634504344,1.1104299658758203e-16,1.1311343059475153e-12,1.3520261013208663e-13,99.99999888956948,1.1104304006795031e-06
isc_ehb,loss_ratio,159.0,15.0,1480,609.9675552922395,7.928852720853675e-17,9.409817631763632e-13,8.114698247859419e-14,99.9999992071144,7.92885516628229e-07
isc_ehb,loss_ratio,160.0,15.0,1480,611.9337533808158,5.638473417983055e-17,7.837904113451823e-13,4.850734926716977e-14,99.99999943615246,5.638474790433485e-07
isc_ehb,loss_ratio,161.0,15.0,1480,613.7280150472089,3.9935088023616304e-17,6.532764793541593e-13,2.8880200360152327e-14,99.99999960064902,3.993509571066021e-07
isc_ehb,loss_ratio,162.0,15.0,1480,615.3240662057864,2.817084555123981e-17,5.445568075906071e-13,1.712617088484381e-14,99.99999971829149,2.8170849848401755e-07
isc_ehb,loss_ratio,163.0,15.0,1480,616.6899956554828,1.9792827334088543e-17,4.5378544466795265e-13,1.0115749529839838e-14,99.9999998020717,1.9792829731814702e-07
isc_ehb,loss_ratio,164.0,15.0,1480,617.7886355506763,1.3851269486590163e-17,3.778922683833636e-13,5.9514718786910306e-15,99.99999986148728,1.3851270822095566e-07
isc_ehb,loss_ratio,165.0,15.0,1480,618.5782144454248,9.655099943226853e-18,3.1439521355563555e-13,3.487792385082865e-15,99.99999990344898,9.655100685817102e-08
isc_ehb,loss_ratio,166.0,15.0,1480,619.0132565398619,6.703811345250239e-18,2.6126489625145283e-13,2.0360521113169027e-15,99.99999993296188,6.703811757476925e-08
isc_ehb,loss_ratio,167.0,15.0,1480,619.0456897290915,4.636580320475141e-18,2.1682620536295633e-13,1.184001087702702e-15,99.99999995363419,4.636580548944655e-08
isc_ehb,loss_ratio,168.0,15.0,1480,618.6261163300917,3.194470529776224e-18,1.7968586401522532e-13,6.858894371512771e-16,99.99999996805529,3.194470656204437e-08
isc_ehb,loss_ratio,169.0,15.0,1480,617.705194413059,2.192503082482838e-18,1.486782421259202e-13,3.9583101416059764e-16,99.99999997807497,2.1925031523379007e-08
isc_ehb,loss_ratio,170.0,15.0,1480,616.2350747823382,1.4991256371436337e-18,1.2282406200854647e-13,2.275806008927581e-16,99.99999998500874,1.4991256756826758e-08
isc_ehb,loss_ratio,171.0,15.0,1480,614.1708388580623,1.021197691888822e-18,1.012983029440568e-13,1.3036098280868828e-16,99.99999998978802,1.0211977131193431e-08
isc_ehb,loss_ratio,172.0,15.0,1480,611.4718856961978,6.930656414602807e-19,8.340476493922859e-14,7.439873065386217e-17,99.99999999306934,6.93065653138632e-09
isc_ehb,loss_ratio,173.0,15.0,1480,608.1032215358579,4.686534263613678e-19,6.85555430139092e-14,4.2306670329790893e-17,99.99999999531344,4.68653432775903e-09
isc_ehb,loss_ratio,174.0,15.0,1480,604.0366117504807,3.1576474012506573e-19,5.625420096087479e-14,2.3971703330673953e-17,99.99999999684235,3.1576474364318736e-09
isc_ehb,loss_ratio,175.0,15.0,1480,599.2515620275922,2.1199851754482984e-19,4.608179690145391e-14,1.3535004370060423e-17,99.99999999788001,2.1199851947153664e-09
isc_ehb,loss_ratio,176.0,15.0,1480,593.7361022772886,1.418351059032211e-19,3.76851580585206e-14,7.61572968524741e-18,99.99999999858166,1.4183510695681956e-09
isc_ehb,loss_ratio,177.0,15.0,1480,587.4873527480024,9.456755138689593e-20,3.0766967712258644e-14,4.270550087915262e-18,99.99999999905432,9.456755196218185e-10
isc_ehb,loss_ratio,178.0,15.0,1480,580.5118570835083,6.283985615696755e-20,2.5077339712373048e-14,2.386724179869276e-18,99.9999999993716,6.28398564706102e-10
isc_ehb,loss_ratio,179.0,15.0,1480,572.8256719402269,4.1618967189900875e-20,2.040663300800975e-14,1.3295204068309418e-18,99.9999999995838,4.161896736063592e-10
isc_ehb,loss_ratio,180.0,15.0,1480,564.4542079003154,2.747515644163877e-20,1.6579312323876296e-14,7.382298976048394e-19,99.99999999972526,2.7475156534436997e-10
isc_ehb,loss_ratio,181.0,15.0,1480,555.4318224051729,1.8080591370902805e-20,1.344869924634983e-14,4.086229270149899e-19,99.99999999981918,1.8080591421262156e-10
isc_ehb,loss_ratio,182.0,15.0,1480,545.8011727449164,1.1861525010400431e-20,1.08924857828992e-14,2.25486206754366e-19,99.99999999988138,1.1861525037686334e-10
isc_ehb,loss_ratio,183.0,15.0,1480,535.6123458392273,7.758122712336555e-21,8.808903327540118e-15,1.240554857651316e-19,99.99999999992242,7.758122727097352e-11
isc_ehb,loss_ratio,184.0,15.0,1480,524.9217912266164,5.059347926389029e-21,7.113456128208077e-15,6.805250188656962e-20,99.99999999994941,5.059347934361467e-11
isc_ehb,loss_ratio,185.0,15.0,1480,513.7910934946642,3.289943648689211e-21,5.736141258180145e-15,3.722531625451959e-20,99.99999999996712,3.289943652988338e-11
isc_ehb,loss_ratio,186.0,15.0,1480,502.2856291962037,2.1334041081184175e-21,4.6190876877081345e-15,2.0306423653619942e-20,99.99999999997866,2.1334041104330205e-11
isc_ehb,loss_ratio,187.0,15.0,1480,490.4731599113285,1.3796968502712597e-21,3.714555951645222e-15,1.1047504520317286e-20,99.99999999998622,1.379696851515432e-11
isc_ehb,loss_ratio,188.0,15.0,1480,478.4224165311992,8.899292064414946e-22,2.9832475212147197e-15,5.994677545635665e-21,99.99999999999112,8.899292071092152e-12
isc_ehb,loss_ratio,189.0,15.0,1480,466.2017294564084,5.725638921586643e-22,2.3928795852305123e-15,3.2446933866025818e-21,99.99999999999427,5.725638925164498e-12
isc_ehb,loss_ratio,190.0,15.0,1480,453.8777551374937,3.6747229627444432e-22,1.9169867137872133e-15,1.7519551172962748e-21,99.9999999999963,3.6747229646585666e-12
isc_ehb,loss_ratio,191.0,15.0,1480,441.51434167893365,2.352841600087768e-22,1.5339159464855647e-15,9.437324646587922e-22,99.99999999999767,2.352841601110219e-12
isc_ehb,loss_ratio,192.0,15.0,1480,429.17156594802793,1.5030147390415312e-22,1.2259863134761403e-15,5.072082242308628e-22,99.9999999999985,1.5030147395868484e-12
isc_ehb,loss_ratio,193.0,15.0,1480,416.9049629030579,9.580118845048216e-23,9.787877345236413e-16,2.720004631506039e-22,99.99999999999906,9.58011884795223e-13
isc_ehb,loss_ratio,194.0,15.0,1480,404.76495587315986,6.093261733029523e-23,7.805977081002302e-16,1.4555696304500533e-22,99.99999999999937,6.093261734573711e-13
isc_ehb,loss_ratio,195.0,15.0,1480,392.7964853653752,3.867529705301382e-23,6.218972489869921e-16,7.773377765924657e-23,99.9999999999996,3.867529706121293e-13
isc_ehb,loss_ratio,196.0,15.0,1480,381.03882448028054,2.449939375981685e-23,4.949702023923008e-16,4.1431707259199865e-23,99.99999999999974,2.449939376416404e-13
isc_ehb,loss_ratio,197.0,15.0,1480,369.5255617140067,1.5489847092436653e-23,3.9357239401603295e-16,2.204115088916487e-23,99.99999999999982,1.5489847094738306e-13
isc_ehb,loss_ratio,198.0,15.0,1480,358.28472702155574,9.775534822789568e-24,3.1265910413513935e-16,1.1704299827386804e-23,99.9999999999999,9.775534824006523e-14
isc_ehb,loss_ratio,199.0,15.0,1480,347.33903444744635,6.158376011673959e-24,2.481611121106408e-16,6.2043584228816736e-24,99.99999999999994,6.158376012316534e-14
isc_ehb,loss_ratio,200.0,15.0,1480,336.70621412116634,3.873057775434818e-24,1.968010756236538e-16,3.283358261043499e-24,99.99999999999996,3.873057775773665e-14
