event_id,origin_time,longitude,latitude,waveform_depth_km,isc_ehb_depth_km,global_cmt_depth_km,magnitude,magnitude_type,rake
0,1917-04-29 11:55:00,114.62,56.17,16,,,6.6,Mw,-16.0
1,1915-10-03 06:54:00,-117.5,40.5,3,,,6.9,Mw,-61.0
2,1915-11-21 00:13:00,-115.0,32.0,9,,,6.6,Mw,175.0
3,1921-06-28 13:58:00,176.0,-39.3,12,,,6.7,Mw,170.0
4,1925-06-27 01:21:00,-111.33,45.08,9,,,6.6,Mw,-38.0
5,1928-01-06 19:31:00,36.2,0.2,7,,,6.6,Mw,-6.0
6,1928-01-06 19:31:00,36.2,0.2,8,,,6.8,Mw,-6.0
7,1928-11-01 04:12:00,-105.78,27.09,10,,,6.3,Mw,-50.0
8,1931-02-02 22:46:00,176.4,-39.63,18,,,7.4,Mw,130.0
9,1931-02-03 08:41:00,177.0,-39.3,17,,,5.8,Mw,174.0
10,1931-08-27 11:40:00,-104.2,30.4,10,,,6.3,Mw,-155.0
11,1932-09-15 13:54:00,177.6,-38.9,8,,,6.9,Mw,-180.0
12,1932-12-21 06:10:00,-118.0,38.8,14,,,6.8,Mw,-176.0
13,1932-12-21 06:10:00,-118.2,38.68,12,,,6.6,Mw,-179.0
14,1933-11-20 23:31:00,-70.01,73.07,10,,,7.3,Mw,6.0
15,1934-01-30 20:16:00,-118.9,41.7,14,,,6.1,Mw,-91.0
16,1934-03-05 11:46:00,176.29,-40.51,8,,,7.3,Mw,140.0
17,1934-03-12 15:05:00,-112.8,41.7,8,,,6.6,Mw,-11.0
18,1934-03-12 18:20:00,-112.8,41.7,8,,,5.9,Mw,-20.0
19,1934-03-15 10:46:00,177.23,-39.31,25,,,6.3,Mw,178.0
20,1934-12-30 13:52:00,-114.9,32.0,10,,,6.5,Mw,-180.0
21,1934-12-31 18:45:00,-115.0,31.89,12,,,7.0,Mw,-180.0
22,1935-04-19 15:23:00,15.31,31.55,21,,,6.9,Mw,2.0
23,1935-04-19 20:31:00,15.46,30.93,15,,,6.0,Mw,2.0
24,1935-04-20 05:10:00,15.66,30.93,19,,,6.4,Mw,4.0
25,1935-10-31 18:37:00,-112.0,46.62,14,,,6.0,Mw,160.0
26,1942-06-24 11:16:00,175.67,-40.91,12,,,7.0,Mw,178.0
27,1944-01-15 23:49:00,-68.5,-31.55,25,,,6.9,Mw,120.0
28,1945-11-27 21:57:00,63.48,25.15,27,,,8.1,Mw,89.0
29,1946-11-10 17:43:00,-77.86,-8.47,16,,,6.8,Mw,-90.0
30,1947-03-25 20:32:00,178.8,-38.85,12,,,7.0,Mw,90.0
31,1947-04-10 07:58:00,-116.5,34.99,6,,,6.6,Mw,10.0
32,1947-04-10 15:58:00,-116.6,35.0,5,,,6.3,Mw,10.0
33,1947-04-10 15:58:00,-116.7,34.9,5,,,6.3,Mw,6.0
34,1947-05-17 07:06:00,178.87,-38.42,18,,,7.0,Mw,110.0
35,1947-08-05 14:24:00,63.49,25.04,20,,,6.8,Mw,68.0
36,1947-08-27 13:37:00,179.6,-39.25,7,,,7.0,Mw,-11.0
37,1947-11-23 09:46:00,-110.5,44.92,8,,,6.1,Mw,-170.0
38,1950-04-04 18:44:00,101.0,51.7,14,,,6.9,Mw,0.0
39,1952-06-11 00:31:00,-67.5,-31.5,12,,,6.9,Mw,30.0
40,1954-07-06 11:13:00,-118.5,39.4,7,,,5.9,Mw,-115.0
41,1954-07-06 11:13:00,-118.5,39.4,10,,,6.1,Mw,-140.0
42,1954-07-06 22:07:00,-118.4,39.2,8,,,5.9,Mw,-135.0
43,1954-08-24 05:51:00,-118.5,39.6,12,,,6.5,Mw,-145.0
44,1954-11-12 12:26:00,-116.31,31.93,13,,,6.3,Mw,6.0
45,1954-12-16 11:07:00,-118.0,39.2,15,,,7.2,Mw,-160.0
46,1954-12-16 11:11:00,-117.9,39.67,12,,,6.7,Mw,-90.0
47,1956-01-30 08:43:00,177.42,-37.1,6,,,6.3,Mw,-180.0
48,1956-02-09 14:32:00,-115.93,31.82,12,,,6.7,Mw,-176.0
49,1956-02-14 18:33:00,-115.5,31.5,12,,,6.3,Mw,-178.0
50,1956-02-15 01:20:00,-115.54,31.53,9,,,6.2,Mw,-170.0
51,1956-07-21 15:32:00,70.0,23.0,15,,,6.0,Mw,85.0
52,1956-12-28 14:24:00,177.5,-38.3,5,,,6.2,Mw,-43.0
53,1957-06-27 00:09:00,116.39,56.39,10,,,7.1,Mw,-25.0
54,1958-01-05 11:30:00,121.11,56.51,8,,,5.8,Mw,-100.0
55,1958-09-14 14:21:00,121.0,56.61,6,,,6.2,Mw,-75.0
56,1959-05-12 09:46:00,-65.01,-23.18,14,,,5.0,Mw,83.0
57,1959-08-18 06:37:00,-111.0,44.83,15,,,7.3,Mw,-90.0
58,1959-08-18 06:37:00,-111.1,44.88,10,,,6.3,Mw,-90.0
59,1959-08-18 15:26:00,-110.7,44.85,10,,,6.3,Mw,-90.0
60,1959-08-19 04:04:00,-111.6,44.76,8,,,6.0,Mw,-161.0
61,1959-08-29 17:03:00,106.9,52.64,14,,,6.2,Mw,-50.0
62,1959-11-15 17:08:00,20.55,37.78,13,,,6.7,Mw,-90.0
63,1961-12-27 23:47:00,176.11,-41.51,16,,,6.4,Mw,132.0
64,1962-04-19 23:16:00,138.88,69.76,12,,,6.0,Mw,100.0
65,1962-05-15 05:23:00,128.3,-7.44,20,,,7.1,Mw,90.0
66,1962-05-21 12:02:00,95.73,37.13,11,,,6.6,Mw,74.0
67,1962-06-03 15:02:00,-45.06,22.4,1,,,5.8,Mw,-86.0
69,1962-08-06 01:35:00,-41.03,32.26,10,,,6.0,Mw,-45.0
70,1962-08-30 13:35:00,-111.6,41.92,12,,,5.9,Mw,-108.0
71,1962-09-01 19:20:00,49.8,35.7,10,,,7.0,Mw,70.0
72,1962-11-11 11:31:00,113.22,55.84,5,,,5.7,Mw,-78.0
73,1962-11-11 22:14:00,-76.21,-43.25,13,,,6.1,Mw,-105.0
74,1963-03-24 02:07:00,120.54,-9.7,25,,,6.3,Mw,58.0
75,1963-04-19 07:35:00,96.44,35.53,10,,,6.7,Mw,-10.0
76,1963-05-18 05:33:00,-69.35,-29.59,0,,,5.0,Mw,122.0
77,1963-05-18 12:20:00,115.55,-8.21,16,,,5.7,Mw,112.0
78,1963-05-22 21:53:00,115.66,-8.14,13,,,5.9,Mw,119.0
79,1963-06-19 10:47:00,92.06,24.97,45,,,5.9,Mw,42.0
80,1963-06-21 15:26:00,92.09,25.13,36,,,5.7,Mw,-70.0
81,1963-06-26 14:09:00,76.61,36.38,89,,,6.0,Mw,-105.0
82,1963-08-29 15:30:00,-81.48,-6.97,23,,,6.6,Mw,116.0
83,1963-09-04 13:32:00,-73.02,71.31,7,,,5.9,mb,-94.0
84,1963-09-17 05:54:00,-78.23,-10.63,62,,,6.1,Mw,120.0
85,1963-09-18 16:58:00,28.95,40.7,15,,,5.9,Mw,-82.0
86,1963-11-03 03:10:00,-77.91,-3.49,13,,,6.3,Mw,95.0
87,1963-12-14 00:05:00,-61.01,-2.3,45,,,5.1,Mw,96.0
88,1963-12-16 13:47:00,20.9,37.1,6,,,5.5,Mw,74.0
89,1964-01-22 23:59:00,165.99,-13.6,24,32.0,,6.0,mb,
90,1964-02-13 11:21:00,-56.69,-18.06,5,0.0,,5.4,Mw,37.0
91,1964-03-16 01:05:00,95.62,36.99,10,7.0,,5.3,Mw,50.0
92,1964-03-19 09:42:00,56.31,14.35,5,29.0,,5.7,Mw,-119.0
93,1964-04-13 08:29:00,18.0,45.25,11,15.0,,5.7,Mw,79.0
94,1964-05-07 05:45:00,35.11,-3.93,34,31.0,,6.6,Mw,44.0
95,1964-05-25 19:44:00,88.8,-9.1,17,26.0,,6.0,Ms,5.0
96,1964-06-14 12:15:00,38.55,38.15,11,10.0,,5.8,Mw,-28.0
97,1964-07-21 09:56:00,130.16,72.06,11,0.0,,5.4,Mw,-70.0
98,1964-08-05 22:23:00,-75.03,-41.17,16,7.0,,6.5,Mw,-144.0
99,1964-08-18 04:44:00,-71.67,-26.39,36,28.0,,6.7,Mw,99.0
100,1964-08-25 13:47:00,126.65,78.15,5,12.0,,6.2,Mw,-89.0
101,1964-09-01 13:22:00,92.23,27.03,4,22.0,,5.7,Mw,90.0
102,1964-09-04 10:34:00,131.49,-3.9,21,29.0,,6.1,Mw,59.0
103,1964-09-12 22:07:00,164.46,-48.95,11,26.0,,7.1,Mw,124.0
104,1964-09-17 15:02:00,-31.3,44.5,9,10.0,,5.6,mb,130.0
105,1964-09-26 00:46:00,80.45,29.89,18,29.0,,5.9,Mw,90.0
106,1964-10-06 14:31:00,28.23,40.3,14,,,6.3,Mw,-90.0
107,1964-10-21 23:09:00,93.76,28.04,15,20.0,,6.0,Mw,90.0
108,1964-10-23 01:56:00,-56.0,19.8,30,31.0,,6.3,Ms,160.0
109,1964-11-08 02:43:00,164.2,-48.98,13,29.0,,6.5,Mw,157.0
110,1964-12-03 03:50:00,66.72,-14.91,1,15.0,,5.9,Mw,-111.0
111,1964-12-22 04:36:00,56.9,28.17,18,30.0,,5.5,Mw,90.0
112,1965-01-12 13:32:00,87.85,27.4,15,22.0,,5.9,Mw,90.0
113,1965-02-18 04:26:00,94.24,24.96,53,48.0,,5.4,Mw,-144.0
114,1965-03-09 17:57:00,23.79,39.24,7,19.0,,6.0,Mw,15.0
115,1965-03-31 09:46:00,22.26,38.38,55,57.0,,6.8,Mw,78.0
116,1965-04-05 13:52:00,151.11,44.65,25,47.0,,5.6,Ms,170.0
117,1965-04-09 23:57:00,24.3,35.02,51,54.0,,6.1,Mw,157.0
118,1965-04-16 23:22:00,-160.1,64.7,12,8.0,,5.8,mb,-85.0
119,1965-04-18 06:33:00,-127.4,41.41,2,13.0,,5.9,Mw,-115.0
120,1965-04-27 14:09:00,23.5,35.62,13,29.0,,5.4,Mw,-79.0
121,1965-05-18 01:04:00,49.87,-17.69,15,30.0,,5.4,Mw,-95.0
122,1965-05-31 11:38:00,128.6,-7.53,66,35.0,,5.9,Mw,-89.0
123,1965-06-02 23:40:00,-46.68,15.84,3,13.0,,5.9,Mw,-116.0
124,1965-06-21 00:21:00,55.84,28.09,8,23.0,,6.0,Mw,110.0
125,1965-06-22 05:49:00,77.57,36.2,91,102.0,,4.9,Mw,-134.0
126,1965-07-06 03:18:00,22.4,38.33,10,28.0,,6.2,Mw,-71.0
127,1965-08-03 02:01:00,-81.27,-7.31,19,26.0,,5.7,Mw,-50.0
128,1965-09-09 10:02:00,-84.44,6.51,8,23.0,,6.2,Mw,106.0
131,1965-09-12 22:02:00,70.76,-6.46,18,26.0,,6.3,Mw,-114.0
132,1965-10-03 16:14:00,-75.37,-42.96,15,22.0,,6.0,Mw,-105.0
133,1965-10-07 03:36:00,114.4,12.4,3,17.0,,5.6,Ms,83.0
134,1965-10-31 17:24:00,95.2,-14.2,24,0.0,,5.4,Ms,3.0
135,1965-11-13 04:33:00,87.74,43.87,44,58.0,,6.3,Mw,81.0
136,1965-11-13 17:59:00,-68.11,-29.38,32,28.0,,5.7,Mw,65.0
137,1965-11-16 15:24:00,-41.53,30.92,2,10.0,,5.9,Mw,-95.0
138,1965-11-25 10:50:00,-100.24,-17.07,9,0.0,,5.5,Mw,110.0
140,1965-12-08 18:05:00,177.5,-37.09,156,169.0,,6.1,Mw,102.0
142,1965-12-19 22:06:00,78.9,-32.2,11,0.0,,6.0,Mw,-56.0
143,1966-01-24 07:23:00,69.6,29.9,8,16.0,,5.7,Mw,97.0
144,1966-02-05 02:01:00,21.69,39.02,11,14.0,,6.3,Mw,-95.0
145,1966-02-05 15:12:00,103.17,26.16,4,16.0,,6.1,Mw,-9.0
146,1966-02-07 04:26:00,69.6,29.92,9,10.0,,6.1,Mw,96.0
147,1966-02-07 23:06:00,69.89,30.25,5,12.0,,5.9,Mw,108.0
148,1966-02-13 10:44:00,103.26,26.17,4,6.0,,5.9,Mw,-71.0
149,1966-02-17 11:47:00,79.9,-32.2,11,8.0,,6.6,Mw,-58.0
150,1966-03-04 23:58:00,177.91,-38.45,24,31.0,,5.6,Mw,82.0
151,1966-03-06 02:15:00,80.47,31.41,8,17.0,,6.3,Mw,-90.0
152,1966-03-07 21:29:00,114.92,37.35,11,18.0,,6.6,Mw,-178.0
153,1966-03-08 05:41:00,126.43,1.87,19,30.0,,6.2,Mw,88.0
154,1966-03-20 01:42:00,29.87,0.84,6,27.0,,6.9,Mw,-100.0
155,1966-03-22 08:11:00,115.08,37.5,8,13.0,,6.3,Mw,-178.0
156,1966-03-22 08:19:00,115.05,37.53,9,14.0,,6.8,Mw,-169.0
157,1966-03-26 15:19:00,115.27,37.68,9,11.0,,6.0,Mw,-157.0
158,1966-05-06 02:36:00,34.65,-15.63,17,10.0,,5.1,Mw,-124.0
159,1966-05-09 00:42:00,26.48,34.42,16,14.0,,5.5,Mw,110.0
160,1966-05-17 07:03:00,29.94,0.82,6,0.0,,5.8,Mw,-92.0
161,1966-05-25 13:20:00,159.7,-52.53,10,27.0,,7.1,Mw,122.0
162,1966-06-02 03:27:00,176.02,50.99,25,40.0,,5.8,Ms,-78.0
163,1966-06-07 00:59:00,-75.87,-14.82,18,16.0,,6.3,Mw,61.0
164,1966-06-27 10:41:00,80.42,29.55,15,27.0,,6.0,Mw,70.0
165,1966-08-01 19:09:00,68.72,29.97,14,16.0,,5.8,Mw,108.0
166,1966-08-01 20:30:00,68.62,29.95,3,18.0,,5.8,Mw,87.0
167,1966-08-01 21:02:00,68.62,30.08,6,22.0,,6.1,Mw,43.0
169,1966-08-07 02:13:00,-171.21,50.55,20,26.0,,6.8,Mw,
170,1968-08-10 02:07:00,126.24,1.38,25,6.0,,7.8,Mw,80.0
171,1966-08-15 02:15:00,78.84,28.67,20,28.0,,5.6,Mw,-90.0
172,1966-08-15 10:20:00,63.99,3.69,3,22.0,,5.7,Mw,-100.0
173,1966-09-12 11:29:00,170.67,-23.03,13,28.0,,6.3,Mw,-126.0
174,1966-09-18 20:43:00,54.27,27.81,12,27.0,,5.9,Mw,86.0
175,1966-09-26 05:10:00,92.62,27.49,12,16.0,,5.5,Mw,58.0
176,1966-09-28 14:02:00,100.08,27.46,14,10.0,,6.3,Mw,-86.0
177,1966-10-14 01:04:00,87.51,36.51,8,7.0,,5.4,Mw,-90.0
178,1966-10-27 14:21:00,145.96,22.14,28,12.0,,6.0,Mw,
179,1966-10-29 02:39:00,21.05,38.86,15,11.0,,5.5,Mw,48.0
180,1966-12-16 20:52:00,80.82,29.62,12,15.0,,5.7,Mw,90.0
181,1966-12-23 15:50:00,148.34,-6.88,23,55.0,,6.4,Mw,93.0
182,1967-01-05 00:14:00,103.05,48.28,5,15.0,,7.0,Mw,-179.0
183,1967-01-07 00:27:00,112.8,-48.8,9,15.0,,6.0,Mw,-124.0
184,1967-01-11 11:20:00,45.66,34.07,10,22.0,,5.6,Mw,81.0
185,1967-01-18 05:34:00,121.0,56.65,10,4.0,,5.5,Mw,-117.0
186,1967-01-20 01:57:00,103.14,48.23,8,6.0,,6.4,Mw,102.0
187,1967-02-09 15:24:00,-74.83,2.93,36,36.0,,7.1,Mw,173.0
188,1967-02-20 15:18:00,75.32,33.55,10,18.0,,5.5,Mw,105.0
189,1967-03-04 17:58:00,24.61,39.09,10,12.0,,6.2,Mw,-56.0
190,1967-03-13 19:22:00,38.72,19.62,2,23.0,,5.6,Mw,-100.0
191,1967-03-14 06:58:00,94.32,28.44,15,18.0,,5.7,Mw,90.0
192,1967-04-05 02:47:00,147.29,19.98,16,31.0,,6.0,mb,
193,1967-04-21 08:14:00,126.77,-5.45,10,18.0,,6.2,Mw,-146.0
194,1967-04-22 08:37:00,126.81,-5.56,9,21.0,,5.8,Mw,70.0
195,1967-04-25 10:36:00,-69.1,-32.83,27,0.0,,5.5,Mw,97.0
196,1967-05-01 07:09:00,21.26,39.48,10,17.0,,5.9,Mw,-85.0
197,1967-05-11 14:50:00,73.79,39.38,8,7.0,,5.5,Mw,-2.0
198,1967-06-28 14:34:00,165.72,-47.12,21,38.0,,5.6,Mw,92.0
199,1967-07-08 19:18:00,143.88,37.74,41,,,4.5,mb,90.0
200,1967-07-22 16:56:00,30.75,40.67,12,24.0,,7.2,Mw,-178.0
201,1967-08-09 07:14:00,-73.83,-8.45,42,0.0,,5.1,Mw,82.0
202,1967-08-15 09:21:00,93.55,31.01,12,22.0,,5.4,Mw,-48.0
203,1967-08-30 04:22:00,100.23,31.62,8,12.0,,6.1,Mw,-70.0
204,1967-08-30 11:08:00,100.24,31.52,10,22.0,,5.3,Mw,-90.0
206,1967-09-03 21:08:00,-79.67,-10.59,36,27.0,,7.0,Mw,37.0
207,1967-09-18 15:33:00,146.76,-5.8,34,43.0,,5.8,Mw,75.0
208,1967-09-20 09:39:00,163.93,-49.57,6,30.0,,6.8,Mw,124.0
209,1967-09-20 09:39:00,163.93,-49.57,6,30.0,,6.1,Mw,136.0
210,1967-10-12 18:31:00,129.83,-7.15,91,66.0,,6.1,Mw,51.0
211,1967-11-10 18:38:00,71.3,-6.0,18,12.0,,5.6,Mw,-169.0
212,1967-11-11 11:55:00,71.3,-6.0,17,22.0,,5.2,Ms,
213,1967-11-12 10:36:00,-171.84,-17.3,42,26.0,,5.9,mb,60.0
214,1967-11-21 17:02:00,8.1,72.7,6,17.0,,5.5,mb,
215,1967-11-30 07:23:00,20.43,41.35,9,16.0,,6.2,Mw,-88.0
216,1967-12-10 22:51:00,73.77,17.39,5,19.0,,6.3,Mw,-29.0
217,1967-12-12 06:18:00,73.78,17.22,4,0.0,,5.7,Mw,-120.0
218,1968-01-26 04:45:00,120.32,-8.93,9,23.0,,6.8,Mw,-36.0
219,1968-03-02 22:02:00,71.4,-6.1,13,20.0,,5.4,Ms,80.0
220,1968-04-19 09:04:00,-16.09,-42.66,1,15.0,,5.8,Mw,-110.0
221,1968-04-20 10:18:00,-26.76,38.25,5,13.0,,5.5,Mw,-71.0
222,1968-04-28 04:18:00,174.6,44.8,10,25.0,,5.2,Ms,
223,1968-05-15 07:51:00,26.1,-15.92,30,19.0,,5.6,Mw,-113.0
224,1968-05-24 20:57:00,171.82,-41.99,11,22.0,,5.8,Mw,72.0
225,1968-06-12 04:29:00,91.89,24.82,38,0.0,,5.3,Mw,135.0
226,1968-06-19 08:13:00,-77.26,-5.56,20,22.0,,6.1,Mw,70.0
227,1968-06-20 02:38:00,-77.26,-5.52,16,27.0,,5.8,Mw,47.0
228,1968-06-23 09:16:00,51.25,29.74,9,0.0,,5.5,Mw,88.0
229,1968-07-17 05:24:00,125.03,-8.66,6,13.0,,6.0,Mw,-82.0
230,1968-07-30 20:38:00,-80.42,-6.86,22,32.0,,6.3,Mw,93.0
231,1968-08-03 04:54:00,128.47,25.65,20,25.0,,6.4,mb,
232,1968-08-17 04:00:00,126.34,1.32,21,47.0,,6.1,Mw,96.0
233,1968-08-18 14:19:00,90.62,26.42,25,0.0,,5.3,Mw,90.0
234,1968-08-20 11:16:00,147.1,5.4,6,14.0,,5.0,Ms,35.0
235,1968-08-27 05:17:00,-72.89,-8.9,26,0.0,,4.9,mb,157.0
236,1968-09-01 07:27:00,58.21,34.07,10,8.0,,6.3,Mw,95.0
237,1968-09-03 08:19:00,32.42,41.82,4,6.0,,6.3,Mw,80.0
238,1968-09-03 15:36:00,-62.3,20.6,25,29.0,,5.9,Ms,4.0
239,1968-09-04 23:24:00,58.31,34.03,9,0.0,,5.5,Mw,100.0
240,1968-09-11 19:17:00,59.54,34.02,6,0.0,,5.6,Mw,16.0
241,1968-09-14 01:25:00,80.4,-24.5,4,0.0,,5.4,mb,82.0
242,1968-09-14 13:48:00,53.17,28.33,7,25.0,,5.8,Mw,90.0
243,1968-10-08 07:43:00,87.7,-39.9,9,13.0,,5.8,Ms,-91.0
244,1968-10-14 02:58:00,117.0,-31.54,3,8.0,,6.6,Mw,73.0
245,1968-10-31 09:06:00,126.36,1.2,20,44.0,,6.1,Mw,95.0
246,1968-10-31 09:15:00,-73.44,-16.38,37,48.0,,6.0,Mw,105.0
247,1968-11-15 06:25:00,59.15,37.83,18,0.0,,5.4,Mw,97.0
248,1968-11-26 00:03:00,-6.94,-57.54,4,10.0,,5.6,Mw,-98.0
249,1968-12-01 13:14:00,-74.83,-10.64,18,0.0,,5.8,Mw,90.0
250,1968-12-02 02:33:00,23.78,-14.11,11,12.0,,5.6,Mw,-81.0
251,1968-12-27 14:38:00,91.61,24.12,27,0.0,,5.1,Mw,138.0
252,1969-01-03 03:16:00,57.81,37.11,7,19.0,,5.5,Mw,95.0
253,1969-01-25 05:19:00,126.02,0.74,25,24.0,,6.1,Mw,92.0
254,1969-01-29 17:44:00,-171.43,-17.3,32,28.0,,6.0,mb,
255,1969-02-04 04:10:00,-80.09,-8.07,41,30.0,,6.2,Mw,148.0
256,1969-02-11 22:08:00,79.24,41.42,10,10.0,,6.1,Mw,83.0
257,1969-02-24 00:08:00,131.01,-6.23,43,85.0,,6.3,Mw,-152.0
258,1969-02-28 02:40:00,-10.58,35.92,22,18.0,,7.7,Mw,-12.0
259,1969-02-28 02:40:00,-10.58,35.92,32,18.0,,7.6,Mw,113.0
260,1969-03-03 00:59:00,27.5,40.06,5,9.0,,5.7,Mw,68.0
261,1969-03-09 13:48:00,135.65,-4.1,7,10.0,,6.3,Mw,176.0
262,1969-03-20 08:17:00,-114.24,31.24,6,29.0,,5.8,Mw,-87.0
263,1969-03-20 16:18:00,127.28,8.74,10,34.0,,6.1,mb,
264,1969-03-21 06:34:00,-114.34,31.16,3,0.0,,5.6,Mw,-86.0
265,1969-03-23 21:08:00,28.5,39.1,8,10.0,,5.8,Mw,-92.0
266,1969-03-25 13:21:00,28.5,39.25,10,10.0,,5.9,Mw,-96.0
267,1969-03-28 01:48:00,28.47,38.48,3,1.0,,6.7,Mw,-97.0
268,1969-03-29 09:15:00,41.22,11.89,9,15.0,,6.2,Mw,-20.0
269,1969-03-31 07:15:00,33.94,27.52,6,8.0,,6.6,Mw,-89.0
270,1969-04-05 02:18:00,41.39,11.97,5,14.0,,6.2,Mw,-51.0
271,1969-04-07 20:26:00,130.86,76.55,10,10.0,,5.4,Mw,-106.0
272,1969-04-13 15:24:00,80.68,17.83,10,12.0,,5.8,Mw,-2.0
273,1969-04-22 22:34:00,58.23,12.76,10,16.0,,5.2,Mw,-55.0
274,1969-06-17 23:58:00,160.17,-52.77,6,10.0,,6.4,Mw,-172.0
275,1969-07-08 08:09:00,20.32,37.55,10,0.0,,5.9,Mw,108.0
276,1969-07-18 05:24:00,119.47,38.43,6,3.0,,7.1,Mw,-160.0
277,1969-07-18 23:17:00,-63.34,-18.29,0,11.0,,5.5,Mw,90.0
278,1969-07-24 02:59:00,-75.08,-11.86,6,10.0,,5.9,Mw,142.0
279,1969-08-05 02:13:00,126.23,1.22,36,22.0,,7.2,Mw,81.0
280,1969-08-08 11:08:00,-15.7,-47.8,7,19.0,,6.1,Mw,-145.0
281,1969-08-23 02:54:00,144.38,39.69,2,34.0,,5.0,mb,
282,1969-08-23 06:39:00,144.3,39.75,5,34.0,,5.2,Mw,-90.0
283,1969-08-24 22:03:00,144.32,39.82,4,0.0,,5.5,Mw,-90.0
284,1969-09-14 16:15:00,74.81,39.74,3,27.0,,5.5,Mw,76.0
285,1969-09-20 05:08:00,-32.12,58.29,1,6.0,,6.1,Mw,-99.0
286,1969-09-29 20:03:00,19.32,-33.19,5,16.0,,6.3,Mw,3.0
287,1969-10-01 05:05:00,-75.19,-11.84,5,6.0,,5.8,Mw,113.0
288,1969-10-26 21:39:00,23.49,-53.34,3,23.0,,6.3,Mw,-79.0
289,1969-12-04 08:50:00,144.62,40.75,14,15.0,,5.6,Mw,-140.0
290,1970-01-09 23:16:00,117.25,-9.27,65,66.0,,5.8,Mw,94.0
291,1970-01-21 17:51:00,-104.2,7.0,6,21.0,,6.8,Ms,106.0
292,1970-02-06 22:10:00,100.76,23.04,14,10.0,,5.9,Mw,-48.0
293,1970-02-14 11:17:00,-75.54,-9.91,28,28.0,,5.8,Mw,90.0
294,1970-02-19 07:10:00,93.95,27.42,10,12.0,,5.4,Mw,90.0
295,1970-02-19 22:55:00,140.03,-4.5,20,27.0,,5.4,Mw,74.0
296,1970-02-23 11:22:00,54.48,27.79,9,23.0,,5.6,Mw,90.0
297,1970-02-24 02:07:00,103.08,30.64,7,14.0,,5.6,Mw,134.0
298,1970-02-27 07:07:00,-179.63,50.14,6,9.0,,5.9,Ms,-122.0
299,1970-03-19 23:33:00,173.76,51.3,20,9.0,,6.2,Ms,-68.0
300,1970-03-23 01:53:00,72.98,21.58,11,0.0,,5.4,Mw,130.0
301,1970-03-24 10:35:00,126.65,-22.08,8,6.0,,6.0,Mw,80.0
302,1970-03-28 21:02:00,29.51,39.16,8,17.0,,7.2,Mw,-97.0
303,1970-03-31 18:18:00,69.7,-3.4,13,14.0,,5.5,Ms,-173.0
304,1970-04-08 13:50:00,22.55,38.26,9,14.0,,5.9,Mw,-94.0
305,1970-04-16 10:42:00,29.93,38.96,8,0.0,,5.5,Mw,-102.0
306,1970-04-19 13:29:00,29.79,38.97,10,17.0,,5.8,Mw,-87.0
307,1970-04-25 03:43:00,69.8,-6.3,11,29.0,,5.1,Ms,-168.0
308,1970-05-15 17:13:00,91.26,50.2,7,9.0,,6.3,Mw,87.0
309,1970-05-29 10:34:00,94.03,23.97,61,0.0,,5.1,Mw,158.0
310,1970-06-02 01:37:00,-78.87,-9.75,59,57.0,,5.7,Mw,50.0
311,1970-06-04 04:09:00,-78.69,-9.88,50,47.0,,6.5,Mw,127.0
312,1970-06-05 04:53:00,78.71,42.48,17,14.0,,6.3,Mw,68.0
313,1970-06-28 01:30:00,124.04,-8.75,80,75.0,,6.7,Mw,95.0
315,1970-07-02 00:45:00,-78.6,-10.14,46,54.0,,6.1,Mw,-158.0
316,1970-07-30 00:52:00,55.92,37.85,11,12.0,,6.4,Mw,-150.0
317,1970-08-08 21:04:00,126.26,1.2,16,32.0,,5.9,Mw,76.0
318,1970-08-13 04:22:00,117.95,-9.0,96,106.0,,5.9,Mw,57.0
319,1970-10-10 08:53:00,86.2,-3.6,27,30.0,,6.3,Ms,-2.0
320,1970-10-31 17:53:00,145.83,-4.96,9,42.0,,7.6,Mw,-11.0
321,1970-11-09 17:41:00,56.78,29.5,100,99.0,,5.3,Mw,-124.0
322,1970-11-12 06:07:00,145.21,-5.03,22,12.0,,6.4,Mw,95.0
323,1970-12-10 04:34:00,-80.66,-3.97,42,17.0,,7.1,Mw,76.0
324,1971-02-02 07:59:00,91.64,23.72,38,31.0,,5.4,Mw,90.0
325,1971-03-23 20:47:00,79.2,41.42,11,12.0,,5.8,Mw,93.0
326,1971-03-24 13:54:00,98.03,35.43,7,8.0,,6.0,Mw,5.0
327,1971-04-03 04:49:00,95.01,32.16,9,,,5.8,Mw,-5.0
328,1971-04-06 06:49:00,51.89,29.79,6,0.0,,5.2,Mw,2.0
329,1971-04-12 19:03:00,55.61,28.26,10,15.0,,5.9,Mw,90.0
330,1971-04-28 15:34:00,101.01,22.95,6,10.0,,6.1,Mw,4.0
331,1971-05-03 00:33:00,84.34,30.77,8,14.0,,5.5,Mw,-90.0
332,1971-05-09 08:25:00,-104.9,-39.8,8,16.0,,6.0,Ms,
333,1971-05-10 14:51:00,71.29,42.85,15,15.0,,5.4,Mw,57.0
334,1971-05-12 12:57:00,29.6,37.49,12,25.0,,5.5,Mw,-89.0
335,1971-05-22 16:44:00,40.57,38.86,9,5.0,,6.6,Mw,3.0
336,1971-05-22 20:03:00,92.12,32.39,8,5.0,,5.6,Mw,3.0
337,1971-05-25 05:43:00,29.72,39.02,7,14.0,,5.8,Mw,-102.0
338,1971-05-26 02:41:00,58.23,35.56,13,17.0,,5.6,Mw,32.0
339,1971-05-30 15:44:00,96.36,25.2,6,23.0,,6.2,Mw,178.0
340,1971-05-31 03:46:00,1.02,72.2,2,9.0,,5.9,Mw,-76.0
341,1971-06-26 19:27:00,96.9,-5.2,32,17.0,,6.4,Ms,
342,1971-07-17 15:00:00,93.16,26.39,36,41.0,,5.5,Mw,46.0
343,1971-08-20 21:36:00,-92.46,13.28,27,11.0,,5.6,mb,60.0
344,1971-09-09 23:01:00,150.85,44.4,15,29.0,,5.9,Ms,-80.0
345,1971-09-30 21:24:00,-4.9,-0.5,13,24.0,,5.5,Ms,117.0
346,1971-09-30 21:31:00,140.38,61.61,2,10.0,,5.5,Mw,-1.0
347,1971-10-08 14:15:00,144.27,-6.87,11,24.0,,5.4,Mw,85.0
348,1971-10-15 10:33:00,-73.4,-14.18,8,85.0,,5.7,Mw,10.0
349,1971-11-08 03:06:00,54.45,27.01,9,13.0,,5.9,Mw,90.0
350,1971-12-02 17:18:00,153.43,44.8,39,32.0,,6.2,mb,
351,1971-12-29 22:27:00,94.68,25.15,61,60.0,,5.6,Mw,-180.0
352,1972-01-12 18:37:00,75.03,37.65,89,76.0,,5.3,Mw,133.0
353,1972-01-18 21:55:00,145.0,-4.96,27,28.0,,6.6,Mw,-7.0
354,1972-01-19 15:00:00,145.04,-4.56,10,15.0,,6.4,Mw,-75.0
355,1972-03-08 03:45:00,131.39,-3.74,28,29.0,,5.9,Mw,71.0
356,1972-03-20 07:33:00,-76.78,-6.81,38,43.0,,6.1,Mw,90.0
357,1972-04-01 23:51:00,164.09,-49.35,6,2.0,,6.4,Mw,113.0
358,1972-04-03 20:36:00,-35.17,54.27,1,0.0,,5.7,Mw,-106.0
359,1972-04-09 04:10:00,84.58,42.09,13,16.0,,5.4,Mw,90.0
360,1972-04-10 02:06:00,52.79,28.41,9,18.0,,6.7,Mw,99.0
361,1972-05-02 06:56:00,-100.3,5.2,11,25.0,,5.5,Ms,-80.0
362,1972-05-04 04:11:00,113.61,-10.75,10,23.0,,5.5,Ms,-142.0
363,1972-05-21 06:01:00,175.0,-27.1,13,0.0,,4.9,Ms,157.0
364,1972-06-06 05:25:00,-39.79,32.9,1,17.0,,5.7,Mw,-107.0
365,1972-06-12 13:34:00,46.27,33.03,11,26.0,,5.0,Mw,83.0
366,1972-06-24 15:29:00,69.68,36.29,24,31.0,,6.1,Mw,109.0
367,1972-06-28 09:49:00,33.79,27.66,6,9.0,,5.7,Mw,-100.0
368,1972-07-02 12:56:00,50.85,30.06,9,22.0,,5.3,Mw,90.0
369,1972-07-13 01:59:00,63.02,-28.27,3,26.0,,4.3,Mw,-93.0
370,1972-07-22 16:41:00,91.49,31.43,8,10.0,,5.9,Mw,-17.0
371,1972-08-07 09:24:00,-171.96,-16.66,45,22.0,,6.0,mb,75.0
372,1972-08-08 19:10:00,61.22,25.14,18,23.0,,5.0,Mw,77.0
373,1972-08-14 22:29:00,144.45,-6.29,23,30.0,,5.6,Mw,80.0
374,1972-08-28 02:18:00,136.37,-25.01,8,10.0,,5.3,Mw,90.0
375,1972-08-30 15:14:00,96.32,36.64,15,14.0,,5.3,Mw,60.0
376,1972-08-30 18:47:00,96.31,36.57,19,12.0,,5.3,Mw,38.0
377,1972-09-03 16:48:00,73.34,35.97,12,26.0,,6.2,Mw,105.0
378,1972-09-07 02:55:00,68.01,-2.07,1,21.0,,5.7,Mw,-84.0
379,1972-09-11 13:35:00,130.75,-3.29,21,30.0,,6.2,Mw,79.0
380,1972-09-17 14:07:00,20.21,38.25,8,11.0,,6.2,Mw,-173.0
381,1972-09-18 20:35:00,119.6,-9.93,59,48.0,,5.6,Mw,132.0
382,1972-09-24 20:09:00,131.15,-6.22,29,26.0,,6.8,Mw,-151.0
383,1972-09-26 21:05:00,-68.17,-30.94,20,11.0,,6.0,Mw,81.0
384,1972-09-27 09:01:00,-172.06,-16.52,6,20.0,,6.0,Ms,-137.0
385,1972-10-17 21:23:00,120.51,-10.37,29,32.0,,6.0,Mw,83.0
386,1972-10-18 18:18:00,124.93,-8.59,20,24.0,,5.9,Mw,-127.0
387,1972-10-20 04:33:00,-29.7,20.6,18,34.0,,5.8,Ms,169.0
388,1972-11-01 21:22:00,144.41,-6.35,21,32.0,,5.3,Mw,80.0
389,1972-11-12 17:56:00,73.17,38.29,107,113.0,,5.9,Mw,-115.0
390,1972-11-24 13:19:00,85.3,11.7,27,34.0,,5.2,Ms,76.0
391,1972-12-01 11:39:00,57.92,35.45,8,0.0,,5.4,Mw,-25.0
392,1973-01-05 13:54:00,175.25,-39.04,149,154.0,,6.6,Mw,76.0
393,1973-02-06 10:37:00,100.47,31.39,10,8.0,,5.9,Mw,-179.0
394,1973-02-07 16:06:00,100.29,31.45,10,14.0,,5.9,Mw,-90.0
395,1973-03-09 10:06:00,127.35,6.28,17,51.0,,5.9,mb,
396,1973-03-18 11:06:00,126.57,2.09,36,33.0,,6.6,Mw,74.0
397,1973-04-07 03:01:00,91.3,7.0,13,27.0,,6.6,Ms,-4.0
398,1973-04-10 19:55:00,119.29,-9.81,65,51.0,,5.8,Mw,108.0
399,1973-04-17 12:34:00,134.26,-4.32,10,22.0,,6.4,Mw,7.0
400,1973-04-26 20:26:00,-155.2,20.0,45,24.0,,6.1,Ms,-13.0
401,1973-05-03 23:11:00,73.2,-46.1,15,16.0,,5.5,Ms,
402,1973-05-04 11:27:00,126.74,2.25,33,38.0,,5.9,Mw,83.0
403,1973-05-31 23:40:00,93.5,24.31,56,53.0,,5.8,Mw,13.0
404,1973-06-02 23:57:00,83.6,44.14,26,16.0,,5.5,Mw,133.0
405,1973-06-29 07:55:00,-85.0,3.9,6,40.0,,5.5,Mw,169.0
406,1973-07-14 04:51:00,86.44,35.15,6,11.0,,6.6,Mw,-35.0
407,1973-07-14 13:39:00,86.6,35.19,7,10.0,,5.7,Mw,-56.0
408,1973-08-01 14:05:00,89.14,29.57,81,91.0,,4.9,Mw,-24.0
409,1973-08-11 07:15:00,103.99,32.89,4,13.0,,5.8,Mw,10.0
410,1973-08-16 08:02:00,86.81,33.21,8,1.0,,5.4,Mw,-155.0
411,1973-08-30 19:50:00,84.3,7.1,27,30.0,,5.2,Ms,118.0
412,1973-09-08 07:25:00,86.84,33.29,9,7.0,,5.8,Mw,-161.0
413,1973-11-03 14:17:00,-67.72,-25.98,11,10.0,,5.0,Mw,43.0
414,1973-11-04 15:52:00,20.5,38.86,23,19.0,,5.8,Mw,81.0
415,1973-11-09 13:42:00,32.7,86.05,1,4.0,,5.8,Mw,-105.0
416,1973-11-17 10:51:00,69.9,-1.6,20,15.0,,5.5,Ms,-134.0
417,1973-11-19 11:19:00,-64.59,-24.58,26,24.0,,5.0,Mw,89.0
418,1973-12-19 04:42:00,119.39,-9.52,28,33.0,,6.2,Mw,95.0
419,1974-02-01 06:39:00,-13.5,-47.49,1,0.0,,5.9,Mw,-106.0
420,1974-02-28 13:59:00,177.0,-36.69,5,12.0,,6.5,Mw,-112.0
421,1974-03-03 12:51:00,177.01,-36.74,5,2.0,,5.8,Mw,-113.0
422,1974-03-06 19:29:00,129.1,-6.47,12,22.0,,6.4,Mw,174.0
423,1974-03-24 14:16:00,86.01,27.65,16,24.0,,5.4,Mw,90.0
424,1974-04-12 17:45:00,134.4,14.3,11,35.0,,4.9,Ms,71.0
425,1974-05-09 13:27:00,126.07,0.83,26,57.0,,5.8,Mw,77.0
426,1974-05-11 00:43:00,126.47,1.88,36,31.0,,6.2,Mw,90.0
427,1974-06-25 17:22:00,84.3,-26.0,23,19.0,,6.6,Ms,25.0
428,1974-07-01 16:51:00,-64.74,-22.14,17,14.0,,5.0,Mw,90.0
429,1974-07-01 23:11:00,-10.7,-22.6,3,15.0,,5.5,Ms,92.0
430,1974-07-03 23:25:00,-175.97,-29.23,20,37.0,,6.6,Ms,-101.0
431,1974-07-04 19:30:00,93.94,45.19,11,11.0,,6.4,Mw,179.0
432,1974-07-26 13:01:00,128.91,-3.53,14,17.0,,5.8,Mw,93.0
433,1974-08-11 01:13:00,73.8,39.37,4,7.0,,6.2,Mw,53.0
434,1974-08-11 20:05:00,73.7,39.46,7,7.0,,5.7,Mw,91.0
435,1974-08-11 21:21:00,73.63,39.5,7,8.0,,5.8,Mw,-72.0
436,1974-08-25 01:18:00,142.4,32.07,7,20.0,,5.6,Ms,-66.0
437,1974-08-27 12:56:00,73.83,39.56,4,3.0,,5.7,Mw,-144.0
438,1974-09-21 03:13:00,129.07,-6.39,11,14.0,,5.7,Mw,112.0
439,1974-09-23 19:28:00,12.76,-0.3,3,12.0,,6.0,Mw,86.0
440,1974-09-27 04:09:00,-71.37,2.72,6,28.0,,5.5,mb,-175.0
441,1974-11-05 10:38:00,173.63,-39.65,17,22.0,,5.4,Mw,-147.0
442,1974-11-20 13:21:00,-28.3,-53.6,11,29.0,,5.6,Ms,69.0
443,1974-12-02 09:05:00,55.87,28.03,7,17.0,,5.2,Mw,80.0
444,1974-12-03 03:06:00,129.99,-5.04,9,30.0,,6.5,Mw,-2.0
445,1974-12-28 12:12:00,72.92,35.0,12,28.0,,6.0,Mw,102.0
446,1975-01-14 19:37:00,130.03,-4.93,11,25.0,,6.2,Mw,82.0
447,1975-01-14 19:49:00,130.09,-4.93,9,32.0,,6.6,Mw,85.0
448,1975-01-15 11:34:00,101.74,29.4,10,13.0,,6.0,Mw,-70.0
449,1975-01-19 08:02:00,78.5,32.36,9,12.0,,6.7,Mw,-90.0
450,1975-02-04 11:36:00,122.8,40.65,10,15.0,,6.9,Mw,-18.0
451,1975-02-26 04:48:00,98.56,84.97,1,12.0,,5.8,Mw,-106.0
452,1975-03-07 07:04:00,56.22,27.48,11,22.0,,6.1,Mw,90.0
453,1975-03-22 15:32:00,69.02,29.95,7,0.0,,5.5,Mw,60.0
454,1975-03-24 05:33:00,68.65,29.62,10,7.0,,5.6,Mw,73.0
455,1975-03-27 05:15:00,26.09,40.42,15,10.0,,6.1,Mw,-145.0
456,1975-03-28 02:31:00,-112.5,42.1,9,1.0,,6.2,Mw,-70.0
457,1975-04-04 17:41:00,45.19,-21.15,13,16.0,,5.6,Mw,43.0
458,1975-04-28 11:06:00,79.9,35.77,7,17.0,,5.9,Mw,-149.0
459,1975-05-05 05:18:00,92.84,33.11,7,4.0,,5.9,Mw,-14.0
460,1975-05-13 21:18:00,125.99,1.05,21,24.0,,6.6,Mw,91.0
461,1975-05-19 19:47:00,80.84,35.14,8,1.0,,5.6,Mw,-50.0
462,1975-05-21 03:16:00,94.06,23.86,43,46.0,,5.3,Mw,0.0
463,1975-05-30 17:45:00,96.97,26.62,12,40.0,,6.1,Mw,93.0
464,1975-06-03 00:38:00,96.92,26.58,8,0.0,,5.3,Mw,59.0
465,1975-06-03 03:25:00,96.97,26.55,10,15.0,,5.3,Mw,91.0
466,1975-06-04 02:24:00,79.94,35.88,9,12.0,,6.0,Mw,-121.0
467,1975-06-10 10:11:00,175.93,-40.34,38,46.0,,5.6,Mw,-103.0
468,1975-06-14 20:50:00,-132.5,72.0,32,31.0,,5.1,mb,
469,1975-06-14 23:36:00,143.43,36.31,16,26.0,,6.0,Mw,-126.0
470,1975-07-19 06:10:00,78.64,31.91,6,0.0,,5.2,Mw,-125.0
471,1975-07-29 02:40:00,78.49,32.57,8,13.0,,5.3,Mw,-90.0
472,1975-07-30 09:17:00,123.84,-10.09,15,16.0,,6.2,Mw,8.0
473,1975-09-02 15:31:00,121.7,-10.13,8,63.0,,5.7,Mw,-132.0
474,1975-09-06 09:20:00,40.8,38.56,5,22.0,,6.6,Mw,50.0
475,1975-09-11 22:00:00,-104.2,7.1,5,10.0,,5.8,Ms,93.0
476,1975-09-16 00:00:00,165.71,-47.21,8,28.0,,6.2,Mw,123.0
477,1975-09-19 03:37:00,81.9,-34.7,22,8.0,,6.1,Ms,-80.0
478,1975-09-22 00:44:00,26.26,35.26,64,54.0,,5.6,Mw,131.0
479,1975-09-25 12:34:00,127.97,-7.24,11,26.0,,5.6,Mw,106.0
480,1975-10-29 05:01:00,-103.6,3.9,9,40.0,,5.5,mb,-100.0
481,1975-12-24 11:48:00,55.48,27.01,8,11.0,,5.5,Mw,90.0
482,1975-12-30 07:35:00,125.39,-8.15,11,42.0,,5.6,Mw,103.0
483,1976-03-03 22:50:00,121.46,-8.36,22,53.0,38.0,5.7,Mw,93.0
484,1976-03-16 07:28:00,54.98,27.31,9,16.0,,5.2,Mw,90.0
485,1976-03-29 05:39:00,-85.9,4.0,8,18.0,17.0,6.5,Ms,-179.0
486,1976-04-08 02:40:00,63.73,40.36,15,11.0,15.0,6.8,Mw,80.0
487,1976-04-22 17:03:00,52.12,28.68,7,15.0,15.0,5.7,Mw,80.0
488,1976-05-06 20:00:00,13.28,46.36,8,13.0,15.0,6.3,Mw,80.0
489,1976-05-15 21:55:00,-74.42,-11.62,18,22.0,25.0,6.7,Mw,12.0
490,1976-05-17 02:58:00,63.42,40.4,15,15.0,15.0,6.9,Mw,78.0
491,1976-05-29 12:23:00,98.92,24.51,10,4.0,15.0,7.1,Mw,7.0
492,1976-05-29 19:38:00,98.9,24.51,2,0.0,,5.4,Mw,-31.0
493,1976-05-31 05:08:00,98.61,24.35,4,4.0,15.0,6.1,Mw,2.0
494,1976-05-31 18:36:00,98.64,24.26,4,0.0,,5.5,Mw,9.0
495,1976-06-09 00:20:00,98.72,24.93,2,13.0,,5.9,Mw,-172.0
496,1976-06-25 19:18:00,140.14,-4.58,13,17.0,15.0,6.5,Mw,-69.0
497,1976-06-25 19:18:00,140.14,-4.58,16,17.0,15.0,7.1,Mw,20.0
498,1976-06-27 19:12:00,140.24,-4.52,23,18.0,,5.7,Mw,-11.0
499,1976-07-01 11:24:00,25.11,-29.56,8,11.0,,5.7,Mw,-77.0
500,1976-07-03 16:34:00,98.69,24.25,6,0.0,,5.6,Mw,-14.0
501,1976-07-14 07:13:00,114.79,-8.17,14,19.0,28.0,6.5,Mw,94.0
502,1976-07-14 10:23:00,114.79,-8.15,10,22.0,,5.7,Mw,102.0
503,1976-07-17 05:32:00,139.95,-4.56,23,27.0,,5.9,Mw,49.0
504,1976-07-21 15:10:00,98.65,24.76,6,12.0,15.0,6.2,Mw,-7.0
505,1976-07-27 19:42:00,117.87,39.56,10,12.0,15.0,7.3,Mw,167.0
506,1976-07-28 10:45:00,118.37,39.71,8,16.0,15.0,6.9,Mw,-99.0
507,1976-07-28 20:17:00,45.57,43.18,19,15.0,15.0,6.0,Mw,123.0
508,1976-08-12 23:24:00,96.97,26.65,14,27.0,15.0,6.2,Mw,90.0
509,1976-08-16 14:06:00,104.08,32.75,12,7.0,15.0,6.1,Mw,40.0
510,1976-08-21 21:49:00,104.23,32.55,5,15.0,15.0,6.0,Mw,90.0
511,1976-08-23 03:30:00,104.17,32.45,8,17.0,19.0,6.2,Mw,40.0
512,1976-08-30 08:37:00,147.6,1.0,26,28.0,,5.9,Ms,172.0
513,1976-08-31 03:25:00,118.9,39.91,6,0.0,,5.4,Mw,-143.0
514,1976-09-14 06:43:00,89.53,29.78,90,101.0,,5.9,Mw,-90.0
515,1976-09-15 09:21:00,13.13,46.32,6,7.0,,5.8,Mw,70.0
516,1976-09-16 03:26:00,0.8,84.3,1,8.0,,5.7,Mw,-102.0
517,1976-09-19 14:59:00,32.9,-11.05,29,22.0,,5.6,Mw,-123.0
518,1976-09-22 16:14:00,-13.92,-46.17,3,29.0,,5.8,Mw,-104.0
519,1976-09-22 20:07:00,106.32,40.02,8,16.0,,5.5,Mw,-111.0
520,1976-10-01 11:27:00,77.4,35.98,86,80.0,,5.1,Mw,-109.0
521,1976-10-29 02:51:00,139.93,-4.54,8,17.0,15.0,6.9,Mw,-9.0
522,1976-11-02 07:13:00,77.7,-29.4,11,16.0,15.0,6.5,Mw,-78.0
523,1976-11-02 11:19:00,77.8,-29.2,12,17.0,,5.8,Mw,-69.0
524,1976-11-06 18:04:00,101.0,27.63,6,6.0,22.0,6.2,Mw,27.0
525,1976-11-07 04:00:00,59.21,33.85,8,6.0,15.0,6.0,Mw,12.0
526,1976-11-15 13:53:00,117.73,39.5,17,24.0,15.0,6.2,Mw,-10.0
527,1976-11-18 05:43:00,135.12,-4.25,19,26.0,15.0,6.2,Mw,-119.0
528,1976-12-13 06:36:00,101.0,27.36,2,8.0,,5.8,Mw,4.0
529,1976-12-14 16:06:00,130.66,28.29,11,24.0,15.0,6.4,mb,
530,1976-12-14 19:35:00,130.63,28.26,30,13.0,,5.6,mb,
531,1976-12-26 19:33:00,-16.72,-40.55,1,23.0,,5.8,Mw,-104.0
532,1977-01-01 21:39:00,90.99,38.18,8,9.0,10.0,5.8,Mw,82.0
533,1977-01-02 09:55:00,119.03,-10.16,16,33.0,24.0,6.3,Mw,89.0
534,1977-01-18 05:41:00,174.3,-41.73,34,25.0,26.0,6.0,Mw,-109.0
535,1977-01-19 00:46:00,95.7,37.01,14,11.0,,5.7,Mw,75.0
536,1977-01-25 00:50:00,-68.39,-33.6,18,12.0,,5.4,Mw,147.0
537,1977-01-31 14:26:00,70.86,40.11,12,22.0,,5.8,Mw,100.0
538,1977-02-05 03:29:00,-82.4,-66.5,15,27.0,10.0,6.4,Ms,73.0
539,1977-03-07 00:28:00,117.74,40.1,7,0.0,,5.3,Mw,-139.0
540,1977-03-15 08:55:00,131.03,-4.96,11,79.0,69.0,5.8,Mw,23.0
541,1977-03-21 21:19:00,56.36,27.58,12,19.0,18.0,6.7,Mw,86.0
542,1977-03-22 11:57:00,56.42,27.6,12,18.0,10.0,6.1,Mw,112.0
543,1977-03-23 23:51:00,56.55,27.59,9,18.0,10.0,5.5,Mw,88.0
544,1977-04-01 13:36:00,56.28,27.55,12,13.0,10.0,5.9,Mw,90.0
545,1977-04-06 13:36:00,50.65,31.96,6,10.0,10.0,5.9,Mw,132.0
546,1977-05-12 11:17:00,117.71,39.29,16,19.0,22.0,5.7,Mw,2.0
547,1977-06-05 04:45:00,48.09,32.64,12,22.0,,5.6,Mw,
548,1977-06-14 21:39:00,-14.49,-14.13,1,10.0,10.0,5.7,Mw,-85.0
549,1977-06-28 15:38:00,-45.05,22.56,2,22.0,10.0,5.6,Mw,-106.0
550,1977-06-28 19:18:00,-45.09,22.61,1,21.0,10.0,6.0,Mw,-105.0
551,1977-07-03 14:39:00,126.37,1.43,23,53.0,30.0,6.2,Mw,100.0
552,1977-07-06 08:48:00,29.54,-6.2,14,0.0,,5.3,Mw,-103.0
553,1977-07-29 09:14:00,75.14,38.18,112,120.0,131.0,5.3,Mw,21.0
554,1977-08-14 19:03:00,-12.73,-22.7,1,10.0,,5.8,Mw,-105.0
555,1977-08-18 09:27:00,23.49,35.24,38,48.0,45.0,5.5,Mw,96.0
556,1977-08-19 05:08:00,118.37,-11.18,24,47.0,15.0,5.7,Mw,-66.0
557,1977-08-20 19:16:00,119.0,-11.12,14,27.0,15.0,6.6,Mw,-102.0
558,1977-08-25 18:05:00,119.21,-10.89,11,44.0,21.0,6.3,Mw,-58.0
559,1977-08-26 19:50:00,-20.6,-59.5,9,21.0,,7.1,Ms,175.0
560,1977-08-27 07:12:00,125.38,-8.1,10,24.0,32.0,7.0,Mw,81.0
561,1977-09-02 10:36:00,119.02,-11.04,15,34.0,20.0,6.2,Mw,-100.0
562,1977-09-06 08:52:00,143.2,-6.11,15,12.0,15.0,6.1,Mw,114.0
563,1977-09-11 23:19:00,23.04,34.92,19,27.0,36.0,5.9,Mw,89.0
564,1977-09-23 05:57:00,118.11,-11.3,7,36.0,20.0,5.8,Mw,-40.0
565,1977-10-07 12:10:00,117.29,-9.99,16,24.0,19.0,6.4,Mw,-16.0
566,1977-10-10 11:53:00,-175.29,-25.85,20,16.0,23.0,7.4,Mw,-95.0
567,1977-10-17 17:26:00,173.1,-27.9,13,25.0,,6.7,Ms,9.0
568,1977-10-19 06:35:00,54.89,27.8,9,40.0,15.0,5.5,Mw,120.0
569,1977-11-18 05:20:00,88.4,32.64,11,11.0,10.0,6.3,Mw,-29.0
570,1977-11-23 09:26:00,-67.75,-31.73,17,10.0,20.0,7.3,Mw,80.0
571,1977-11-28 06:31:00,-67.39,-31.47,15,13.0,15.0,6.1,Mw,84.0
572,1977-12-06 17:05:00,-67.9,-31.24,0,16.0,19.0,5.9,Mw,62.0
573,1977-12-10 05:46:00,56.57,27.69,18,31.0,15.0,5.6,Mw,138.0
574,1977-12-13 01:14:00,-54.8,17.4,20,19.0,10.0,6.9,Ms,49.0
575,1977-12-14 03:00:00,58.0,-33.8,6,31.0,15.0,5.1,Ms,-72.0
576,1977-12-15 23:20:00,34.98,-4.76,12,10.0,15.0,5.4,Mw,-51.0
577,1977-12-18 16:47:00,77.3,39.86,7,11.0,15.0,5.8,Mw,79.0
578,1977-12-22 13:29:00,55.1,-34.49,5,10.0,15.0,5.7,Mw,-89.0
579,1978-02-12 03:34:00,124.04,-8.82,107,105.0,112.0,5.8,Mw,6.0
580,1978-03-24 00:42:00,-67.4,29.8,8,13.0,15.0,6.1,Ms,89.0
581,1978-03-27 10:36:00,125.07,-8.62,6,56.0,51.0,5.9,Mw,-98.0
582,1978-04-04 00:40:00,82.31,32.99,11,6.0,10.0,5.8,Mw,-164.0
583,1978-05-23 23:34:00,23.27,40.71,8,7.0,,5.8,Mw,-82.0
584,1978-06-20 20:03:00,23.24,40.75,7,3.0,,6.4,Mw,-96.0
585,1978-07-31 11:55:00,82.11,35.42,6,0.0,10.0,5.5,Mw,-8.0
586,1978-08-03 01:10:00,84.2,-1.0,40,48.0,42.0,5.5,Ms,90.0
587,1978-08-03 06:07:00,96.94,52.12,14,7.0,10.0,5.7,Mw,148.0
588,1978-08-28 08:04:00,164.22,-49.45,5,0.0,,5.5,Mw,170.0
589,1978-09-16 15:35:00,57.38,33.25,9,17.0,11.0,7.3,Mw,155.0
590,1978-10-04 16:42:00,-116.7,37.49,10,0.0,10.0,5.5,Mw,-90.0
591,1978-10-08 14:20:00,74.76,39.43,13,16.0,10.0,5.8,Mw,62.0
592,1978-11-02 06:24:00,72.66,39.34,5,11.0,,5.3,Mw,61.0
593,1978-11-02 11:15:00,72.64,39.4,4,0.0,15.0,5.4,Mw,76.0
594,1978-11-04 15:22:00,48.97,37.71,21,31.0,15.0,6.1,Mw,95.0
595,1978-11-08 00:57:00,72.58,39.34,4,0.0,10.0,5.4,Mw,131.0
596,1978-11-08 12:30:00,62.28,-28.51,4,0.0,15.0,5.6,Mw,-64.0
597,1978-12-14 19:25:00,126.08,0.55,33,52.0,35.0,5.9,Mw,114.0
598,1978-12-23 05:10:00,121.34,-8.25,7,40.0,15.0,6.1,Mw,114.0
599,1979-01-08 07:27:00,135.99,-4.15,15,0.0,22.0,5.5,Mw,134.0
600,1979-01-10 01:26:00,60.95,26.55,3,10.0,15.0,5.8,Mw,13.0
601,1979-01-10 15:05:00,61.02,26.48,2,2.0,15.0,5.9,Mw,-4.0
602,1979-01-16 09:50:00,59.51,33.96,11,9.0,15.0,6.5,Mw,115.0
603,1979-01-28 19:45:00,-43.76,11.82,2,10.0,15.0,5.8,Mw,-90.0
604,1979-02-13 10:36:00,57.4,33.31,11,0.0,15.0,5.6,Mw,116.0
605,1979-03-15 12:52:00,101.06,23.15,4,14.0,10.0,6.2,Mw,3.0
606,1979-03-29 02:01:00,83.38,41.95,13,21.0,15.0,5.5,Mw,86.0
607,1979-03-29 07:07:00,97.17,32.49,12,12.0,12.0,5.8,Mw,-6.0
608,1979-04-09 02:10:00,19.01,41.91,9,7.0,15.0,5.4,Mw,30.0
609,1979-04-15 06:19:00,19.07,42.0,12,9.0,10.0,6.9,Mw,90.0
610,1979-04-15 14:43:00,18.68,42.26,8,13.0,,5.7,Mw,113.0
611,1979-04-22 09:50:00,-39.7,32.97,1,5.0,15.0,6.0,Mw,-98.0
612,1979-04-23 05:45:00,120.16,-16.66,26,30.0,34.0,6.1,Mw,171.0
613,1979-04-23 21:54:00,159.84,-52.93,11,18.0,,6.3,Mw,154.0
614,1979-05-15 06:59:00,24.41,34.54,35,45.0,15.0,5.7,Mw,65.0
615,1979-05-20 22:59:00,80.27,29.92,16,16.0,15.0,5.5,Mw,53.0
616,1979-05-21 16:31:00,115.87,-8.33,12,33.0,15.0,5.8,Mw,122.0
617,1979-05-22 01:55:00,79.0,-43.9,17,0.0,,5.1,Ms,-80.0
618,1979-05-24 17:23:00,18.77,42.19,6,6.0,10.0,5.9,Mw,90.0
619,1979-05-30 09:38:00,115.86,-8.31,11,29.0,20.0,6.2,Mw,117.0
620,1979-06-02 09:47:00,117.21,-30.73,3,5.0,15.0,6.1,Mw,98.0
621,1979-06-15 11:34:00,24.14,34.9,40,31.0,33.0,5.6,Mw,70.0
622,1979-06-19 16:29:00,87.48,26.76,20,0.0,24.0,5.2,Mw,-83.0
623,1979-06-28 04:14:00,-24.97,0.31,2,9.0,15.0,5.7,Mw,-80.0
624,1979-08-01 10:50:00,-127.32,41.02,2,3.0,,5.7,Mw,-104.0
625,1979-08-10 14:42:00,18.7,-52.66,3,9.0,15.0,6.0,Mw,-88.0
626,1979-08-11 05:14:00,161.46,-51.94,16,10.0,,5.4,Mw,139.0
627,1979-09-25 13:05:00,76.96,45.09,40,31.0,40.0,5.4,Mw,119.0
628,1979-10-20 01:41:00,115.87,-8.38,14,40.0,20.0,6.4,Mw,112.0
629,1979-10-22 05:58:00,126.02,0.67,28,44.0,17.0,6.1,Mw,98.0
630,1979-11-03 23:17:00,129.74,-4.26,6,28.0,15.0,5.9,Mw,111.0
631,1979-11-14 02:21:00,59.8,34.04,10,9.0,12.0,6.6,Mw,-177.0
632,1979-11-27 17:10:00,59.79,34.08,8,7.0,25.0,7.1,Mw,-11.0
633,1979-12-07 09:24:00,59.91,34.1,10,18.0,15.0,5.9,Mw,173.0
634,1979-12-09 09:12:00,56.87,35.15,9,13.0,15.0,5.6,Mw,99.0
635,1979-12-13 02:43:00,-80.5,5.6,13,18.0,15.0,5.5,Ms,178.0
636,1979-12-17 19:58:00,115.76,-8.5,18,35.0,15.0,6.4,Mw,141.0
637,1979-12-21 06:31:00,96.99,27.03,10,0.0,,5.4,Mw,92.0
638,1979-12-24 00:13:00,-66.87,-29.65,27,0.0,,5.0,Mw,41.0
639,1980-01-01 16:42:00,-27.75,38.73,12,8.0,10.0,6.9,Mw,5.0
640,1980-01-03 18:11:00,67.14,-0.0,1,34.0,15.0,5.9,Mw,-106.0
641,1980-01-12 15:31:00,57.23,33.55,14,11.0,15.0,6.0,Mw,137.0
642,1980-02-01 17:30:00,122.61,73.06,25,18.0,18.0,5.4,Mw,-78.0
643,1980-02-03 11:58:00,-171.08,-17.65,25,27.0,32.0,6.2,mb,117.0
644,1980-02-13 22:09:00,76.86,36.47,85,92.0,80.0,6.0,Mw,112.0
645,1980-02-22 03:02:00,88.61,30.5,6,4.0,10.0,6.2,Mw,-84.0
646,1980-03-06 09:46:00,-71.16,-6.17,18,66.0,,4.8,Mw,92.0
647,1980-04-28 07:04:00,64.48,27.55,54,54.0,43.0,5.5,Mw,-82.0
648,1980-05-02 05:31:00,29.39,36.35,22,40.0,,5.6,Mw,104.0
649,1980-05-04 18:35:00,49.04,38.07,15,25.0,15.0,6.3,Mw,-93.0
650,1980-05-15 18:58:00,125.72,-6.16,7,18.0,21.0,6.4,Mw,16.0
651,1980-05-18 20:02:00,20.9,43.27,10,10.0,10.0,5.8,Mw,167.0
652,1980-05-25 16:33:00,-118.8,37.6,10,6.0,10.0,6.1,Mw,-52.0
653,1980-05-25 19:44:00,-118.8,37.5,15,4.0,15.0,5.9,Mw,10.0
654,1980-05-27 14:50:00,-118.8,37.57,14,7.0,,6.0,Mw,-48.0
655,1980-06-01 06:18:00,95.6,38.97,12,12.0,15.0,5.4,Mw,48.0
656,1980-06-24 07:35:00,88.58,32.99,11,1.0,15.0,5.6,Mw,-15.0
657,1980-06-25 18:48:00,147.15,-6.66,25,18.0,15.0,5.4,Mw,71.0
658,1980-07-29 12:23:00,81.22,29.32,14,8.0,10.0,5.3,Mw,94.0
659,1980-07-29 14:58:00,81.05,29.64,18,17.0,22.0,6.4,Mw,86.0
660,1980-08-23 21:36:00,75.69,32.93,14,12.0,15.0,5.3,Mw,45.0
661,1980-08-23 21:50:00,75.71,32.92,13,16.0,15.0,5.3,Mw,90.0
662,1980-10-07 09:32:00,82.16,35.58,4,18.0,15.0,5.7,Mw,-77.0
663,1980-10-10 12:25:00,1.41,36.14,6,12.0,10.0,7.0,Mw,72.0
664,1980-10-10 12:25:00,1.41,36.14,6,12.0,10.0,7.0,Mw,91.0
665,1980-10-19 17:24:00,48.56,32.7,17,16.0,15.0,5.6,Mw,120.0
666,1980-11-19 19:00:00,88.77,27.37,44,43.0,44.0,6.0,Mw,12.0
667,1980-11-20 03:29:00,-38.4,-4.3,5,10.0,15.0,5.2,mb,-178.0
668,1980-11-23 18:34:00,15.33,40.78,10,6.0,13.0,6.7,Mw,-85.0
669,1980-12-15 08:12:00,-172.22,-17.6,20,29.0,35.0,6.1,mb,60.0
670,1980-12-22 12:51:00,50.63,34.41,15,24.0,15.0,5.6,Mw,125.0
671,1981-01-19 15:10:00,139.29,-4.56,10,11.0,10.0,6.5,Mw,3.0
672,1981-01-23 21:13:00,101.17,30.97,7,13.0,10.0,6.5,Mw,5.0
673,1981-02-01 22:43:00,162.36,53.02,15,20.0,,5.9,mb,-67.0
674,1981-02-16 04:58:00,-12.97,-11.48,1,5.0,15.0,5.8,Mw,-67.0
675,1981-02-24 20:53:00,22.96,38.17,12,15.0,10.0,6.6,Mw,-80.0
676,1981-02-25 02:35:00,23.1,38.15,8,16.0,10.0,6.3,Mw,-85.0
677,1981-03-04 21:58:00,23.26,38.17,7,12.0,10.0,6.2,Mw,-90.0
678,1981-03-06 19:43:00,-85.9,3.9,10,26.0,24.0,6.5,Ms,-17.0
679,1981-03-10 15:16:00,20.74,39.31,7,10.0,,5.4,Mw,106.0
680,1981-03-26 08:47:00,164.45,-49.3,12,,15.0,5.5,Mw,136.0
681,1981-04-30 14:41:00,150.15,43.3,15,23.0,10.0,6.1,mb,-48.0
682,1981-05-09 09:50:00,-64.78,-26.84,15,24.0,,5.0,Mw,166.0
683,1981-05-22 02:55:00,132.26,-6.56,65,62.0,80.0,6.1,Mw,15.0
684,1981-05-22 04:59:00,156.66,61.1,6,10.0,,5.1,Mw,71.0
685,1981-05-25 05:25:00,164.7,-48.55,7,19.0,33.0,7.5,Mw,173.0
686,1981-05-30 09:47:00,164.63,-49.14,13,24.0,15.0,5.7,Mw,132.0
687,1981-06-09 22:08:00,91.41,34.47,9,10.0,10.0,5.8,Mw,-6.0
688,1981-06-11 07:24:00,57.68,29.86,20,17.0,20.0,6.6,Mw,156.0
690,1981-06-13 07:29:00,67.84,36.21,21,16.0,15.0,5.6,Mw,54.0
691,1981-07-28 17:22:00,57.78,29.93,14,12.0,15.0,7.2,Mw,119.0
692,1981-08-04 18:35:00,49.43,38.2,20,33.0,25.0,5.5,Mw,32.0
693,1981-08-23 12:00:00,157.38,48.74,15,16.0,20.0,6.0,mb,90.0
694,1981-09-12 07:15:00,73.64,35.68,7,13.0,10.0,5.9,Mw,104.0
695,1981-09-13 09:19:00,-46.3,24.9,11,8.0,10.0,5.5,Ms,-96.0
696,1981-09-17 06:19:00,127.93,-6.49,15,50.0,15.0,6.1,Mw,1.0
697,1981-09-19 06:52:00,101.31,22.99,4,5.0,10.0,5.3,Mw,2.0
698,1981-09-24 21:09:00,79.9,-45.6,11,10.0,10.0,5.5,Ms,-110.0
699,1981-09-30 11:53:00,-119.0,37.03,10,4.0,10.0,5.7,Mw,0.0
700,1981-10-01 17:04:00,160.4,50.73,25,15.0,15.0,5.9,mb,-61.0
701,1981-10-07 13:19:00,66.28,-11.4,8,14.0,10.0,5.7,Mw,-103.0
702,1981-10-16 03:25:00,-72.93,-33.36,30,24.0,40.0,5.3,mb,
703,1981-10-17 14:35:00,-15.13,-45.41,2,15.0,10.0,6.1,Mw,-101.0
704,1981-11-08 21:56:00,153.71,61.82,14,31.0,,5.6,Mw,20.0
705,1981-11-16 13:53:00,169.61,-22.15,15,23.0,15.0,5.7,mb,-90.0
706,1981-11-18 09:17:00,22.9,-2.26,7,18.0,10.0,5.7,Mw,-44.0
707,1981-11-25 19:01:00,-173.2,-15.26,25,29.0,21.0,6.2,mb,-60.0
708,1981-12-02 19:01:00,88.4,-15.8,23,26.0,10.0,5.5,Ms,68.0
709,1981-12-12 23:31:00,70.2,4.9,15,34.0,15.0,5.1,Ms,-53.0
710,1981-12-19 14:10:00,25.26,39.19,10,16.0,10.0,6.9,Mw,175.0
711,1981-12-27 17:39:00,24.91,38.86,6,11.0,10.0,6.3,Mw,175.0
712,1982-01-09 12:53:00,-66.56,46.98,8,7.0,10.0,5.6,Mw,90.0
713,1982-01-18 19:27:00,24.37,39.91,7,6.0,10.0,6.5,Mw,-173.0
714,1982-01-23 17:37:00,82.27,31.67,9,17.0,10.0,6.3,Mw,-79.0
715,1982-01-29 22:32:00,-45.28,25.46,2,5.0,10.0,5.8,Mw,-96.0
716,1982-02-28 17:00:00,-173.44,-21.76,30,35.0,52.0,5.6,mb,104.0
717,1982-03-11 10:32:00,118.48,-9.27,23,33.0,35.0,6.1,Mw,-24.0
718,1982-03-11 10:32:00,118.48,-9.27,28,33.0,35.0,6.1,Mw,-3.0
720,1982-04-08 05:58:00,-58.1,-24.8,12,35.0,,4.9,mb,-1.0
721,1982-04-10 06:47:00,58.0,-33.9,8,16.0,10.0,5.1,Ms,-45.0
722,1982-05-06 15:42:00,71.54,40.15,20,29.0,15.0,5.5,Mw,95.0
723,1982-05-11 20:46:00,128.45,-7.71,57,54.0,39.0,5.8,Mw,-119.0
724,1982-05-20 21:29:00,168.3,-20.29,15,31.0,21.0,5.9,mb,-78.0
725,1982-06-02 12:37:00,-172.43,-18.09,5,26.0,11.0,6.4,mb,-124.0
726,1982-06-15 23:24:00,99.87,31.83,9,11.0,10.0,5.7,Mw,-90.0
727,1982-06-30 01:57:00,151.11,44.72,30,34.0,26.0,6.6,mb,-3.0
728,1982-07-07 10:43:00,160.64,-51.15,10,11.0,10.0,7.0,Mw,173.0
730,1982-08-06 20:40:00,120.55,-8.5,15,50.0,14.0,5.7,Mw,-13.0
731,1982-08-06 20:46:00,120.64,-8.18,26,35.0,,5.7,Mw,168.0
732,1982-08-17 22:22:00,22.93,33.77,39,30.0,23.0,6.3,Mw,109.0
733,1982-09-04 07:56:00,147.66,15.58,15,28.0,33.0,5.5,mb,-116.0
734,1982-09-14 18:17:00,148.09,-7.3,28,49.0,10.0,6.1,Mw,121.0
735,1982-10-25 17:08:00,65.89,2.98,2,18.0,10.0,5.7,Mw,-68.0
736,1982-11-14 16:23:00,122.58,-9.52,60,58.0,64.0,5.5,Mw,-78.0
737,1982-11-16 23:41:00,19.58,40.81,17,15.0,10.0,5.4,Mw,92.0
738,1982-12-02 19:36:00,138.95,-4.55,44,44.0,45.0,5.5,Mw,115.0
739,1982-12-08 06:19:00,46.12,12.08,4,12.0,14.0,5.7,Mw,-106.0
740,1982-12-13 09:12:00,44.23,14.68,6,10.0,10.0,5.8,Mw,-139.0
741,1982-12-16 00:40:00,68.98,36.13,22,31.0,12.0,6.5,Mw,100.0
742,1982-12-25 12:28:00,123.18,-8.43,7,10.0,39.0,5.9,Mw,-155.0
743,1983-01-17 12:41:00,20.23,38.01,11,23.0,10.0,6.8,Mw,167.0
744,1983-01-24 16:34:00,-14.47,39.65,34,32.0,32.0,6.0,Mw,-6.0
745,1983-02-13 01:40:00,75.25,39.99,8,11.0,15.0,6.3,Mw,-178.0
746,1983-02-18 07:40:00,53.82,27.9,6,14.0,15.0,5.2,Mw,94.0
747,1983-03-03 03:32:00,86.65,43.88,64,58.0,65.0,5.4,Mw,128.0
748,1983-03-11 03:10:00,147.62,-6.97,34,64.0,57.0,5.5,Mw,41.0
749,1983-03-12 00:53:00,127.89,-4.04,12,42.0,10.0,6.1,Mw,69.0
750,1983-03-12 01:36:00,127.92,-4.06,11,27.0,15.0,6.6,Mw,65.0
751,1983-03-19 21:41:00,25.29,35.05,67,66.0,65.0,5.6,Mw,139.0
752,1983-03-23 23:51:00,20.28,38.22,7,28.0,32.0,6.2,Mw,176.0
753,1983-04-02 05:58:00,-66.47,-28.52,38,35.0,40.0,5.0,Mw,87.0
754,1983-04-05 06:50:00,75.3,39.96,10,11.0,15.0,5.9,Mw,-176.0
755,1983-04-11 17:16:00,61.64,5.25,3,17.0,,5.7,Mw,-117.0
756,1983-04-18 10:58:00,62.08,27.76,65,52.0,51.0,6.7,Mw,-67.0
757,1983-04-23 09:20:00,118.89,-11.23,22,36.0,47.0,5.3,mb,
758,1983-05-11 21:48:00,-173.43,-21.34,35,33.0,12.0,5.7,mb,130.0
759,1983-05-12 10:51:00,-46.55,17.57,3,5.0,10.0,5.9,Mw,-109.0
760,1983-05-28 11:35:00,48.58,32.59,8,23.0,27.0,5.5,Mw,113.0
761,1983-06-10 02:13:00,122.69,75.5,22,19.0,,5.6,Mw,-102.0
762,1983-06-24 07:18:00,103.26,21.74,10,15.0,10.0,6.2,Mw,11.0
763,1983-07-07 20:35:00,27.94,-7.35,6,7.0,24.0,5.8,Mw,-89.0
764,1983-07-12 11:34:00,56.41,27.6,17,22.0,46.0,5.9,Mw,75.0
765,1983-07-14 02:54:00,21.81,35.67,17,17.0,,5.3,Mw,124.0
766,1983-07-24 23:38:00,119.5,-8.14,26,43.0,35.0,6.1,Mw,80.0
767,1983-07-31 10:26:00,-126.9,-20.1,17,17.0,10.0,5.3,Ms,-90.0
768,1983-08-02 06:08:00,153.46,45.16,30,48.0,35.0,5.5,mb,125.0
769,1983-08-05 06:21:00,-62.17,-3.59,23,19.0,,5.5,Mw,120.0
770,1983-08-06 15:43:00,24.73,40.09,7,11.0,10.0,6.8,Mw,-180.0
771,1983-08-30 08:50:00,-172.01,-16.69,35,26.0,39.0,6.0,mb,52.0
772,1983-09-29 02:06:00,115.28,-11.27,8,25.0,42.0,5.5,mb,
773,1983-09-30 18:58:00,43.4,11.78,5,9.0,37.0,5.6,Mw,160.0
774,1983-10-10 10:17:00,26.8,40.23,11,11.0,15.0,5.4,Mw,176.0
775,1983-10-11 22:41:00,-44.45,27.16,2,9.0,10.0,5.8,Mw,-73.0
776,1983-10-13 12:22:00,-46.28,24.47,2,10.0,10.0,5.6,Mw,-61.0
777,1983-10-17 19:36:00,-17.46,37.57,14,7.0,10.0,6.5,Mw,-180.0
778,1983-10-28 14:06:00,-113.9,43.96,16,12.0,13.0,6.8,Mw,-48.0
779,1983-10-28 19:51:00,-113.9,44.07,10,12.0,10.0,5.4,Mw,-159.0
780,1983-10-29 23:29:00,-114.1,44.24,19,7.0,19.0,5.5,Mw,-90.0
781,1983-10-30 04:12:00,42.18,40.35,9,11.0,11.0,6.6,Mw,5.0
782,1983-10-31 17:37:00,119.18,-9.02,79,86.0,98.0,6.3,Mw,64.0
783,1983-11-15 10:38:00,115.2,-11.4,7,32.0,51.0,5.3,mb,
784,1983-11-20 20:32:00,130.65,-7.45,70,63.0,78.0,6.0,Mw,18.0
785,1983-11-22 02:07:00,144.41,12.19,10,35.0,21.0,5.6,mb,-95.0
786,1983-11-25 19:57:00,155.61,-40.45,23,29.0,,6.0,Mw,75.0
787,1983-11-30 17:46:00,72.1,-6.9,16,14.0,10.0,7.5,Ms,-90.0
788,1983-12-08 01:26:00,62.5,4.29,1,13.0,10.0,5.6,Mw,-87.0
789,1983-12-16 13:15:00,72.94,39.36,8,11.0,15.0,5.7,Mw,109.0
790,1983-12-22 04:11:00,-13.51,11.86,4,10.0,10.0,6.3,Mw,-110.0
791,1983-12-22 05:31:00,69.11,36.03,15,10.0,,5.6,Mw,141.0
792,1984-01-11 18:40:00,27.9,-6.23,24,10.0,10.0,5.5,Mw,-164.0
793,1984-02-11 08:02:00,22.1,38.37,3,18.0,15.0,5.6,Mw,-71.0
794,1984-02-22 05:44:00,54.06,39.44,27,0.0,40.0,5.7,Mw,174.0
795,1984-03-08 00:40:00,177.29,-38.31,80,88.0,78.0,5.9,Mw,127.0
796,1984-03-19 20:28:00,63.32,40.36,10,15.0,15.0,6.9,Mw,83.0
797,1984-05-06 09:12:00,25.64,38.77,9,12.0,10.0,5.4,Mw,-161.0
798,1984-05-06 15:19:00,93.53,24.24,57,31.0,61.0,5.7,Mw,18.0
799,1984-05-07 17:49:00,13.88,41.74,10,15.0,10.0,5.8,Mw,-96.0
800,1984-05-11 10:41:00,13.89,41.75,10,14.0,13.0,5.4,Mw,-67.0
801,1984-05-13 12:45:00,17.73,42.93,16,33.0,10.0,5.4,Mw,148.0
802,1984-05-23 05:16:00,161.08,-51.88,7,10.0,10.0,6.1,Mw,100.0
803,1984-06-06 05:38:00,125.85,-4.82,8,27.0,27.0,6.1,Mw,-177.0
804,1984-06-21 10:43:00,23.28,35.38,39,25.0,34.0,6.0,Mw,83.0
805,1984-07-23 16:03:00,126.44,1.37,23,26.0,19.0,6.2,Mw,87.0
806,1984-08-06 11:14:00,57.18,30.78,11,22.0,18.0,5.3,Mw,86.0
807,1984-08-22 09:46:00,-114.01,44.47,10,10.0,10.0,5.6,Mw,-160.0
808,1984-08-25 20:37:00,32.63,-8.76,26,10.0,,5.3,Mw,-123.0
809,1984-10-04 16:31:00,118.79,-9.81,19,35.0,28.0,6.2,Mw,90.0
810,1984-10-26 08:49:00,126.36,1.68,18,57.0,32.0,6.1,Mw,113.0
811,1984-11-22 13:52:00,140.87,68.49,12,19.0,,5.4,Mw,158.0
812,1984-11-23 18:08:00,-118.6,37.46,10,15.0,10.0,5.8,Mw,10.0
813,1984-11-28 10:30:00,97.05,26.64,4,3.0,16.0,5.8,Mw,5.0
814,1984-12-02 06:09:00,-115.8,20.4,14,10.0,10.0,6.2,Ms,-90.0
815,1984-12-30 21:36:00,177.53,-36.73,14,12.0,19.0,6.7,Mw,-25.0
816,1984-12-30 23:33:00,92.89,24.64,10,3.0,101.0,5.5,Mw,122.0
817,1985-01-16 23:35:00,19.22,40.67,17,13.0,,5.2,Mw,20.0
818,1985-02-02 20:52:00,52.97,28.35,11,44.0,21.0,5.6,Mw,91.0
819,1985-03-27 02:06:00,49.92,31.58,15,40.0,83.0,5.1,Mw,-115.0
820,1985-04-08 19:15:00,136.28,-4.1,7,14.0,18.0,5.9,Mw,5.0
821,1985-04-13 03:00:00,126.41,1.62,23,35.0,39.0,7.0,Mw,78.0
822,1985-04-30 18:14:00,22.81,39.23,11,25.0,13.0,5.6,Mw,-105.0
823,1985-05-06 03:04:00,70.27,30.85,11,33.0,15.0,5.9,Mw,90.0
824,1985-05-06 17:10:00,179.71,-37.38,9,40.0,10.0,6.3,Mw,-99.0
825,1985-05-08 17:10:00,70.32,30.89,8,12.0,15.0,5.6,Mw,89.0
826,1985-05-14 13:25:00,41.39,-10.68,17,37.0,10.0,6.0,Mw,-90.0
827,1985-05-14 13:25:00,41.39,-10.68,40,37.0,10.0,6.0,Mw,-90.0
828,1985-05-14 18:11:00,41.41,-10.62,18,33.0,13.0,6.2,Mw,-90.0
829,1985-05-14 18:11:00,41.41,-10.62,40,33.0,13.0,6.2,Mw,-90.0
830,1985-05-20 15:11:00,87.22,35.54,8,19.0,10.0,5.7,Mw,3.0
831,1985-06-28 18:54:00,179.75,-37.46,10,33.0,11.0,5.7,Mw,-107.0
832,1985-07-19 14:33:00,177.3,-38.72,31,34.0,39.0,5.9,Mw,-105.0
833,1985-08-01 12:13:00,95.11,29.13,36,36.0,40.0,5.6,Mw,83.0
834,1985-08-07 15:43:00,53.04,27.85,17,39.0,15.0,5.4,Mw,88.0
835,1985-08-16 10:46:00,59.44,37.2,9,10.0,10.0,5.5,Mw,56.0
836,1985-08-20 05:46:00,35.93,5.49,16,10.0,10.0,5.3,Mw,-68.0
837,1985-08-23 12:41:00,75.27,39.49,16,7.0,15.0,6.9,Mw,56.0
838,1985-09-07 10:20:00,21.2,37.5,29,43.0,10.0,5.3,Mw,168.0
839,1985-09-11 20:45:00,75.42,39.36,6,26.0,10.0,5.8,Mw,73.0
840,1985-09-15 01:29:00,136.25,-4.12,11,10.0,10.0,6.2,Mw,-8.0
841,1985-09-15 02:42:00,136.07,-4.09,10,10.0,10.0,6.0,Mw,-12.0
842,1985-09-27 16:39:00,26.58,34.27,38,41.0,43.0,5.8,Mw,9.0
843,1985-10-05 15:24:00,-124.26,67.24,7,10.0,10.0,6.9,Mw,106.0
844,1985-10-13 15:59:00,69.83,40.37,15,10.0,10.0,5.7,Mw,77.0
845,1985-10-21 02:36:00,166.1,-13.49,10,14.0,13.0,5.5,mb,107.0
846,1985-10-29 13:13:00,54.84,36.79,13,13.0,15.0,6.2,Mw,71.0
847,1985-11-21 21:57:00,19.37,41.68,8,22.0,10.0,5.6,Mw,119.0
848,1985-11-28 02:25:00,166.32,-14.03,15,33.0,24.0,6.1,mb,-109.0
849,1985-12-16 08:04:00,166.33,-14.08,15,33.0,31.0,6.0,mb,-122.0
850,1985-12-23 05:16:00,-124.24,62.22,6,6.0,14.0,6.5,Mw,113.0
851,1986-01-10 03:46:00,86.57,28.65,81,63.0,81.0,5.5,Mw,-163.0
852,1986-01-12 20:14:00,69.6,34.08,9,48.0,15.0,5.6,Mw,-15.0
853,1986-02-12 09:01:00,147.49,-6.62,29,41.0,22.0,5.6,Mw,52.0
854,1986-02-12 11:27:00,147.47,-6.62,29,44.0,22.0,5.5,Mw,65.0
855,1986-03-06 00:05:00,51.62,40.38,31,28.0,35.0,6.4,Mw,-85.0
856,1986-03-25 01:41:00,25.1,38.4,6,4.0,15.0,5.5,Mw,-22.0
857,1986-03-29 18:36:00,25.17,38.37,14,10.0,,5.3,Mw,152.0
858,1986-03-30 08:53:00,132.77,-26.19,2,5.0,15.0,5.8,Mw,80.0
859,1986-04-26 07:35:00,76.42,32.17,13,33.0,15.0,5.3,Mw,22.0
860,1986-05-05 03:35:00,37.77,38.03,4,4.0,15.0,6.0,Mw,31.0
861,1986-05-13 08:44:00,43.72,41.44,13,7.0,15.0,5.8,Mw,6.0
862,1986-06-06 10:39:00,37.93,37.99,2,10.0,15.0,5.9,Mw,30.0
863,1986-06-20 17:12:00,86.75,31.17,9,33.0,15.0,6.0,Mw,178.0
864,1986-06-29 21:48:00,29.46,-4.96,36,20.0,29.0,5.6,Mw,-72.0
865,1986-07-06 19:24:00,80.21,34.44,5,9.0,15.0,5.8,Mw,-27.0
866,1986-07-11 08:27:00,166.33,-45.96,16,33.0,15.0,5.5,Mw,119.0
867,1986-07-12 07:54:00,51.55,29.91,4,1.0,33.0,5.5,Mw,-159.0
868,1986-07-14 13:50:00,14.01,58.48,29,,,3.8,Mw,-45.0
869,1986-07-14 14:45:00,13.96,58.48,29,,,2.8,Mw,-20.0
870,1986-07-16 22:03:00,78.06,31.08,13,4.0,15.0,5.1,Mw,90.0
871,1986-07-20 14:29:00,-118.44,37.57,15,6.0,15.0,5.8,Mw,-35.0
872,1986-07-21 14:42:00,-118.45,37.54,15,0.0,15.0,6.2,Mw,-163.0
873,1986-07-31 07:22:00,-118.37,37.46,15,7.0,15.0,5.5,Mw,-155.0
874,1986-08-20 21:23:00,91.63,34.54,11,25.0,15.0,6.2,Mw,-11.0
875,1986-08-26 09:43:00,101.56,37.76,7,8.0,15.0,5.9,Mw,107.0
876,1986-10-11 09:00:00,28.53,37.91,9,5.0,15.0,5.7,Mw,-36.0
877,1986-11-02 07:48:00,13.51,58.71,21,,,3.5,Mw,-111.0
878,1986-12-20 23:47:00,51.58,29.9,8,32.0,15.0,5.3,Mw,163.0
879,1987-02-07 11:57:00,147.93,-5.72,9,20.0,15.0,6.1,Mw,175.0
880,1987-02-08 18:33:00,147.91,-5.87,11,62.0,15.0,7.1,Mw,164.0
881,1987-02-09 18:17:00,147.93,-5.94,21,46.0,48.0,5.9,Mw,-144.0
882,1987-02-25 11:27:00,147.89,-6.05,23,39.0,33.0,5.9,Mw,168.0
883,1987-03-02 01:42:00,176.84,-37.88,6,19.0,15.0,6.5,Mw,-103.0
884,1987-03-16 15:49:00,147.78,-6.41,7,45.0,15.0,6.0,Mw,-66.0
885,1987-04-29 01:45:00,56.11,27.42,10,27.0,15.0,5.6,Mw,112.0
886,1987-06-10 14:50:00,21.39,37.17,27,44.0,37.0,5.4,Mw,176.0
887,1987-08-10 10:52:00,63.88,29.88,155,175.0,157.0,5.9,Mw,-50.0
888,1987-09-07 11:32:00,54.81,39.47,30,38.0,29.0,5.5,Mw,103.0
889,1987-09-13 20:08:00,-70.03,-34.35,13,10.0,15.0,5.9,Mw,46.0
890,1987-09-18 21:58:00,89.53,47.23,14,25.0,15.0,5.2,Mw,173.0
891,1987-10-07 22:29:00,37.82,6.3,7,,15.0,5.2,Mw,-43.0
892,1987-10-25 16:46:00,36.83,5.49,14,15.0,15.0,6.1,Mw,-127.0
893,1987-10-28 08:58:00,36.76,5.79,9,15.0,15.0,6.0,Mw,-90.0
894,1987-12-18 16:24:00,56.66,28.15,10,44.0,15.0,5.8,Mw,-145.0
895,1987-12-22 00:16:00,89.66,41.32,30,21.0,19.0,5.3,Mw,115.0
896,1988-01-06 15:31:00,75.53,39.63,37,48.0,36.0,5.3,Mw,102.0
897,1988-01-09 01:02:00,19.68,41.16,26,30.0,15.0,5.7,Mw,69.0
898,1988-01-22 00:35:00,133.8,-19.88,3,5.0,15.0,6.3,Mw,120.0
899,1988-01-22 03:57:00,133.86,-19.88,3,5.0,15.0,6.5,Mw,100.0
900,1988-01-22 12:04:00,133.87,-19.91,4,5.0,15.0,6.6,Mw,82.0
901,1988-02-06 14:50:00,91.51,24.68,31,33.0,31.0,5.9,Mw,5.0
902,1988-03-21 23:31:00,125.49,77.59,25,34.0,15.0,6.0,Mw,-73.0
904,1988-05-15 18:26:00,168.68,-43.85,8,10.0,15.0,5.3,Mw,137.0
905,1988-06-26 03:24:00,-52.73,-36.27,15,31.0,,5.2,mb,
906,1988-07-23 07:38:00,90.53,48.74,16,19.0,18.0,5.7,Mw,163.0
907,1988-07-25 06:46:00,133.64,-6.07,25,0.0,35.0,6.7,Mw,-45.0
908,1988-08-06 00:36:00,94.93,25.29,90,100.0,101.0,6.8,Mw,46.0
909,1988-08-11 16:00:00,51.58,29.94,7,17.0,15.0,5.5,Mw,-175.0
910,1988-08-20 23:09:00,86.59,26.73,51,64.0,34.0,6.7,Mw,22.0
911,1988-11-06 13:03:00,99.62,22.86,10,18.0,15.0,7.1,Mw,-144.0
912,1988-11-25 23:46:00,-71.2,48.12,26,28.0,27.0,5.9,Mw,78.0
913,1988-12-06 13:20:00,51.63,29.89,10,16.0,15.0,5.6,Mw,-162.0
914,1988-12-07 07:41:00,44.16,40.96,5,5.0,15.0,6.8,Mw,155.0
915,1989-02-09 23:48:00,29.82,-8.6,25,,,5.2,Mw,-105.0
916,1989-03-09 02:37:00,34.47,-13.68,31,30.0,15.0,5.5,Mw,-99.0
917,1989-03-10 21:49:00,34.49,-13.71,32,30.0,15.0,6.1,Mw,-92.0
918,1989-03-16 17:12:00,-65.01,-17.0,20,48.0,35.0,5.3,Mw,127.0
919,1989-04-13 07:25:00,92.43,24.4,32,9.0,,5.5,mb,17.0
920,1989-04-20 22:59:00,122.1,57.17,29,26.0,,6.2,Mw,45.0
921,1989-04-27 23:06:00,28.2,37.1,7,11.0,15.0,5.3,Mw,-103.0
922,1989-04-28 13:30:00,28.01,37.06,22,17.0,15.0,5.3,Mw,-103.0
923,1989-05-04 10:30:00,-75.71,-6.61,21,17.0,36.0,5.2,Mw,66.0
924,1989-05-13 03:35:00,105.42,50.16,8,36.0,15.0,5.5,Mw,164.0
925,1989-05-17 05:04:00,122.13,57.08,28,26.0,29.0,5.8,Mw,-165.0
926,1989-05-24 02:17:00,160.56,-52.4,9,10.0,,5.7,Mw,87.0
927,1989-05-25 00:54:00,159.79,-52.13,8,10.0,15.0,6.0,Mw,-33.0
928,1989-05-25 09:39:00,159.98,-52.02,8,10.0,,5.7,Mw,-21.0
929,1989-05-26 07:00:00,160.17,-52.49,8,10.0,15.0,5.6,Mw,85.0
930,1989-05-27 14:27:00,158.05,-50.24,8,10.0,,5.3,Mw,160.0
931,1989-06-12 00:04:00,89.8,21.8,47,6.0,15.0,5.6,Mw,167.0
932,1989-06-24 12:58:00,-66.25,-28.34,22,21.0,21.0,5.6,Mw,89.0
933,1989-07-24 03:27:00,71.07,36.06,85,95.0,105.0,6.0,Mw,136.0
934,1989-08-05 06:55:00,134.6,76.11,14,2.0,15.0,5.3,Mw,-90.0
935,1989-08-08 07:59:00,174.3,-40.12,112,115.0,114.0,5.4,Mw,68.0
936,1989-08-20 11:16:00,41.95,11.74,5,12.0,15.0,6.4,Mw,-76.0
938,1989-08-20 18:32:00,21.14,37.26,16,15.0,15.0,5.7,Mw,-174.0
939,1989-08-20 19:25:00,41.81,11.89,6,12.0,15.0,6.1,Mw,-83.0
940,1989-08-21 01:09:00,41.83,11.85,6,16.0,15.0,6.4,Mw,-95.0
941,1989-08-21 05:03:00,41.77,11.95,7,10.0,15.0,6.0,Mw,-87.0
942,1989-09-17 00:53:00,51.81,40.23,35,41.0,38.0,6.2,Mw,-111.0
943,1989-10-03 23:09:00,121.71,80.62,12,28.0,15.0,5.2,Mw,-101.0
944,1989-10-25 20:29:00,118.88,57.53,28,38.0,15.0,5.3,Mw,-78.0
945,1989-11-15 19:19:00,160.07,-52.34,5,10.0,15.0,5.6,Mw,-174.0
946,1989-11-20 04:19:00,57.71,29.85,10,18.0,15.0,5.8,Mw,-172.0
947,1989-11-21 14:37:00,162.6,-50.18,12,10.0,15.0,6.1,Mw,172.0
948,1989-12-25 14:24:00,-73.6,60.12,2,5.0,15.0,6.0,Mw,90.0
950,1990-02-05 05:16:00,71.26,37.06,100,96.0,113.0,6.1,Mw,53.0
952,1990-02-12 23:56:00,-48.92,-31.19,11,25.0,,5.5,mb,
953,1990-02-19 05:34:00,176.22,-40.38,23,25.0,32.0,6.2,Mw,-44.0
954,1990-03-06 13:30:00,117.33,-11.22,16,24.0,33.0,5.6,Mw,-65.0
955,1990-03-13 00:33:00,134.92,73.3,18,15.0,15.0,5.5,Mw,-90.0
956,1990-04-05 21:12:00,147.62,15.17,17,7.0,15.0,7.4,Mw,-95.0
957,1990-04-06 14:57:00,147.62,15.21,10,12.0,15.0,6.3,Mw,-68.0
958,1990-04-19 12:40:00,123.53,1.19,23,41.0,41.0,6.3,Mw,-151.0
959,1990-05-13 04:23:00,176.23,-40.35,11,21.0,15.0,6.4,Mw,111.0
960,1990-05-15 15:21:00,35.84,-3.13,8,10.0,15.0,5.5,Mw,-109.0
961,1990-05-15 16:24:00,35.92,-3.07,8,7.0,15.0,5.7,Mw,-99.0
962,1990-05-17 13:21:00,74.36,38.43,96,103.0,115.0,5.4,Mw,179.0
963,1990-05-20 02:22:00,32.18,5.12,13,13.0,15.0,7.2,Mw,14.0
964,1990-05-24 19:34:00,31.88,5.32,14,18.0,15.0,6.3,Mw,-59.0
965,1990-05-25 00:42:00,31.87,5.45,22,14.0,,5.3,Mw,-80.0
966,1990-05-30 02:34:00,-77.2,-6.02,23,12.0,23.0,6.4,Mw,109.0
967,1990-06-14 12:47:00,85.08,47.87,34,48.0,36.0,6.4,Mw,-157.0
968,1990-06-16 02:16:00,20.54,39.16,7,27.0,15.0,5.5,Mw,105.0
969,1990-06-20 21:00:00,49.33,36.96,12,17.0,15.0,7.3,Mw,5.0
970,1990-06-21 09:02:00,49.81,36.61,10,11.0,15.0,5.6,Mw,95.0
971,1990-07-09 11:22:00,26.6,34.9,9,29.0,33.0,5.2,Mw,-21.0
972,1990-07-09 15:11:00,31.68,5.43,11,15.0,15.0,6.5,Mw,-62.0
973,1990-07-18 11:29:00,29.51,37.04,14,9.0,15.0,5.4,Mw,-60.0
974,1990-07-25 14:42:00,-156.73,53.65,37,26.0,49.0,5.3,Mw,83.0
975,1990-07-26 06:53:00,65.57,27.35,8,25.0,15.0,5.7,Mw,44.0
976,1990-07-27 20:41:00,32.18,5.07,35,,,4.8,Mw,-120.0
977,1990-08-03 09:15:00,84.96,47.96,33,31.0,32.0,5.9,Mw,178.0
978,1990-09-14 07:00:00,-164.07,51.49,10,29.0,21.0,5.6,Mw,-18.0
979,1990-09-17 13:47:00,159.64,-53.17,15,9.0,18.0,6.4,Mw,178.0
980,1990-09-26 15:32:00,60.89,29.03,8,5.0,15.0,5.5,Mw,166.0
981,1990-10-15 01:35:00,92.25,-2.21,32,18.0,23.0,6.8,Mw,164.0
982,1990-10-25 04:54:00,70.47,35.09,100,108.0,135.0,6.0,Mw,113.0
983,1990-11-02 21:05:00,146.7,64.95,24,,,4.6,Mw,-25.0
984,1990-11-06 18:45:00,55.47,28.24,5,16.0,15.0,6.5,Mw,99.0
985,1990-11-12 12:28:00,78.03,42.98,18,15.0,15.0,6.2,Mw,11.0
986,1990-12-16 15:45:00,43.72,41.37,11,24.0,,5.5,Mw,4.0
988,1991-01-24 12:55:00,23.16,-13.16,28,,,4.9,Mw,-110.0
989,1991-03-01 01:57:00,126.83,72.14,15,39.0,,5.2,Mw,165.0
990,1991-03-19 12:09:00,26.3,34.8,12,6.0,15.0,5.5,Mw,40.0
991,1991-04-04 15:23:00,-77.13,-6.05,21,20.0,26.0,6.2,Mw,96.0
992,1991-04-05 04:19:00,-77.08,-5.98,16,17.0,39.0,6.5,Mw,123.0
993,1991-04-18 09:18:00,68.28,37.47,5,22.0,15.0,5.4,Mw,85.0
994,1991-04-21 23:12:00,46.35,-18.42,21,18.0,15.0,5.4,Mw,-95.0
995,1991-04-29 09:12:00,43.67,42.42,6,17.0,22.0,6.9,Mw,90.0
996,1991-04-29 18:30:00,43.88,42.53,8,10.0,15.0,6.0,Mw,80.0
998,1991-05-03 20:19:00,43.25,42.97,8,1.0,15.0,5.6,Mw,106.0
999,1991-05-07 13:09:00,144.7,39.47,21,10.0,15.0,6.0,Mw,-101.0
1000,1991-05-19 00:58:00,122.99,1.2,26,31.0,33.0,6.8,Mw,105.0
1001,1991-05-22 16:29:00,55.77,27.38,13,24.0,15.0,5.4,Mw,93.0
1002,1991-06-15 00:59:00,44.02,42.44,7,8.0,15.0,6.2,Mw,117.0
1003,1991-06-18 23:01:00,118.91,82.15,16,39.0,,5.0,Mw,-125.0
1004,1991-06-26 11:43:00,21.04,38.34,22,44.0,31.0,5.1,Mw,-105.0
1005,1991-07-04 06:26:00,44.14,42.38,8,11.0,19.0,5.3,Mw,111.0
1006,1991-07-24 09:45:00,44.03,36.59,11,46.0,15.0,5.5,Mw,84.0
1007,1991-08-08 02:09:00,122.53,1.07,28,12.0,33.0,6.5,Mw,90.0
1008,1991-08-08 04:00:00,122.6,1.31,26,28.0,,5.8,Mw,63.0
1009,1991-08-08 22:08:00,122.55,1.3,35,38.0,17.0,5.0,Mw,115.0
1010,1991-08-09 06:28:00,122.76,1.36,18,38.0,30.0,5.2,Mw,103.0
1011,1991-08-19 06:05:00,85.34,46.99,42,24.0,,5.3,Mw,81.0
1012,1991-09-07 17:30:00,74.82,42.57,10,,,3.5,Mw,130.0
1013,1991-09-12 00:33:00,111.14,54.9,22,11.0,32.0,5.0,Mw,-65.0
1014,1991-10-09 17:22:00,31.22,1.84,13,6.0,15.0,5.5,Mw,-46.0
1015,1991-10-19 21:23:00,78.79,30.74,16,13.0,15.0,6.6,Mw,114.0
1016,1991-10-31 02:29:00,72.84,40.15,31,37.0,,5.1,Mw,119.0
1017,1991-11-04 01:50:00,50.26,30.69,5,37.0,21.0,5.8,Mw,78.0
1018,1991-11-08 15:13:00,70.58,26.28,23,22.0,22.0,5.4,Mw,61.0
1019,1991-11-28 17:20:00,49.61,36.84,8,50.0,15.0,5.7,Mw,80.0
1020,1991-12-21 19:52:00,87.98,27.88,66,64.0,,4.7,Mw,-179.0
1021,1991-12-27 09:09:00,98.17,51.07,13,13.0,15.0,6.4,Mw,-15.0
1022,1992-02-15 04:52:00,125.1,75.93,15,17.0,,5.0,Mw,-28.0
1023,1992-02-17 00:02:00,124.51,79.17,9,10.0,15.0,6.0,Mw,-99.0
1024,1992-02-21 14:42:00,147.67,-6.24,32,53.0,31.0,5.9,Mw,69.0
1025,1992-02-27 20:05:00,147.62,-6.22,25,65.0,39.0,6.6,Mw,64.0
1026,1992-03-05 08:55:00,42.82,11.54,9,6.0,15.0,6.2,Mw,2.0
1027,1992-03-07 00:00:00,89.37,29.44,76,,,4.3,Mw,-164.0
1028,1992-03-15 16:16:00,39.97,39.57,4,28.0,15.0,5.8,Mw,57.0
1029,1992-03-27 00:05:00,94.59,20.87,64,82.0,86.0,5.6,mb,56.0
1030,1992-04-04 17:43:00,87.96,28.15,76,24.0,,4.9,Mw,-22.0
1031,1992-04-05 07:47:00,80.7,35.86,8,17.0,17.0,5.6,Mw,-16.0
1032,1992-04-30 11:44:00,26.6,35.1,7,20.0,32.0,5.8,Mw,-47.0
1033,1992-05-15 07:05:00,147.59,-6.06,37,60.0,39.0,7.1,Mw,55.0
1034,1992-05-15 08:08:00,72.43,41.02,7,50.0,,5.9,Mw,123.0
1035,1992-05-20 12:20:00,71.31,33.32,8,16.0,15.0,5.9,Mw,90.0
1037,1992-05-21 14:09:00,147.32,-6.2,29,44.0,29.0,5.9,Mw,89.0
1038,1992-05-27 22:30:00,173.62,-41.63,67,75.0,75.0,5.9,Mw,21.0
1039,1992-05-28 21:24:00,155.47,47.63,13,48.0,15.0,5.7,Mw,-49.0
1040,1992-06-06 21:40:00,124.08,1.07,17,18.0,32.0,5.8,Mw,75.0
1041,1992-06-08 09:30:00,121.08,81.25,9,31.0,15.0,5.1,Mw,-55.0
1042,1992-06-09 14:45:00,124.19,1.13,10,47.0,28.0,5.8,Mw,80.0
1043,1992-06-12 19:16:00,8.37,34.18,6,19.0,15.0,5.2,Mw,114.0
1044,1992-06-21 17:43:00,176.86,-37.67,4,12.0,15.0,6.3,Mw,-114.0
1045,1992-06-25 09:41:00,78.51,40.58,10,,,4.2,Mw,131.0
1046,1992-07-08 10:09:00,93.51,21.07,41,37.0,79.0,5.2,Mw,-75.0
1047,1992-07-08 16:04:00,-176.28,50.21,4,15.0,,5.0,Mw,-51.0
1048,1992-07-21 03:20:00,77.09,42.99,13,,,4.1,Mw,123.0
1049,1992-07-23 20:12:00,24.4,39.81,8,19.0,15.0,5.3,Mw,-148.0
1050,1992-07-30 08:24:00,90.16,29.57,10,31.0,15.0,5.9,Mw,-109.0
1051,1992-08-19 00:57:00,-174.92,50.5,10,9.0,15.0,6.2,Mw,-83.0
1052,1992-08-19 02:04:00,73.3,42.1,14,27.0,17.0,7.0,Mw,42.0
1053,1992-08-19 08:51:00,73.18,42.14,17,,,4.1,Mw,-80.0
1054,1992-08-19 10:17:00,73.19,42.15,5,22.0,,5.1,Mw,140.0
1055,1992-08-19 13:44:00,73.36,42.17,16,,,4.2,Mw,-100.0
1056,1992-08-19 14:17:00,73.43,42.17,15,30.0,,4.7,Mw,170.0
1057,1992-08-19 22:45:00,73.2,42.18,4,22.0,,4.8,Mw,160.0
1058,1992-08-20 02:46:00,73.59,42.16,8,44.0,,4.6,Mw,170.0
1059,1992-08-20 12:21:00,73.33,42.13,7,20.0,,4.3,Mw,130.0
1060,1992-08-20 16:30:00,73.67,42.1,16,,,4.3,Mw,110.0
1061,1992-08-21 04:14:00,73.56,42.17,4,29.0,,4.7,Mw,130.0
1062,1992-08-22 08:52:00,73.57,42.19,15,,,4.3,Mw,-160.0
1063,1992-08-23 09:04:00,73.57,42.17,10,22.0,,4.9,Mw,140.0
1064,1992-08-23 20:35:00,73.53,42.2,18,,,4.5,Mw,120.0
1065,1992-08-26 07:40:00,73.42,42.1,8,33.0,,4.8,Mw,60.0
1066,1992-08-28 18:18:00,-13.56,-0.97,5,15.0,15.0,6.8,Mw,178.0
1067,1992-08-31 04:39:00,118.31,-11.41,30,27.0,26.0,5.3,Mw,-120.0
1068,1992-09-11 03:57:00,26.66,-6.15,14,10.0,15.0,6.3,Mw,-119.0
1069,1992-09-13 21:58:00,154.14,61.64,22,,,4.7,Mw,0.0
1070,1992-09-23 14:52:00,26.74,-6.17,8,11.0,15.0,5.6,Mw,-72.0
1071,1992-09-30 11:18:00,134.47,-11.39,39,37.0,,5.4,Mw,
1072,1992-10-01 08:18:00,-75.24,-39.19,23,28.0,15.0,5.5,Mw,-51.0
1073,1992-10-12 13:09:00,31.08,29.74,22,21.0,22.0,5.8,Mw,-69.0
1074,1992-10-23 23:19:00,45.1,42.67,16,16.0,15.0,6.3,Mw,137.0
1076,1992-10-30 10:43:00,-4.33,31.2,19,8.0,27.0,5.7,Mw,-179.0
1077,1992-11-06 07:21:00,72.51,41.05,10,20.0,18.0,4.9,Mw,145.0
1078,1992-11-06 20:06:00,26.97,38.02,6,10.0,,6.0,Mw,13.0
1079,1992-11-18 21:10:00,22.43,38.3,7,11.0,15.0,5.7,Mw,-81.0
1080,1992-11-21 05:07:00,22.4,35.93,54,65.0,70.0,5.9,Mw,28.0
1081,1992-12-17 10:39:00,61.45,25.9,43,30.0,37.0,5.7,Mw,111.0
1082,1992-12-18 03:14:00,147.22,-6.51,22,45.0,19.0,6.0,Mw,57.0
1083,1992-12-24 05:09:00,72.23,42.22,8,35.0,26.0,5.1,Mw,77.0
1084,1992-12-26 19:52:00,-19.32,-0.56,19,10.0,15.0,6.8,Mw,179.0
1085,1993-01-03 04:23:00,119.71,-1.56,16,25.0,48.0,5.7,Mw,174.0
1086,1993-02-02 16:05:00,86.14,42.2,32,10.0,,5.0,Mw,90.0
1087,1993-03-13 17:12:00,38.76,19.6,13,10.0,15.0,5.6,Mw,146.0
1088,1993-03-16 22:59:00,41.98,11.59,8,14.0,15.0,5.5,Mw,-71.0
1089,1993-03-17 04:36:00,-75.01,-37.69,9,9.0,,5.6,Mw,-37.0
1090,1993-03-17 10:15:00,72.05,41.07,19,32.0,,4.4,Mw,63.0
1091,1993-03-20 14:52:00,87.32,28.98,9,12.0,15.0,6.2,Mw,-110.0
1092,1993-03-24 22:43:00,130.36,71.69,15,20.0,,4.8,Mw,16.0
1093,1993-03-29 15:20:00,52.74,28.0,13,50.0,40.0,5.2,Mw,72.0
1094,1993-04-02 08:04:00,-171.83,-17.39,6,9.0,15.0,6.0,Mw,-61.0
1095,1993-04-11 06:59:00,176.52,-39.74,26,36.0,22.0,5.6,Mw,52.0
1096,1993-04-11 19:41:00,35.7,-3.87,25,,,5.2,Mw,-85.0
1097,1993-04-13 17:56:00,75.72,41.19,17,22.0,,4.5,Mw,100.0
1098,1993-04-14 05:58:00,-168.81,51.07,10,41.0,15.0,6.0,Mw,-73.0
1099,1993-06-13 23:26:00,20.49,39.28,9,19.0,15.0,5.3,Mw,106.0
1100,1993-06-16 06:59:00,-173.71,-21.79,30,38.0,60.0,5.3,Mw,90.0
1101,1993-06-22 16:32:00,50.81,30.71,5,43.0,15.0,5.2,Mw,65.0
1102,1993-06-29 03:46:00,118.38,-11.04,20,38.0,27.0,5.6,Mw,-87.0
1103,1993-07-09 10:29:00,55.33,28.39,16,60.0,23.0,5.1,Mw,107.0
1104,1993-07-14 12:31:00,21.77,38.17,19,12.0,20.0,5.4,Mw,-174.0
1105,1993-07-22 04:57:00,-71.18,6.49,18,7.0,24.0,6.1,Mw,-93.0
1106,1993-08-01 00:20:00,31.7,15.4,12,12.0,15.0,5.5,Mw,-24.0
1107,1993-08-02 15:44:00,-74.17,-11.73,24,54.0,25.0,5.4,Mw,4.0
1108,1993-08-03 12:43:00,34.55,28.71,8,10.0,15.0,6.1,Mw,-119.0
1109,1993-08-03 16:33:00,34.64,28.79,6,12.0,15.0,5.6,Mw,-122.0
1110,1993-08-10 00:51:00,166.91,-45.06,20,8.0,15.0,6.8,Mw,119.0
1111,1993-08-10 09:46:00,177.92,-38.55,39,32.0,15.0,6.2,Mw,168.0
1112,1993-08-31 06:55:00,49.47,41.87,76,84.0,81.0,5.1,Mw,37.0
1113,1993-09-20 00:45:00,76.05,42.57,21,,,3.8,Mw,40.0
1114,1993-09-21 19:11:00,39.62,11.47,7,15.0,15.0,5.6,Mw,-97.0
1115,1993-09-29 22:25:00,76.49,18.07,3,17.0,15.0,6.1,Mw,100.0
1116,1993-10-02 08:42:00,88.69,38.17,14,14.0,15.0,6.0,Mw,125.0
1117,1993-10-05 21:28:00,126.36,77.7,18,34.0,15.0,5.0,Mw,-65.0
1118,1993-10-13 02:06:00,146.16,-5.86,19,24.0,15.0,6.7,Mw,103.0
1119,1993-10-16 03:05:00,146.3,-5.89,29,27.0,32.0,6.2,Mw,52.0
1120,1993-10-23 07:22:00,122.41,1.87,33,28.0,48.0,5.2,Mw,102.0
1121,1993-11-11 00:28:00,-177.43,50.21,23,3.0,28.0,6.0,Mw,-71.0
1123,1993-12-30 14:24:00,78.81,44.76,15,0.0,21.0,5.4,Mw,117.0
1124,1994-01-03 13:24:00,164.64,-49.02,12,15.0,26.0,6.0,Mw,156.0
1125,1994-01-11 07:22:00,21.83,35.83,14,30.0,33.0,5.3,Mw,126.0
1126,1994-01-20 23:12:00,70.3,42.14,16,,,4.2,Mw,76.0
1127,1994-01-28 15:45:00,27.48,38.67,14,9.0,15.0,5.3,Mw,-120.0
1128,1994-02-05 23:34:00,30.08,0.56,17,14.0,15.0,6.0,Mw,-73.0
1129,1994-02-23 08:02:00,60.57,30.8,7,6.0,15.0,6.1,Mw,96.0
1130,1994-02-24 00:11:00,60.53,30.82,9,13.0,15.0,6.2,Mw,110.0
1131,1994-02-26 02:31:00,60.55,30.78,6,9.0,15.0,6.0,Mw,107.0
1132,1994-02-28 11:13:00,60.55,30.82,6,35.0,15.0,5.5,Mw,78.0
1133,1994-03-01 03:49:00,52.63,29.14,13,9.0,17.0,5.9,Mw,178.0
1134,1994-03-14 04:30:00,-23.93,-1.08,12,,15.0,7.0,Mw,179.0
1135,1994-03-15 03:36:00,-88.12,11.11,4,23.0,15.0,6.2,Mw,-114.0
1136,1994-03-29 07:56:00,51.35,29.2,7,12.0,33.0,5.1,Mw,104.0
1137,1994-04-11 11:20:00,42.87,11.66,7,11.0,15.0,5.9,Mw,-20.0
1138,1994-04-16 23:09:00,20.58,37.44,15,26.0,15.0,5.5,Mw,49.0
1139,1994-04-24 02:57:00,43.0,11.57,4,14.0,15.0,5.5,Mw,-71.0
1140,1994-04-24 09:52:00,30.47,-9.05,32,29.0,,5.1,Mw,-100.0
1141,1994-04-26 18:59:00,117.97,56.74,14,19.0,17.0,5.4,Mw,-56.0
1142,1994-04-27 09:23:00,-173.55,-21.5,40,34.0,41.0,6.3,Mw,89.0
1143,1994-04-28 16:44:00,-75.16,-39.49,7,26.0,15.0,5.5,Mw,-44.0
1144,1994-05-01 12:00:00,67.14,36.94,23,18.0,24.0,6.0,Mw,105.0
1145,1994-05-04 11:47:00,-168.56,51.45,8,41.0,15.0,5.3,Mw,-88.0
1146,1994-05-09 09:14:00,78.86,49.27,5,4.0,,5.0,Mw,102.0
1147,1994-05-23 06:46:00,24.72,35.58,75,67.0,80.0,6.7,Mw,163.0
1148,1994-05-24 02:05:00,26.49,38.83,10,10.0,21.0,5.5,Mw,-131.0
1149,1994-05-26 08:26:00,-4.09,35.25,8,10.0,15.0,5.9,Mw,-175.0
1150,1994-05-29 14:11:00,94.18,20.54,58,40.0,49.0,6.1,mb,9.0
1151,1994-05-31 17:41:00,-72.04,7.39,11,11.0,15.0,6.1,Mw,63.0
1152,1994-06-02 18:17:00,113.04,-10.28,19,,15.0,7.6,Mw,90.0
1153,1994-06-20 09:09:00,52.67,29.05,9,8.0,15.0,5.8,Mw,-3.0
1154,1994-07-01 19:50:00,53.37,40.2,41,42.0,49.0,5.1,Mw,97.0
1155,1994-07-04 21:36:00,-97.31,14.89,9,0.0,15.0,6.3,Mw,-104.0
1156,1994-07-31 05:15:00,48.42,32.68,14,46.0,18.0,5.5,Mw,90.0
1157,1994-08-03 15:00:00,93.98,21.5,58,38.0,64.0,5.5,mb,9.0
1158,1994-08-08 21:08:00,95.21,24.71,105,116.0,145.0,5.9,mb,79.0
1159,1994-08-11 20:42:00,-173.67,-21.61,41,31.0,36.0,5.9,Mw,83.0
1160,1994-08-18 00:45:00,31.75,-7.5,27,24.0,25.0,5.9,Mw,-101.0
1161,1994-08-18 01:13:00,-0.08,35.47,5,8.0,15.0,5.7,Mw,95.0
1162,1994-08-19 21:02:00,96.41,17.99,10,12.0,15.0,5.5,mb,167.0
1163,1994-08-21 15:56:00,118.01,56.74,12,12.0,15.0,5.9,Mw,-99.0
1164,1994-08-23 14:18:00,78.77,40.21,5,33.0,15.0,5.0,Mw,134.0
1165,1994-09-05 22:13:00,155.19,46.81,8,12.0,15.0,5.8,Mw,-72.0
1166,1994-09-25 22:05:00,78.57,41.09,9,33.0,,3.8,Mw,112.0
1167,1994-10-18 00:59:00,79.9,40.95,12,,,4.0,Mw,80.0
1168,1994-11-05 10:52:00,141.42,10.7,16,36.0,15.0,5.6,Mw,-75.0
1169,1994-11-24 22:24:00,71.06,42.25,12,,,3.9,Mw,53.0
1170,1994-12-10 12:16:00,64.94,27.9,72,34.0,38.0,5.1,Mw,-130.0
1171,1995-01-19 15:05:00,-72.94,5.04,21,36.0,16.0,6.5,Mw,97.0
1172,1995-01-27 20:16:00,134.45,-4.45,5,22.0,15.0,6.8,Mw,-31.0
1173,1995-02-12 01:02:00,-76.12,-5.76,21,7.0,16.0,5.6,Mw,84.0
1174,1995-02-17 02:44:00,92.3,27.61,37,36.0,35.0,5.5,Mw,167.0
1175,1995-02-20 08:07:00,72.45,41.07,22,37.0,33.0,4.9,Mw,104.0
1176,1995-03-06 18:43:00,118.34,2.64,26,17.0,15.0,5.9,Mw,131.0
1177,1995-03-18 18:02:00,87.2,42.43,19,21.0,,5.0,Mw,89.0
1178,1995-03-29 15:52:00,79.45,41.83,8,,,4.0,Mw,65.0
1179,1995-04-04 05:46:00,96.2,25.09,33,24.0,,4.4,Mw,
1180,1995-04-22 00:21:00,49.93,30.97,14,28.0,39.0,5.1,Mw,92.0
1181,1995-05-02 11:48:00,84.69,43.8,21,33.0,18.0,5.4,Mw,171.0
1182,1995-05-04 00:34:00,23.63,40.54,12,13.0,15.0,5.2,Mw,-103.0
1183,1995-05-06 01:59:00,95.3,24.96,98,117.0,147.0,6.3,mb,126.0
1184,1995-05-13 08:47:00,21.69,40.11,11,13.0,15.0,6.5,Mw,-85.0
1185,1995-05-16 20:12:00,170.0,-22.93,19,30.0,24.0,7.6,Mw,-97.0
1186,1995-05-18 00:06:00,-21.99,-0.95,16,12.0,15.0,6.8,Mw,-180.0
1187,1995-05-22 03:45:00,170.13,-22.7,6,6.0,15.0,6.3,Mw,-108.0
1188,1995-05-31 13:51:00,67.85,30.25,22,23.0,15.0,5.2,Mw,29.0
1190,1995-06-12 03:35:00,-75.91,-8.32,33,34.0,43.0,5.4,Mw,82.0
1191,1995-06-15 00:15:00,22.31,38.44,12,3.0,15.0,6.2,Mw,-55.0
1192,1995-06-19 00:57:00,150.43,44.0,9,53.0,15.0,5.1,Mw,-118.0
1193,1995-06-22 01:01:00,89.96,50.35,10,13.0,15.0,5.4,Mw,82.0
1194,1995-06-29 23:02:00,103.19,51.91,16,5.0,15.0,5.7,Mw,-40.0
1195,1995-07-19 00:24:00,169.89,-22.68,9,39.0,15.0,6.1,Mw,-106.0
1196,1995-07-22 13:31:00,34.84,-13.98,33,38.0,,4.9,Mw,-105.0
1197,1995-08-10 00:41:00,41.53,-15.57,20,10.0,15.0,5.2,Mw,-120.0
1198,1995-08-19 20:28:00,70.52,42.22,9,28.0,,4.7,Mw,140.0
1199,1995-09-20 17:26:00,96.77,25.41,14,20.0,,4.7,Mw,
1200,1995-09-22 08:51:00,19.36,1.09,5,10.0,15.0,5.3,Mw,82.0
1201,1995-09-26 04:39:00,81.55,41.77,10,23.0,43.0,5.2,Mw,77.0
1203,1995-09-30 20:46:00,34.4,-13.82,30,0.0,,4.7,Mw,-75.0
1204,1995-10-01 15:57:00,30.14,38.06,4,5.0,15.0,6.3,Mw,-93.0
1205,1995-10-03 01:51:00,-77.53,-2.55,19,59.0,25.0,6.9,Mw,103.0
1206,1995-10-03 12:44:00,-77.86,-2.78,16,37.0,15.0,6.4,Mw,119.0
1207,1995-10-07 21:28:00,-77.8,-2.83,12,57.0,15.0,5.8,Mw,34.0
1208,1995-10-08 08:55:00,72.15,41.05,18,14.0,20.0,5.6,Mw,59.0
1209,1995-10-29 06:27:00,51.9,39.56,61,39.0,25.0,5.3,Mw,-13.0
1210,1995-11-02 23:16:00,75.08,42.16,16,27.0,,4.0,Mw,140.0
1211,1995-11-03 11:09:00,73.7,40.02,20,50.0,,4.4,Mw,146.0
1212,1995-11-04 18:35:00,75.05,42.22,15,37.0,,4.0,Mw,75.0
1213,1995-11-08 07:14:00,95.05,1.83,20,29.0,29.0,6.9,Mw,-16.0
1215,1995-11-10 22:30:00,148.19,16.61,12,33.0,17.0,5.2,Mw,-89.0
1216,1995-11-12 19:00:00,31.61,-13.76,29,22.0,,4.8,Mw,-63.0
1217,1995-11-13 08:43:00,114.58,56.08,21,26.0,21.0,5.8,Mw,-59.0
1218,1995-11-22 04:15:00,34.76,28.79,15,9.0,18.0,7.1,Mw,-6.0
1219,1995-11-24 06:18:00,171.82,-42.95,3,7.0,15.0,6.2,Mw,44.0
1220,1995-12-10 03:27:00,23.99,34.76,24,37.0,21.0,5.2,Mw,54.0
1221,1995-12-11 17:54:00,26.72,-6.23,8,10.0,15.0,5.4,Mw,-74.0
1222,1996-01-01 08:05:00,119.97,0.74,16,15.0,15.0,7.6,Mw,68.0
1223,1996-01-10 22:36:00,133.58,-6.17,37,18.0,51.0,5.9,Mw,-40.0
1224,1996-01-14 18:16:00,74.88,42.69,5,2.0,,4.2,Mw,106.0
1225,1996-01-18 09:33:00,77.5,41.81,16,16.0,20.0,4.8,Mw,101.0
1226,1996-02-07 07:57:00,120.2,1.04,19,14.0,28.0,5.9,Mw,47.0
1227,1996-02-12 09:08:00,118.65,-11.12,4,42.0,15.0,6.2,Mw,-94.0
1228,1996-02-16 09:44:00,-15.22,-1.52,10,10.0,15.0,6.8,Mw,175.0
1229,1996-02-19 07:10:00,-75.42,-42.16,12,7.0,15.0,5.9,Mw,-99.0
1231,1996-03-10 08:56:00,-69.44,-13.05,31,34.0,56.0,5.7,Mw,74.0
1232,1996-03-19 15:00:00,76.62,40.04,34,25.0,22.0,6.0,Mw,87.0
1233,1996-03-20 00:14:00,76.77,40.09,6,37.0,,4.5,Mw,76.0
1234,1996-03-22 08:26:00,76.75,40.0,6,37.0,,5.2,Mw,78.0
1235,1996-04-01 08:08:00,73.44,31.5,38,47.0,91.0,5.5,Mw,101.0
1236,1996-04-02 02:28:00,77.65,41.23,16,,,4.1,Mw,128.0
1237,1996-04-02 07:59:00,26.87,37.84,9,11.0,15.0,5.3,Mw,-119.0
1238,1996-04-06 09:18:00,-75.13,-10.24,25,49.0,39.0,5.2,Mw,72.0
1239,1996-05-03 03:32:00,109.71,40.78,17,9.0,25.0,5.6,Mw,-14.0
1240,1996-05-14 12:45:00,75.03,41.54,10,25.0,,4.4,Mw,69.0
1241,1996-05-24 06:35:00,53.57,27.85,6,49.0,15.0,5.0,Mw,81.0
1242,1996-06-01 17:08:00,74.94,43.1,13,,,3.6,Mw,70.0
1243,1996-06-01 18:03:00,76.02,41.44,22,58.0,,4.2,Mw,69.0
1244,1996-06-09 23:25:00,92.25,28.38,65,57.0,83.0,5.1,Mw,-79.0
1245,1996-06-14 22:45:00,72.93,42.48,4,33.0,,4.9,Mw,106.0
1246,1996-06-22 16:47:00,134.68,75.79,14,23.0,15.0,5.7,Mw,-64.0
1247,1996-07-03 06:44:00,88.18,30.11,8,8.0,15.0,5.6,Mw,-121.0
1248,1996-07-06 11:56:00,147.77,15.49,11,37.0,15.0,5.6,Mw,-93.0
1249,1996-07-16 10:07:00,120.26,1.04,18,25.0,21.0,6.6,Mw,59.0
1250,1996-07-20 00:00:00,27.46,36.07,12,26.0,15.0,6.1,Mw,-52.0
1251,1996-07-22 14:19:00,120.48,1.02,25,34.0,28.0,6.8,Mw,59.0
1252,1996-07-26 18:55:00,20.64,40.08,7,5.0,15.0,5.1,Mw,-93.0
1253,1996-07-27 08:45:00,95.07,21.4,109,103.0,128.0,5.0,Mw,
1255,1996-09-05 20:44:00,17.95,42.48,12,10.0,15.0,5.7,Mw,71.0
1256,1996-09-17 13:45:00,17.65,42.9,7,7.0,15.0,5.4,Mw,79.0
1257,1996-10-01 00:52:00,-166.54,51.9,8,36.0,18.0,5.2,Mw,-134.0
1258,1996-10-09 13:10:00,32.15,34.59,85,19.0,23.0,6.8,Mw,162.0
1259,1996-10-10 01:10:00,32.23,34.61,76,23.0,,5.7,Mw,175.0
1261,1996-11-11 09:22:00,94.67,19.33,66,60.0,85.0,5.7,mb,20.0
1262,1996-11-15 15:29:00,127.43,10.34,4,37.0,15.0,5.8,Mw,-86.0
1263,1996-11-19 00:12:00,92.63,24.5,43,26.0,,5.4,Mw,17.0
1264,1996-11-19 10:44:00,78.12,35.34,10,35.0,15.0,6.8,Mw,-12.0
1265,1996-11-20 19:42:00,127.43,10.3,6,31.0,,5.8,Mw,-114.0
1266,1996-12-28 07:40:00,78.08,42.95,12,20.0,,4.4,Mw,49.0
1267,1997-01-09 13:43:00,74.28,41.03,15,16.0,15.0,5.7,Mw,107.0
1268,1997-01-13 10:19:00,32.33,34.31,41,19.0,33.0,5.7,Mw,-12.0
1269,1997-01-21 01:48:00,76.88,39.54,12,37.0,33.0,5.4,Mw,177.0
1270,1997-01-22 17:57:00,35.95,36.25,11,45.0,15.0,5.6,Mw,-6.0
1271,1997-02-04 09:53:00,57.27,37.66,13,10.0,15.0,5.4,Mw,150.0
1272,1997-02-04 10:37:00,57.31,37.73,8,35.0,15.0,6.4,Mw,173.0
1273,1997-02-12 05:19:00,171.28,52.1,12,40.0,15.0,5.6,Mw,-98.0
1274,1997-02-27 21:08:00,68.19,29.86,13,33.0,15.0,6.9,Mw,115.0
1276,1997-02-28 12:57:00,47.79,38.1,9,39.0,15.0,6.0,Mw,-171.0
1277,1997-03-01 06:04:00,76.82,39.45,14,43.0,22.0,5.6,Mw,-173.0
1278,1997-03-04 13:03:00,68.75,29.41,6,24.0,33.0,5.7,Mw,11.0
1279,1997-03-09 17:40:00,43.49,11.64,7,2.0,15.0,5.7,Mw,-116.0
1280,1997-03-20 08:50:00,68.02,30.13,22,32.0,15.0,5.6,Mw,158.0
1281,1997-04-05 23:46:00,76.83,39.53,18,23.0,33.0,5.4,Mw,-21.0
1282,1997-04-06 04:36:00,76.95,39.5,17,31.0,15.0,5.8,Mw,-51.0
1283,1997-04-06 12:59:00,76.9,39.52,13,43.0,33.0,5.1,Mw,-74.0
1284,1997-04-11 05:34:00,76.89,39.54,20,20.0,15.0,6.0,Mw,-79.0
1285,1997-04-12 21:09:00,76.86,39.48,16,40.0,16.0,5.1,Mw,-74.0
1286,1997-04-15 00:13:00,94.48,22.62,121,129.0,,4.8,Mw,
1287,1997-04-15 18:19:00,76.93,39.58,18,22.0,23.0,5.7,Mw,-139.0
1289,1997-04-19 05:53:00,56.88,28.02,19,58.0,19.0,5.5,Mw,13.0
1290,1997-05-07 16:16:00,51.63,40.33,50,44.0,63.0,5.2,Mw,-115.0
1291,1997-05-08 02:53:00,92.25,24.88,30,33.0,35.0,5.9,Mw,2.0
1292,1997-05-10 07:57:00,59.83,33.86,13,6.0,15.0,7.1,Mw,-160.0
1293,1997-05-16 07:00:00,20.26,40.98,5,21.0,20.0,5.3,Mw,-65.0
1294,1997-05-21 22:51:00,80.12,23.1,35,29.0,38.0,5.7,Mw,75.0
1295,1997-06-17 11:18:00,68.02,30.07,18,47.0,33.0,5.0,Mw,62.0
1296,1997-06-25 19:38:00,59.48,33.94,8,35.0,15.0,5.7,Mw,170.0
1297,1997-07-10 14:53:00,117.94,-11.26,30,2.0,35.0,5.3,Mw,-129.0
1298,1997-07-27 10:07:00,21.18,35.51,16,36.0,33.0,5.3,Mw,47.0
1299,1997-07-31 15:59:00,93.18,23.89,5,33.0,41.0,4.3,Mw,
1300,1997-08-24 13:15:00,67.94,30.1,16,32.0,23.0,5.6,Mw,77.0
1301,1997-09-07 10:15:00,67.79,29.98,20,43.0,18.0,5.3,Mw,140.0
1302,1997-09-21 18:13:00,30.33,-7.39,29,10.0,30.0,5.8,Mw,-71.0
1303,1997-09-26 09:40:00,12.78,43.08,5,0.0,15.0,5.8,Mw,-90.0
1304,1997-09-28 01:38:00,119.76,-3.75,18,38.0,35.0,5.8,Mw,105.0
1305,1997-10-03 11:28:00,54.7,27.76,4,47.0,15.0,5.3,Mw,88.0
1306,1997-10-03 11:28:00,54.73,27.79,15,47.0,15.0,5.3,Mw,164.0
1307,1997-10-13 13:39:00,22.07,36.38,25,13.0,44.0,6.6,Mw,73.0
1308,1997-10-15 20:23:00,-129.86,-21.47,3,10.0,,5.2,Mw,70.0
1309,1997-10-20 06:09:00,57.28,28.45,28,93.0,33.0,5.2,Mw,47.0
1310,1997-10-21 06:32:00,107.27,41.13,16,22.0,24.0,4.9,Mw,-21.0
1311,1997-11-05 12:22:00,23.93,34.51,22,4.0,39.0,5.2,Mw,108.0
1312,1997-11-05 21:10:00,22.45,38.4,13,13.0,15.0,5.3,Mw,-45.0
1313,1997-11-08 10:03:00,87.35,35.25,12,38.0,16.0,7.5,Mw,-5.0
1314,1997-11-10 19:04:00,145.72,12.36,40,53.0,42.0,5.5,Mw,72.0
1315,1997-11-14 21:38:00,25.91,38.73,10,2.0,15.0,5.7,Mw,175.0
1316,1997-11-18 13:07:00,20.66,37.57,35,10.0,22.0,6.2,Mw,43.0
1317,1997-11-21 11:23:00,92.68,22.22,51,29.0,54.0,6.0,mb,48.0
1318,1997-11-23 12:57:00,96.09,26.18,32,63.0,,4.6,Mw,
1319,1997-11-25 12:14:00,122.51,1.22,27,46.0,30.0,6.8,Mw,102.0
1320,1997-11-27 17:34:00,45.37,41.86,9,29.0,41.0,5.4,Mw,94.0
1321,1997-12-30 13:43:00,96.52,25.3,12,33.0,54.0,5.2,Mw,
1322,1998-01-10 03:50:00,114.52,41.14,8,4.0,15.0,5.7,Mw,135.0
1323,1998-01-10 04:54:00,-72.03,-11.99,7,33.0,27.0,6.3,Mw,67.0
1324,1998-01-10 19:21:00,20.86,37.29,17,22.0,35.0,5.3,Mw,-109.0
1325,1998-01-26 23:05:00,165.18,-47.51,11,12.0,15.0,5.7,Mw,97.0
1326,1998-02-14 00:08:00,71.03,36.19,233,223.0,228.0,5.0,Mw,
1327,1998-02-16 23:53:00,-33.66,52.68,3,10.0,15.0,6.8,Mw,-180.0
1328,1998-02-19 04:21:00,-74.31,-10.94,6,17.0,17.0,5.9,Mw,82.0
1329,1998-02-27 23:27:00,71.57,36.97,105,116.0,,4.0,Mw,
1330,1998-03-05 02:59:00,17.4,0.8,6,9.0,15.0,5.2,Mw,79.0
1331,1998-03-06 03:56:00,-74.5,-10.9,7,26.0,30.0,5.3,Mw,106.0
1332,1998-03-06 12:50:00,94.52,24.64,67,49.0,,4.7,Mw,
1333,1998-03-10 20:57:00,-74.45,-10.93,6,41.0,47.0,5.3,Mw,105.0
1334,1998-03-11 15:34:00,94.92,25.15,106,87.0,,4.5,Mw,
1335,1998-03-14 19:40:00,57.61,30.08,5,43.0,15.0,6.6,Mw,-165.0
1336,1998-03-19 13:51:00,76.68,40.05,15,33.0,32.0,5.4,Mw,79.0
1337,1998-03-20 21:08:00,163.11,-50.05,12,10.0,15.0,6.6,Mw,175.0
1338,1998-03-28 21:59:00,29.52,-6.14,14,10.0,15.0,5.2,Mw,33.0
1339,1998-04-01 22:42:00,-75.04,-40.41,7,19.0,15.0,6.6,Mw,-72.0
1342,1998-04-12 23:49:00,-71.88,-15.66,10,33.0,41.0,5.8,Mw,-47.0
1343,1998-04-26 14:16:00,17.34,0.86,9,27.0,15.0,5.3,Mw,80.0
1344,1998-04-29 03:30:00,21.88,35.96,13,1.0,40.0,5.3,Mw,117.0
1345,1998-05-01 04:00:00,20.75,37.62,13,26.0,33.0,5.1,Mw,131.0
1346,1998-05-21 05:34:00,119.57,0.27,25,20.0,28.0,6.6,Mw,20.0
1347,1998-05-22 04:48:00,-65.54,-17.86,11,24.0,15.0,6.7,Mw,179.0
1348,1998-05-26 01:08:00,-65.33,-17.84,13,33.0,28.0,5.2,Mw,-180.0
1349,1998-05-28 18:33:00,27.65,31.44,29,10.0,39.0,5.5,Mw,90.0
1350,1998-05-28 21:11:00,78.84,37.41,14,14.0,29.0,5.6,Mw,-32.0
1351,1998-05-29 11:23:00,-65.25,-17.71,5,33.0,35.0,5.4,Mw,2.0
1352,1998-05-29 22:49:00,75.59,41.17,18,17.0,31.0,5.3,Mw,62.0
1353,1998-05-30 06:22:00,70.1,37.14,6,30.0,24.0,6.5,Mw,29.0
1354,1998-06-10 08:30:00,58.49,28.22,85,113.0,105.0,5.3,Mw,-28.0
1356,1998-06-15 01:14:00,50.84,31.6,5,51.0,31.0,5.0,Mw,75.0
1357,1998-06-16 09:35:00,159.84,-52.99,7,10.0,15.0,6.1,Mw,168.0
1358,1998-06-25 06:39:00,80.16,41.48,17,35.0,15.0,5.1,Mw,129.0
1359,1998-06-30 03:37:00,70.86,36.42,213,200.0,,4.7,Mw,
1360,1998-07-09 14:19:00,48.5,38.71,27,55.0,,5.7,Mw,98.0
1361,1998-07-20 01:06:00,88.25,30.2,9,57.0,15.0,5.8,Mw,-98.0
1363,1998-07-27 19:03:00,93.78,24.31,57,20.0,,4.8,Mw,
1364,1998-07-28 04:51:00,81.51,41.77,10,42.0,46.0,5.5,Mw,79.0
1365,1998-08-01 23:38:00,56.53,27.69,9,34.0,47.0,5.1,Mw,86.0
1366,1998-08-02 04:40:00,77.0,39.55,15,9.0,15.0,5.5,Mw,-140.0
1367,1998-08-03 15:15:00,76.99,39.57,29,24.0,,4.6,Mw,129.0
1368,1998-08-06 22:44:00,70.69,36.31,40,,,3.4,Mw,
1369,1998-08-06 22:44:00,70.69,36.31,118,,,6.1,Mw,
1370,1998-08-08 18:06:00,71.34,36.29,127,100.0,,4.2,Mw,
1371,1998-08-21 05:13:00,48.18,34.22,9,47.0,21.0,4.9,Mw,-84.0
1372,1998-08-24 12:12:00,34.89,-13.77,44,20.0,,4.7,Mw,-95.0
1373,1998-08-25 07:41:00,88.17,30.26,12,52.0,15.0,5.8,Mw,-75.0
1374,1998-08-27 09:03:00,77.3,39.57,15,33.0,32.0,6.3,Mw,1.0
1375,1998-08-30 01:48:00,148.24,17.11,5,31.0,16.0,6.3,Mw,-72.0
1376,1998-09-03 06:43:00,77.22,39.59,10,23.0,31.0,4.8,Mw,178.0
1377,1998-09-07 12:31:00,71.52,36.94,124,108.0,,4.2,Mw,
1378,1998-09-10 16:37:00,71.89,37.21,141,141.0,,3.8,Mw,
1379,1998-09-24 18:53:00,106.34,46.26,27,3.0,33.0,5.5,Mw,9.0
1380,1998-09-30 23:42:00,20.43,41.9,8,4.0,17.0,5.3,Mw,-27.0
1381,1998-10-01 19:17:00,53.73,14.4,8,10.0,15.0,5.6,Mw,-10.0
1382,1998-10-04 00:42:00,47.22,33.3,9,24.0,15.0,5.2,Mw,92.0
1383,1998-10-04 13:41:00,-76.24,-8.44,5,6.0,15.0,5.5,Mw,113.0
1384,1998-10-05 02:20:00,47.26,33.28,7,18.0,37.0,5.3,Mw,84.0
1385,1998-10-06 12:27:00,20.98,37.13,9,24.0,,5.2,Mw,54.0
1386,1998-10-25 03:54:00,-69.39,-17.97,9,39.0,15.0,5.3,Mw,115.0
1387,1998-10-26 18:29:00,71.11,36.17,117,103.0,,4.2,Mw,
1388,1998-10-27 01:38:00,123.13,-3.59,25,42.0,54.0,5.5,Mw,-73.0
1389,1998-10-31 16:09:00,77.58,39.53,14,,,4.6,Mw,-164.0
1390,1998-11-02 06:21:00,73.31,38.57,108,99.0,,4.1,Mw,
1391,1998-11-13 13:01:00,53.62,27.76,9,15.0,33.0,5.3,Mw,72.0
1392,1998-12-20 06:29:00,71.84,37.44,124,154.0,,3.9,Mw,
1393,1998-12-22 02:24:00,70.2,36.01,105,86.0,,4.4,Mw,
1394,1999-01-07 18:13:00,141.36,67.75,18,8.0,33.0,5.1,Mw,138.0
1395,1999-01-16 10:44:00,-147.3,56.22,22,21.0,23.0,6.0,Mw,36.0
1396,1999-01-30 03:51:00,88.5,41.65,18,21.0,23.0,5.4,Mw,100.0
1397,1999-01-30 23:33:00,72.29,37.44,217,191.0,,3.7,Mw,
1398,1999-01-31 05:07:00,46.91,43.21,12,35.0,30.0,5.6,Mw,90.0
1399,1999-02-21 18:14:00,46.91,43.26,8,51.0,32.0,5.3,Mw,-5.0
1400,1999-02-22 11:37:00,93.68,23.25,52,24.0,51.0,5.1,Mw,
1401,1999-03-04 05:38:00,57.21,28.26,28,36.0,26.0,6.2,Mw,128.0
1402,1999-03-05 03:35:00,-69.71,-34.7,14,43.0,15.0,5.5,Mw,69.0
1403,1999-03-15 10:42:00,82.69,41.77,13,33.0,17.0,5.3,Mw,22.0
1404,1999-03-21 16:16:00,110.31,55.93,3,10.0,15.0,5.7,Mw,-74.0
1405,1999-03-21 16:17:00,110.29,55.99,3,10.0,15.0,5.8,Mw,-113.0
1406,1999-03-28 19:05:00,79.4,30.51,16,22.0,15.0,6.4,Mw,75.0
1407,1999-04-05 22:32:00,93.7,24.93,51,31.0,65.0,5.6,Mw,15.0
1408,1999-05-05 22:41:00,-94.77,14.32,2,16.0,15.0,6.1,Mw,-89.0
1409,1999-05-07 02:10:00,31.58,-7.61,27,10.0,,5.2,Mw,-101.0
1410,1999-05-07 14:07:00,31.71,-7.51,26,10.0,,5.3,Mw,-83.0
1411,1999-05-10 08:47:00,-69.18,-30.34,33,64.0,68.0,5.2,Mw,15.0
1412,1999-05-30 15:56:00,110.13,55.85,6,10.0,15.0,5.2,Mw,-108.0
1413,1999-06-04 09:12:00,47.48,40.76,14,51.0,32.0,5.4,Mw,87.0
1414,1999-06-09 07:07:00,158.31,49.4,12,37.0,,5.2,Mw,-14.0
1415,1999-06-19 00:04:00,72.58,37.96,97,,,3.8,Mw,
1416,1999-06-22 00:47:00,133.92,-4.47,14,34.0,15.0,5.6,Mw,-140.0
1417,1999-06-26 21:54:00,69.44,29.99,6,37.0,33.0,5.6,Mw,73.0
1418,1999-07-12 03:42:00,69.43,29.98,5,30.0,15.0,5.6,Mw,82.0
1419,1999-07-15 21:47:00,72.55,37.42,59,46.0,,4.1,Mw,
1420,1999-08-11 04:27:00,33.04,34.75,11,,20.0,5.6,Mw,67.0
1421,1999-08-17 00:01:00,29.86,40.75,9,17.0,17.0,7.4,Mw,166.0
1422,1999-08-22 09:35:00,-75.11,-40.62,12,33.0,15.0,6.4,Mw,-81.0
1423,1999-08-26 09:07:00,71.2,36.2,118,129.0,,4.1,Mw,
1424,1999-09-07 11:56:00,23.6,38.12,10,9.0,15.0,5.9,Mw,-108.0
1425,1999-09-08 02:38:00,120.25,57.49,6,10.0,20.0,5.1,Mw,-111.0
1426,1999-09-13 11:55:00,30.05,40.71,13,10.0,15.0,5.8,Mw,173.0
1427,1999-10-04 13:57:00,-75.61,-10.7,12,37.0,15.0,5.8,Mw,90.0
1428,1999-10-05 17:04:00,91.98,26.29,40,33.0,33.0,5.2,Mw,140.0
1429,1999-10-25 07:29:00,142.25,31.98,7,10.0,15.0,5.7,Mw,-79.0
1430,1999-10-31 15:09:00,51.85,29.37,5,38.0,33.0,5.2,Mw,67.0
1431,1999-11-08 21:37:00,61.21,35.73,9,10.0,44.0,5.5,Mw,97.0
1432,1999-11-12 16:57:00,31.16,40.76,10,10.0,18.0,7.1,Mw,-177.0
1433,1999-11-15 05:42:00,88.98,-1.34,36,10.0,15.0,7.0,Mw,-4.0
1435,1999-11-25 04:00:00,121.49,-0.89,9,53.0,15.0,5.7,Mw,-47.0
1436,1999-11-29 03:46:00,89.04,-1.28,8,10.0,15.0,6.4,Mw,14.0
1437,1999-12-03 17:06:00,42.36,40.41,6,13.0,19.0,5.6,Mw,1.0
1438,1999-12-21 11:00:00,110.14,55.84,5,10.0,15.0,5.4,Mw,-97.0
1439,1999-12-22 17:36:00,-1.31,35.21,3,10.0,15.0,5.7,Mw,108.0
1440,1999-12-25 18:19:00,-75.3,-6.17,24,37.0,26.0,5.6,Mw,113.0
1441,2000-01-08 06:26:00,117.06,-11.42,26,10.0,33.0,5.4,Mw,-91.0
1442,2000-01-17 12:20:00,-71.93,6.83,14,15.0,30.0,5.6,Mw,71.0
1444,2000-02-12 00:04:00,90.84,34.01,39,37.0,33.0,4.3,Mw,
1445,2000-02-12 00:18:00,90.93,33.96,31,,,3.9,Mw,
1446,2000-02-12 05:23:00,102.8,33.66,77,,,3.8,Mw,
1447,2000-02-12 15:34:00,90.1,33.86,19,,,5.2,Mw,
1448,2000-03-01 20:06:00,52.83,28.32,8,46.0,15.0,5.0,Mw,106.0
1449,2000-03-02 02:44:00,28.2,-2.93,15,,,5.4,Mw,-60.0
1450,2000-03-05 09:40:00,56.45,27.91,12,40.0,33.0,5.4,Mw,101.0
1451,2000-05-02 15:03:00,147.6,17.42,7,51.0,15.0,5.8,Mw,-24.0
1452,2000-05-03 09:01:00,50.81,29.56,5,30.0,33.0,5.1,Mw,53.0
1453,2000-05-05 05:24:00,123.38,-1.24,26,52.0,40.0,5.6,Mw,176.0
1454,2000-05-14 10:47:00,123.36,-1.5,16,64.0,42.0,6.1,Mw,77.0
1455,2000-06-06 02:41:00,33.01,40.73,8,10.0,15.0,6.0,Mw,-29.0
1456,2000-07-02 04:27:00,94.86,24.61,85,72.0,103.0,5.0,Mw,
1457,2000-07-10 17:48:00,27.69,-7.21,21,10.0,,4.8,Mw,-135.0
1458,2000-08-17 18:40:00,94.72,5.8,48,69.0,65.0,5.5,Mw,178.0
1460,2000-08-22 16:55:00,57.19,38.07,4,15.0,15.0,5.6,Mw,171.0
1461,2000-09-01 11:56:00,96.45,1.4,16,31.0,20.0,6.4,Mw,99.0
1462,2000-09-02 00:25:00,133.56,-5.07,30,25.0,42.0,5.4,Mw,-14.0
1463,2000-09-05 00:32:00,73.84,17.37,6,10.0,15.0,5.2,Mw,-94.0
1464,2000-10-02 02:25:00,30.81,-7.96,39,39.0,40.0,6.4,Mw,-77.0
1465,2000-10-08 20:12:00,-78.1,0.36,13,5.0,15.0,5.1,Mw,90.0
1466,2000-10-09 02:30:00,92.92,10.01,26,44.0,43.0,5.5,Mw,47.0
1467,2000-10-11 09:42:00,94.86,23.87,96,118.0,122.0,5.6,Mw,33.0
1468,2000-11-05 12:47:00,92.91,9.87,25,26.0,32.0,5.4,Mw,77.0
1469,2000-11-10 20:10:00,4.84,36.44,6,10.0,15.0,5.7,Mw,83.0
1470,2000-11-13 08:56:00,92.91,21.69,89,34.0,74.0,5.5,Mw,-5.0
1471,2000-11-15 15:05:00,42.92,38.4,16,48.0,32.0,6.3,Mw,113.0
1472,2000-11-25 18:09:00,50.06,40.29,40,51.0,15.0,6.2,Mw,-80.0
1473,2000-11-25 18:10:00,50.09,40.31,33,22.0,26.0,6.1,Mw,-115.0
1474,2000-12-06 17:11:00,55.04,39.4,31,33.0,33.0,6.9,Mw,127.0
1475,2000-12-19 13:11:00,144.88,11.73,10,35.0,15.0,6.2,Mw,-86.0
1476,2000-12-23 07:13:00,135.76,-7.91,61,,68.0,6.0,Mw,5.0
1477,2001-01-26 03:16:00,70.23,23.42,20,16.0,19.0,7.5,Mw,107.0
1478,2001-01-28 01:02:00,70.54,23.47,13,10.0,15.0,5.7,Mw,111.0
1480,2001-02-17 20:11:00,-133.86,53.98,13,20.0,15.0,6.2,Mw,-179.0
1481,2001-02-21 15:20:00,-74.45,-11.34,15,41.0,34.0,5.5,Mw,83.0
1482,2001-03-03 22:55:00,93.73,23.89,58,32.0,64.0,5.3,Mw,
1483,2001-03-23 05:24:00,46.64,32.98,7,34.0,15.0,5.2,Mw,126.0
1484,2001-04-09 09:00:00,-73.22,-32.75,4,10.0,15.0,6.7,Mw,-73.0
1485,2001-05-25 22:18:00,40.0,17.96,4,33.0,15.0,5.3,Mw,-90.0
1486,2001-05-26 14:51:00,95.04,25.37,81,64.0,,4.6,Mw,
1487,2001-06-10 01:52:00,53.89,39.83,31,33.0,57.0,5.3,Mw,125.0
1488,2001-06-13 04:10:00,-66.41,-27.12,10,16.0,38.0,5.0,Mw,70.0
1489,2001-06-15 16:19:00,51.67,13.87,11,10.0,15.0,5.9,Mw,-1.0
1490,2001-06-25 13:28:00,35.71,37.23,8,10.0,15.0,5.3,Mw,-92.0
1491,2001-06-29 12:14:00,93.62,23.2,54,41.0,,4.7,Mw,
1492,2001-06-29 22:33:00,-70.35,-15.37,6,33.0,17.0,5.4,Mw,-107.0
1493,2001-07-04 12:09:00,-65.73,-17.19,14,33.0,15.0,6.2,Mw,51.0
1494,2001-07-16 16:07:00,73.12,33.01,47,57.0,85.0,5.1,Mw,109.0
1495,2001-07-24 05:00:00,-69.25,-19.52,8,33.0,15.0,6.3,Mw,-173.0
1496,2001-08-09 02:07:00,-72.68,-14.31,12,38.0,41.0,5.8,Mw,13.0
1497,2001-08-12 00:16:00,-70.03,-16.76,6,32.0,15.0,5.1,Mw,-108.0
1498,2001-08-26 14:11:00,51.75,14.22,8,10.0,15.0,5.6,Mw,-5.0
1499,2001-08-30 08:12:00,169.89,-22.94,14,11.0,17.0,5.8,Mw,-59.0
1500,2001-09-20 02:01:00,114.94,-11.4,5,10.0,15.0,5.6,Mw,-113.0
1501,2001-09-25 14:56:00,80.2,11.96,20,10.0,21.0,5.0,Mw,109.0
1502,2001-10-19 07:04:00,93.77,21.07,40,47.0,,5.0,Mw,
1503,2001-10-31 22:04:00,94.26,5.36,32,41.0,34.0,5.6,Mw,-113.0
1504,2001-11-18 21:59:00,93.72,35.7,5,11.0,15.0,5.6,Mw,118.0
1505,2001-12-04 05:57:00,-72.52,-15.37,17,33.0,35.0,5.8,Mw,-178.0
1506,2001-12-08 04:17:00,-72.71,-15.42,13,26.0,20.0,5.7,Mw,-31.0
1507,2002-01-10 08:36:00,-172.25,-17.67,9,28.0,15.0,5.8,Mw,-118.0
1508,2002-02-17 13:03:00,51.79,28.08,4,15.0,33.0,5.3,Mw,83.0
1509,2002-02-20 19:07:00,31.96,-7.67,37,16.0,45.0,5.4,Mw,-121.0
1510,2002-02-24 14:44:00,-70.13,-16.38,10,33.0,50.0,5.3,Mw,-72.0
1511,2002-03-25 14:56:00,69.24,36.08,5,33.0,15.0,6.0,Mw,101.0
1512,2002-03-27 08:52:00,69.27,36.07,7,10.0,15.0,5.5,Mw,124.0
1513,2002-04-12 16:26:00,69.21,35.99,4,33.0,15.0,5.8,Mw,109.0
1514,2002-04-24 10:51:00,21.53,42.42,7,2.0,15.0,5.7,Mw,-83.0
1515,2002-04-24 19:48:00,47.4,34.6,3,10.0,33.0,5.2,Mw,24.0
1516,2002-04-27 23:53:00,-67.6,-31.0,21,27.0,49.0,5.2,Mw,97.0
1517,2002-05-04 12:51:00,-64.55,-23.12,13,33.0,23.0,5.2,Mw,79.0
1518,2002-05-18 15:15:00,33.72,-2.98,5,10.0,15.0,5.5,Mw,13.0
1519,2002-05-28 04:04:00,-66.74,-28.95,14,25.0,15.0,6.0,Mw,78.0
1520,2002-06-04 14:36:00,81.45,30.51,9,10.0,15.0,5.4,Mw,-130.0
1521,2002-06-16 00:00:00,119.86,0.48,23,34.0,20.0,5.8,Mw,-136.0
1522,2002-06-22 02:58:00,49.05,35.63,10,10.0,15.0,6.4,Mw,101.0
1523,2002-07-02 20:21:00,-67.84,-31.16,19,20.0,27.0,5.5,Mw,11.0
1524,2002-08-09 22:08:00,43.6,11.83,4,22.0,15.0,5.2,Mw,-65.0
1525,2002-08-10 15:56:00,39.79,13.55,10,20.0,15.0,5.6,Mw,-96.0
1526,2002-08-11 12:09:00,-74.7,-10.79,6,4.0,32.0,5.1,Mw,100.0
1527,2002-08-15 05:30:00,121.41,-1.29,9,37.0,15.0,6.1,Mw,84.0
1528,2002-08-31 22:52:00,34.23,-9.84,20,10.0,15.0,5.0,Mw,-126.0
1529,2002-09-01 17:14:00,51.91,14.26,9,10.0,15.0,5.9,Mw,14.0
1530,2002-09-25 22:28:00,49.32,32.06,8,10.0,15.0,5.3,Mw,98.0
1531,2002-10-24 06:08:00,29.04,-1.96,8,19.0,15.0,6.2,Mw,-82.0
1532,2002-10-24 07:12:00,28.9,-1.89,3,10.0,,5.5,Mw,-75.0
1533,2002-10-24 21:53:00,94.37,6.02,48,63.0,58.0,5.6,Mw,26.0
1534,2002-11-20 21:32:00,74.51,35.4,4,13.0,15.0,6.1,Mw,-87.0
1535,2002-11-30 21:50:00,-172.39,-15.11,7,69.0,15.0,5.5,Mw,-85.0
1536,2002-12-01 14:37:00,117.16,-11.23,25,50.0,24.0,5.6,Mw,-115.0
1537,2002-12-04 11:30:00,94.53,19.39,52,53.0,48.0,5.6,Mw,-152.0
1538,2002-12-13 16:31:00,-71.7,-15.27,7,7.0,15.0,5.3,Mw,-92.0
1539,2002-12-14 13:27:00,97.42,39.71,9,22.0,15.0,5.5,Mw,95.0
1540,2002-12-24 17:03:00,47.48,34.54,5,44.0,26.0,4.9,Mw,98.0
1541,2002-12-25 12:57:00,75.2,39.55,16,29.0,15.0,5.5,Mw,152.0
1542,2002-12-28 09:36:00,-168.58,51.44,8,10.0,15.0,5.6,Mw,-104.0
1543,2003-01-14 14:14:00,62.33,27.97,56,39.0,80.0,5.4,Mw,-86.0
1544,2003-01-18 19:50:00,137.22,33.92,17,27.0,15.0,5.6,Mw,74.0
1545,2003-01-27 05:26:00,39.66,39.58,11,10.0,15.0,6.0,Mw,-12.0
1546,2003-02-13 17:34:00,85.92,43.9,19,9.0,45.0,5.2,Mw,84.0
1547,2003-02-14 10:29:00,56.78,27.96,23,45.0,25.0,5.2,Mw,115.0
1548,2003-02-24 02:03:00,77.2,39.52,5,26.0,24.0,6.2,Mw,115.0
1549,2003-02-24 02:03:00,77.4,39.52,7,26.0,24.0,6.2,Mw,134.0
1550,2003-03-12 04:47:00,77.41,39.38,7,1.0,15.0,5.0,Mw,73.0
1551,2003-03-25 18:51:00,89.41,27.31,37,50.0,55.0,5.4,Mw,-20.0
1552,2003-03-30 23:15:00,77.3,39.44,10,12.0,41.0,5.2,Mw,117.0
1554,2003-05-01 00:14:00,147.88,17.7,8,48.0,15.0,5.4,Mw,-60.0
1555,2003-05-01 00:27:00,40.53,39.04,9,10.0,15.0,6.2,Mw,178.0
1556,2003-05-05 06:34:00,72.46,40.93,13,31.0,46.0,5.0,Mw,81.0
1557,2003-05-21 18:44:00,3.7,36.88,6,13.0,15.0,6.8,Mw,95.0
1559,2003-05-22 18:11:00,72.76,42.95,7,2.0,27.0,5.5,Mw,34.0
1560,2003-05-24 01:46:00,53.75,14.41,9,32.0,15.0,5.8,Mw,3.0
1562,2003-06-04 16:28:00,77.56,39.35,10,17.0,15.0,5.2,Mw,87.0
1563,2003-06-24 08:33:00,149.6,43.1,7,0.0,15.0,5.4,Mw,-107.0
1564,2003-07-10 17:40:00,54.08,28.25,5,14.0,15.0,5.5,Mw,95.0
1565,2003-07-12 23:01:00,-134.38,54.8,14,20.0,16.0,6.0,Mw,176.0
1566,2003-07-13 01:48:00,38.9,38.16,9,12.0,15.0,5.5,Mw,-29.0
1567,2003-07-21 19:21:00,93.53,6.7,10,12.0,15.0,5.5,Mw,162.0
1568,2003-07-26 23:18:00,93.33,22.89,13,3.0,15.0,5.6,Mw,105.0
1569,2003-07-27 12:07:00,92.34,22.94,13,7.0,15.0,5.4,Mw,49.0
1570,2003-09-01 23:16:00,75.29,38.6,5,6.0,15.0,5.7,Mw,-141.0
1571,2003-09-16 11:24:00,111.37,56.06,15,18.0,15.0,5.5,Mw,-111.0
1572,2003-09-21 18:16:00,95.64,19.87,52,4.0,15.0,6.6,Mw,176.0
1573,2003-11-15 07:10:00,-172.23,-17.27,8,38.0,15.0,5.9,Mw,-103.0
1574,2003-12-01 01:38:00,80.55,42.88,17,33.0,15.0,6.5,Mw,100.0
1575,2003-12-26 01:56:00,58.29,29.02,6,15.0,15.0,6.6,Mw,-178.0
1576,2004-02-07 21:27:00,133.92,-4.11,12,15.0,12.0,5.5,Mw,0.0
1577,2004-02-24 02:27:00,-3.99,35.21,6,8.0,12.0,6.4,Mw,179.0
1578,2004-03-14 16:30:00,-172.2,-17.31,7,12.0,13.0,6.0,Mw,-78.0
1579,2004-03-18 20:37:00,31.39,2.04,33,40.0,,4.7,Mw,-80.0
1580,2004-03-22 04:22:00,-64.44,-23.03,14,20.0,13.0,5.7,Mw,17.0
1581,2004-03-24 01:53:00,118.25,45.37,14,18.0,13.0,5.3,Mw,86.0
1582,2004-03-28 01:23:00,-73.57,-10.18,32,36.0,56.0,5.2,Mw,90.0
1583,2004-04-15 21:39:00,-67.46,-30.17,27,29.0,37.0,5.4,Mw,114.0
1584,2004-05-13 17:34:00,144.34,11.77,25,28.0,28.0,6.0,Mw,171.0
1586,2004-05-28 12:38:00,51.61,36.25,22,17.0,22.0,6.3,Mw,76.0
1587,2004-06-28 09:49:00,-134.53,54.83,13,20.0,12.0,6.8,Mw,178.0
1588,2004-06-29 07:01:00,-87.12,10.68,5,9.0,12.0,6.2,Mw,-79.0
1589,2004-07-11 23:08:00,83.66,30.69,9,8.0,13.0,6.2,Mw,-83.0
1590,2004-07-11 23:46:00,-126.91,-20.24,17,12.0,14.0,6.1,Mw,-87.0
1592,2004-07-13 19:51:00,-174.83,-24.27,7,9.0,12.0,5.5,Mw,-68.0
1593,2004-07-28 22:22:00,83.61,30.63,3,25.0,13.0,5.1,Mw,-64.0
1594,2004-08-07 09:30:00,-166.31,51.63,5,8.0,12.0,6.0,Mw,-116.0
1595,2004-08-24 10:05:00,92.19,32.54,4,8.0,12.0,5.6,Mw,-94.0
1596,2004-08-28 13:41:00,-70.31,-34.98,10,6.0,16.0,6.5,Mw,179.0
1597,2004-08-28 13:41:00,-70.31,-34.98,13,6.0,16.0,5.9,Mw,135.0
1598,2004-09-05 10:07:00,136.64,33.06,18,18.0,16.0,7.2,Mw,104.0
1599,2004-09-05 14:57:00,137.11,33.18,18,18.0,12.0,7.3,Mw,89.0
1600,2004-09-06 23:29:00,137.29,33.23,11,16.0,12.0,6.7,Mw,87.0
1601,2004-09-07 11:53:00,-65.58,-28.57,18,22.0,20.0,6.2,Mw,94.0
1602,2004-09-07 18:36:00,137.16,33.27,12,15.0,21.0,5.6,Mw,84.0
1603,2004-09-08 14:58:00,137.23,33.2,6,30.0,12.0,6.2,Mw,69.0
1604,2004-09-10 02:05:00,136.56,33.1,6,25.0,12.0,5.6,Mw,173.0
1605,2004-09-12 14:24:00,-70.03,-34.16,4,5.0,12.0,5.3,Mw,114.0
1606,2004-09-13 03:00:00,151.42,44.02,5,0.0,12.0,6.0,Mw,-125.0
1607,2004-10-07 21:46:00,54.43,37.15,28,32.0,32.0,5.5,Mw,71.0
1608,2004-10-22 12:00:00,40.24,14.12,6,18.0,12.0,5.5,Mw,-65.0
1609,2004-10-26 02:11:00,81.07,30.98,8,4.0,12.0,5.6,Mw,-165.0
1610,2004-10-27 09:23:00,80.16,45.02,16,14.0,20.0,5.1,Mw,146.0
1611,2004-11-23 02:26:00,20.65,40.3,4,6.0,18.0,5.3,Mw,-80.0
1614,2004-12-09 08:49:00,92.54,24.71,34,41.0,39.0,5.3,Mw,34.0
1615,2004-12-26 13:56:00,94.42,2.76,19,26.0,17.0,6.1,Mw,83.0
1616,2004-12-26 19:19:00,94.05,2.72,10,29.0,12.0,6.4,Mw,105.0
1617,2004-12-27 00:32:00,94.43,5.49,35,31.0,39.0,5.6,Mw,80.0
1618,2004-12-27 09:39:00,94.6,5.33,36,30.0,41.0,5.9,Mw,69.0
1619,2004-12-27 23:58:00,91.89,8.0,11,28.0,12.0,5.3,Mw,-56.0
1620,2004-12-29 01:39:00,93.18,8.34,37,41.0,39.0,5.7,Mw,75.0
1621,2004-12-29 21:12:00,94.66,5.21,36,48.0,41.0,5.4,Mw,-141.0
1622,2004-12-31 02:24:00,92.53,7.1,15,14.0,12.0,6.3,Mw,92.0
1623,2004-12-31 12:04:00,92.9,6.23,17,23.0,12.0,6.2,Mw,122.0
1624,2005-01-01 01:55:00,95.5,2.83,18,24.0,26.0,5.6,Mw,72.0
1625,2005-01-01 04:03:00,94.36,5.45,33,45.0,35.0,5.5,Mw,100.0
1626,2005-01-01 06:25:00,92.26,5.03,16,12.0,12.0,6.6,Mw,-179.0
1628,2005-01-01 22:28:00,92.69,7.08,14,24.0,12.0,5.8,Mw,72.0
1629,2005-01-02 15:35:00,92.74,6.35,17,38.0,13.0,6.5,Mw,119.0
1630,2005-01-04 09:13:00,92.36,10.66,21,23.0,24.0,5.9,Mw,99.0
1631,2005-01-04 19:14:00,91.71,10.54,18,18.0,12.0,5.8,Mw,83.0
1632,2005-01-05 14:54:00,94.37,5.5,32,43.0,33.0,5.8,Mw,77.0
1633,2005-01-06 00:11:00,93.2,5.55,23,28.0,12.0,5.6,Mw,-95.0
1634,2005-01-10 18:47:00,54.47,37.14,29,31.0,32.0,5.2,Mw,68.0
1635,2005-01-14 21:38:00,93.87,3.13,19,33.0,12.0,5.7,Mw,99.0
1636,2005-01-17 10:50:00,140.85,10.98,20,44.0,13.0,6.1,Mw,-39.0
1637,2005-01-17 10:50:00,140.85,10.98,23,44.0,13.0,6.1,Mw,-91.0
1638,2005-01-26 22:00:00,94.49,2.59,10,23.0,12.0,6.3,Mw,72.0
1639,2005-01-29 06:10:00,93.63,3.29,8,29.0,12.0,5.8,Mw,68.0
1640,2005-02-03 04:51:00,93.24,5.62,36,44.0,35.0,5.5,Mw,0.0
1641,2005-02-09 02:45:00,92.57,6.77,18,25.0,12.0,5.1,Mw,32.0
1642,2005-02-10 16:53:00,169.26,-23.09,13,28.0,12.0,6.3,Mw,-80.0
1643,2005-02-14 23:38:00,79.36,41.68,25,31.0,23.0,6.0,Mw,109.0
1644,2005-02-15 11:15:00,92.38,24.53,28,10.0,27.0,5.0,Mw,131.0
1645,2005-02-18 19:33:00,94.41,5.47,33,47.0,36.0,5.5,Mw,94.0
1646,2005-02-19 00:04:00,122.16,-5.64,4,14.0,12.0,6.5,Mw,108.0
1647,2005-02-22 02:25:00,56.74,30.77,7,13.0,12.0,6.4,Mw,104.0
1648,2005-02-22 17:12:00,91.75,10.81,9,7.0,12.0,5.6,Mw,105.0
1649,2005-02-24 07:35:00,95.6,2.86,18,30.0,27.0,5.5,Mw,60.0
1650,2005-02-25 23:04:00,72.67,38.07,110,106.0,134.0,5.6,Mw,-58.0
1651,2005-02-26 12:56:00,95.49,2.81,20,29.0,12.0,6.6,Mw,94.0
1652,2005-03-06 05:21:00,99.62,84.91,9,2.0,12.0,6.2,Mw,-96.0
1653,2005-03-13 03:31:00,61.86,27.08,51,51.0,58.0,5.8,Mw,-85.0
1654,2005-03-14 12:43:00,-66.01,-28.52,21,23.0,27.0,5.1,Mw,136.0
1655,2005-03-25 01:04:00,94.36,5.49,32,48.0,34.0,5.7,Mw,68.0
1656,2005-03-25 13:34:00,94.77,25.46,36,62.0,83.0,5.2,Mw,-176.0
1657,2005-03-29 05:16:00,96.5,2.67,21,31.0,30.0,5.7,Mw,78.0
1658,2005-03-30 01:13:00,97.01,1.71,18,26.0,26.0,5.4,Mw,106.0
1659,2005-03-30 16:19:00,95.34,2.91,18,27.0,24.0,6.2,Mw,58.0
1660,2005-03-31 07:23:00,97.05,1.66,18,26.0,25.0,5.7,Mw,110.0
1661,2005-04-03 00:59:00,98.24,0.31,26,37.0,32.0,6.0,Mw,72.0
1662,2005-04-04 04:33:00,97.81,1.54,35,32.0,36.0,5.5,Mw,104.0
1663,2005-04-06 08:44:00,78.7,41.35,20,21.0,29.0,5.1,Mw,107.0
1664,2005-04-07 11:46:00,97.33,0.52,7,24.0,12.0,5.6,Mw,45.0
1665,2005-04-07 20:04:00,83.66,30.48,5,14.0,12.0,6.2,Mw,-83.0
1666,2005-04-08 11:38:00,169.28,-23.15,4,15.0,14.0,6.0,Mw,-71.0
1667,2005-04-08 19:51:00,83.63,30.44,10,14.0,19.0,5.0,Mw,-84.0
1668,2005-04-11 06:11:00,96.68,2.07,18,28.0,24.0,5.9,Mw,76.0
1669,2005-04-16 16:38:00,96.72,2.07,18,38.0,34.0,6.1,Mw,77.0
1670,2005-04-27 07:36:00,98.25,51.25,11,17.0,12.0,5.3,Mw,-171.0
1671,2005-04-28 14:07:00,98.38,0.52,35,29.0,23.0,6.6,Mw,99.0
1672,2005-05-03 19:11:00,-74.67,-14.88,32,31.0,42.0,5.9,Mw,-2.0
1673,2005-05-04 02:32:00,91.66,9.3,17,20.0,12.0,5.5,Mw,125.0
1674,2005-05-04 04:38:00,143.85,11.72,11,12.0,12.0,5.5,Mw,-52.0
1675,2005-05-14 05:05:00,97.56,1.78,30,36.0,39.0,6.3,Mw,107.0
1676,2005-05-21 23:01:00,94.77,5.29,38,52.0,44.0,5.5,Mw,102.0
1677,2005-05-26 10:08:00,93.21,5.69,27,30.0,14.0,5.7,Mw,174.0
1678,2005-06-01 20:06:00,94.57,28.85,20,28.0,19.0,5.7,Mw,26.0
1679,2005-06-03 00:42:00,97.07,1.38,17,25.0,12.0,5.7,Mw,90.0
1680,2005-06-08 06:28:00,96.65,2.16,18,30.0,24.0,6.0,Mw,70.0
1681,2005-06-10 17:42:00,97.01,1.74,18,26.0,25.0,5.4,Mw,87.0
1682,2005-07-05 01:52:00,97.05,1.76,18,34.0,16.0,6.5,Mw,83.0
1683,2005-07-09 23:59:00,119.96,-1.17,3,21.0,12.0,5.9,Mw,-124.0
1684,2005-07-10 13:10:00,19.82,42.4,2,9.0,12.0,5.2,Mw,-67.0
1685,2005-07-20 18:06:00,109.28,43.04,8,16.0,12.0,5.0,Mw,125.0
1686,2005-07-20 21:54:00,109.0,43.06,8,13.0,12.0,5.2,Mw,86.0
1687,2005-07-24 15:42:00,92.18,7.9,23,17.0,12.0,7.2,Mw,18.0
1689,2005-07-25 03:26:00,91.88,8.12,18,30.0,12.0,5.7,Mw,-22.0
1690,2005-07-29 20:33:00,93.5,2.82,11,32.0,12.0,5.4,Mw,-40.0
1691,2005-07-30 15:13:00,94.47,5.19,31,44.0,31.0,5.7,Mw,109.0
1692,2005-08-26 18:16:00,52.32,14.43,4,19.0,14.0,6.1,Mw,-168.0
1693,2005-09-13 14:32:00,91.85,8.08,18,29.0,12.0,5.6,Mw,-26.0
1694,2005-09-18 07:25:00,94.75,24.62,78,84.0,105.0,5.7,Mw,50.0
1695,2005-09-20 21:23:00,40.44,12.65,6,2.0,12.0,5.4,Mw,9.0
1696,2005-09-24 19:24:00,40.54,12.44,5,13.0,12.0,5.6,Mw,144.0
1697,2005-09-26 16:41:00,69.94,38.54,9,31.0,12.0,5.0,Mw,-103.0
1698,2005-10-03 22:09:00,94.38,5.53,32,40.0,34.0,5.3,Mw,73.0
1699,2005-10-08 03:50:00,73.54,34.43,10,7.0,12.0,7.3,Mw,130.0
1700,2005-10-16 19:03:00,97.87,1.97,40,62.0,44.0,5.6,Mw,85.0
1701,2005-10-31 02:10:00,-78.8,-5.88,5,39.0,25.0,5.4,Mw,169.0
1702,2005-11-10 19:29:00,120.5,57.44,7,12.0,12.0,5.8,Mw,-77.0
1703,2005-11-14 21:38:00,144.93,38.1,13,14.0,18.0,7.0,Mw,-72.0
1704,2005-11-19 14:10:00,96.73,2.08,19,,23.0,6.2,Mw,92.0
1705,2005-11-27 10:22:00,55.83,26.75,9,10.0,12.0,5.8,Mw,95.0
1706,2005-11-27 16:30:00,55.77,26.83,10,10.0,12.0,5.4,Mw,-2.0
1707,2005-12-05 12:19:00,29.73,-6.28,16,15.0,18.0,6.6,Mw,-138.0
1708,2005-12-06 05:53:00,29.6,-6.09,18,17.0,18.0,5.2,Mw,-72.0
1709,2005-12-09 23:30:00,29.67,-6.15,11,19.0,16.0,5.5,Mw,-51.0
1710,2005-12-11 15:54:00,120.76,57.46,7,6.0,18.0,5.6,Mw,-75.0
1711,2005-12-18 04:23:00,95.85,2.79,17,25.0,24.0,5.6,Mw,73.0
1712,2005-12-21 07:09:00,124.75,-0.14,24,86.0,31.0,6.3,Mw,65.0
1713,2006-01-09 21:00:00,29.74,-6.1,27,27.0,27.0,5.3,Mw,-32.0
1714,2006-01-31 19:15:00,96.02,2.61,17,26.0,23.0,5.8,Mw,88.0
1715,2006-02-06 18:50:00,28.56,-9.88,18,,,4.9,Mw,-125.0
1716,2006-02-21 21:00:00,-75.51,-10.28,8,14.0,19.0,5.1,Mw,44.0
1717,2006-02-22 22:19:00,33.61,-21.3,16,16.0,12.0,6.9,Mw,-71.0
1718,2006-02-23 20:04:00,91.71,26.96,20,14.0,12.0,5.5,Mw,-171.0
1719,2006-02-28 07:31:00,56.82,28.13,15,31.0,25.0,5.9,Mw,113.0
1721,2006-03-15 14:19:00,33.63,-21.1,9,12.0,12.0,5.6,Mw,-54.0
1722,2006-03-25 07:29:00,55.64,27.57,8,10.0,14.0,5.7,Mw,88.0
1723,2006-03-25 09:55:00,55.76,27.57,4,16.0,12.0,5.5,Mw,84.0
1724,2006-03-31 01:17:00,48.77,33.52,6,15.0,17.0,6.1,Mw,174.0
1725,2006-04-01 10:34:00,94.88,2.26,24,29.0,18.0,5.3,Mw,33.0
1726,2006-04-06 17:59:00,70.44,23.3,22,24.0,30.0,5.5,Mw,4.0
1727,2006-04-19 20:36:00,92.22,2.64,16,24.0,17.0,6.2,Mw,179.0
1728,2006-04-25 18:26:00,96.86,1.87,19,33.0,12.0,6.1,Mw,102.0
1729,2006-04-29 04:06:00,118.37,-11.26,32,28.0,34.0,5.8,Mw,-119.0
1730,2006-04-30 00:43:00,102.43,44.56,5,6.0,12.0,5.8,Mw,109.0
1731,2006-05-11 17:22:00,94.27,23.36,31,49.0,33.0,5.6,Mw,124.0
1732,2006-05-13 03:11:00,94.42,5.52,34,47.0,43.0,5.5,Mw,85.0
1733,2006-05-16 15:28:00,97.02,0.1,15,30.0,13.0,6.8,Mw,-138.0
1734,2006-06-15 06:49:00,97.37,45.42,8,13.0,21.0,5.7,Mw,155.0
1736,2006-06-24 21:15:00,123.28,-0.39,29,38.0,32.0,6.2,Mw,29.0
1737,2006-06-24 23:43:00,150.04,43.54,8,36.0,17.0,5.1,Mw,-102.0
1738,2006-06-26 01:59:00,-176.14,50.19,28,34.0,12.0,5.3,Mw,-110.0
1739,2006-06-27 18:07:00,92.73,6.48,37,27.0,12.0,6.1,Mw,164.0
1740,2006-06-28 21:02:00,55.83,26.91,11,16.0,12.0,5.6,Mw,124.0
1741,2006-07-06 03:57:00,71.81,39.12,5,25.0,12.0,5.8,Mw,127.0
1742,2006-07-16 11:42:00,-72.5,-28.71,7,10.0,12.0,6.2,Mw,-117.0
1743,2006-07-18 23:27:00,61.14,26.24,40,45.0,30.0,5.1,Mw,-3.0
1744,2006-07-23 08:22:00,123.25,-0.34,30,43.0,26.0,5.8,Mw,23.0
1745,2006-07-27 01:01:00,142.06,10.41,3,27.0,34.0,5.5,Mw,2.0
1746,2006-07-27 11:16:00,97.06,1.63,18,31.0,15.0,5.9,Mw,109.0
1747,2006-07-29 00:11:00,68.56,37.36,12,37.0,12.0,5.6,Mw,117.0
1748,2006-07-29 10:57:00,68.54,37.38,4,15.0,12.0,5.4,Mw,100.0
1749,2006-07-30 01:28:00,97.07,1.39,17,35.0,33.0,5.5,Mw,101.0
1750,2006-08-02 14:45:00,116.84,-11.19,24,17.0,24.0,6.0,Mw,-87.0
1751,2006-08-04 07:45:00,171.09,52.09,10,10.0,12.0,5.4,Mw,-54.0
1752,2006-08-05 14:03:00,-68.86,-33.2,23,23.0,32.0,5.6,Mw,44.0
1754,2006-08-06 14:26:00,74.68,37.38,9,10.0,24.0,5.4,Mw,-159.0
1756,2006-08-09 22:36:00,-70.75,-14.45,8,35.0,21.0,5.2,Mw,-93.0
1757,2006-09-03 16:20:00,97.11,0.16,36,50.0,30.0,5.4,Mw,-125.0
1758,2006-09-24 22:56:00,41.77,-17.78,11,18.0,12.0,5.6,Mw,-83.0
1759,2006-09-28 06:22:00,-171.98,-16.59,13,40.0,15.0,7.0,Mw,-101.0
1760,2006-11-15 11:40:00,154.73,46.49,7,7.0,23.0,5.6,Mw,-77.0
1761,2006-11-16 06:20:00,154.51,46.33,6,18.0,12.0,6.0,Mw,-93.0
1762,2006-11-17 06:33:00,155.53,47.0,5,16.0,12.0,5.5,Mw,-90.0
1763,2006-11-18 10:05:00,-87.82,11.09,4,30.0,12.0,5.6,Mw,-101.0
1764,2006-11-18 13:55:00,94.75,4.72,32,51.0,36.0,5.8,Mw,98.0
1765,2006-11-18 13:57:00,94.74,4.74,32,51.0,23.0,5.7,Mw,37.0
1767,2006-11-20 20:16:00,33.11,-21.13,7,12.0,12.0,5.1,Mw,-91.0
1768,2006-11-23 11:04:00,83.5,44.2,20,22.0,30.0,5.3,Mw,52.0
1769,2006-11-28 08:01:00,155.55,46.69,8,16.0,12.0,5.3,Mw,-90.0
1770,2006-12-07 19:10:00,154.41,46.14,11,16.0,15.0,6.5,Mw,-80.0
1771,2006-12-22 19:50:00,92.34,10.65,21,31.0,22.0,6.0,Mw,91.0
1772,2006-12-30 08:30:00,51.32,13.31,9,8.0,16.0,6.5,Mw,30.0
1773,2007-01-08 12:48:00,92.41,8.1,16,17.0,12.0,6.2,Mw,81.0
1774,2007-01-13 17:37:00,156.29,46.88,16,15.0,28.0,6.1,Mw,-46.0
1775,2007-01-13 23:40:00,156.65,46.7,11,13.0,19.0,5.2,Mw,-94.0
1776,2007-02-12 10:35:00,-10.61,35.84,40,30.0,44.0,6.0,Mw,50.0
1777,2007-02-19 02:33:00,30.73,1.75,22,29.0,28.0,5.5,Mw,-157.0
1778,2007-03-01 23:11:00,-44.63,26.55,7,10.0,12.0,5.9,Mw,-71.0
1779,2007-03-24 19:13:00,-70.16,-19.8,24,27.0,32.0,5.5,Mw,91.0
1780,2007-03-28 21:17:00,29.66,-6.24,9,14.0,14.0,5.7,Mw,-111.0
1781,2007-04-27 08:02:00,94.61,5.34,37,33.0,49.0,5.7,Mw,89.0
1782,2007-05-05 08:51:00,82.01,34.25,7,14.0,23.0,6.0,Mw,-125.0
1783,2007-05-08 05:31:00,-173.64,-21.1,8,32.0,12.0,5.0,Mw,-107.0
1784,2007-06-15 18:49:00,30.79,1.75,22,21.0,24.0,5.8,Mw,-142.0
1786,2007-06-26 22:23:00,108.1,-10.52,17,18.0,17.0,6.1,Mw,-61.0
1787,2007-06-29 18:09:00,20.1,39.24,4,17.0,12.0,5.4,Mw,134.0
1788,2007-06-29 18:11:00,20.1,39.24,8,17.0,12.0,5.4,Mw,113.0
1789,2007-07-04 01:23:00,110.36,55.46,5,13.0,12.0,5.3,Mw,-119.0
1791,2007-07-15 20:42:00,36.16,-2.85,5,16.0,12.0,5.4,Mw,-83.0
1792,2007-07-17 14:10:00,36.38,-2.82,9,15.0,12.0,5.9,Mw,-92.0
1793,2007-07-20 10:06:00,82.35,42.91,14,20.0,25.0,5.3,Mw,149.0
1794,2007-07-21 22:44:00,70.45,38.88,5,16.0,12.0,5.3,Mw,50.0
1795,2007-07-25 23:37:00,92.52,7.17,19,27.0,12.0,6.4,Mw,71.0
1796,2007-08-02 13:37:00,47.4,12.48,7,2.0,16.0,5.7,Mw,-159.0
1797,2007-08-15 20:22:00,-177.53,50.28,5,18.0,12.0,6.5,Mw,-90.0
1798,2007-08-18 07:44:00,36.17,-2.84,8,17.0,12.0,5.4,Mw,-70.0
1799,2007-08-20 02:56:00,36.25,-2.74,5,7.0,12.0,5.5,Mw,-99.0
1800,2007-08-27 17:12:00,-172.23,-17.3,7,35.0,12.0,5.7,Mw,-122.0
1801,2007-10-04 12:40:00,92.9,2.54,14,36.0,12.0,6.2,Mw,-176.0
1802,2007-10-25 13:50:00,154.24,46.01,25,14.0,35.0,6.2,Mw,21.0
1803,2007-11-07 07:10:00,92.37,22.13,24,31.0,25.0,5.5,Mw,-75.0
1804,2007-12-08 19:55:00,37.69,-7.47,5,10.0,12.0,5.6,Mw,-73.0
1805,2007-12-13 15:51:00,-172.32,-15.23,12,33.0,21.0,6.1,Mw,-76.0
1806,2007-12-26 04:45:00,73.06,40.34,16,3.0,24.0,5.1,Mw,72.0
1807,2008-01-01 06:32:00,72.9,40.34,13,5.0,19.0,5.5,Mw,75.0
1808,2008-01-09 08:26:00,85.3,32.34,6,27.0,13.0,6.4,Mw,-74.0
1809,2008-01-14 13:38:00,92.89,10.43,36,55.0,43.0,5.6,Mw,77.0
1810,2008-01-16 11:54:00,85.16,32.23,4,13.0,12.0,5.7,Mw,-89.0
1811,2008-01-17 07:09:00,85.26,32.42,8,19.0,18.0,4.9,Mw,-115.0
1812,2008-02-03 07:34:00,28.86,-2.31,9,4.0,12.0,6.0,Mw,-107.0
1813,2008-02-05 05:56:00,118.05,-3.52,15,42.0,19.0,5.7,Mw,49.0
1814,2008-02-14 10:09:00,21.66,36.34,28,31.0,20.0,6.9,Mw,95.0
1815,2008-02-14 12:08:00,22.04,36.35,30,35.0,15.0,6.3,Mw,93.0
1816,2008-03-15 14:43:00,94.56,2.71,28,23.0,12.0,6.2,Mw,105.0
1817,2008-03-20 22:33:00,81.37,35.54,7,10.0,12.0,7.1,Mw,-75.0
1818,2008-04-17 08:29:00,91.76,8.28,22,30.0,12.0,5.1,Mw,-90.0
1819,2008-04-23 00:00:00,-45.47,-25.65,17,10.0,,4.7,Mw,76.0
1820,2008-05-12 20:08:00,104.08,31.37,17,16.0,28.0,5.5,Mw,109.0
1822,2008-06-06 02:02:00,-0.66,35.88,4,10.0,12.0,5.6,Mw,89.0
1823,2008-06-22 23:56:00,141.43,67.71,17,22.0,21.0,5.9,Mw,121.0
1824,2008-06-22 23:56:00,141.43,67.71,18,22.0,21.0,5.8,Mw,131.0
1825,2008-06-26 00:06:00,-75.64,-8.91,5,41.0,12.0,5.2,Mw,106.0
1826,2008-06-26 21:19:00,-173.3,-20.8,47,37.0,57.0,6.1,Mw,123.0
1827,2008-06-28 12:54:00,91.69,10.84,22,27.0,12.0,6.2,Mw,-59.0
1828,2008-07-01 00:17:00,-75.56,-10.39,6,28.0,12.0,5.4,Mw,66.0
1829,2008-08-10 12:21:00,91.69,10.96,24,,12.0,5.7,Mw,-54.0
1830,2008-08-16 04:01:00,98.31,52.16,11,3.0,28.0,5.6,Mw,167.0
1831,2008-08-25 13:22:00,83.51,30.89,8,25.0,17.0,6.6,Mw,-68.0
1832,2008-08-27 01:35:00,104.02,51.76,10,10.0,23.0,6.3,Mw,-47.0
1833,2008-08-27 06:46:00,41.47,-10.75,19,14.0,29.0,5.8,Mw,-140.0
1834,2008-08-27 21:52:00,47.35,32.31,10,17.0,12.0,5.6,Mw,-168.0
1835,2008-08-29 09:43:00,83.52,30.58,5,10.0,17.0,4.9,Mw,-90.0
1836,2008-09-17 17:43:00,56.2,27.0,6,14.0,12.0,5.1,Mw,88.0
1838,2008-10-02 23:28:00,169.93,-23.03,16,16.0,12.0,5.9,Mw,-63.0
1839,2008-10-05 15:52:00,73.64,39.36,5,29.0,12.0,6.4,Mw,124.0
1840,2008-10-06 08:30:00,90.34,29.8,7,6.0,12.0,6.2,Mw,-113.0
1841,2008-10-06 12:10:00,90.53,29.56,9,15.0,13.0,5.2,Mw,-121.0
1842,2008-10-08 14:07:00,90.57,29.76,7,2.0,14.0,5.5,Mw,-25.0
1844,2008-10-19 05:10:00,-173.83,-21.85,32,30.0,43.0,7.0,Mw,79.0
1845,2008-10-19 12:55:00,-173.67,-21.96,23,28.0,27.0,5.7,Mw,-83.0
1846,2008-10-25 19:24:00,167.3,-17.23,16,20.0,21.0,5.7,Mw,-33.0
1847,2008-10-28 23:09:00,67.3,30.6,11,18.0,17.0,6.3,Mw,145.0
1848,2008-10-29 11:32:00,67.52,30.52,14,2.0,12.0,6.3,Mw,172.0
1849,2008-11-10 01:22:00,95.75,37.51,18,0.0,27.0,6.2,Mw,60.0
1850,2008-11-16 12:20:00,91.69,10.84,21,17.0,12.0,5.6,Mw,-60.0
1852,2008-12-07 06:23:00,-44.89,13.37,2,10.0,12.0,5.7,Mw,-104.0
1853,2008-12-07 13:36:00,55.8,26.99,4,13.0,12.0,5.4,Mw,99.0
1854,2008-12-08 01:51:00,-44.82,13.45,1,10.0,12.0,5.6,Mw,-93.0
1855,2008-12-08 08:59:00,82.01,29.65,9,15.0,19.0,5.3,Mw,-17.0
1856,2008-12-08 14:41:00,55.85,26.92,6,32.0,12.0,5.1,Mw,91.0
1857,2008-12-09 22:52:00,67.41,30.43,22,10.0,15.0,5.5,Mw,-5.0
1859,2008-12-24 09:11:00,-171.89,-17.29,6,6.0,12.0,6.0,Mw,-92.0
1860,2009-01-15 17:49:00,155.19,46.82,36,31.0,45.0,7.4,Mw,85.0
1862,2009-01-26 21:30:00,120.67,57.48,8,15.0,12.0,5.4,Mw,-96.0
1863,2009-01-28 12:39:00,-172.07,-16.97,31,15.0,34.0,5.6,Mw,60.0
1864,2009-02-22 10:33:00,158.08,48.92,10,20.0,17.0,5.1,Mw,-102.0
1865,2009-03-02 00:03:00,119.88,-1.09,7,12.0,12.0,5.6,Mw,-87.0
1866,2009-03-11 13:06:00,-69.19,-31.92,26,24.0,36.0,5.3,Mw,109.0
1867,2009-04-06 01:32:00,13.32,42.37,5,11.0,12.0,6.2,Mw,-99.0
1869,2009-04-12 05:05:00,122.16,1.97,22,41.0,30.0,5.2,Mw,72.0
1870,2009-04-19 04:08:00,78.21,41.28,13,25.0,25.0,5.2,Mw,177.0
1871,2009-05-19 17:35:00,37.74,25.29,3,13.0,12.0,5.7,Mw,-93.0
1873,2009-06-15 22:14:00,-55.88,-18.57,6,10.0,,4.3,Mw,45.0
1874,2009-07-06 14:53:00,176.99,50.44,29,35.0,35.0,6.1,Mw,-164.0
1875,2009-08-27 20:10:00,153.75,45.5,10,18.0,12.0,5.4,Mw,-105.0
1876,2009-08-28 01:52:00,95.73,37.66,5,9.0,12.0,6.2,Mw,89.0
1877,2009-08-30 14:51:00,-172.57,-15.22,14,18.0,18.0,6.7,Mw,-91.0
1878,2009-08-31 10:15:00,95.86,37.59,4,15.0,12.0,5.7,Mw,89.0
1879,2009-09-03 19:51:00,94.7,24.36,81,101.0,115.0,5.9,Mw,57.0
1880,2009-09-06 21:49:00,20.38,41.48,3,15.0,12.0,5.4,Mw,-96.0
1882,2009-09-08 18:51:00,120.86,1.13,25,27.0,40.0,5.6,Mw,89.0
1883,2009-09-21 08:53:00,91.44,27.33,14,11.0,12.0,6.1,Mw,146.0
1884,2009-09-21 19:38:00,94.86,20.38,67,84.0,74.0,5.7,Mw,-65.0
1885,2009-09-26 13:26:00,30.45,-7.53,23,22.0,22.0,5.2,Mw,-105.0
1886,2009-10-09 18:11:00,-77.87,-1.05,9,17.0,17.0,5.2,Mw,105.0
1887,2009-10-15 18:33:00,123.21,-3.56,4,6.0,12.0,5.9,Mw,-98.0
1888,2009-10-17 00:06:00,-63.4,-18.63,7,15.0,12.0,4.9,Mw,66.0
1889,2009-10-19 22:49:00,-172.26,-15.36,23,23.0,32.0,6.0,Mw,-123.0
1890,2009-10-25 17:48:00,63.9,29.54,120,125.0,135.0,5.6,Mw,-89.0
1891,2009-11-02 10:47:00,-175.17,-24.12,7,15.0,12.0,6.2,Mw,-97.0
1892,2009-11-05 07:12:00,45.91,12.11,4,13.0,12.0,5.6,Mw,-95.0
1893,2009-11-06 08:49:00,-64.46,-23.44,20,23.0,23.0,5.4,Mw,131.0
1894,2009-11-07 20:08:00,86.01,29.49,11,18.0,18.0,5.4,Mw,-73.0
1896,2009-11-10 02:48:00,91.9,8.08,29,22.0,19.0,6.1,Mw,162.0
1897,2009-11-14 04:50:00,29.82,-6.78,13,15.0,31.0,5.4,Mw,-109.0
1898,2009-11-22 22:07:00,-74.83,-39.95,8,15.0,12.0,5.8,Mw,-69.0
1899,2009-12-06 17:36:00,33.85,-10.13,6,5.0,12.0,5.7,Mw,-91.0
1900,2009-12-08 03:08:00,33.88,-9.95,6,9.0,12.0,5.8,Mw,-70.0
1901,2009-12-12 02:27:00,33.91,-9.94,4,15.0,12.0,5.5,Mw,-95.0
1902,2009-12-19 23:19:00,33.82,-10.11,5,15.0,12.0,5.9,Mw,-77.0
1903,2010-01-12 10:58:00,133.73,-5.36,34,15.0,12.0,5.3,Mw,-148.0
1904,2010-01-19 17:28:00,-65.76,-27.56,33,22.0,32.0,5.2,Mw,178.0
1905,2010-01-23 09:40:00,-63.8,-17.54,12,15.0,,4.9,Mw,
1906,2010-02-22 05:08:00,-173.78,-21.51,41,44.0,46.0,5.7,Mw,92.0
1907,2010-03-01 08:58:00,-74.49,-37.84,6,12.0,18.0,5.0,Mw,-79.0
1908,2010-03-12 23:19:00,94.58,23.06,88,105.0,114.0,5.5,Mw,71.0
1909,2010-03-24 02:06:00,92.74,32.51,6,4.0,17.0,5.6,Mw,-156.0
1910,2010-04-05 10:05:00,125.1,-0.1,12,29.0,28.0,5.8,Mw,152.0
1911,2010-04-13 23:49:00,96.53,33.16,6,11.0,15.0,6.8,Mw,-9.0
1912,2010-04-13 23:50:00,96.82,33.16,6,11.0,15.0,6.8,Mw,-166.0
1914,2010-06-12 19:26:00,91.34,7.88,18,33.0,33.0,7.3,Mw,176.0
1915,2010-06-12 19:26:00,91.34,7.88,41,33.0,33.0,7.2,Mw,98.0
1916,2010-06-24 04:08:00,91.96,7.7,19,27.0,14.0,5.5,Mw,165.0
1917,2010-06-28 00:59:00,-75.04,-37.91,12,20.0,20.0,5.7,Mw,-72.0
1918,2010-07-02 18:23:00,92.25,10.23,21,21.0,12.0,5.2,Mw,100.0
1919,2010-09-03 16:35:00,172.12,-43.53,7,15.0,12.0,6.9,Mw,172.0
1920,2010-09-27 11:22:00,51.67,29.64,16,26.0,17.0,5.6,Mw,71.0
1921,2010-10-08 20:16:00,-49.16,-13.77,1,10.0,,5.0,mb,74.0
1922,2010-10-12 10:21:00,133.66,-4.89,13,14.0,12.0,6.1,Mw,-172.0
1923,2010-10-21 02:49:00,-73.73,-34.74,6,15.0,12.0,5.9,Mw,-126.0
1924,2010-11-26 12:33:00,52.56,28.06,4,15.0,12.0,5.4,Mw,86.0
1925,2010-12-20 18:42:00,59.19,28.33,5,15.0,14.0,6.5,Mw,173.0
1926,2010-12-25 13:16:00,168.04,-19.67,17,16.0,16.0,7.0,Mw,-92.0
1927,2010-12-26 02:13:00,168.12,-19.58,14,15.0,12.0,5.9,Mw,-37.0
1928,2010-12-26 19:38:00,168.1,-19.61,16,14.0,14.0,5.5,Mw,-56.0
1929,2010-12-29 06:54:00,168.14,-19.66,18,15.0,12.0,6.5,Mw,-71.0
1930,2011-01-05 00:57:00,142.18,31.55,10,21.0,12.0,5.7,Mw,-93.0
1931,2011-01-13 16:16:00,168.47,-20.63,14,23.0,17.0,6.8,Mw,-84.0
1932,2011-01-13 16:16:00,168.47,-20.63,29,23.0,17.0,6.8,Mw,-96.0
1933,2011-01-18 20:23:00,63.98,28.7,69,84.0,52.0,7.1,Mw,-112.0
1934,2011-01-27 08:39:00,59.04,28.17,9,15.0,14.0,6.2,Mw,176.0
1935,2011-02-04 13:53:00,94.74,24.61,76,84.0,103.0,6.3,Mw,130.0
1936,2011-02-06 11:21:00,104.05,-8.47,9,15.0,12.0,5.8,Mw,-118.0
1937,2011-02-15 13:33:00,121.47,-2.49,10,21.0,13.0,6.0,Mw,-1.0
1938,2011-02-21 06:58:00,-64.68,-27.14,16,14.0,24.0,5.6,Mw,108.0
1939,2011-02-21 23:51:00,172.81,-43.54,8,10.0,12.0,6.0,Mw,154.0
1941,2011-03-22 07:18:00,144.0,37.24,7,6.0,12.0,6.4,Mw,-70.0
1942,2011-04-11 17:53:00,144.45,37.64,10,15.0,14.0,5.4,Mw,-79.0
1943,2011-04-24 23:07:00,122.86,-4.48,6,15.0,15.0,6.1,Mw,3.0
1944,2011-05-05 14:58:00,144.04,38.17,16,13.0,13.0,6.1,Mw,-50.0
1945,2011-05-10 08:55:00,168.23,-20.24,14,18.0,18.0,6.7,Mw,-78.0
1946,2011-05-11 08:19:00,168.35,-20.3,6,17.0,12.0,5.8,Mw,-54.0
1947,2011-05-19 20:15:00,29.1,39.13,8,12.0,12.0,5.8,Mw,-93.0
1948,2011-05-26 02:10:00,-172.22,-17.68,4,15.0,12.0,5.5,Mw,-84.0
1949,2011-05-29 18:24:00,101.73,-7.68,28,17.0,28.0,5.9,Mw,-173.0
1950,2011-06-03 00:05:00,143.91,37.28,17,20.0,20.0,6.2,Mw,-132.0
1952,2011-07-01 13:18:00,146.56,13.12,42,14.0,49.0,5.7,Mw,57.0
1953,2011-07-15 00:55:00,-175.3,-24.19,5,12.0,12.0,5.3,Mw,-98.0
1954,2011-08-17 11:44:00,143.77,36.77,5,15.0,12.0,6.2,Mw,-76.0
1955,2011-08-22 06:04:00,167.27,-17.43,10,13.0,13.0,5.8,Mw,-114.0
1956,2011-09-15 15:27:00,82.53,36.38,3,16.0,12.0,5.4,Mw,-53.0
1957,2011-09-18 12:40:00,88.06,27.72,53,35.0,46.0,6.9,Mw,168.0
1958,2011-10-06 11:12:00,-64.22,-24.18,15,17.0,18.0,5.9,Mw,90.0
1959,2011-10-08 08:53:00,-173.22,-20.6,8,15.0,12.0,6.0,Mw,-98.0
1960,2011-10-13 15:06:00,-75.66,-6.63,7,15.0,12.0,5.2,Mw,104.0
1961,2011-10-20 03:39:00,-176.3,-29.97,17,16.0,16.0,5.1,Mw,-100.0
1962,2011-10-23 10:41:00,43.49,38.69,18,15.0,12.0,7.1,Mw,71.0
1963,2011-10-23 20:45:00,43.16,38.55,9,10.0,12.0,5.8,Mw,77.0
1964,2011-10-25 14:55:00,43.62,38.81,11,14.0,14.0,5.6,Mw,81.0
1965,2011-10-28 11:07:00,-176.1,-28.68,9,18.0,12.0,5.3,Mw,-120.0
1967,2011-11-09 19:23:00,43.22,38.42,7,13.0,13.0,5.6,Mw,-175.0
1968,2011-11-17 01:57:00,-81.55,-1.7,23,15.0,15.0,6.0,Mw,1.0
1969,2011-11-21 03:15:00,95.16,24.93,94,114.0,129.0,5.9,Mw,69.0
1970,2012-01-10 18:36:00,93.21,2.43,12,20.0,23.0,7.2,Mw,-172.0
1971,2012-02-02 13:34:00,167.13,-17.83,12,20.0,20.0,6.9,Mw,-51.0
1972,2012-02-03 03:46:00,167.28,-17.38,13,18.0,12.0,6.2,Mw,-85.0
1973,2012-02-05 16:40:00,167.23,-17.95,11,15.0,12.0,6.1,Mw,-81.0
1974,2012-03-08 22:50:00,81.31,39.38,51,48.0,44.0,5.7,Mw,116.0
1975,2012-03-12 06:06:00,73.17,36.8,9,30.0,22.0,5.6,Mw,-68.0
1976,2012-03-14 09:08:00,144.94,40.89,8,19.0,13.0,6.9,Mw,-104.0
1977,2012-04-15 05:57:00,90.27,2.58,38,29.0,33.0,6.2,Mw,-6.0
1978,2012-04-16 02:17:00,121.89,-2.63,9,15.0,15.0,5.7,Mw,150.0
1979,2012-04-20 22:29:00,93.59,3.28,18,21.0,12.0,5.9,Mw,135.0
1981,2012-04-26 19:21:00,94.53,2.69,16,25.0,12.0,5.8,Mw,85.0
1982,2012-04-29 08:09:00,94.56,2.71,13,25.0,12.0,6.1,Mw,77.0
1985,2012-05-11 12:41:00,92.87,26.21,41,46.0,46.0,5.4,Mw,176.0
1993,2012-07-01 04:13:00,94.73,25.6,53,53.0,49.0,5.6,Mw,174.0
1994,2012-07-29 02:21:00,94.32,22.83,64,75.0,71.0,5.8,Mw,-173.0
1995,2012-08-11 12:23:00,46.83,38.33,7,15.0,15.0,6.3,Mw,175.0
1996,2012-08-18 09:41:00,120.13,-1.35,5,13.0,13.0,6.3,Mw,-167.0
1997,2012-08-31 12:47:00,126.63,10.82,35,45.0,45.0,7.6,Mw,78.0
1998,2012-08-31 23:37:00,126.72,10.4,5,45.0,13.0,5.6,Mw,-89.0
1999,2012-09-02 14:42:00,126.65,11.31,5,13.0,12.0,5.4,Mw,-90.0
2000,2012-09-04 09:58:00,126.83,10.48,7,11.0,12.0,5.4,Mw,-116.0
2001,2012-09-04 15:11:00,126.71,10.61,2,15.0,12.0,5.5,Mw,-90.0
2002,2012-10-02 18:37:00,92.95,26.78,36,35.0,35.0,5.2,mb,44.0
2004,2012-10-25 20:49:00,-76.17,-5.94,24,23.0,29.0,5.2,Mw,102.0
2005,2012-11-06 01:36:00,122.25,1.3,16,23.0,23.0,5.6,Mw,73.0
2006,2012-12-07 08:18:00,144.09,37.89,16,25.0,57.0,7.1,Mw,-61.0
2007,2012-12-07 08:18:00,144.09,37.89,50,25.0,19.0,7.2,Mw,106.0
2008,2012-12-17 09:16:00,123.88,-0.69,25,37.0,37.0,6.1,Mw,-9.0
2009,2012-12-22 16:41:00,94.78,22.44,108,142.0,142.0,5.5,mb,72.0
2012,2013-01-05 08:58:00,-134.62,55.24,11,11.0,13.0,7.5,Mw,-180.0
2014,2013-01-31 09:53:00,-134.88,55.53,4,10.0,12.0,5.9,Mw,-109.0
2015,2013-02-08 02:32:00,75.92,33.24,13,,,4.8,Mw,146.0
2016,2013-02-08 21:37:00,75.85,33.25,16,,,5.0,Mw,110.0
2017,2013-03-24 04:18:00,160.16,50.72,10,21.0,12.0,6.1,Mw,-73.0
2020,2013-04-09 11:52:00,51.59,28.5,9,15.0,12.0,6.1,Mw,124.0
2021,2013-04-16 10:44:00,62.05,28.11,60,50.0,50.0,7.7,Mw,-109.0
2022,2013-05-01 06:57:00,75.82,33.06,16,20.0,20.0,5.6,Mw,121.0
2023,2013-05-11 02:08:00,57.77,26.56,6,13.0,12.0,6.1,Mw,5.0
2024,2013-05-12 00:07:00,57.52,26.4,8,15.0,15.0,5.4,Mw,10.0
2026,2013-06-09 14:22:00,131.96,-25.98,1,10.0,12.0,5.5,Mw,140.0
2030,2013-07-17 02:37:00,-71.74,-15.66,6,15.0,12.0,6.0,Mw,-94.0
2034,2013-09-09 21:41:00,122.27,1.35,27,21.0,21.0,5.4,Mw,62.0
2036,2013-09-21 13:16:00,-109.13,42.97,75,82.0,82.0,4.7,Mw,35.0
2037,2013-09-24 11:30:00,65.5,26.5,15,18.0,12.0,7.7,Mw,8.0
2038,2013-09-28 07:34:00,65.5,27.1,15,15.0,15.0,6.7,Mw,26.0
2039,2013-10-12 13:11:00,23.37,35.52,45,50.0,15.0,6.5,Mw,106.0
2040,2013-10-13 17:32:00,96.02,4.14,42,49.0,46.0,5.4,Mw,88.0
2041,2013-10-25 17:10:00,144.66,37.19,9,16.0,24.0,7.1,Mw,-114.0
2042,2013-10-27 18:13:00,144.64,37.14,26,28.0,32.0,5.7,Mw,-98.0
2043,2013-11-02 18:53:00,-172.64,-19.16,6,16.0,12.0,6.3,Mw,-105.0
2044,2013-11-03 10:08:00,-172.47,-19.25,7,15.0,12.0,5.6,Mw,-98.0
2045,2013-11-06 04:16:00,93.55,26.5,33,35.0,35.0,5.3,mb,161.0
2046,2013-11-15 06:19:00,-67.51,-32.66,25,15.0,34.0,5.2,Mw,103.0
2047,2013-11-16 10:26:00,90.05,4.28,25,14.0,23.0,5.8,Mw,-8.0
2048,2013-11-22 06:51:00,45.45,34.49,16,18.0,18.0,5.5,Mw,70.0
2049,2013-11-22 17:20:00,92.81,5.39,26,25.0,12.0,5.4,Mw,-159.0
2050,2013-11-22 18:30:00,45.52,34.37,14,13.0,13.0,5.6,Mw,102.0
2051,2013-11-24 18:05:00,45.48,34.27,14,13.0,18.0,5.5,Mw,124.0
2052,2013-12-01 06:29:00,96.89,2.06,17,18.0,21.0,6.1,Mw,98.0
2055,2014-02-17 09:41:00,-71.58,6.64,28,41.0,50.0,5.3,Mw,43.0
2057,2014-02-18 03:34:00,122.94,1.67,5,46.0,17.0,5.2,Mw,-152.0
2058,2014-03-14 13:38:00,94.32,7.8,10,29.0,17.0,5.5,Mw,-160.0
2059,2014-03-21 13:41:00,94.33,7.77,11,19.0,15.0,6.4,Mw,178.0
2060,2014-03-25 09:56:00,-79.32,-2.31,5,10.0,12.0,5.2,Mw,81.0
2061,2014-05-01 14:35:00,97.93,1.94,40,50.0,43.0,5.7,Mw,119.0
2062,2014-05-18 01:02:00,92.75,4.26,44,32.0,45.0,6.0,Mw,80.0
2063,2014-05-18 10:59:00,93.77,3.11,6,18.0,12.0,5.7,Mw,109.0
2065,2014-05-21 16:21:00,88.04,18.2,53,45.0,57.0,6.0,Mw,-180.0
2066,2014-06-01 10:07:00,89.74,2.01,26,23.0,20.0,5.9,Mw,177.0
2070,2014-08-12 19:58:00,-78.45,-0.14,17,13.0,12.0,5.1,Mw,109.0
2071,2014-08-18 05:25:00,47.69,32.72,10,12.0,18.0,5.5,Mw,121.0
2072,2014-08-18 18:08:00,47.7,32.58,4,12.0,12.0,5.8,Mw,130.0
2074,2014-09-10 02:46:00,125.03,-0.22,28,40.0,29.0,6.0,Mw,107.0
2076,2014-10-15 13:35:00,47.81,32.53,4,8.0,12.0,5.8,Mw,87.0
2077,2014-10-20 19:33:00,-77.93,0.75,6,3.0,12.0,5.6,Mw,172.0
2080,2014-11-28 12:42:00,121.47,2.26,24,35.0,44.0,5.0,Mw,16.0
2083,2015-02-08 15:09:00,119.45,-2.49,5,30.0,18.0,5.4,Mw,-166.0
2084,2015-02-13 18:59:00,-31.96,52.62,10,17.0,25.0,7.1,Mw,175.0
2085,2015-03-15 23:17:00,122.4,-0.62,29,32.0,25.0,6.1,Mw,-12.0
2086,2015-04-15 07:39:00,106.4,39.79,19,8.0,25.0,5.5,Mw,-179.0
2087,2015-04-16 18:07:00,26.85,35.17,23,22.0,24.0,6.1,Mw,56.0
2088,2015-04-25 06:11:00,84.76,28.23,10,13.0,12.0,7.8,Mw,98.0
2089,2015-04-25 17:42:00,85.91,28.35,10,9.0,20.0,5.1,Mw,-129.0
2090,2015-04-25 23:16:00,85.0,27.9,13,13.0,15.0,5.1,Mw,-143.0
2091,2015-04-26 07:09:00,86.06,27.74,14,13.0,20.0,6.9,Mw,134.0
2092,2015-04-26 16:26:00,85.88,27.81,11,16.0,19.0,5.0,Mw,56.0
2093,2015-05-12 07:05:00,86.19,27.83,14,12.0,12.0,7.3,Mw,121.0
2094,2015-05-12 07:17:00,86.32,27.86,13,12.0,,5.5,Mw,62.0
2095,2015-05-16 11:34:00,86.26,27.63,7,20.0,12.0,5.5,Mw,102.0
2096,2015-07-03 01:07:00,78.15,37.46,16,19.0,16.0,6.2,Mw,73.0
2097,2015-07-09 18:08:00,-75.77,-9.07,24,50.0,30.0,5.2,Mw,111.0
2098,2015-08-01 11:30:00,-68.36,-30.05,15,9.0,22.0,5.2,Mw,102.0
2101,2015-10-17 11:33:00,-64.48,-25.47,20,24.0,22.0,5.8,Mw,48.0
2102,2015-11-13 06:04:00,-64.5,-29.81,26,25.0,34.0,5.6,Mw,71.0
2103,2015-11-17 07:10:00,20.58,38.74,9,11.0,15.0,6.6,Mw,-170.0
2104,2015-11-29 18:52:00,-64.65,-23.56,13,21.0,21.0,5.8,Mw,129.0
2105,2016-01-20 17:13:00,101.63,37.66,12,9.0,14.0,6.1,Mw,90.0
2111,2016-05-20 18:14:00,129.88,-25.65,2,15.0,12.0,6.0,Mw,53.0
2112,2016-05-22 12:20:00,-64.31,-22.36,8,10.0,12.0,5.3,Mw,160.0
2115,2016-08-24 01:36:00,13.19,42.69,4,11.0,12.0,6.2,Mw,-71.0
2117,2016-09-22 20:06:00,33.58,-21.5,7,13.0,12.0,5.3,Mw,-71.0
2119,2016-10-20 00:09:00,-44.85,13.31,1,8.0,12.0,5.7,Mw,-105.0
2121,2016-10-26 19:18:00,13.07,42.9,4,7.0,12.0,6.2,Mw,-92.0
2122,2016-10-30 06:40:00,13.1,42.86,4,9.0,12.0,6.5,Mw,-100.0
2123,2016-10-31 00:20:00,-74.63,3.37,40,40.0,42.0,5.6,Mw,131.0
2125,2016-12-01 22:40:00,-71.0,-15.28,10,2.0,12.0,6.2,Mw,-79.0
2127,2016-12-12 02:56:00,-67.95,-30.89,15,2.0,21.0,5.1,Mw,90.0
2130,2017-02-06 13:02:00,-74.67,3.45,44,,49.0,5.4,Mw,118.0
2131,2017-02-07 22:03:00,63.27,25.22,29,,14.0,6.3,Mw,105.0
2132,2017-02-20 07:45:00,-74.97,-5.21,26,,24.0,5.1,Mw,94.0
2137,2017-04-18 17:49:00,-75.31,-2.73,15,,21.0,5.9,Mw,96.0
2140,2017-05-29 14:35:00,120.46,-1.24,13,,12.0,6.5,Mw,-89.0
2145,2017-08-13 16:51:00,-74.6,-10.7,33,,39.0,5.7,Mw,16.0
2147,2017-11-12 18:18:00,45.94,34.89,17,,17.0,7.2,Mw,143.0
2157,2018-01-11 06:59:00,45.67,33.8,12,,12.0,5.4,Mw,99.0
2162,2018-07-19 05:39:00,-74.61,3.42,49,,41.0,4.9,Mw,149.0
2163,2018-08-28 13:03:00,87.7,22.6,7,,,4.5,Mw,-140.0
2164,2018-09-28 06:59:00,119.89,-0.25,8,,12.0,6.0,Mw,-2.0
2166,2018-11-14 23:01:00,119.49,-2.83,1,,12.0,5.8,Mw,-77.0
2167,2018-12-16 14:26:00,112.5,-23.32,21,,21.0,5.8,Mw,101.0
2169,2019-02-14 14:33:00,-74.33,-12.18,22,,31.0,5.6,Mw,94.0
2170,2019-02-17 13:22:00,-64.45,-23.66,10,,22.0,5.1,Mw,85.0
2171,2019-03-24 01:32:00,120.53,-1.77,7,,12.0,5.5,Mw,52.0
2172,2019-04-12 11:40:00,122.56,-1.85,10,,12.0,6.7,Mw,1.0
2175,2019-07-14 05:39:00,120.36,-18.22,21,,,6.6,Mw,3.0
2186,2019-11-19 23:10:00,-66.88,-33.64,14,,,5.8,Mw,60.0
2189,2019-12-24 19:03:00,-74.05,3.5,12,,,5.9,Mw,126.0
2193,1985-10-29 14:10:00,151.05,-9.51,3,19.0,10.0,6.8,Mw,-78.0
2194,1982-01-13 00:06:00,152.28,-9.49,6,13.0,17.0,6.0,Mw,-118.0
2195,1982-01-13 04:43:00,152.28,-9.46,6,25.0,28.0,5.6,Mw,-86.0
2196,1982-01-14 09:53:00,152.05,-9.4,9,12.0,11.0,6.0,Mw,166.0
2197,1982-01-15 13:48:00,152.3,-9.5,4,9.0,12.0,6.2,Mw,-112.0
2198,1967-10-08 16:59:00,148.84,-9.45,3,23.0,,5.7,Mw,-58.0
2199,1968-01-04 10:27:00,148.8,-9.79,7,35.0,,5.8,Mw,-129.0
2200,1970-01-06 05:35:00,151.68,-9.57,5,4.0,,6.2,Mw,-50.0
2201,1971-01-25 00:18:00,151.48,-9.63,9,24.0,,6.2,Mw,-96.0
2202,1973-05-01 10:40:00,150.26,-9.93,8,7.0,,5.9,Mw,-101.0
2203,1973-05-02 01:26:00,150.23,-9.9,5,11.0,,6.0,Mw,-87.0
2204,1974-10-23 06:14:00,154.16,-8.4,8,29.0,,7.2,Mw,-164.0
2205,1976-09-16 11:26:00,148.14,-9.2,8,8.0,,6.1,Mw,-127.0
2206,1978-04-11 02:41:00,148.97,-9.36,2,14.0,15.0,6.2,Mw,-117.0
2207,1979-03-09 01:26:00,147.97,-9.53,38,32.0,32.0,6.2,Mw,151.0
2208,1982-09-21 01:28:00,152.34,-9.53,5,12.0,20.0,6.2,Mw,166.0
2209,1991-02-21 02:35:00,-175.47,58.49,10,20.0,15.0,6.6,Mw,-46.0
2210,1986-04-05 20:14:00,-71.81,-13.42,6,54.0,36.0,5.2,Mw,-65.0
2211,1990-05-30 16:49:00,-77.13,-6.04,29,15.0,23.0,5.7,Mw,130.0
2212,2000-12-21 06:13:00,-68.94,-29.47,14,,,4.0,Mw,69.0
2213,2000-12-25 00:49:00,-68.02,-31.53,20,,,3.9,Mw,103.0
2214,2001-02-06 20:18:00,-69.5,-33.46,17,,,3.7,Mw,47.0
2215,2001-02-09 01:11:00,-67.87,-31.38,22,,,4.0,Mw,106.0
2216,2001-03-15 11:06:00,-69.56,-34.82,3,35.0,,4.8,Mw,103.0
2217,2001-05-07 02:24:00,-69.08,-33.02,14,,,4.1,Mw,77.0
2218,2001-05-10 02:24:00,-67.96,-32.07,20,,,3.5,Mw,79.0
2219,2001-05-18 04:48:00,-67.73,-31.76,22,,,3.8,Mw,95.0
2220,2001-05-17 07:12:00,-64.93,-31.0,7,,,4.3,Mw,19.0
2221,2001-06-20 01:26:00,-69.01,-33.21,21,,,3.8,Mw,33.0
2222,2001-06-28 04:48:00,-67.87,-31.25,15,,,3.5,Mw,89.0
2223,2001-07-08 00:00:00,-69.0,-33.19,14,,,3.6,Mw,96.0
2224,2001-09-17 00:00:00,-67.73,-31.59,17,,,4.0,Mw,56.0
2225,2001-11-12 02:24:00,-67.53,-33.13,13,,,4.1,Mw,104.0
2226,2001-11-24 00:00:00,-67.21,-33.34,25,,,3.6,Mw,147.0
2227,2001-11-29 19:12:00,-66.96,-32.11,15,,,4.0,Mw,58.0
2228,2001-12-05 00:00:00,-64.44,-32.72,16,,,3.8,Mw,96.0
2229,2001-12-14 00:00:00,-67.76,-31.85,21,,,4.7,Mw,91.0
2230,2001-12-15 07:12:00,-66.86,-29.34,20,,,4.0,Mw,82.0
2231,2001-12-18 07:12:00,-66.85,-32.12,17,,,4.5,Mw,88.0
2232,2002-01-05 07:12:00,-66.61,-33.31,26,,,4.7,Mw,175.0
2233,2002-01-19 19:12:00,-66.18,-30.36,7,,,4.0,Mw,-15.0
2234,2002-03-10 12:00:00,-67.97,-31.65,15,,,4.0,Mw,95.0
2235,2002-03-15 00:00:00,-64.09,-30.91,18,,,4.0,Mw,69.0
2236,2002-04-17 04:48:00,-67.83,-30.31,25,,,4.2,Mw,124.0
2238,1964-07-05 19:08:00,-110.21,26.34,10,2.0,,6.4,Mw,175.0
2239,1964-07-06 02:14:00,-110.28,26.32,7,22.0,,6.6,Mw,175.0
2240,1965-02-27 07:46:00,-112.27,28.38,9,23.0,,6.0,Mw,-170.0
2241,1966-08-07 17:36:00,-114.31,31.74,12,17.0,,6.2,Mw,-167.0
2242,1966-08-07 17:36:00,-114.31,31.74,10,17.0,,6.1,Mw,179.0
2243,1969-04-04 16:16:00,-109.8,24.44,7,16.0,,5.9,Mw,-96.0
2244,1969-08-17 20:13:00,-109.24,25.25,8,19.0,,6.5,Mw,175.0
2246,1969-11-01 11:08:00,-107.99,23.19,6,13.0,,6.7,Mw,175.0
2247,1971-01-19 03:16:00,-108.73,23.8,5,12.0,,6.0,Mw,176.0
2248,1971-09-30 08:17:00,-110.8,26.88,5,10.0,,6.5,Mw,179.0
2250,1974-05-31 14:05:00,-111.13,27.36,5,13.0,,5.7,Mw,169.0
2253,1975-09-24 17:19:00,-109.26,25.2,7,23.0,,6.1,Mw,173.0
2254,1976-02-09 21:29:00,-106.59,21.63,11,10.0,,5.9,Mw,86.0
2256,1987-07-11 06:15:00,-17.75,82.23,5,10.0,15.0,5.4,Mw,-131.0
2257,1994-11-13 06:56:00,29.06,36.95,8,10.0,,5.4,Mw,-94.0
2258,1995-05-29 04:58:00,32.24,35.06,15,28.0,15.0,5.2,Mw,150.0
2259,1995-02-23 21:03:00,32.27,35.06,11,20.0,15.0,5.9,Mw,120.0
2260,2003-05-03 11:22:00,31.51,36.9,128,133.0,137.0,5.4,Mw,152.0
2261,2005-01-23 22:36:00,29.71,35.89,34,42.0,24.0,5.7,Mw,0.0
2262,2007-10-29 09:23:00,29.34,36.91,20,36.0,12.0,5.3,Mw,-107.0
2263,2009-06-19 14:04:00,28.48,35.34,36,25.0,21.0,5.8,Mw,-64.0
2264,2009-07-01 09:30:00,25.54,34.15,7,14.0,12.0,6.5,Mw,76.0
2265,2009-12-22 06:06:00,31.53,35.73,44,35.0,57.0,5.2,Mw,90.0
2266,2010-04-24 15:01:00,26.08,34.24,8,19.0,19.0,5.4,Mw,66.0
2267,2011-04-01 13:29:00,26.55,35.73,66,76.0,75.0,6.1,Mw,11.0
2268,2012-06-10 12:44:00,28.97,36.38,31,28.0,28.0,6.2,Mw,0.0
2269,2012-07-09 13:55:00,28.95,35.6,51,71.0,71.0,5.7,Mw,2.0
2270,2012-09-12 03:27:00,24.06,34.83,23,30.0,40.0,5.5,Mw,70.0
2271,2013-06-15 16:11:00,25.04,34.45,20,15.0,12.0,6.2,Mw,95.0
2272,2013-06-16 21:39:00,25.18,34.42,18,20.0,20.0,6.0,Mw,-17.0
2273,2013-12-28 15:21:00,31.32,36.05,46,62.0,52.0,5.9,Mw,75.0
2274,2015-06-09 21:49:00,26.79,35.04,16,16.0,27.0,5.3,Mw,-117.0
2275,1969-06-12 15:13:00,25.02,34.39,19,20.0,,6.0,Mw,44.0
2276,1972-09-13 04:13:00,22.33,37.96,80,79.0,,6.1,Mw,164.0
2277,1979-08-22 20:13:00,27.41,35.91,68,86.0,94.0,5.3,Mw,-106.0
2278,1987-05-29 18:41:00,21.65,37.54,49,57.0,56.0,5.2,Mw,-175.0
2279,1993-03-18 15:47:00,22.09,38.33,56,56.0,49.0,5.7,Mw,61.0
2280,1996-04-26 07:01:00,27.96,36.34,70,72.0,127.0,5.3,Mw,174.0
2281,2001-06-23 06:53:00,28.1,35.65,43,45.0,58.0,5.6,Mw,177.0
2282,2002-01-22 04:54:00,26.64,35.62,93,94.0,90.0,6.1,Mw,-176.0
2283,2002-05-21 20:53:00,24.34,36.62,105,106.0,100.0,5.8,Mw,4.0
2284,2006-01-08 11:35:00,23.2,36.31,60,58.0,64.0,6.5,Mw,53.0
2285,2008-01-06 05:14:00,22.87,36.97,68,83.0,92.0,6.0,Mw,20.0
2286,2008-07-15 23:52:00,27.75,35.67,48,59.0,41.0,6.2,Mw,175.0
2287,1977-11-28 02:59:00,27.8,36.0,66,84.0,,5.6,Mw,32.0
2288,1984-05-22 13:57:00,22.6,35.9,63,45.0,73.0,5.1,Mw,32.0
2289,1987-06-19 18:46:00,28.2,36.8,65,85.0,59.0,5.2,Mw,88.0
2290,1991-10-18 14:05:00,28.56,35.7,43,51.0,,5.2,Mw,13.0
2291,1996-04-12 15:39:00,27.04,36.59,162,162.0,151.0,5.2,Mw,-52.0
2292,2002-06-06 22:36:00,26.01,35.54,94,95.0,110.0,4.9,Mw,-22.0
2293,1972-05-04 21:39:00,23.54,35.17,41,55.0,,6.2,Mw,98.0
2294,1986-05-22 19:52:00,26.57,34.61,27,48.0,33.0,5.3,Mw,99.0
2295,1995-12-07 18:01:00,24.12,34.77,19,32.0,15.0,5.1,Mw,126.0
2296,1999-04-17 08:17:00,21.78,36.06,27,26.0,,5.3,Mw,95.0
2297,2000-05-24 05:41:00,22.02,36.0,18,19.0,38.0,5.5,Mw,63.0
2298,2005-11-25 09:31:00,23.45,35.15,40,33.0,54.0,5.1,Mw,72.0
2299,2008-03-28 00:16:00,25.31,34.38,43,48.0,59.0,5.4,Mw,61.0
2300,2008-06-21 11:36:00,21.87,36.09,9,23.0,12.0,5.5,Mw,128.0
2301,1973-11-29 10:57:00,23.81,35.14,18,32.0,,5.8,Mw,10.0
2302,1986-09-13 17:24:00,22.12,37.05,8,27.0,,5.8,Mw,-90.0
2303,1999-10-05 00:53:00,28.22,36.75,21,16.0,33.0,5.0,Mw,-57.0
2304,2000-06-13 01:43:00,27.05,35.21,16,9.0,15.0,5.0,Mw,-46.0
2307,2006-08-13 10:35:00,26.58,34.46,17,33.0,25.0,5.1,Mw,-1.0
2308,1988-05-18 05:17:00,20.55,38.35,22,20.0,,5.4,Mw,163.0
2309,1992-01-23 04:24:00,20.52,38.37,9,24.0,,5.4,Mw,145.0
2310,1993-03-26 11:58:00,21.48,37.49,10,24.0,15.0,5.6,Mw,5.0
2311,2002-12-02 04:59:00,21.12,37.83,17,18.0,15.0,5.5,Mw,-166.0
2312,2003-08-14 05:15:00,20.62,38.95,13,12.0,15.0,6.2,Mw,178.0
2313,2007-03-25 13:58:00,20.24,38.36,11,11.0,12.0,5.7,Mw,-158.0
2314,2008-02-20 18:27:00,21.73,36.24,12,17.0,17.0,6.0,Mw,-1.0
2315,2008-06-08 12:26:00,21.6,37.97,20,15.0,24.0,6.2,Mw,6.0
2316,1981-06-24 18:41:00,20.1,37.87,20,10.0,22.0,5.2,Mw,171.0
2317,1983-01-19 00:02:00,20.22,38.15,9,19.0,,5.8,Mw,171.0
2318,1983-01-31 15:27:00,20.39,38.18,12,27.0,,5.6,Mw,-177.0
2319,1983-03-24 04:17:00,20.29,38.1,18,20.0,25.0,5.5,Mw,172.0
2320,1983-05-14 23:13:00,20.33,38.44,13,12.0,15.0,5.6,Mw,167.0
2321,1985-05-23 16:02:00,22.15,36.52,18,42.0,,5.1,Mw,-33.0
2322,1987-02-27 23:34:00,20.36,38.42,13,5.0,,5.8,Mw,168.0
2323,1994-02-25 02:30:00,20.54,38.76,9,23.0,33.0,5.5,Mw,168.0
2325,1976-05-11 16:59:00,20.32,37.38,13,9.0,15.0,6.4,Mw,90.0
2326,1993-03-05 06:55:00,21.57,37.17,20,38.0,37.0,5.1,Mw,57.0
2329,2005-01-31 01:05:00,20.19,37.51,16,24.0,12.0,6.5,Mw,145.0
2331,2003-08-14 12:18:00,20.6,38.75,7,26.0,15.0,5.0,Mw,82.0
2332,2003-08-14 16:18:00,20.61,38.76,10,10.0,15.0,5.2,Mw,64.0
2333,2005-10-18 15:26:00,20.94,37.62,17,19.0,16.0,5.5,Mw,114.0
2334,2006-04-11 17:29:00,20.83,37.6,14,14.0,22.0,5.3,Mw,122.0
2335,2006-04-12 16:52:00,20.74,37.63,19,20.0,21.0,5.5,Mw,115.0
2337,1989-08-24 02:13:00,20.14,37.94,16,18.0,,5.3,Mw,142.0
2338,1996-02-01 17:57:00,19.86,37.76,19,6.0,15.0,5.6,Mw,71.0
2339,2017-04-03 17:40:00,25.16,-22.68,25,,30.0,6.4,Mw,-95.0
2340,2017-04-05 00:55:00,25.1,-22.66,32,,,4.5,Mw,-107.0
2341,2017-04-08 19:55:00,25.15,-22.63,28,,,4.2,Mw,-90.0
2342,2017-07-04 11:37:00,25.21,-22.65,26,,,4.4,Mw,-99.0
2343,2017-07-20 22:31:00,27.47,36.96,7,,12.0,6.5,Mw,-75.0
2344,2017-12-01 02:32:00,57.36,30.75,5,,12.0,6.0,Mw,98.0
2345,2017-12-12 08:43:00,57.3,30.74,10,,12.0,5.8,Mw,91.0
2346,2017-12-12 21:41:00,57.28,30.82,2,,12.0,6.0,Mw,88.0
2347,2016-01-03 23:05:00,93.57,24.84,55,44.0,52.0,6.7,Mw,168.0
2348,1962-05-06 19:00:00,-33.7,-60.0,8,,,7.0,Mw,-108.0
2349,1965-09-26 21:33:00,-38.3,-54.8,7,10.0,,6.1,Mw,89.0
2350,1969-09-27 09:04:00,-56.0,-60.9,7,10.0,,6.4,Mw,169.0
2351,1970-06-05 11:14:00,-63.6,-54.3,6,,,6.8,Mw,-168.0
2352,1971-02-08 21:04:00,-61.2,-63.5,15,14.0,,7.0,Mw,-100.0
2353,1973-02-25 05:35:00,-37.9,-61.0,24,28.0,,6.5,Mw,-163.0
2354,1975-12-29 03:39:00,-68.5,-56.8,11,14.0,,6.5,Mw,90.0
2355,1976-02-14 03:10:00,-64.4,-57.4,9,22.0,,6.0,Mw,61.0
2356,1979-09-23 22:43:00,-50.2,-60.6,8,16.0,,6.2,Mw,-94.0
2357,1980-09-15 04:28:00,-56.4,-61.4,35,10.0,32.0,5.9,Mw,-95.0
2358,1981-01-18 03:06:00,-55.4,-61.1,13,24.0,28.0,6.3,Mw,100.0
2359,1982-03-25 05:05:00,-46.8,-52.7,8,14.0,,6.4,Mw,7.0
2360,1982-11-18 00:27:00,-56.2,-54.4,27,25.0,,5.7,Mw,126.0
2361,1982-12-13 02:50:00,-61.2,-63.1,12,10.0,,6.0,Mw,-98.0
2362,1983-01-22 11:36:00,-62.8,-62.1,9,10.0,,5.6,Mw,-53.0
2363,1983-07-11 12:56:00,-53.0,-60.9,17,10.0,13.0,5.9,Mw,-147.0
2364,1984-01-09 13:43:00,-36.1,-61.0,7,10.0,,5.7,Mw,-80.0
2365,1984-03-30 16:40:00,-61.9,-63.0,55,10.0,41.0,5.6,Mw,130.0
2366,1986-09-13 09:28:00,-36.8,-60.8,21,17.0,15.0,6.4,Mw,-13.0
2367,1986-12-22 14:18:00,-48.8,-56.9,14,27.0,15.0,6.4,Mw,22.0
2368,2020-05-07 00:49:00,-76.7,-5.73,34,,,5.3,Mw,48.0
2369,2014-08-18 02:32:00,47.71,32.68,3,13.0,12.0,6.1,Mw,94.0
2370,1964-03-08 01:35:00,167.87,-44.3,5,16.0,,5.9,Mw,147.0
2371,1965-04-11 00:11:00,174.1,-42.74,16,25.0,,6.1,Mw,-63.0
2372,1965-04-11 00:11:00,174.1,-42.74,16,25.0,,5.7,Mw,-75.0
2373,1966-04-23 06:49:00,174.4,-41.63,19,20.0,,5.8,Mw,133.0
2374,1968-05-23 17:24:00,171.96,-41.76,10,22.0,,7.1,Mw,103.0
2375,1968-09-25 07:02:00,166.68,-46.49,4,10.0,,6.1,Mw,-178.0
2376,1968-09-25 07:02:00,166.68,-46.49,4,10.0,,6.0,Mw,-106.0
2377,1971-08-13 14:42:00,172.1,-42.13,9,10.0,,5.7,Mw,-153.0
2378,1976-05-04 13:56:00,167.45,-44.67,10,15.0,15.0,6.5,Mw,130.0
2379,1979-10-12 10:25:00,165.74,-46.69,12,10.0,20.0,7.3,Mw,120.0
2380,1984-06-24 13:29:00,170.56,-43.6,13,10.0,10.0,6.1,Mw,-154.0
2381,1985-01-31 04:33:00,165.03,-46.06,27,10.0,10.0,6.2,Mw,87.0
2382,1988-06-03 23:27:00,167.17,-45.1,60,74.0,62.0,6.7,Mw,118.0
2383,1989-05-31 05:54:00,166.88,-45.27,24,23.0,18.0,6.4,Mw,148.0
2384,1990-02-10 03:27:00,172.74,-42.32,8,15.0,15.0,5.9,Mw,163.0
2385,1991-01-28 12:58:00,171.58,-41.89,10,15.0,15.0,5.8,Mw,99.0
2386,1991-01-28 18:00:00,171.67,-41.9,12,20.0,15.0,6.0,Mw,77.0
2399,2003-08-26 21:11:00,-70.56,-17.28,32,32.0,76.0,5.7,Mw,110.0
2400,2006-11-20 14:38:00,-70.18,-18.1,39,42.0,69.0,5.5,Mw,76.0
2401,2010-05-06 02:42:00,-71.25,-18.32,40,41.0,53.0,6.2,Mw,109.0
2405,2005-10-08 10:46:00,73.22,34.68,5,14.0,12.0,6.5,Mw,95.0
2406,2005-10-08 21:13:00,73.28,34.65,10,16.0,12.0,5.7,Mw,82.0
2407,2005-10-09 08:30:00,73.26,34.62,5,10.0,12.0,5.5,Mw,100.0
2408,2005-10-09 19:20:00,73.74,34.29,6,10.0,12.0,5.7,Mw,83.0
2409,2005-10-12 20:23:00,73.24,34.78,6,13.0,12.0,5.5,Mw,79.0
2410,2005-10-19 02:33:00,73.14,34.77,5,11.0,12.0,5.6,Mw,108.0
2411,2005-10-23 15:04:00,73.13,34.78,2,10.0,12.0,5.2,Mw,76.0
2433,2012-06-11 05:29:00,69.24,36.07,13,16.0,24.0,5.7,Mw,47.0
2439,1995-02-16 09:35:00,-76.14,-5.8,18,16.0,18.0,5.0,Mw,102.0
2440,1996-04-08 02:52:00,-73.99,-12.81,74,68.0,78.0,5.3,Mw,-52.0
2442,2000-04-30 05:31:00,-66.02,-26.99,13,26.0,26.0,5.2,Mw,45.0
2443,2004-03-17 16:49:00,-66.75,-32.01,32,30.0,49.0,5.1,Mw,79.0
2444,2004-06-01 17:04:00,-68.06,-32.03,39,36.0,38.0,5.1,Mw,112.0
2445,2004-10-29 08:55:00,-67.2,-30.54,25,21.0,38.0,4.9,Mw,87.0
2446,2001-12-21 20:51:00,-71.11,8.4,13,10.0,22.0,5.5,Mw,158.0
2447,1995-04-23 23:55:00,-72.47,5.26,8,43.0,33.0,5.2,Mw,133.0
2448,1987-03-06 04:10:00,-77.84,-0.06,22,20.0,15.0,7.1,Mw,98.0
2449,2010-02-27 15:45:00,-65.76,-24.85,9,15.0,27.0,6.2,Mw,97.0
2450,1992-12-26 14:57:00,-77.92,-1.15,8,10.0,15.0,5.8,Mw,166.0
2452,2020-07-12 15:08:00,-69.86,9.41,17,,,5.1,Mw,39.0
2453,2014-02-19 11:10:00,-69.67,9.61,9,15.0,13.0,5.3,Mw,153.0
2454,1994-05-31 20:46:00,-72.12,7.83,13,20.0,21.0,5.4,Mw,54.0
2455,1994-11-09 03:57:00,-71.73,7.53,8,15.0,21.0,5.4,Mw,113.0
2456,2020-10-30 18:24:00,-75.18,-10.18,37,,,5.5,Mw,100.0
2458,2021-01-19 02:46:00,-68.85,-31.81,22,,20.0,6.4,Mw,151.0
2459,1992-07-09 21:34:00,89.96,20.98,30,25.0,30.0,5.3,Mw,13.0
2460,2015-12-04 22:25:00,85.09,-47.61,15,10.0,28.0,7.1,Mw,-72.0
2461,1966-07-04 12:15:00,-24.75,37.51,12,10.0,,5.7,Mw,-90.0
2462,1975-05-26 20:19:00,-17.56,36.04,35,30.0,,5.5,mb,-148.0
2463,1970-12-30 20:57:00,-14.93,37.22,25,23.0,,5.0,mb,25.0
2464,1969-09-06 14:30:00,-11.84,36.96,41,45.0,,6.0,Mw,160.0
2465,1969-05-05 05:34:00,-10.34,35.99,50,47.0,,5.5,mb,130.0
2466,1964-03-15 22:30:00,-7.61,36.23,20,28.0,,6.6,Mw,74.0
2467,1975-08-07 15:30:00,-4.42,36.4,100,15.0,,5.1,mb,142.0
2468,2021-02-09 01:41:00,-77.19,-5.4,22,,,5.1,mb,90.0
2470,2021-01-29 19:47:00,121.84,-13.96,23,,,5.6,Mw,-9.0
2475,1994-10-21 05:06:00,68.28,37.49,23,,,5.4,Mw,99.0
2476,1998-02-04 14:33:00,70.08,37.08,6,19.0,33.0,5.8,Mw,1.0
2477,1999-02-11 14:08:00,69.24,34.12,12,17.0,33.0,5.8,Mw,-1.0
2478,2008-10-05 22:56:00,69.49,33.84,2,16.0,16.0,5.8,Mw,-24.0
2479,2010-04-18 20:29:00,67.49,35.83,7,12.0,17.0,5.5,Mw,-2.0
2480,2021-03-22 04:37:00,-71.36,3.9,6,,,5.1,Mw,-73.0
2481,2021-10-10 00:20:00,-71.71,-11.74,7,,,5.6,Mw,-61.0
2482,1992-05-25 02:51:00,139.73,-4.79,6,20.0,15.0,5.7,Mw,22.0
2483,1993-06-12 18:26:00,135.12,-4.38,10,10.0,15.0,6.0,Mw,19.0
2484,1994-01-04 19:31:00,135.15,-4.3,8,12.0,20.0,6.0,Mw,-10.0
2485,1995-03-13 10:31:00,134.38,-2.79,7,15.0,15.0,5.8,Mw,-88.0
2486,2000-03-03 22:22:00,143.81,-6.82,18,17.0,16.0,6.6,Mw,82.0
2487,2005-02-02 06:28:00,145.03,-7.48,14,19.0,19.0,5.5,Mw,68.0
2488,2007-08-20 21:30:00,140.87,-5.4,11,10.0,13.0,5.7,Mw,91.0
2489,2011-11-15 23:42:00,140.31,-5.28,14,18.0,18.0,5.7,Mw,52.0
2490,2012-10-12 00:31:00,134.03,-4.89,23,26.0,19.0,6.6,Mw,-126.0
2491,2012-12-08 16:35:00,143.97,-7.21,9,15.0,12.0,5.8,Mw,99.0
2492,2013-09-05 15:27:00,144.03,-7.27,5,15.0,12.0,5.4,Mw,85.0
2493,2014-07-28 23:00:00,143.87,-6.92,13,16.0,12.0,5.6,Mw,100.0
2494,2018-03-06 14:13:00,142.61,-6.3,10,,12.0,6.7,Mw,93.0
2495,2019-01-26 08:12:00,133.77,-5.5,30,,20.0,5.9,Mw,-107.0
2496,1991-02-23 19:53:00,137.71,-4.68,6,17.0,15.0,5.2,Mw,99.0
2497,1995-01-21 16:44:00,134.35,-2.6,7,35.0,53.0,5.2,Mw,-68.0
2498,1999-10-25 00:43:00,134.19,-2.12,8,20.0,20.0,5.4,Mw,-93.0
2499,2001-07-12 19:37:00,134.84,-3.65,8,15.0,15.0,5.1,Mw,-109.0
2500,2002-09-28 15:14:00,134.57,-3.26,10,33.0,33.0,5.0,Mw,-77.0
2501,2007-08-19 19:09:00,140.85,-5.37,9,15.0,12.0,5.3,Mw,3.0
2502,2009-10-29 01:34:00,140.38,-5.26,19,20.0,29.0,5.1,Mw,101.0
2503,2016-06-14 22:09:00,137.93,-4.6,33,40.0,38.0,5.2,Mw,129.0
2504,2019-04-27 13:32:00,137.23,-4.32,8,,16.0,4.9,Mw,-67.0
2505,1997-08-10 09:20:00,124.39,-16.11,22,23.0,15.0,6.2,Mw,13.0
2506,2012-03-23 09:25:00,132.18,-26.15,2,10.0,12.0,5.3,Mw,95.0
2507,2015-07-29 23:41:00,154.21,-25.36,12,19.0,12.0,5.5,Mw,90.0
2508,2016-07-08 09:40:00,122.43,-32.39,8,10.0,21.0,5.1,Mw,-178.0
2509,2016-08-18 04:30:00,148.66,-19.81,7,14.0,12.0,5.6,Mw,8.0
2510,2018-09-16 04:56:00,116.94,-34.36,2,,12.0,5.3,Mw,60.0
2511,2018-11-08 21:07:00,116.88,-34.37,1,,14.0,5.0,Mw,1.0
2512,2021-09-21 23:15:00,146.35,-37.85,15,,,5.8,Mw,10.0
2513,1941-04-29 01:35:00,116.25,-26.91,32,,,6.3,mb,
2514,1989-05-27 02:55:00,130.79,-25.08,30,,,5.1,Mw,105.0
2515,1989-10-13 09:59:00,122.39,-17.63,27,22.0,,5.4,Mw,7.0
2516,1989-12-27 23:26:00,151.61,-32.93,11,10.0,,5.2,Mw,90.0
2517,2012-06-19 10:53:00,146.2,-38.28,10,10.0,16.0,5.0,Mw,167.0
2518,2019-05-30 02:26:00,131.93,-21.32,7,,15.0,4.8,Mw,90.0
2519,1918-11-03 11:14:00,166.27,-47.13,8,,,6.7,Mw,-178.0
2520,1922-12-25 03:33:00,173.0,-43.0,20,,,6.4,Mw,170.0
2521,1929-03-09 10:50:00,171.93,-42.79,11,,,7.0,Mw,-178.0
2522,1929-06-16 22:47:00,172.2,-41.7,9,,,7.3,Mw,69.0
2523,1929-06-19 09:17:00,172.43,-41.69,11,,,6.3,Mw,80.0
2524,1929-06-22 15:30:00,172.86,-41.49,14,,,6.5,Mw,79.0
2525,1929-06-22 18:39:00,172.85,-41.88,7,,,6.4,Mw,83.0
2526,1929-07-15 08:57:00,172.29,-41.65,19,,,6.3,Mw,120.0
2527,1938-12-16 17:22:00,167.0,-45.0,47,,,6.9,Mw,72.0
2528,1943-02-17 02:15:00,167.04,-45.19,36,,,6.2,Mw,15.0
2529,1943-08-02 00:46:00,166.72,-46.27,31,,,6.6,Mw,6.0
2530,1945-09-01 22:44:00,165.8,-46.83,28,,,7.4,Mw,160.0
2531,1946-06-26 12:34:00,171.26,-43.46,9,,,6.5,Mw,-180.0
2532,1947-10-13 07:31:00,168.48,-44.42,18,,,6.2,Mw,43.0
2533,1948-05-22 19:21:00,172.99,-42.48,4,,,6.4,Mw,177.0
2534,1960-05-24 14:46:00,167.73,-44.17,9,,,6.2,Mw,-110.0
2535,1962-05-10 00:27:00,171.32,-41.65,7,,,5.6,Mw,88.0
