location_id,longitude,latitude,easting_m,northing_m
1,29.303128164840338,36.30682687761442,6050000.0,1690000.0
2,29.411160503299456,36.28409812267165,6060000.0,1690000.0
3,29.51913429393948,36.26124497544298,6070000.0,1690000.0
4,29.627049306466315,36.238267541755945,6080000.0,1690000.0
5,29.73490531217176,36.21516592779136,6090000.0,1690000.0
6,29.842702083936352,36.19194024007959,6100000.0,1690000.0
7,27.589301305370867,36.741715765832666,5890000.0,1700000.0
8,27.69836368910687,36.72096109074584,5900000.0,1700000.0
9,28.025220090756218,36.6579403071121,5930000.0,1700000.0
10,29.219352315419773,36.417191513385696,6040000.0,1700000.0
11,29.327564169136853,36.39455464891629,6050000.0,1700000.0
12,29.435717386047425,36.37179313674507,6060000.0,1700000.0
13,29.543811733253467,36.348907082944905,6070000.0,1700000.0
14,29.651846979451506,36.325896593947036,6080000.0,1700000.0
15,29.759822894935535,36.30276177653741,6090000.0,1700000.0
16,29.867739251599964,36.27950273785293,6100000.0,1700000.0
17,29.975595822942346,36.2561195853778,6110000.0,1700000.0
18,27.830163649394294,36.78823109988321,5910000.0,1710000.0
19,27.939241540944746,36.76719342245552,5920000.0,1710000.0
20,28.157229747629525,36.72473971784226,5940000.0,1710000.0
21,29.135362051695854,36.527475604823685,6030000.0,1710000.0
22,29.24375420390914,36.504930919521385,6040000.0,1710000.0
23,29.35208763200407,36.48226132983342,6050000.0,1710000.0
24,29.460362100455047,36.45946694207523,6060000.0,1710000.0
25,29.568577375339736,36.43654786292571,6070000.0,1710000.0
26,29.676733224342055,36.41350419942352,6080000.0,1710000.0
27,29.784829416755176,36.3903360589635,6090000.0,1710000.0
28,29.89286572348437,36.36704354929284,6100000.0,1710000.0
29,30.000841917049797,36.34362677850738,6110000.0,1710000.0
30,30.108757771589282,36.32008585504789,6120000.0,1710000.0
31,28.071390439272232,36.8340991880343,5930000.0,1720000.0
32,28.180481980929358,36.812778166161735,5940000.0,1720000.0
33,28.72508575007133,36.704283562231204,5990000.0,1720000.0
34,28.83383397052426,36.68220746960079,6000000.0,1720000.0
35,29.159729148168495,36.61522673525474,6030000.0,1720000.0
36,29.268243574844124,36.59264935767198,6040000.0,1720000.0
37,29.376698953615115,36.56994692430285,6050000.0,1720000.0
38,29.485095047916403,36.54711954207101,6060000.0,1720000.0
39,29.593431622798064,36.52416731826514,6070000.0,1720000.0
40,29.701708444928247,36.501090360535215,6080000.0,1720000.0
41,29.809925282596193,36.47788877688865,6090000.0,1720000.0
42,29.91808190571509,36.45456267568672,6100000.0,1720000.0
43,30.026178085824842,36.43111216564066,6110000.0,1720000.0
44,30.13421359609482,36.40753735580809,6120000.0,1720000.0
45,30.24218821132646,36.38383835558909,6130000.0,1720000.0
46,30.350101707955858,36.36001527472258,6140000.0,1720000.0
47,30.457953864056233,36.336068223282474,6150000.0,1720000.0
48,27.32850726002089,37.06807110788667,5860000.0,1730000.0
49,27.438115779196075,37.0476055286773,5870000.0,1730000.0
50,27.547669209616885,37.027012973433045,5880000.0,1730000.0
51,28.094600819848417,36.92214909738731,5930000.0,1730000.0
52,28.203818213387976,36.90079681628494,5940000.0,1730000.0
53,28.312978698076762,36.87931827318845,5950000.0,1730000.0
54,28.42208202022121,36.85771357176321,5960000.0,1730000.0
55,28.531127927720014,36.83598281607832,5970000.0,1730000.0
56,28.640116170067905,36.81412611060303,5980000.0,1730000.0
57,28.74904649835949,36.79214356020293,5990000.0,1730000.0
58,28.85791866529291,36.7700352701363,6000000.0,1730000.0
59,28.966732425173454,36.74780134605033,6010000.0,1730000.0
60,29.075487533917034,36.725441893977404,6020000.0,1730000.0
61,29.184183749053684,36.70295702033142,6030000.0,1730000.0
62,29.29282082973089,36.68034683190394,6040000.0,1730000.0
63,29.401398536716858,36.65761143586056,6050000.0,1730000.0
64,29.509916632403726,36.63475093973706,6060000.0,1730000.0
65,29.618374880810656,36.611765451435694,6070000.0,1730000.0
66,29.726773047586878,36.588655079221446,6080000.0,1730000.0
67,29.835110900014616,36.565419931718246,6090000.0,1730000.0
68,29.943388207012013,36.5420601179052,6100000.0,1730000.0
69,30.051604739135858,36.5185757471128,6110000.0,1730000.0
70,30.159760268584325,36.49496692901922,6120000.0,1730000.0
71,30.267854569199592,36.47123377364646,6130000.0,1730000.0
72,30.375887416470395,36.4473763913566,6140000.0,1730000.0
73,30.48385858753451,36.423394892848016,6150000.0,1730000.0
74,27.460646049825264,37.13582064799471,5870000.0,1740000.0
75,27.57032760776377,37.11519768140355,5880000.0,1740000.0
76,27.679953502799343,37.09444767762358,5890000.0,1740000.0
77,27.789523470531773,37.07357073840816,5900000.0,1740000.0
78,27.899037248140214,37.05256696593855,5910000.0,1740000.0
79,28.00849457438754,37.031436462820096,5920000.0,1740000.0
80,28.22723883579452,36.98879567715674,5940000.0,1740000.0
81,28.3365252564366,36.96728560190998,5950000.0,1740000.0
82,28.44575419669056,36.945649210603236,5960000.0,1740000.0
83,28.55492540330036,36.92388660790695,5970000.0,1740000.0
84,28.66403862461807,36.90199789889339,5980000.0,1740000.0
85,28.773093610607678,36.87998318903295,5990000.0,1740000.0
86,28.88209011284875,36.8578425841903,6000000.0,1740000.0
87,28.991027884540035,36.83557619062074,6010000.0,1740000.0
88,29.099906680503015,36.81318411496639,6020000.0,1740000.0
89,29.208726257185308,36.79066646425243,6030000.0,1740000.0
90,29.317486372664064,36.76802334588332,6040000.0,1740000.0
91,29.426186786649208,36.74525486763904,6050000.0,1740000.0
92,29.534827260486637,36.722361137671335,6060000.0,1740000.0
93,29.643407557161364,36.699342264499876,6070000.0,1740000.0
94,29.7519274413005,36.67619835700851,6080000.0,1740000.0
95,29.860386679176212,36.65292952444147,6090000.0,1740000.0
96,29.968785038708628,36.62953587639955,6100000.0,1740000.0
97,30.07712228946856,36.60601752283633,6110000.0,1740000.0
98,30.185398202680236,36.58237457405441,6120000.0,1740000.0
99,30.293612551223955,36.55860714070152,6130000.0,1740000.0
100,30.401765109638546,36.53471533376674,6140000.0,1740000.0
101,30.50985565412391,36.51069926457678,6150000.0,1740000.0
102,27.593068346475686,37.20336329221357,5880000.0,1750000.0
103,27.702822471661236,37.18258260248549,5890000.0,1750000.0
104,27.81252035691314,37.16167481553283,5900000.0,1750000.0
105,27.922161738178705,37.1406400341309,5910000.0,1750000.0
106,28.031746353001044,37.11947836148106,5920000.0,1750000.0
107,28.14127394052341,37.09818990120706,5930000.0,1750000.0
108,28.250744241493337,37.07677475735119,5940000.0,1750000.0
109,28.360156998266834,37.05523303437059,5950000.0,1750000.0
110,28.469511954812354,37.03356483713355,5960000.0,1750000.0
111,28.578808856714765,37.01177027091561,5970000.0,1750000.0
112,28.688047451179216,36.98984944139595,5980000.0,1750000.0
113,28.797227487034913,36.96780245465354,5990000.0,1750000.0
114,28.906348714738805,36.945629417163346,6000000.0,1750000.0
115,29.0154108863792,36.92333043579257,6010000.0,1750000.0
116,29.124413755679292,36.90090561779694,6020000.0,1750000.0
117,29.233357078000576,36.87835507081677,6030000.0,1750000.0
118,29.342240610346263,36.855678902873265,6040000.0,1750000.0
119,29.451064111364516,36.83287722236468,6050000.0,1750000.0
120,29.559827341351614,36.80995013806254,6060000.0,1750000.0
121,29.668530062255115,36.7868977591078,6070000.0,1750000.0
122,29.777172037676863,36.76372019500706,6080000.0,1750000.0
123,29.88575303287591,36.740417555628675,6090000.0,1750000.0
124,29.994272814771396,36.71698995119905,6100000.0,1750000.0
125,30.10273115194532,36.69343749229868,6110000.0,1750000.0
126,30.211127814645263,36.66976028985843,6120000.0,1750000.0
127,30.31946257478693,36.64595845515567,6130000.0,1750000.0
128,30.42773520595678,36.62203209981038,6140000.0,1750000.0
129,30.535945483414395,36.5979813357814,6150000.0,1750000.0
130,32.47282185915848,36.14392325797008,6330000.0,1750000.0
131,32.5798069559602,36.11753042361997,6340000.0,1750000.0
132,32.68672555867664,36.09101548498944,6350000.0,1750000.0
133,32.79357747812989,36.06437856026349,6360000.0,1750000.0
134,27.28590685581374,37.353179699686244,5850000.0,1760000.0
135,27.395957680602272,37.33275060519027,5860000.0,1760000.0
136,27.505952756316336,37.312193943676625,5870000.0,1760000.0
137,27.615891812868817,37.291509817212145,5880000.0,1760000.0
138,27.72577458176724,37.270698328302835,5890000.0,1760000.0
139,27.83560079611834,37.249759579890274,5900000.0,1760000.0
140,27.9453701906325,37.228693675347664,5910000.0,1760000.0
141,28.055082501628146,37.207500718476226,5920000.0,1760000.0
142,28.164737467036073,37.18618081350141,5930000.0,1760000.0
143,28.274334826403585,37.16473406506914,5940000.0,1760000.0
144,28.383874320898716,37.14316057824197,5950000.0,1760000.0
145,28.493355693314186,37.12146045849537,5960000.0,1760000.0
146,28.602778688071393,37.099633811713936,5970000.0,1760000.0
147,28.7121430512243,37.07768074418756,5980000.0,1760000.0
148,28.821448530463165,37.05560136260767,5990000.0,1760000.0
149,28.930694875118274,37.0333957740634,6000000.0,1760000.0
150,29.039881836163563,37.01106408603779,6010000.0,1760000.0
151,29.149009166220107,36.98860640640396,6020000.0,1760000.0
152,29.258076619559603,36.96602284342126,6030000.0,1760000.0
153,29.36708395210768,36.94331350573155,6040000.0,1760000.0
154,29.476030921447244,36.92047850235523,6050000.0,1760000.0
155,29.584917286821582,36.89751794268751,6060000.0,1760000.0
156,29.69374280913755,36.8744319364945,6070000.0,1760000.0
157,29.802507250968524,36.85122059390943,6080000.0,1760000.0
158,29.911210376557385,36.82788402542871,6090000.0,1760000.0
159,30.019851951819366,36.804422341908214,6100000.0,1760000.0
160,30.128431744344805,36.78083565455928,6110000.0,1760000.0
161,30.23694952340187,36.75712407494494,6120000.0,1760000.0
162,30.34540505993911,36.73328771497607,6130000.0,1760000.0
163,30.453798126588048,36.70932668690744,6140000.0,1760000.0
164,30.56212849766559,36.68524110333392,6150000.0,1760000.0
165,32.286710245827166,36.283025353019625,6310000.0,1760000.0
166,32.39394190600924,36.25683986364875,6320000.0,1760000.0
167,32.501107098828456,36.23053189921719,6330000.0,1760000.0
168,32.608205630981665,36.204101578044884,6340000.0,1760000.0
169,32.71523731088323,36.177549018714316,6350000.0,1760000.0
170,32.8222019486659,36.150874340066636,6360000.0,1760000.0
171,32.929099356181446,36.12407766119776,6370000.0,1760000.0
172,27.30842437612154,37.44139890607727,5850000.0,1770000.0
173,27.418605201962194,37.42093939054217,5860000.0,1770000.0
174,27.528729965915474,37.400352143426296,5870000.0,1770000.0
175,27.63879839661537,37.37963726739232,5880000.0,1770000.0
176,27.748810224302805,37.35879486554408,5890000.0,1770000.0
177,27.858765180830193,37.33782504142297,5900000.0,1770000.0
178,27.968662999665955,37.31672789900399,5910000.0,1770000.0
179,28.078503415898883,37.29550354269208,5920000.0,1770000.0
180,28.188286166242435,37.27415207731827,5930000.0,1770000.0
181,28.298010989038993,37.25267360813594,5940000.0,1770000.0
182,28.407677624263982,37.231068240816946,5950000.0,1770000.0
183,28.517285813529906,37.20933608144788,5960000.0,1770000.0
184,28.6268353000903,37.187477236526234,5970000.0,1770000.0
185,28.736325828843647,37.16549181295653,5980000.0,1770000.0
186,28.84575714633712,37.14337991804656,5990000.0,1770000.0
187,28.95512900077029,37.12114165950349,6000000.0,1770000.0
188,29.06444114199876,37.09877714543008,6010000.0,1770000.0
189,29.173693321537694,37.07628648432079,6020000.0,1770000.0
190,29.28288529256523,37.053669785057956,6030000.0,1770000.0
191,29.392016809925863,37.03092715690794,6040000.0,1770000.0
192,29.501087630133714,37.00805870951722,6050000.0,1770000.0
193,29.61009751137573,36.985064552908604,6060000.0,1770000.0
194,29.719046213514748,36.961944797477294,6070000.0,1770000.0
195,29.827933498092563,36.93869955398705,6080000.0,1770000.0
196,29.936759128332824,36.9153289335663,6090000.0,1770000.0
197,30.04552286914389,36.891833047704246,6100000.0,1770000.0
198,30.154224487121628,36.86821200824702,6110000.0,1770000.0
199,30.262863750552082,36.844465927393784,6120000.0,1770000.0
200,30.37144042941403,36.82059491769278,6130000.0,1770000.0
201,30.479954295381532,36.79659909203752,6140000.0,1770000.0
202,32.20745388876388,36.39578431056556,6300000.0,1770000.0
203,32.314866654919925,36.36968420203331,6310000.0,1770000.0
204,32.42221279058938,36.34346136421786,6320000.0,1770000.0
205,32.52949210002685,36.31711591583067,6330000.0,1770000.0
206,32.63670438921563,36.290647975850305,6340000.0,1770000.0
207,32.743849465868514,36.26405766351864,6350000.0,1770000.0
208,32.85092713942864,36.23734509833688,6360000.0,1770000.0
209,32.95793722107013,36.21051040006165,6370000.0,1770000.0
210,33.06487952369873,36.18355368870115,6380000.0,1770000.0
211,33.17175386195238,36.15647508451127,6390000.0,1770000.0
212,33.27856005220168,36.12927470799162,6400000.0,1770000.0
213,27.220656792268496,37.549961438045116,5840000.0,1780000.0
214,27.331024144205074,37.52959938814869,5850000.0,1780000.0
215,27.44133539370733,37.50910933878911,5860000.0,1780000.0
216,27.551590266510267,37.48849139278171,5870000.0,1780000.0
217,27.661788489963506,37.467745653388846,5880000.0,1780000.0
218,27.77192979303608,37.446872224316145,5890000.0,1780000.0
219,27.8820139063209,37.42587120970863,5900000.0,1780000.0
220,27.992040562039318,37.40474271414701,5910000.0,1780000.0
221,28.1020094940455,37.38348684264381,5920000.0,1780000.0
222,28.211920437830784,37.36210370063958,5930000.0,1780000.0
223,28.32177313052782,37.34059339399904,5940000.0,1780000.0
224,28.43156731091485,37.318956029007275,5950000.0,1780000.0
225,28.541302719419615,37.29719171236591,5960000.0,1780000.0
226,28.65097909812343,37.2753005511892,5970000.0,1780000.0
227,28.76059619076499,37.25328265300026,5980000.0,1780000.0
228,28.870153742744208,37.23113812572718,5990000.0,1780000.0
229,28.979651501125915,37.20886707769907,6000000.0,1780000.0
230,29.089089214643444,37.186469617642366,6010000.0,1780000.0
231,29.198466633702182,37.16394585467681,6020000.0,1780000.0
232,29.30778351038302,37.141295898311604,6030000.0,1780000.0
233,29.417039598445704,37.11851985844161,6040000.0,1780000.0
234,29.526234653332114,37.09561784534333,6050000.0,1780000.0
235,29.635368432169425,37.0725899696711,6060000.0,1780000.0
236,29.744440693773235,37.04943634245315,6070000.0,1780000.0
237,29.85345119865057,37.02615707508775,6080000.0,1780000.0
238,29.962399709002813,37.00275227933925,6090000.0,1780000.0
239,30.071285988728555,36.97922206733419,6100000.0,1780000.0
240,30.180109803426323,36.95556655155743,6110000.0,1780000.0
241,30.288870920397333,36.931785844848164,6120000.0,1780000.0
242,30.397569108647975,36.90788006039605,6130000.0,1780000.0
243,30.506204138892407,36.88384931173726,6140000.0,1780000.0
244,30.61477578355495,36.85969371275057,6150000.0,1780000.0
245,32.12799996906862,36.50847059636273,6290000.0,1780000.0
246,32.23559469029164,36.48245612885767,6300000.0,1780000.0
247,32.34312261896359,36.45631867647195,6310000.0,1780000.0
248,32.45058355687311,36.43005835830706,6320000.0,1780000.0
249,32.55797730754877,36.403675293736256,6330000.0,1780000.0
250,32.66530367625988,36.3771696024007,6340000.0,1780000.0
251,32.77256247001742,36.350541404205536,6350000.0,1780000.0
252,32.87975349757471,36.323790819315875,6360000.0,1780000.0
253,32.986876569428105,36.296917968152954,6370000.0,1780000.0
254,33.0939314978176,36.26992297139023,6380000.0,1780000.0
255,33.20091809672738,36.242805949949386,6390000.0,1780000.0
256,33.30783618188619,36.21556702499643,6400000.0,1780000.0
257,33.414685570767794,36.18820631793785,6410000.0,1780000.0
258,33.52146608259121,36.16072395041664,6420000.0,1780000.0
259,27.132653378846832,37.658437950876355,5830000.0,1790000.0
260,27.2432080349238,37.63817368861849,5840000.0,1790000.0
261,27.353706550231387,37.61778115775945,5850000.0,1790000.0
262,27.464148647579858,37.59726046126326,5860000.0,1790000.0
263,27.57453405140189,37.576611702546785,5870000.0,1790000.0
264,27.68486248775737,37.55583498547599,5880000.0,1790000.0
265,27.795133684338037,37.534930414362115,5890000.0,1790000.0
266,27.905347370472114,37.51389809395782,5900000.0,1790000.0
267,28.015503277128776,37.49273812945341,5910000.0,1790000.0
268,28.12560113692263,37.47145062647291,5920000.0,1790000.0
269,28.235640684117946,37.4500356910703,5930000.0,1790000.0
270,28.345621654632986,37.42849342972561,5940000.0,1790000.0
271,28.4555437860441,37.40682394934109,5950000.0,1790000.0
272,28.565406817589793,37.385027357237284,5960000.0,1790000.0
273,28.675210490174724,37.363103761149254,5970000.0,1790000.0
274,28.78495454637355,37.34105326922264,5980000.0,1790000.0
275,28.894638730434746,37.3188759900097,5990000.0,1790000.0
276,29.00426278828432,37.29657203246556,6000000.0,1790000.0
277,29.113826467529385,37.27414150594421,6010000.0,1790000.0
278,29.223329517461767,37.25158452019468,6020000.0,1790000.0
279,29.332771689061374,37.228901185357046,6030000.0,1790000.0
280,29.442152734999603,37.20609161195856,6040000.0,1790000.0
281,29.551472409642574,37.183155910909754,6050000.0,1790000.0
282,29.660730469054368,37.16009419350047,6060000.0,1790000.0
283,29.769926671000057,37.13690657139598,6070000.0,1790000.0
284,29.879060774948755,37.11359315663299,6080000.0,1790000.0
285,29.98813254207653,37.0901540616158,6090000.0,1790000.0
286,30.097141735269275,37.066589399112246,6100000.0,1790000.0
287,30.206088119125386,37.04289928224989,6110000.0,1790000.0
288,30.31497145995852,37.01908382451196,6120000.0,1790000.0
289,30.423791525800127,36.995143139733486,6130000.0,1790000.0
290,30.53254808640194,36.97107734209729,6140000.0,1790000.0
291,30.641240913238438,36.94688654613008,6150000.0,1790000.0
292,30.749869779509112,36.92257086669845,6160000.0,1790000.0
293,30.85843446014078,36.89813041900501,6170000.0,1790000.0
294,30.966934731789706,36.87356531858428,6180000.0,1790000.0
295,31.07537037284368,36.84887568129889,6190000.0,1790000.0
296,31.50846225957941,36.74887409202226,6230000.0,1790000.0
297,31.61657148421464,36.72356351955664,6240000.0,1790000.0
298,31.724614785050104,36.698129112068884,6250000.0,1790000.0
299,31.8325919526457,36.67257098760697,6260000.0,1790000.0
300,31.94050277930656,36.64688926451511,6270000.0,1790000.0
301,32.04834705908437,36.62108406142995,6280000.0,1790000.0
302,32.156124587778706,36.595155497276515,6290000.0,1790000.0
303,32.26383516293812,36.56910369126429,6300000.0,1790000.0
304,32.371478583861354,36.54292876288325,6310000.0,1790000.0
305,32.479054651598304,36.516630831899846,6320000.0,1790000.0
306,32.586563168950995,36.49021001835317,6330000.0,1790000.0
307,32.69400394047447,36.46366644255085,6340000.0,1790000.0
308,32.801376772477575,36.43700022506523,6350000.0,1790000.0
309,32.90868147302367,36.410211486729295,6360000.0,1790000.0
310,33.0159178519313,36.383300348632844,6370000.0,1790000.0
311,33.12308572077475,36.3562669321184,6380000.0,1790000.0
312,33.23018489288456,36.329111358777396,6390000.0,1790000.0
313,33.3372151833479,36.30183375044616,6400000.0,1790000.0
314,33.44417640900896,36.27443422920198,6410000.0,1790000.0
315,33.55106838846921,36.24691291735921,6420000.0,1790000.0
316,33.657890942087576,36.21926993746528,6430000.0,1790000.0
317,27.265841880490992,37.72636735156866,5840000.0,1800000.0
318,27.376471986962354,37.70594422641563,5850000.0,1800000.0
319,27.48704535792401,37.685392768940616,5860000.0,1800000.0
320,27.597561716500778,37.66471308316595,5870000.0,1800000.0
321,27.708020787457276,37.643905273565125,5880000.0,1800000.0
322,27.818422297202652,37.622969445058956,5890000.0,1800000.0
323,27.928765973795194,37.601905703011674,5900000.0,1800000.0
324,28.03905154694681,37.5807141532271,5910000.0,1800000.0
325,28.1492787480275,37.559394901944735,5920000.0,1800000.0
326,28.259447310069667,37.53794805583596,5930000.0,1800000.0
327,28.369556967772358,37.516373722000075,5940000.0,1800000.0
328,28.479607457505434,37.49467200796044,5950000.0,1800000.0
329,28.589598517313622,37.47284302166057,5960000.0,1800000.0
330,28.69952988692052,37.450886871460234,5970000.0,1800000.0
331,28.809401307732443,37.42880366613154,5980000.0,1800000.0
332,28.91921252284226,37.40659351485502,5990000.0,1800000.0
333,29.02896327703308,37.38425652721572,6000000.0,1800000.0
334,29.138653316781895,37.36179281319926,6010000.0,1800000.0
335,29.248282390263093,37.33920248318786,6020000.0,1800000.0
336,29.357850247351898,37.31648564795649,6030000.0,1800000.0
337,29.467356639627766,37.29364241866886,6040000.0,1800000.0
338,29.576801320377594,37.27067290687348,6050000.0,1800000.0
339,29.686184044598946,37.247577224499736,6060000.0,1800000.0
340,29.79550456900314,37.2243554838539,6070000.0,1800000.0
341,29.904762652018224,37.20100779761518,6080000.0,1800000.0
342,30.01395805379195,37.177534278831786,6090000.0,1800000.0
343,30.123090536194542,37.15393504091692,6100000.0,1800000.0
344,30.23215986282152,37.13021019764481,6110000.0,1800000.0
345,30.34116579899628,37.10635986314674,6120000.0,1800000.0
346,30.45010811177271,37.08238415190715,6130000.0,1800000.0
347,30.558986569937684,37.0582831787595,6140000.0,1800000.0
348,30.667800944013447,37.03405705888245,6150000.0,1800000.0
349,30.776551006259982,37.00970590779576,6160000.0,1800000.0
350,30.885236530677137,36.98522984135636,6170000.0,1800000.0
351,30.99385729300692,36.96062897575434,6180000.0,1800000.0
352,31.102413070735434,36.93590342750902,6190000.0,1800000.0
353,31.21090364309496,36.911053313464876,6200000.0,1800000.0
354,31.319328791065768,36.88607875078757,6210000.0,1800000.0
355,31.427688297378037,36.860979856960014,6220000.0,1800000.0
356,31.535981946513484,36.835756749778334,6230000.0,1800000.0
357,31.644209524707083,36.810409547347874,6240000.0,1800000.0
358,31.752370819948617,36.784938368079196,6250000.0,1800000.0
359,31.86046562198417,36.75934333068417,6260000.0,1800000.0
360,31.968493722317522,36.733624554171826,6270000.0,1800000.0
361,32.076454914211475,36.70778215784453,6280000.0,1800000.0
362,32.184348992689145,36.681816261293875,6290000.0,1800000.0
363,32.29217575453506,36.655726984396765,6300000.0,1800000.0
364,32.39993499829631,36.62951444731132,6310000.0,1800000.0
365,32.50762652428348,36.60317877047308,6320000.0,1800000.0
366,32.615250134571674,36.57672007459079,6330000.0,1800000.0
367,32.7228056330013,36.5501384806426,6340000.0,1800000.0
368,32.83029282517886,36.523434109871964,6350000.0,1800000.0
369,32.93771151847763,36.49660708378374,6360000.0,1800000.0
370,33.04506152203831,36.469657524140125,6370000.0,1800000.0
371,33.15234264676957,36.44258555295679,6380000.0,1800000.0
372,33.25955470534848,36.41539129249879,6390000.0,1800000.0
373,33.3666975122209,36.3880748652767,6400000.0,1800000.0
374,33.473770883601844,36.36063639404257,6410000.0,1800000.0
375,33.58077463747566,36.333076001786004,6420000.0,1800000.0
376,33.68770859359627,36.30539381173015,6430000.0,1800000.0
377,33.79457257348715,36.27758994732781,6440000.0,1800000.0
378,27.288558722741097,37.81454243857842,5840000.0,1810000.0
379,27.399320849775037,37.794088605268165,5850000.0,1810000.0
380,27.510025921706557,37.773506272438695,5860000.0,1810000.0
381,27.620673660346974,37.75279554472182,5870000.0,1810000.0
382,27.731263789160188,37.73195652720255,5880000.0,1810000.0
383,27.841796033267393,37.71098932541519,5890000.0,1810000.0
384,27.95227011945169,37.68989404533951,5900000.0,1810000.0
385,28.06268577616259,37.66867079339687,5910000.0,1810000.0
386,28.173042733520504,37.64731967644624,5920000.0,1810000.0
387,28.283340723321057,37.625840801780335,5930000.0,1810000.0
388,28.393579479039307,37.60423427712175,5940000.0,1810000.0
389,28.503758735833998,37.582500210618974,5950000.0,1810000.0
390,28.61387823055153,37.56063871084245,5960000.0,1810000.0
391,28.72393770173002,37.53864988678071,5970000.0,1810000.0
392,28.83393688960315,37.51653384783634,5980000.0,1810000.0
393,28.94387553610401,37.49429070382218,5990000.0,1810000.0
394,29.053753384868763,37.471920564957166,6000000.0,1810000.0
395,29.16357018124029,37.44942354186257,6010000.0,1810000.0
396,29.273325672271735,37.426799745557915,6020000.0,1810000.0
397,29.383019606729935,37.40404928745701,6030000.0,1810000.0
398,29.492651735098764,37.38117227936409,6040000.0,1810000.0
399,29.602221809582442,37.358168833469676,6050000.0,1810000.0
400,29.71172958410867,37.33503906234671,6060000.0,1810000.0
401,29.82117481433173,37.31178307894653,6070000.0,1810000.0
402,29.930557257635492,37.288400996594895,6080000.0,1810000.0
403,30.039876673136334,37.26489292898795,6090000.0,1810000.0
404,30.149132821685964,37.24125899018825,6100000.0,1810000.0
405,30.258325465874137,37.21749929462081,6110000.0,1810000.0
406,30.36745437003138,37.19361395706904,6120000.0,1810000.0
407,30.476519300231423,37.16960309267074,6130000.0,1810000.0
408,30.585520024293828,37.14546681691411,6140000.0,1810000.0
409,30.6944563117863,37.121205245633774,6150000.0,1810000.0
410,30.803327934027,37.0968184950067,6160000.0,1810000.0
411,30.91213466408677,37.07230668154821,6170000.0,1810000.0
412,31.020876276791295,37.047669922108,6180000.0,1810000.0
413,31.129552548723137,37.022908333866084,6190000.0,1810000.0
414,31.238163258223686,36.99802203432879,6200000.0,1810000.0
415,31.34670818539508,36.97301114132471,6210000.0,1810000.0
416,31.45518711210199,36.947875773000725,6220000.0,1810000.0
417,31.5635998219733,36.92261604781798,6230000.0,1810000.0
418,31.671946100403808,36.89723208454782,6240000.0,1810000.0
419,31.780225734555756,36.87172400226781,6250000.0,1810000.0
420,31.888438513360242,36.846091920357715,6260000.0,1810000.0
421,31.996584227518692,36.820335958495455,6270000.0,1810000.0
422,32.10466266950411,36.79445623665305,6280000.0,1810000.0
423,32.21267363356231,36.768452875092734,6290000.0,1810000.0
424,32.320616915713096,36.74232599436279,6300000.0,1810000.0
425,32.42849231375127,36.71607571529359,6310000.0,1810000.0
426,32.536299627247665,36.68970215899363,6320000.0,1810000.0
427,32.64403865755003,36.6632054468454,6330000.0,1810000.0
428,32.75170920778384,36.6365857005015,6340000.0,1810000.0
429,32.859311082853054,36.609843041880545,6350000.0,1810000.0
430,32.9668440894408,36.58297759316316,6360000.0,1810000.0
431,33.07430803600996,36.555989476788014,6370000.0,1810000.0
432,33.18170273280365,36.528878815447804,6380000.0,1810000.0
433,33.289027991845714,36.501645732085244,6390000.0,1810000.0
434,33.396283626941035,36.47429034988905,6400000.0,1810000.0
435,33.50346945367583,36.44681279229001,6410000.0,1810000.0
436,33.610585289417884,36.41921318295691,6420000.0,1810000.0
437,33.71763095331665,36.391491645792584,6430000.0,1810000.0
438,33.824606266303356,36.36364830492998,6440000.0,1810000.0
439,33.93151105109092,36.33568328472809,6450000.0,1810000.0
440,27.311358958073384,37.902698960976565,5840000.0,1820000.0
441,27.42225353668223,37.88221430511054,5850000.0,1820000.0
442,27.533090738537283,37.86160098201426,5860000.0,1820000.0
443,27.643870284130752,37.840859096932945,5870000.0,1820000.0
444,27.754591895620326,37.819988755567046,5880000.0,1820000.0
445,27.865255296833848,37.798990064068455,5890000.0,1820000.0
446,27.97586021327398,37.77786312903646,5900000.0,1820000.0
447,28.086406372122706,37.75660805751394,5910000.0,1820000.0
448,28.196893502245825,37.73522495698334,5920000.0,1820000.0
449,28.307321334197272,37.71371393536282,5930000.0,1820000.0
450,28.417689600223373,37.69207510100223,5940000.0,1820000.0
451,28.527998034267046,37.67030856267922,5950000.0,1820000.0
452,28.63824637197186,37.64841442959521,5960000.0,1820000.0
453,28.74843435068603,37.626392811371524,5970000.0,1820000.0
454,28.858561709466297,37.60424381804533,5980000.0,1820000.0
455,28.968628189081763,37.58196756006569,5990000.0,1820000.0
456,29.078633532017594,37.55956414828963,6000000.0,1820000.0
457,29.188577482478625,37.53703369397805,6010000.0,1820000.0
458,29.298459786392918,37.514376308791824,6020000.0,1820000.0
459,29.408280191415198,37.491592104787735,6030000.0,1820000.0
460,29.518038446930202,37.46868119441452,6040000.0,1820000.0
461,29.62773430405595,37.44564369050882,6050000.0,1820000.0
462,29.73736751564691,37.42247970629121,6060000.0,1820000.0
463,29.846937836297123,37.39918935536216,6070000.0,1820000.0
464,29.95644502234311,37.375772751697994,6080000.0,1820000.0
465,30.0658888318669,37.35223000964693,6090000.0,1820000.0
466,30.175269024698746,37.32856124392496,6100000.0,1820000.0
467,30.284585362419904,37.304766569611914,6110000.0,1820000.0
468,30.393837608365295,37.28084610214737,6120000.0,1820000.0
469,30.503025527626008,37.25679995732662,6130000.0,1820000.0
470,30.61214888705181,37.23262825129668,6140000.0,1820000.0
471,30.72120745525351,37.20833110055218,6150000.0,1820000.0
472,30.83020100260529,37.18390862193136,6160000.0,1820000.0
473,30.93912930124684,37.15936093261206,6170000.0,1820000.0
474,31.04799212508556,37.13468815010759,6180000.0,1820000.0
475,31.156789249798546,37.10989039226277,6190000.0,1820000.0
476,31.265520452834593,37.084967777249794,6200000.0,1820000.0
477,31.374185513415988,37.05992042356431,6210000.0,1820000.0
478,31.482784212540363,37.03474845002119,6220000.0,1820000.0
479,31.591316332982373,37.009451975750686,6230000.0,1820000.0
480,31.699781659295276,36.984031120194174,6240000.0,1820000.0
481,31.808179977812536,36.95848600310029,6250000.0,1820000.0
482,31.9165110766492,36.93281674452075,6260000.0,1820000.0
483,32.02477474570331,36.90702346480636,6270000.0,1820000.0
484,32.13297077665716,36.88110628460294,6280000.0,1820000.0
485,32.24109896297852,36.85506532484734,6290000.0,1820000.0
486,32.349159099921756,36.82890070676327,6300000.0,1820000.0
487,32.45715098452884,36.80261255185738,6310000.0,1820000.0
488,32.56507441563034,36.77620098191515,6320000.0,1820000.0
489,32.67292919384629,36.749666118996856,6330000.0,1820000.0
490,32.78071512158697,36.723008085433555,6340000.0,1820000.0
491,32.8884320030537,36.69622700382299,6350000.0,1820000.0
492,32.996079644239344,36.669322997025645,6360000.0,1820000.0
493,33.10365785292901,36.642296188160614,6370000.0,1820000.0
494,33.21116643870045,36.61514670060163,6380000.0,1820000.0
495,33.31860521292452,36.58787465797303,6390000.0,1820000.0
496,33.42597398876547,36.5604801841457,6400000.0,1820000.0
497,33.53327258118117,36.53296340323311,6410000.0,1820000.0
498,33.64050080692341,36.505324439587206,6420000.0,1820000.0
499,33.747658484537865,36.4775634177945,6430000.0,1820000.0
500,33.85474543436418,36.449680462671985,6440000.0,1820000.0
501,33.961761478535934,36.42167569926316,6450000.0,1820000.0
502,34.06870644098047,36.39354925283403,6460000.0,1820000.0
503,26.88956180458577,38.07160884757931,5800000.0,1830000.0
504,27.000817227601726,38.05160964538881,5810000.0,1830000.0
505,27.11201609015372,38.0314811889432,5820000.0,1830000.0
506,27.223158104744698,38.011223582236454,5830000.0,1830000.0
507,27.334242985536136,37.99083692973556,5840000.0,1830000.0
508,27.44527044835323,37.97032133637664,5850000.0,1830000.0
509,27.556240210689822,37.949676907561035,5860000.0,1830000.0
510,27.66715199171342,37.92890374915135,5870000.0,1830000.0
511,27.778005512269946,37.90800196746761,5880000.0,1830000.0
512,27.888800494888528,37.8869716692832,5890000.0,1830000.0
513,27.9995366637861,37.865812961821035,5900000.0,1830000.0
514,28.110213744871967,37.844525952749535,5910000.0,1830000.0
515,28.220831465752294,37.8231107501787,5920000.0,1830000.0
516,28.331389555734415,37.80156746265611,5930000.0,1830000.0
517,28.44188774583112,37.779896199163,5940000.0,1830000.0
518,28.55232576876487,37.7580970691102,5950000.0,1830000.0
519,28.662703358971807,37.73617018233422,5960000.0,1830000.0
520,28.773020252605846,37.714115649093216,5970000.0,1830000.0
521,28.883276187542474,37.691933580063,5980000.0,1830000.0
522,28.99347090338263,37.66962408633302,5990000.0,1830000.0
523,29.103604141456387,37.64718727940235,6000000.0,1830000.0
524,29.21367564482661,37.6246232711757,6010000.0,1830000.0
525,29.323685158292434,37.601932173959355,6020000.0,1830000.0
526,29.433632428392762,37.57911410045713,6030000.0,1830000.0
527,29.543517203409596,37.55616916376641,6040000.0,1830000.0
528,29.653339233371288,37.533097477374035,6050000.0,1830000.0
529,29.763098270055742,37.50989915515231,6060000.0,1830000.0
530,29.872794066993464,37.48657431135492,6070000.0,1830000.0
531,29.98242637947056,37.46312306061291,6080000.0,1830000.0
532,30.091994964531644,37.43954551793058,6090000.0,1830000.0
533,30.201499580982667,37.41584179868154,6100000.0,1830000.0
534,30.31093998939359,37.39201201860452,6110000.0,1830000.0
535,30.420315952101095,37.36805629379934,6120000.0,1830000.0
536,30.52962723321104,37.343974740722935,6130000.0,1830000.0
537,30.638873598601002,37.31976747618518,6140000.0,1830000.0
538,30.7480548159226,37.295434617344874,6150000.0,1830000.0
539,30.857170654603795,37.27097628170562,6160000.0,1830000.0
540,30.96622088585105,37.24639258711182,6170000.0,1830000.0
541,31.075205282651527,37.22168365174455,6180000.0,1830000.0
542,31.184123619774997,37.196849594117516,6190000.0,1830000.0
543,31.292975673775857,37.171890533072926,6200000.0,1830000.0
544,31.40176122299497,37.146806587777476,6210000.0,1830000.0
545,31.510480047561394,37.12159787771822,6220000.0,1830000.0
546,31.619131929394097,37.09626452269852,6230000.0,1830000.0
547,31.72771665220355,37.070806642833965,6240000.0,1830000.0
548,31.83623400149321,37.04522435854825,6250000.0,1830000.0
549,31.944683764561,37.019517790569196,6260000.0,1830000.0
550,32.0530657305006,36.993687059924554,6270000.0,1830000.0
551,32.16137969020273,36.96773228793801,6280000.0,1830000.0
552,32.26962543635637,36.941653596225045,6290000.0,1830000.0
553,32.377802763449765,36.915451106688955,6300000.0,1830000.0
554,32.485911467771544,36.889124941516656,6310000.0,1830000.0
555,32.59395134741155,36.862675223174705,6320000.0,1830000.0
556,32.70192220226179,36.83610207440521,6330000.0,1830000.0
557,32.809823834017145,36.80940561822172,6340000.0,1830000.0
558,32.91765604617609,36.78258597790521,6350000.0,1830000.0
559,33.02541864404129,36.75564327699996,6360000.0,1830000.0
560,33.13311143472012,36.72857763930955,6370000.0,1830000.0
561,33.24073422712519,36.70138918889282,6380000.0,1830000.0
562,33.348286831974626,36.674078050059705,6390000.0,1830000.0
563,33.455769061792445,36.646644347367264,6400000.0,1830000.0
564,33.56318073090872,36.619088205615675,6410000.0,1830000.0
565,33.67052165545977,36.591409749844054,6420000.0,1830000.0
566,33.777791653388206,36.56360910532654,6430000.0,1830000.0
567,33.8849905444429,36.53568639756821,6440000.0,1830000.0
568,33.99211815017898,36.507641752301,6450000.0,1830000.0
569,34.09917429395756,36.47947529547977,6460000.0,1830000.0
570,36.0137743165759,35.95179411375415,6640000.0,1830000.0
571,36.119441520211076,35.92133743593997,6650000.0,1830000.0
572,26.354200379603242,38.258053646077585,5750000.0,1840000.0
573,26.465870423617304,38.23867275156919,5760000.0,1840000.0
574,26.577485056088342,38.2191619158296,5770000.0,1840000.0
575,26.689043979858653,38.19952124103068,5780000.0,1840000.0
576,26.80054689941511,38.17975082983915,5790000.0,1840000.0
577,26.911993520894757,38.15985078541257,5800000.0,1840000.0
578,27.02338355209029,38.13982121139547,5810000.0,1840000.0
579,27.134716702455528,38.11966221191549,5820000.0,1840000.0
580,27.24599268311066,38.09937389157939,5830000.0,1840000.0
581,27.357211206847527,38.07895635546921,5840000.0,1840000.0
582,27.468371988134713,38.05840970913827,5850000.0,1840000.0
583,27.579474743122603,38.03773405860727,5860000.0,1840000.0
584,27.690519189648263,38.01692951036031,5870000.0,1840000.0
585,27.801505047240376,37.99599617134094,5880000.0,1840000.0
586,27.912432037123892,37.97493414894822,5890000.0,1840000.0
587,28.023299882224773,37.953743551032694,5900000.0,1840000.0
588,28.134108307174483,37.93242448589241,5910000.0,1840000.0
589,28.244857038314468,37.910977062269,5920000.0,1840000.0
590,28.355545803700586,37.88940138934357,5930000.0,1840000.0
591,28.46617433310727,37.867697576732795,5940000.0,1840000.0
592,28.576742358031836,37.84586573448481,5950000.0,1840000.0
593,28.68724961169849,37.82390597307529,5960000.0,1840000.0
594,28.797695829062363,37.801818403403345,5970000.0,1840000.0
595,28.908080746813397,37.77960313678756,5980000.0,1840000.0
596,29.018404103380185,37.7572602849618,5990000.0,1840000.0
597,29.128665638933644,37.7347899600714,6000000.0,1840000.0
598,29.238865095390672,37.71219227466894,6010000.0,1840000.0
599,29.3490022164177,37.68946734171024,6020000.0,1840000.0
600,29.459076747434075,37.6666152745503,6030000.0,1840000.0
601,29.569088435615473,37.64363618693926,6040000.0,1840000.0
602,29.679037029897138,37.620530193018276,6050000.0,1840000.0
603,29.788922280977005,37.59729740731551,6060000.0,1840000.0
604,29.89874394131884,37.57393794474201,6070000.0,1840000.0
605,30.008501765155213,37.550451920587655,6080000.0,1840000.0
606,30.118195508490345,37.52683945051703,6090000.0,1840000.0
607,30.227824929102965,37.50310065056537,6100000.0,1840000.0
608,30.337389786549007,37.47923563713451,6110000.0,1840000.0
609,30.44688984216426,37.455244526988686,6120000.0,1840000.0
610,30.556324859066834,37.431127437250545,6130000.0,1840000.0
611,30.665694602159682,37.406884485396986,6140000.0,1840000.0
612,30.77499883813293,37.382515789255095,6150000.0,1840000.0
613,30.884237335466146,37.35802146699796,6160000.0,1840000.0
614,30.99340986443053,37.333401637140724,6170000.0,1840000.0
615,31.10251619709097,37.30865641853633,6180000.0,1840000.0
616,31.211556107308137,37.283785930371465,6190000.0,1840000.0
617,31.32052937074031,37.25879029216251,6200000.0,1840000.0
618,31.429435764845262,37.23366962375136,6210000.0,1840000.0
619,31.53827506888201,37.208424045301314,6220000.0,1840000.0
620,31.647047063912456,37.18305367729301,6230000.0,1840000.0
621,31.755751532802954,37.157558640520314,6240000.0,1840000.0
622,31.86438826022585,37.13193905608617,6250000.0,1840000.0
623,31.972957032660844,37.10619504539854,6260000.0,1840000.0
624,32.08145763839632,37.08032673016628,6270000.0,1840000.0
625,32.18988986753062,37.05433423239497,6280000.0,1840000.0
626,32.29825351197312,37.028217674382944,6290000.0,1840000.0
627,32.406548365445424,37.00197717871704,6300000.0,1840000.0
628,32.51477422348221,36.97561286826863,6310000.0,1840000.0
629,32.62293088343228,36.949124866189415,6320000.0,1840000.0
630,32.731018144459256,36.92251329590737,6330000.0,1840000.0
631,32.839035807542466,36.895778281122645,6340000.0,1840000.0
632,32.94698367547744,36.86891994580346,6350000.0,1840000.0
633,33.05486155287663,36.84193841418205,6360000.0,1840000.0
634,33.16266924616988,36.81483381075053,6370000.0,1840000.0
635,33.2704065636048,36.78760626025678,6380000.0,1840000.0
636,33.37807331524719,36.76025588770049,6390000.0,1840000.0
637,33.48566931298123,36.73278281832892,6400000.0,1840000.0
638,33.593194370509714,36.70518717763294,6410000.0,1840000.0
639,33.70064830335417,36.67746909134289,6420000.0,1840000.0
640,33.80803092885485,36.649628685424574,6430000.0,1840000.0
641,33.91534206617074,36.62166608607511,6440000.0,1840000.0
642,34.02258153627939,36.59358141971893,6450000.0,1840000.0
643,34.12974916197677,36.56537481300372,6460000.0,1840000.0
644,35.94044369386482,36.06732934495249,6630000.0,1840000.0
645,36.04628988814197,36.03694969888044,6640000.0,1840000.0
646,36.152061215833186,36.006450555814475,6650000.0,1840000.0
647,36.257757535949914,35.97583204602361,6660000.0,1840000.0
648,26.376034880090305,38.34642734108578,5750000.0,1850000.0
649,26.48784156752323,38.32701682872636,5760000.0,1850000.0
650,26.599592528103145,38.307476200343245,5770000.0,1850000.0
651,26.71128746321784,38.28780555871368,5780000.0,1850000.0
652,26.82292607591275,38.26800500711203,5790000.0,1850000.0
653,26.93450807089658,38.24807464930586,5800000.0,1850000.0
654,27.04603315454685,38.228014589552075,5810000.0,1850000.0
655,27.15750103491529,38.20782493259291,5820000.0,1850000.0
656,27.268911421733225,38.187505783651986,5830000.0,1850000.0
657,27.380264026416768,38.16705724843046,5840000.0,1850000.0
658,27.49155856207199,38.14647943310292,5850000.0,1850000.0
659,27.602794743499985,38.125772444313476,5860000.0,1850000.0
660,27.71397228720176,38.104936389171826,5870000.0,1850000.0
661,27.82509091138316,38.08397137524918,5880000.0,1850000.0
662,27.936150335959585,38.062877510574246,5890000.0,1850000.0
663,28.04715028256067,38.041654903629386,5900000.0,1850000.0
664,28.158090474534863,38.0203036633464,5910000.0,1850000.0
665,28.26897063695389,37.99882389910258,5920000.0,1850000.0
666,28.379790496617133,37.977215720716735,5930000.0,1850000.0
667,28.490549782055908,37.95547923844509,5940000.0,1850000.0
668,28.6012482235377,37.93361456297725,5950000.0,1850000.0
669,28.711885553070196,37.91162180543213,5960000.0,1850000.0
670,28.822461504405325,37.88950107735395,5970000.0,1850000.0
671,28.932975813043168,37.86725249070814,5980000.0,1850000.0
672,29.043428216235746,37.84487615787728,5990000.0,1850000.0
673,29.15381845299077,37.82237219165698,6000000.0,1850000.0
674,29.264146264075258,37.7997407052519,6010000.0,1850000.0
675,29.37441139201904,37.77698181227153,6020000.0,1850000.0
676,29.484613581118257,37.7540956267262,6030000.0,1850000.0
677,29.594752577438648,37.73108226302295,6040000.0,1850000.0
678,29.704828128818843,37.707941835961456,6050000.0,1850000.0
679,29.814839984873522,37.68467446072988,6060000.0,1850000.0
680,29.92478789699648,37.66128025290079,6070000.0,1850000.0
681,30.0346716183636,37.63775932842704,6080000.0,1850000.0
682,30.144490903935747,37.61411180363766,6090000.0,1850000.0
683,30.254245510461583,37.590337795233765,6100000.0,1850000.0
684,30.363935196480234,37.566437420284366,6110000.0,1850000.0
685,30.473559722323955,37.542410796222306,6120000.0,1850000.0
686,30.583118850120602,37.51825804084011,6130000.0,1850000.0
687,30.692612343796107,37.49397927228587,6140000.0,1850000.0
688,30.802039969076834,37.46957460905908,6150000.0,1850000.0
689,30.91140149349177,37.445044170006575,6160000.0,1850000.0
690,31.020696686374784,37.420388074318296,6170000.0,1850000.0
691,31.12992531886663,37.39560644152325,6180000.0,1850000.0
692,31.239087163916977,37.370699391485324,6190000.0,1850000.0
693,31.34818199628631,37.34566704439914,6200000.0,1850000.0
694,31.457209592547752,37.32050952078597,6210000.0,1850000.0
695,31.566169731088767,37.295226941489524,6220000.0,1850000.0
696,31.675062192112797,37.26981942767187,6230000.0,1850000.0
697,31.783886757640907,37.24428710080929,6240000.0,1850000.0
698,31.89264321151313,37.21863008268811,6250000.0,1850000.0
699,32.00133133938993,37.192848495400575,6260000.0,1850000.0
700,32.10995092875348,37.16694246134075,6270000.0,1850000.0
701,32.2185017689089,37.14091210320034,6280000.0,1850000.0
702,32.32698365098535,37.114757543964544,6290000.0,1850000.0
703,32.43539636793711,37.088478906907966,6300000.0,1850000.0
704,32.54373971454452,37.06207631559045,6310000.0,1850000.0
705,32.65201348741489,37.035549893853016,6320000.0,1850000.0
706,32.76021748498326,37.008899765813595,6330000.0,1850000.0
707,32.868351507513154,36.982126055863084,6340000.0,1850000.0
708,32.97641535709722,36.95522888866105,6350000.0,1850000.0
709,33.08440883765771,36.92820838913168,6360000.0,1850000.0
710,33.19233175494706,36.901064682459726,6370000.0,1850000.0
711,33.30018391654821,36.873797894086316,6380000.0,1850000.0
712,33.407965131874946,36.846408149704835,6390000.0,1850000.0
713,33.515675212172134,36.81889557525685,6400000.0,1850000.0
714,33.62331397051585,36.791260296927994,6410000.0,1850000.0
715,33.73088122181351,36.76350244114391,6420000.0,1850000.0
716,33.8383767828038,36.73562213456603,6430000.0,1850000.0
717,33.94580047205667,36.70761950408761,6440000.0,1850000.0
718,34.05315210997314,36.679494676829606,6450000.0,1850000.0
719,34.160431518785046,36.65124778013657,6460000.0,1850000.0
720,34.26763852255482,36.62287894157253,6470000.0,1850000.0
721,35.97296701847389,36.152498310297084,6630000.0,1850000.0
722,36.07891798888518,36.12207617029458,6640000.0,1850000.0
723,36.18479369961206,36.09153441749586,6650000.0,1850000.0
724,36.29059400934224,36.06087318286851,6660000.0,1850000.0
725,26.509894140655756,38.41534329637798,5760000.0,1860000.0
726,26.733613282390447,38.3760720418057,5780000.0,1860000.0
727,26.845388038396266,38.35624123642631,5790000.0,1860000.0
728,26.957105854967303,38.33628045132845,5800000.0,1860000.0
729,27.068766437059416,38.31618979138541,5810000.0,1860000.0
730,27.180369491315965,38.295969361958136,5820000.0,1860000.0
731,27.291914726073173,38.275619268891205,5830000.0,1860000.0
732,27.403401851365395,38.25513961850895,5840000.0,1860000.0
733,27.51483057893024,38.234530517611304,5850000.0,1860000.0
734,27.626200622213666,38.21379207346999,5860000.0,1860000.0
735,27.737511696374952,38.1929243938243,5870000.0,1860000.0
736,27.84876351829153,38.17192758687727,5880000.0,1860000.0
737,27.959955806563805,38.150801761291454,5890000.0,1860000.0
738,28.071088281519785,38.129547026185065,5900000.0,1860000.0
739,28.182160665219705,38.108163491127804,5910000.0,1860000.0
740,28.293172681460486,38.08665126613683,5920000.0,1860000.0
741,28.404124055780134,38.06501046167277,5930000.0,1860000.0
742,28.515014515462006,38.043241188635555,5940000.0,1860000.0
743,28.62584378953907,38.02134355836036,5950000.0,1860000.0
744,28.73661160879791,37.999317682613594,5960000.0,1860000.0
745,28.84731770578284,37.977163673588734,5970000.0,1860000.0
746,28.95796181479973,37.95488164390224,5980000.0,1860000.0
747,29.068543671919866,37.93247170658951,5990000.0,1860000.0
748,29.179063014983665,37.90993397510068,6000000.0,1860000.0
749,29.289519583604296,37.887268563296594,6010000.0,1860000.0
750,29.399913119171195,37.86447558544469,6020000.0,1860000.0
751,29.510243364853547,37.84155515621474,6030000.0,1860000.0
752,29.620510065603604,37.81850739067495,6040000.0,1860000.0
753,29.730712968159935,37.795332404287635,6050000.0,1860000.0
754,29.84085182105059,37.77203031290516,6060000.0,1860000.0
755,29.950926374596186,37.74860123276582,6070000.0,1860000.0
756,30.06093638091282,37.725045280489645,6080000.0,1860000.0
757,30.17088159391503,37.701362573074334,6090000.0,1860000.0
758,30.280761769318534,37.677553227890996,6100000.0,1860000.0
759,30.390576664642914,37.65361736268008,6110000.0,1860000.0
760,30.500326039214297,37.62955509554718,6120000.0,1860000.0
761,30.610009654167747,37.605366544958976,6130000.0,1860000.0
762,30.71962727244983,37.581051829738854,6140000.0,1860000.0
763,30.829178658820833,37.55661106906302,6150000.0,1860000.0
764,30.938663579857067,37.53204438245612,6160000.0,1860000.0
765,31.048081803953014,37.50735188978718,6170000.0,1860000.0
766,31.15743310132335,37.48253371126544,6180000.0,1860000.0
767,31.266717244005,37.45758996743613,6190000.0,1860000.0
768,31.375934005858948,37.43252077917636,6200000.0,1860000.0
769,31.485083162572067,37.40732626769094,6210000.0,1860000.0
770,31.594164491658834,37.382006554508166,6220000.0,1860000.0
771,31.703177772462954,37.35656176147573,6230000.0,1860000.0
772,31.812122786158863,37.3309920107565,6240000.0,1860000.0
773,31.920999315753242,37.305297424824346,6250000.0,1860000.0
774,32.029807146086306,37.27947812645998,6260000.0,1860000.0
775,32.13854606383314,37.25353423874686,6270000.0,1860000.0
776,32.247215857504855,37.2274658850669,6280000.0,1860000.0
777,32.35581631744971,37.201273189096376,6290000.0,1860000.0
778,32.464347235854135,37.17495627480183,6300000.0,1860000.0
779,32.572808406743654,37.148515266435716,6310000.0,1860000.0
780,32.68119962598379,37.121950288532474,6320000.0,1860000.0
781,32.78952069128072,37.09526146590419,6330000.0,1860000.0
782,32.89777140218212,37.06844892363656,6340000.0,1860000.0
783,33.00595156007766,37.04151278708462,6350000.0,1860000.0
784,33.114060968199546,37.01445318186877,6360000.0,1860000.0
785,33.22209943162299,36.987270233870404,6370000.0,1860000.0
786,33.330066757266565,36.95996406922799,6380000.0,1860000.0
787,33.437962753892485,36.932534814332755,6390000.0,1860000.0
788,33.545787232106775,36.904982595824656,6400000.0,1860000.0
789,33.653540004359435,36.877307540588205,6410000.0,1860000.0
790,33.76122088494449,36.84950977574833,6420000.0,1860000.0
791,33.868829689999885,36.821589428666286,6430000.0,1860000.0
792,33.97636623750749,36.79354662693549,6440000.0,1860000.0
793,34.083830347292775,36.76538149837742,6450000.0,1860000.0
794,34.19122184102464,36.73709417103758,6460000.0,1860000.0
795,34.298540542215044,36.70868477318125,6470000.0,1860000.0
796,34.40578627621856,36.680153433289476,6480000.0,1860000.0
797,35.89947157607335,36.26798318896862,6620000.0,1860000.0
798,36.00560309567088,36.23763827049673,6630000.0,1860000.0
799,36.11165910372533,36.20717349170374,6640000.0,1860000.0
800,36.21763945678101,36.17658898411663,6650000.0,1860000.0
801,36.323544013204994,36.14588487940543,6660000.0,1860000.0
802,26.419947193761388,38.52312225213576,5750000.0,1870000.0
803,26.532028539040404,38.50365216840787,5760000.0,1870000.0
804,27.09158380442614,38.40434682806707,5810000.0,1870000.0
805,27.203322478158682,38.38409551063518,5820000.0,1870000.0
806,27.31500300431741,38.36371435737184,5830000.0,1870000.0
807,27.42662509154881,38.343203475228634,5840000.0,1870000.0
808,27.53818845021608,38.32256297163506,5850000.0,1870000.0
809,27.649692792404196,38.30179295449447,5860000.0,1870000.0
810,27.761137831924998,38.28089353218003,5870000.0,1870000.0
811,27.872523284321936,38.25986481353064,5880000.0,1870000.0
812,27.983848866874943,38.23870690784692,5890000.0,1870000.0
813,28.095114298605093,38.21741992488709,5900000.0,1870000.0
814,28.206319300279194,38.19600397486292,5910000.0,1870000.0
815,28.317463594414292,38.174459168435625,5920000.0,1870000.0
816,28.42854690528205,38.15278561671179,5930000.0,1870000.0
817,28.539568958913062,38.130983431239265,5940000.0,1870000.0
818,28.650529483101046,38.10905272400305,5950000.0,1870000.0
819,28.76142820740697,38.08699360742114,5960000.0,1870000.0
820,28.872264863163032,38.06480619434051,5970000.0,1870000.0
821,28.983039183476592,38.04249059803287,5980000.0,1870000.0
822,29.093750903234003,38.02004693219062,5990000.0,1870000.0
823,29.2043997591043,37.99747531092264,6000000.0,1870000.0
824,29.314985489542853,37.97477584875021,6010000.0,1870000.0
825,29.42550783479491,37.95194866060283,6020000.0,1870000.0
826,29.535966536898968,37.928993861814085,6030000.0,1870000.0
827,29.646361339690227,37.90591156811743,6040000.0,1870000.0
828,29.75669198880372,37.882701895642086,6050000.0,1870000.0
829,29.866958231677557,37.85936496090887,6060000.0,1870000.0
830,29.977159817555933,37.835900880826024,6070000.0,1870000.0
831,30.087296497492108,37.81230977268497,6080000.0,1870000.0
832,30.1973680243513,37.78859175415626,6090000.0,1870000.0
833,30.307374152813427,37.76474694328529,6100000.0,1870000.0
834,30.417314639375846,37.74077545848814,6110000.0,1870000.0
835,30.52718924235588,37.71667741854744,6120000.0,1870000.0
836,30.636997721893394,37.69245294260811,6130000.0,1870000.0
837,30.746739839953147,37.66810215017325,6140000.0,1870000.0
838,30.85641536032715,37.64362516109983,6150000.0,1870000.0
839,30.966024048636882,37.61902209559463,6160000.0,1870000.0
840,31.075565672335426,37.594293074209986,6170000.0,1870000.0
841,31.185040000709517,37.56943821783953,6180000.0,1870000.0
842,31.29444680488152,37.54445764771411,6190000.0,1870000.0
843,31.403785857811258,37.519351485397515,6200000.0,1870000.0
844,31.513056934297843,37.49411985278231,6210000.0,1870000.0
845,31.62225981098133,37.46876287208561,6220000.0,1870000.0
846,31.731394266344324,37.443280665844924,6230000.0,1870000.0
847,31.840460080713513,37.41767335691389,6240000.0,1870000.0
848,31.949457036261077,37.391941068458124,6250000.0,1870000.0
849,32.058384917006045,37.366083923951074,6260000.0,1870000.0
850,32.16724350881553,37.340102047169694,6270000.0,1870000.0
851,32.2760325994059,37.31399556219038,6280000.0,1870000.0
852,32.3847519783439,37.28776459338464,6290000.0,1870000.0
853,32.49340143704756,37.26140926541507,6300000.0,1870000.0
854,32.6019807687872,37.23492970323101,6310000.0,1870000.0
855,32.71048976868621,37.20832603206445,6320000.0,1870000.0
856,32.81892823372178,37.18159837742578,6330000.0,1870000.0
857,32.92729596272561,37.154746865099675,6340000.0,1870000.0
858,33.03559275638444,37.12777162114086,6350000.0,1870000.0
859,33.14381841724054,37.10067277186993,6360000.0,1870000.0
860,33.251972749692165,37.07345044386923,6370000.0,1870000.0
861,33.36005555999385,37.046104763978605,6380000.0,1870000.0
862,33.46806665625669,37.01863585929131,6390000.0,1870000.0
863,33.57600584844846,36.991043857149776,6400000.0,1870000.0
864,33.68387294839372,36.9633288851415,6410000.0,1870000.0
865,33.79166776977388,36.935491071094866,6420000.0,1870000.0
866,33.899390128127045,36.907530543074984,6430000.0,1870000.0
867,34.00703984084793,36.87944742937954,6440000.0,1870000.0
868,34.11461672718757,36.85124185853469,6450000.0,1870000.0
869,34.222120608253086,36.82291395929088,6460000.0,1870000.0
870,34.32955130700725,36.7944638606187,6470000.0,1870000.0
871,34.43690864826805,36.76589169170483,6480000.0,1870000.0
872,35.932115196629326,36.35313677500935,6620000.0,1870000.0
873,36.03835241292011,36.32274918920777,6630000.0,1870000.0
874,36.144513720451826,36.29224162618594,6640000.0,1870000.0
875,36.25059897543941,36.261614218177314,6650000.0,1870000.0
876,36.35660803593232,36.23086709755821,6660000.0,1870000.0
877,26.44202579806449,38.611443496682654,5750000.0,1880000.0
878,26.890561929398284,38.53265989987528,5790000.0,1880000.0
879,27.00255274035073,38.51263791627737,5800000.0,1880000.0
880,27.11448566417695,38.492485710411046,5810000.0,1880000.0
881,27.226360404684474,38.47220338888701,5820000.0,1880000.0
882,27.33817666740066,38.45179105880413,5830000.0,1880000.0
883,27.44993415957801,38.43124882774549,5840000.0,1880000.0
884,27.56163259019931,38.41057680377424,5850000.0,1880000.0
885,27.67327166998277,38.389775095429606,5860000.0,1880000.0
886,27.784851111387,38.36884381172273,5870000.0,1880000.0
887,27.89637062861588,38.347783062132656,5880000.0,1880000.0
888,28.00782993762341,38.32659295660218,5890000.0,1880000.0
889,28.119228756118375,38.305273605533756,5900000.0,1880000.0
890,28.23056680356895,38.28382511978544,5910000.0,1880000.0
891,28.341843801207215,38.2622476106667,5920000.0,1880000.0
892,28.45305947203355,38.24054118993432,5930000.0,1880000.0
893,28.564213540820923,38.21870596978826,5940000.0,1880000.0
894,28.67530573411914,38.196742062867514,5950000.0,1880000.0
895,28.78633578025892,38.17464958224603,5960000.0,1880000.0
896,28.897303409355924,38.15242864142839,5970000.0,1880000.0
897,29.008208353314675,38.13007935434586,5980000.0,1880000.0
898,29.11905034583238,38.10760183535204,5990000.0,1880000.0
899,29.229829122402634,38.084996199218835,6000000.0,1880000.0
900,29.34054442031907,38.06226256113219,6010000.0,1880000.0
901,29.45119597867886,38.03940103668794,6020000.0,1880000.0
902,29.5617835383862,38.016411741887644,6030000.0,1880000.0
903,29.672306842155596,37.99329479313434,6040000.0,1880000.0
904,29.782765634515147,37.970050307228405,6050000.0,1880000.0
905,29.893159661809648,37.94667840136338,6060000.0,1880000.0
906,30.00348867220371,37.923179193121626,6070000.0,1880000.0
907,30.113752415684655,37.8995528004703,6080000.0,1880000.0
908,30.223950644065408,37.87579934175704,6090000.0,1880000.0
909,30.334083110987308,37.851918935705775,6100000.0,1880000.0
910,30.44414957192269,37.8279117014125,6110000.0,1880000.0
911,30.554149784177564,37.80377775834109,6120000.0,1880000.0
912,30.66408350689406,37.779517226319065,6130000.0,1880000.0
913,30.773950501052806,37.75513022553336,6140000.0,1880000.0
914,30.883750529475304,37.73061687652609,6150000.0,1880000.0
915,30.993483356826097,37.70597730019038,6160000.0,1880000.0
916,31.103148749614874,37.68121161776606,6170000.0,1880000.0
917,31.212746476198554,37.65631995083552,6180000.0,1880000.0
918,31.322276306783174,37.631302421319404,6190000.0,1880000.0
919,31.43173801342579,37.60615915147246,6200000.0,1880000.0
920,31.541131370036204,37.58089026387923,6210000.0,1880000.0
921,31.650456152378663,37.555495881449914,6220000.0,1880000.0
922,31.759712138073382,37.52997612741602,6230000.0,1880000.0
923,31.86889910659811,37.50433112532629,6240000.0,1880000.0
924,31.978016839289502,37.478560999042294,6250000.0,1880000.0
925,32.08706511934444,37.45266587273436,6260000.0,1880000.0
926,32.19604373182124,37.426645870877266,6270000.0,1880000.0
927,32.30495246364083,37.40050111824601,6280000.0,1880000.0
928,32.41379110358779,37.37423173991165,6290000.0,1880000.0
929,32.522559442311334,37.34783786123702,6300000.0,1880000.0
930,32.63125727232617,37.321319607872475,6310000.0,1880000.0
931,32.73988438801327,37.29467710575184,6320000.0,1880000.0
932,32.84844058562072,37.26791048108798,6330000.0,1880000.0
933,32.95692566326416,37.24101986036877,6340000.0,1880000.0
934,33.06533942092749,37.2140053703527,6350000.0,1880000.0
935,33.17368166046321,37.1868671380649,6360000.0,1880000.0
936,33.281952185592914,37.15960529079267,6370000.0,1880000.0
937,33.39015080190749,37.13221995608154,6380000.0,1880000.0
938,33.49827731686739,37.10471126173086,6390000.0,1880000.0
939,33.60633153980275,37.07707933578973,6400000.0,1880000.0
940,33.71431328191342,37.04932430655277,6410000.0,1880000.0
941,33.822222356268995,37.02144630255592,6420000.0,1880000.0
942,33.930058577808644,36.99344545257231,6430000.0,1880000.0
943,34.03782176334096,36.965321885608006,6440000.0,1880000.0
944,34.14551173154369,36.93707573089793,6450000.0,1880000.0
945,34.25312830296338,36.9087071179016,6460000.0,1880000.0
946,34.36067130001497,36.88021617629904,6470000.0,1880000.0
947,34.468140546981274,36.85160303598658,6480000.0,1880000.0
948,34.57553587001244,36.82286782707272,6490000.0,1880000.0
949,35.004374511105745,36.70670891476748,6530000.0,1880000.0
950,35.11139767201939,36.67736532161035,6540000.0,1880000.0
951,35.21834590507058,36.64790044472671,6550000.0,1880000.0
952,35.3252190494582,36.61831441559451,6560000.0,1880000.0
953,35.4320169462412,36.58860736587091,6570000.0,1880000.0
954,35.96487228318893,36.438261428409085,6620000.0,1880000.0
955,36.07121546057798,36.407831029456204,6630000.0,1880000.0
956,36.17748232974261,36.37728053618602,6640000.0,1880000.0
957,36.2836727465714,36.34661008154237,6650000.0,1880000.0
958,36.38978656879935,36.31581979861172,6660000.0,1880000.0
959,36.495823656005925,36.284909820619106,6670000.0,1880000.0
960,36.60178386961322,36.253880280924164,6680000.0,1880000.0
961,26.80108876420321,38.64076460983977,5780000.0,1890000.0
962,26.913274668764974,38.620842357479304,5790000.0,1890000.0
963,27.02540265601172,38.600789601574135,5800000.0,1890000.0
964,27.137472426595416,38.580606448871464,5810000.0,1890000.0
965,27.249483682896102,38.5602930066131,5820000.0,1890000.0
966,27.361436129027325,38.53984938253136,5830000.0,1890000.0
967,27.47332947084147,38.519275684844935,5840000.0,1890000.0
968,27.585163415934918,38.49857202225489,5850000.0,1890000.0
969,27.69693767365318,38.47773850394048,5860000.0,1890000.0
970,27.808651955095943,38.456775239555064,5870000.0,1890000.0
971,27.9203059731219,38.435682339222026,5880000.0,1890000.0
972,28.031899442353616,38.41445991353058,5890000.0,1890000.0
973,28.143432079182237,38.393108073531664,5900000.0,1890000.0
974,28.254903601772092,38.37162693073384,5910000.0,1890000.0
975,28.366313730065183,38.35001659709905,5920000.0,1890000.0
976,28.477662185785633,38.32827718503854,5930000.0,1890000.0
977,28.58894869244395,38.30640880740864,5940000.0,1890000.0
978,28.700172975341307,38.28441157750665,5950000.0,1890000.0
979,28.81133476157361,38.262285609066595,5960000.0,1890000.0
980,28.92243378003552,38.240031016255074,5970000.0,1890000.0
981,29.0334697614244,38.21764791366707,5980000.0,1890000.0
982,29.14444243824408,38.19513641632174,5990000.0,1890000.0
983,29.255351544808676,38.17249663965822,6000000.0,1890000.0
984,29.36619681724611,38.14972869953143,6010000.0,1890000.0
985,29.476977993501702,38.12683271220782,6020000.0,1890000.0
986,29.587694813341592,38.10380879436123,6030000.0,1890000.0
987,29.698347018356056,38.08065706306854,6040000.0,1890000.0
988,29.8089343519628,38.05737763580559,6050000.0,1890000.0
989,29.919456559410015,38.03397063044285,6060000.0,1890000.0
990,30.029913387779494,38.010436165241224,6070000.0,1890000.0
991,30.14030458598957,37.986774358847796,6080000.0,1890000.0
992,30.25062990479795,37.96298533029161,6090000.0,1890000.0
993,30.360889096804506,37.939069198979446,6100000.0,1890000.0
994,30.471081916453926,37.91502608469146,6110000.0,1890000.0
995,30.58120812003828,37.8908561075771,6120000.0,1890000.0
996,30.691267465699518,37.86655938815075,6130000.0,1890000.0
997,30.80125971343182,37.84213604728749,6140000.0,1890000.0
998,30.911184625083976,37.817586206218834,6150000.0,1890000.0
999,31.021041964361462,37.79290998652855,6160000.0,1890000.0
1000,31.13083149682862,37.768107510148305,6170000.0,1890000.0
1001,31.240552989910697,37.74317889935347,6180000.0,1890000.0
1002,31.350206212895692,37.718124276758786,6190000.0,1890000.0
1003,31.459790936936265,37.692943765314226,6200000.0,1890000.0
1004,31.569306935051415,37.66763748830061,6210000.0,1890000.0
1005,31.678753982128182,37.64220556932547,6220000.0,1890000.0
1006,31.788131854923158,37.616648132318645,6230000.0,1890000.0
1007,31.897440332064015,37.59096530152812,6240000.0,1890000.0
1008,32.006679194050854,37.565157201515795,6250000.0,1890000.0
1009,32.11584822325748,37.53922395715312,6260000.0,1890000.0
1010,32.224947203932636,37.5131656936169,6270000.0,1890000.0
1011,32.33397592220111,37.48698253638509,6280000.0,1890000.0
1012,32.442934166064795,37.460674611232406,6290000.0,1890000.0
1013,32.551821725403585,37.43424204422623,6300000.0,1890000.0
1014,32.66063839197622,37.407684961722225,6310000.0,1890000.0
1015,32.76938395942113,37.38100349036019,6320000.0,1890000.0
1016,32.87805822325705,37.35419775705974,6330000.0,1890000.0
1017,32.98666098088364,37.32726788901611,6340000.0,1890000.0
1018,33.095192031582044,37.3002140136959,6350000.0,1890000.0
1019,33.20365117651521,37.2730362588328,6360000.0,1890000.0
1020,33.31203821872839,37.24573475242345,6370000.0,1890000.0
1021,33.42035296314924,37.21830962272312,6380000.0,1890000.0
1022,33.52859521658814,37.190760998241494,6390000.0,1890000.0
1023,33.63676478773823,37.1630890077385,6400000.0,1890000.0
1024,33.74486148717539,37.135293780220074,6410000.0,1890000.0
1025,33.85288512735827,37.1073754449339,6420000.0,1890000.0
1026,33.960835522628074,37.07933413136522,6430000.0,1890000.0
1027,34.06871248920835,37.051169969232696,6440000.0,1890000.0
1028,34.17651584520471,37.0228830884841,6450000.0,1890000.0
1029,34.284245410604406,36.994473619292194,6460000.0,1890000.0
1030,34.39190100727594,36.965941692050514,6470000.0,1890000.0
1031,34.49948245896844,36.9372874373692,6480000.0,1890000.0
1032,34.606989591311084,36.90851098607079,6490000.0,1890000.0
1033,34.71442223181245,36.87961246918608,6500000.0,1890000.0
1034,34.82178020985966,36.85059201794994,6510000.0,1890000.0
1035,34.9290633567176,36.821449763797126,6520000.0,1890000.0
1036,35.03627150552797,36.79218583835819,6530000.0,1890000.0
1037,35.14340449130832,36.76280037345526,6540000.0,1890000.0
1038,35.250462150950945,36.73329350109799,6550000.0,1890000.0
1039,35.357444323221785,36.703665353479295,6560000.0,1890000.0
1040,35.46435084875916,36.67391606297133,6570000.0,1890000.0
1041,35.57118157007253,36.64404576212139,6580000.0,1890000.0
1042,36.10419273191208,36.49288375363367,6630000.0,1890000.0
1043,36.210565425183056,36.46229018351152,6640000.0,1890000.0
1044,36.3168612640648,36.43157653543606,6650000.0,1890000.0
1045,36.423080105981,36.40074294320783,6660000.0,1890000.0
1046,36.52922181021176,36.36978954076575,6670000.0,1890000.0
1047,26.823747949663712,38.72895987912718,5780000.0,1900000.0
1048,26.93607181585774,38.709006914058804,5790000.0,1900000.0
1049,27.04833743448201,38.68892326973638,5800000.0,1900000.0
1050,27.16054450474078,38.668709053540105,5810000.0,1900000.0
1051,27.272692727580182,38.64836437334714,5820000.0,1900000.0
1052,27.38478180569366,38.62788933752741,5830000.0,1900000.0
1053,27.496811443527324,38.60728405493949,5840000.0,1900000.0
1054,27.608781347285124,38.586548634926544,5850000.0,1900000.0
1055,27.720691224934,38.565683187312125,5860000.0,1900000.0
1056,27.832540786208924,38.54468782239606,5870000.0,1900000.0
1057,27.944329742617775,38.52356265095031,5880000.0,1900000.0
1058,28.05605780744622,38.50230778421476,5890000.0,1900000.0
1059,28.167724695762367,38.48092333389313,5900000.0,1900000.0
1060,28.27933012442145,38.4594094121487,5910000.0,1900000.0
1061,28.390873812070303,38.437766131600235,5920000.0,1900000.0
1062,28.50235547915181,38.41599360531767,5930000.0,1900000.0
1063,28.61377484790918,38.394091946818044,5940000.0,1900000.0
1064,28.72513164239023,38.372061270061174,5950000.0,1900000.0
1065,28.83642558845147,38.349901689445524,5960000.0,1900000.0
1066,28.94765641376208,38.32761331980398,5970000.0,1900000.0
1067,29.058823847807925,38.30519627639957,5980000.0,1900000.0
1068,29.169927621895322,38.282650674921285,5990000.0,1900000.0
1069,29.280967469154763,38.259976631479816,6000000.0,1900000.0
1070,29.391943124544543,38.237174262603375,6010000.0,1900000.0
1071,29.502854324854294,38.21424368523334,6020000.0,1900000.0
1072,29.613700808708433,38.19118501672011,6030000.0,1900000.0
1073,29.724482316569446,38.16799837481877,6040000.0,1900000.0
1074,29.83519859074117,38.14468387768492,6050000.0,1900000.0
1075,29.945849375371907,38.12124164387032,6060000.0,1900000.0
1076,30.05643441645745,38.09767179231868,6070000.0,1900000.0
1077,30.166953461844084,38.073974442361376,6080000.0,1900000.0
1078,30.277406261231345,38.050149713713196,6090000.0,1900000.0
1079,30.38779256617486,38.026197726468006,6100000.0,1900000.0
1080,30.498112130088945,38.002118601094544,6110000.0,1900000.0
1081,30.608364708249198,37.977912458432115,6120000.0,1900000.0
1082,30.718550057794936,37.953579419686264,6130000.0,1900000.0
1083,30.828667937731602,37.929119606424585,6140000.0,1900000.0
1084,30.938718108933003,37.90453314057231,6150000.0,1900000.0
1085,31.04870033414355,37.87982014440815,6160000.0,1900000.0
1086,31.158614377980292,37.8549807405599,6170000.0,1900000.0
1087,31.268460006934944,37.83001505200025,6180000.0,1900000.0
1088,31.378236989375754,37.804923202042374,6190000.0,1900000.0
1089,31.487945095549406,37.77970531433576,6200000.0,1900000.0
1090,31.59758409758265,37.754361512861834,6210000.0,1900000.0
1091,31.70715376948395,37.72889192192971,6220000.0,1900000.0
1092,31.816653887145048,37.703296666171894,6230000.0,1900000.0
1093,31.926084228342418,37.67757587053997,6240000.0,1900000.0
1094,32.0354445727386,37.65172966030035,6250000.0,1900000.0
1095,32.14473470188348,37.62575816102994,6260000.0,1900000.0
1096,32.25395439921543,37.59966149861194,6270000.0,1900000.0
1097,32.36310345006248,37.57343979923139,6280000.0,1900000.0
1098,32.47218164164328,37.54709318937108,6290000.0,1900000.0
1099,32.58118876306798,37.52062179580714,6300000.0,1900000.0
1100,32.6901246053391,37.494025745604816,6310000.0,1900000.0
1101,32.79898896135226,37.46730516611416,6320000.0,1900000.0
1102,32.907781625896824,37.44046018496576,6330000.0,1900000.0
1103,33.01650239565651,37.4134909300665,6340000.0,1900000.0
1104,33.12515106920981,37.38639752959525,6350000.0,1900000.0
1105,33.233727447030404,37.359180111998654,6360000.0,1900000.0
1106,33.34223133148755,37.33183880598674,6370000.0,1900000.0
1107,33.45066252684618,37.304373740528845,6380000.0,1900000.0
1108,33.55902083926717,37.2767850448492,6390000.0,1900000.0
1109,33.66730607680735,37.24907284842277,6400000.0,1900000.0
1110,33.775518049419446,37.22123728097096,6410000.0,1900000.0
1111,33.883656568952055,37.1932784724574,6420000.0,1900000.0
1112,33.99172144914943,37.16519655308372,6430000.0,1900000.0
1113,34.09971250565121,37.13699165328519,6440000.0,1900000.0
1114,34.2076295559921,37.10866390372673,6450000.0,1900000.0
1115,34.31547241960139,37.080213435298475,6460000.0,1900000.0
1116,34.423240917802545,37.05164037911162,6470000.0,1900000.0
1117,34.53093487381255,37.02294486649423,6480000.0,1900000.0
1118,34.638554112741296,36.99412702898704,6490000.0,1900000.0
1119,34.74609846159083,36.965186998339206,6500000.0,1900000.0
1120,34.85356774925452,36.936124906504176,6510000.0,1900000.0
1121,34.96096180651622,36.90694088563541,6520000.0,1900000.0
1122,35.06828046604924,36.877635068082284,6530000.0,1900000.0
1123,35.17552356241539,36.84820758638591,6540000.0,1900000.0
1124,35.282690932063765,36.81865857327489,6550000.0,1900000.0
1125,35.38978241332964,36.788988161661216,6560000.0,1900000.0
1126,35.49679784643321,36.75919648463612,6570000.0,1900000.0
1127,35.603737073478165,36.729283675465915,6580000.0,1900000.0
1128,36.137284723120395,36.57790732349331,6630000.0,1900000.0
1129,36.24376350328522,36.5472705293286,6640000.0,1900000.0
1130,36.35016502473019,36.51651354043837,6650000.0,1900000.0
1131,36.45648914457096,36.48563649134122,6660000.0,1900000.0
1132,26.958953783009107,38.797153580459224,5790000.0,1910000.0
1133,27.07135748986539,38.77703893105122,5800000.0,1910000.0
1134,27.183702314470253,38.75679353414409,5810000.0,1910000.0
1135,27.29598795632945,38.73641749825452,5820000.0,1910000.0
1136,27.408214116710052,38.71591093239432,5830000.0,1910000.0
1137,27.520380498645686,38.69527394606621,5840000.0,1910000.0
1138,27.63248680694183,38.674506649259726,5850000.0,1910000.0
1139,27.744532748180955,38.65360915244699,5860000.0,1910000.0
1140,27.856518030727532,38.63258156657857,5870000.0,1910000.0
1141,27.96844236473299,38.61142400307929,5880000.0,1910000.0
1142,28.080305462140554,38.59013657384402,5890000.0,1910000.0
1143,28.192107036689944,38.5687193912335,5900000.0,1910000.0
1144,28.303846803922045,38.547172568070124,5910000.0,1910000.0
1145,28.4155244811834,38.5254962176337,5920000.0,1910000.0
1146,28.527139787630663,38.503690453657256,5930000.0,1910000.0
1147,28.6386924442349,38.48175539032275,5940000.0,1910000.0
1148,28.75018217378583,38.45969114225696,5950000.0,1910000.0
1149,28.861608700895967,38.437497824527064,5960000.0,1910000.0
1150,28.972971752004597,38.41517555263653,5970000.0,1910000.0
1151,29.084271055381723,38.392724442520816,5980000.0,1910000.0
1152,29.19550634113192,38.370144610543065,5990000.0,1910000.0
1153,29.30667734119802,38.34743617348991,6000000.0,1910000.0
1154,29.41778378936473,38.324599248567104,6010000.0,1910000.0
1155,29.52882542126221,38.30163395339538,6020000.0,1910000.0
1156,29.63980197436942,38.27854040600604,6030000.0,1910000.0
1157,29.750713188017514,38.25531872483673,6040000.0,1910000.0
1158,29.86155880339306,38.23196902872711,6050000.0,1910000.0
1159,29.972338563541125,38.20849143691461,6060000.0,1910000.0
1160,30.083052213368376,38.18488606903013,6070000.0,1910000.0
1161,30.193699499645938,38.16115304509366,6080000.0,1910000.0
1162,30.304280171012294,38.13729248551008,6090000.0,1910000.0
1163,30.414793977976025,38.11330451106476,6100000.0,1910000.0
1164,30.525240672918407,38.08918924291933,6110000.0,1910000.0
1165,30.635620010096,38.064946802607295,6120000.0,1910000.0
1166,30.7459317456431,38.040577312029754,6130000.0,1910000.0
1167,30.856175637574065,38.01608089345112,6140000.0,1910000.0
1168,30.966351445785623,37.991457669494736,6150000.0,1910000.0
1169,31.07645893205901,37.96670776313858,6160000.0,1910000.0
1170,31.186497860062044,37.94183129771097,6170000.0,1910000.0
1171,31.296467995351126,37.91682839688621,6180000.0,1910000.0
1172,31.406369105373106,37.89169918468027,6190000.0,1910000.0
1173,31.51620095946707,37.8664437854465,6200000.0,1910000.0
1174,31.625963328866085,37.84106232387126,6210000.0,1910000.0
1175,31.735655986698745,37.81555492496962,6220000.0,1910000.0
1176,31.84527870799073,37.789921714081025,6230000.0,1910000.0
1177,31.954831269666226,37.764162816865024,6240000.0,1910000.0
1178,32.06431345054924,37.738278359296885,6250000.0,1910000.0
1179,32.173725031364896,37.712268467663286,6260000.0,1910000.0
1180,32.283065794740494,37.686133268558024,6270000.0,1910000.0
1181,32.39233552520666,37.65987288887773,6280000.0,1910000.0
1182,32.5015340091983,37.63348745581741,6290000.0,1910000.0
1183,32.610661035055465,37.60697709686635,6300000.0,1910000.0
1184,32.71971639302416,37.5803419398036,6310000.0,1910000.0
1185,32.82869987525707,37.55358211269381,6320000.0,1910000.0
1186,32.93761127581415,37.526697743882806,6330000.0,1910000.0
1187,33.046450390663225,37.49968896199342,6340000.0,1910000.0
1188,33.155217017680336,37.47255589592104,6350000.0,1910000.0
1189,33.26391095665021,37.44529867482947,6360000.0,1910000.0
1190,33.3725320092665,37.417917428146524,6370000.0,1910000.0
1191,33.48107997913194,37.390412285559755,6380000.0,1910000.0
1192,33.589554671758535,37.36278337701221,6390000.0,1910000.0
1193,33.697955894567535,37.3350308326981,6400000.0,1910000.0
1194,33.80628345688937,37.307154783058614,6410000.0,1910000.0
1195,33.914537169963566,37.27915535877748,6420000.0,1910000.0
1196,34.022716846938444,37.25103269077687,6430000.0,1910000.0
1197,34.130822302870925,37.22278691021305,6440000.0,1910000.0
1198,34.23885335472606,37.19441814847213,6450000.0,1910000.0
1199,34.34680982137658,37.16592653716582,6460000.0,1910000.0
1200,34.454691523602406,37.13731220812718,6470000.0,1910000.0
1201,34.562498284089976,37.1085752934064,6480000.0,1910000.0
1202,34.67022992743154,37.07971592526653,6490000.0,1910000.0
1203,34.77788628012445,37.05073423617923,6500000.0,1910000.0
1204,34.8854671705702,37.02163035882068,6510000.0,1910000.0
1205,34.99297242907361,36.99240442606718,6520000.0,1910000.0
1206,35.100401887841684,36.96305657099106,6530000.0,1910000.0
1207,35.207755380982704,36.93358692685646,6540000.0,1910000.0
1208,35.31503274450485,36.903995627115094,6550000.0,1910000.0
1209,35.422233816315156,36.87428280540211,6560000.0,1910000.0
1210,35.52935843621811,36.84444859553187,6570000.0,1910000.0
1211,35.636406445914275,36.814493131493805,6580000.0,1910000.0
1212,35.7433776889989,36.78441654744822,6590000.0,1910000.0
1213,36.2770770635071,36.63222153415778,6640000.0,1910000.0
1214,36.38358452832014,36.601421056480774,6650000.0,1910000.0
1215,36.49001418460081,36.570500402355165,6660000.0,1910000.0
1216,27.09446323907773,38.86513659544227,5800000.0,1920000.0
1217,27.206946274461465,38.844859900043375,5810000.0,1920000.0
1218,27.31936978956531,38.82445239012989,5820000.0,1920000.0
1219,27.43173348422356,38.80391417535979,5830000.0,1920000.0
1220,27.544037060051203,38.783245365884255,5840000.0,1920000.0
1221,27.656280220449176,38.762446072343444,5850000.0,1920000.0
1222,27.76846267060953,38.74151640586237,5860000.0,1920000.0
1223,27.880584117520474,38.72045647804667,5870000.0,1920000.0
1224,27.992644269971308,38.69926640097836,5880000.0,1920000.0
1225,28.104642838557286,38.677946287211604,5890000.0,1920000.0
1226,28.216579535684343,38.656496249768544,5900000.0,1920000.0
1227,28.328454075573763,38.63491640213495,5910000.0,1920000.0
1228,28.440266174266657,38.61320685825607,5920000.0,1920000.0
1229,28.552015549628475,38.59136773253231,5930000.0,1920000.0
1230,28.663701921353255,38.569399139815026,5940000.0,1920000.0
1231,28.77532501096792,38.54730119540218,5950000.0,1920000.0
1232,28.886884541836356,38.52507401503409,5960000.0,1920000.0
1233,28.9983802391635,38.50271771488921,5970000.0,1920000.0
1234,29.10981182999917,38.48023241157971,5980000.0,1920000.0
1235,29.22117904324199,38.45761822214734,5990000.0,1920000.0
1236,29.33248160964306,38.43487526405896,6000000.0,1920000.0
1237,29.44371926180957,38.412003655202376,6010000.0,1920000.0
1238,29.554891734208354,38.38900351388194,6020000.0,1920000.0
1239,29.66599876316928,38.36587495881427,6030000.0,1920000.0
1240,29.77704008688861,38.34261810912394,6040000.0,1920000.0
1241,29.888015445432202,38.31923308433912,6050000.0,1920000.0
1242,29.998924580738624,38.29572000438727,6060000.0,1920000.0
1243,30.109767236622204,38.27207898959082,6070000.0,1920000.0
1244,30.22054315877593,38.248310160662825,6080000.0,1920000.0
1245,30.331252094774282,38.22441363870262,6090000.0,1920000.0
1246,30.441893794076023,38.20038954519148,6100000.0,1920000.0
1247,30.552468008026725,38.176238001988246,6110000.0,1920000.0
1248,30.662974489861398,38.15195913132511,6120000.0,1920000.0
1249,30.77341299470689,38.127553055803084,6130000.0,1920000.0
1250,30.883783279584225,38.103019898387785,6140000.0,1920000.0
1251,30.99408510341087,38.078359782405,6150000.0,1920000.0
1252,31.104318227002878,38.05357283153644,6160000.0,1920000.0
1253,31.214482413076922,38.02865916981527,6170000.0,1920000.0
1254,31.324577426252315,38.003618921621815,6180000.0,1920000.0
1255,31.434603033052813,37.978452211679205,6190000.0,1920000.0
1256,31.544559001908418,37.95315916504902,6200000.0,1920000.0
1257,31.654445103157077,37.92773990712692,6210000.0,1920000.0
1258,31.764261109046213,37.90219456363831,6220000.0,1920000.0
1259,31.87400679373428,37.87652326063398,6230000.0,1920000.0
1260,31.98368193329213,37.85072612448573,6240000.0,1920000.0
1261,32.09328630570431,37.82480328188206,6250000.0,1920000.0
1262,32.20281969087034,37.798754859823795,6260000.0,1920000.0
1263,32.312281870605744,37.77258098561973,6270000.0,1920000.0
1264,32.421672628643215,37.746281786882285,6280000.0,1920000.0
1265,32.530991750633426,37.71985739152318,6290000.0,1920000.0
1266,32.640239024145984,37.69330792774905,6300000.0,1920000.0
1267,32.749414238670155,37.666633524057175,6310000.0,1920000.0
1268,32.858517185615575,37.63983430923105,6320000.0,1920000.0
1269,32.96754765831279,37.61291041233612,6330000.0,1920000.0
1270,33.07650545201383,37.585861962715406,6340000.0,1920000.0
1271,33.185390363892566,37.558689089985194,6350000.0,1920000.0
1272,33.29420219304506,37.53139192403072,6360000.0,1920000.0
1273,33.40294074048984,37.50397059500181,6370000.0,1920000.0
1274,33.51160580916802,37.47642523330858,6380000.0,1920000.0
1275,33.62019720394339,37.448755969617125,6390000.0,1920000.0
1276,33.728714731602416,37.42096293484525,6400000.0,1920000.0
1277,33.83715820085412,37.39304626015804,6410000.0,1920000.0
1278,33.94552742232994,37.3650060769637,6420000.0,1920000.0
1279,34.05382220858345,37.336842516909165,6430000.0,1920000.0
1280,34.162042374090014,37.30855571187587,6440000.0,1920000.0
1281,34.270187735246374,37.28014579397537,6450000.0,1920000.0
1282,34.37825811037013,37.2516128955452,6460000.0,1920000.0
1283,34.486253319699216,37.22295714914446,6470000.0,1920000.0
1284,34.594173185391114,37.19417868754963,6480000.0,1920000.0
1285,34.702017531522245,37.165277643750294,6490000.0,1920000.0
1286,34.80978618408707,37.13625415094485,6500000.0,1920000.0
1287,34.917478970997195,37.107108342536286,6510000.0,1920000.0
1288,35.02509572208042,37.07784035212793,6520000.0,1920000.0
1289,35.13263626907967,37.04845031351922,6530000.0,1920000.0
1290,35.24010044565185,37.018938360701455,6540000.0,1920000.0
1291,35.347488087366635,36.98930462785361,6550000.0,1920000.0
1292,35.45479903170528,36.959549249338025,6560000.0,1920000.0
1293,35.56203311805911,36.92967235969638,6570000.0,1920000.0
1294,35.6691901877282,36.89967409364526,6580000.0,1920000.0
1295,35.776270083919854,36.86955458607216,6590000.0,1920000.0
1296,35.883272651746985,36.83931397203119,6600000.0,1920000.0
1297,36.20381486472004,36.74786684405427,6630000.0,1920000.0
1298,36.31050660827201,36.717143157869906,6640000.0,1920000.0
1299,36.417120277548506,36.68629904284208,6650000.0,1920000.0
1300,36.523655729059236,36.6553346349374,6660000.0,1920000.0
1301,26.892233328378893,38.99343908642946,5780000.0,1930000.0
1302,27.004973840858025,38.97339328430246,5790000.0,1930000.0
1303,27.117655101869605,38.95321627246714,5800000.0,1930000.0
1304,27.23027680623522,38.932908160228294,5810000.0,1930000.0
1305,27.342838650560505,38.91246905739466,5820000.0,1930000.0
1306,27.45534033324067,38.89189907427466,5830000.0,1930000.0
1307,27.567781554465842,38.87119832167222,5840000.0,1930000.0
1308,27.680162016226326,38.85036691088249,5850000.0,1930000.0
1309,27.792481422317806,38.82940495368778,5860000.0,1930000.0
1310,27.904739478346418,38.80831256235305,5870000.0,1930000.0
1311,28.01693589173364,38.78708984962189,5880000.0,1930000.0
1312,28.129070371721244,38.76573692871214,5890000.0,1930000.0
1313,28.241142629375965,38.74425391331166,5900000.0,1930000.0
1314,28.3531523775942,38.72264091757403,5910000.0,1930000.0
1315,28.46509933110651,38.70089805611431,5920000.0,1930000.0
1316,28.576983206482133,38.67902544400468,5930000.0,1930000.0
1317,28.688803722133194,38.65702319677021,5940000.0,1930000.0
1318,28.800560598319098,38.634891430384485,5950000.0,1930000.0
1319,28.912253557150528,38.61263026126539,5960000.0,1930000.0
1320,29.023882322593547,38.590239806270695,5970000.0,1930000.0
1321,29.135446620473505,38.567720182693776,5980000.0,1930000.0
1322,29.246946178478847,38.54507150825929,5990000.0,1930000.0
1323,29.358380726164867,38.52229390111884,6000000.0,1930000.0
1324,29.46974999495731,38.49938747984658,6010000.0,1930000.0
1325,29.58105371815588,38.476352363435005,6020000.0,1930000.0
1326,29.692291630937678,38.45318867129045,6030000.0,1930000.0
1327,29.803463470360523,38.42989652322877,6040000.0,1930000.0
1328,29.914568975366144,38.40647603947113,6050000.0,1930000.0
1329,30.02560788678333,38.3829273406394,6060000.0,1930000.0
1330,30.13657994733092,38.359250547752,6070000.0,1930000.0
1331,30.247484901620737,38.33544578221942,6080000.0,1930000.0
1332,30.358322496160365,38.311513165839926,6090000.0,1930000.0
1333,30.469092479355975,38.287452820795046,6100000.0,1930000.0
1334,30.579794601514802,38.26326486964539,6110000.0,1930000.0
1335,30.690428614847807,38.23894943532611,6120000.0,1930000.0
1336,30.80099427347197,38.21450664114262,6130000.0,1930000.0
1337,30.911491333412748,38.18993661076614,6140000.0,1930000.0
1338,31.021919552606203,38.16523946822939,6150000.0,1930000.0
1339,31.132278690901185,38.140415337922114,6160000.0,1930000.0
1340,31.242568510061385,38.1154643445868,6170000.0,1930000.0
1341,31.35278877376723,38.090386613314216,6180000.0,1930000.0
1342,31.46293924761776,38.065182269539044,6190000.0,1930000.0
1343,31.573019699132406,38.039851439035495,6200000.0,1930000.0
1344,31.683029897752558,38.01439424791296,6210000.0,1930000.0
1345,31.79296961484325,37.98881082261157,6220000.0,1930000.0
1346,31.902838623694542,37.96310128989781,6230000.0,1930000.0
1347,32.01263669952292,37.93726577686017,6240000.0,1930000.0
1348,32.122363619472615,37.91130441090477,6250000.0,1930000.0
1349,32.23201916261672,37.885217319750936,6260000.0,1930000.0
1350,32.34160310995837,37.859004631426835,6270000.0,1930000.0
1351,32.4511152444317,37.8326664742651,6280000.0,1930000.0
1352,32.5605553509028,37.80620297689846,6290000.0,1930000.0
1353,32.6699232161705,37.77961426825537,6300000.0,1930000.0
1354,32.779218628967165,37.752900477555606,6310000.0,1930000.0
1355,32.88844137995926,37.726061734305894,6320000.0,1930000.0
1356,32.997591261748,37.69909816829562,6330000.0,1930000.0
1357,33.10666806886977,37.67200990959236,6340000.0,1930000.0
1358,33.21567159779653,37.644797088537636,6350000.0,1930000.0
1359,33.32460164693609,37.61745983574239,6360000.0,1930000.0
1360,33.433458016632336,37.58999828208283,6370000.0,1930000.0
1361,33.54224050916536,37.56241255869592,6380000.0,1930000.0
1362,33.650948928751475,37.53470279697516,6390000.0,1930000.0
1363,33.75958308154322,37.50686912856611,6400000.0,1930000.0
1364,33.868142775629124,37.47891168536222,6410000.0,1930000.0
1365,33.97662782103363,37.45083059950031,6420000.0,1930000.0
1366,34.08503802971666,37.42262600335641,6430000.0,1930000.0
1367,34.19337321557335,37.39429802954133,6440000.0,1930000.0
1368,34.3016331944335,37.365846810896436,6450000.0,1930000.0
1369,34.409817784061076,37.337272480489226,6460000.0,1930000.0
1370,34.517926804153575,37.30857517160911,6470000.0,1930000.0
1371,34.625960076341286,37.27975501776311,6480000.0,1930000.0
1372,34.733917424186544,37.25081215267151,6490000.0,1930000.0
1373,34.841798673182865,37.22174671026362,6500000.0,1930000.0
1374,34.94960365075395,37.192558824673526,6510000.0,1930000.0
1375,35.057332186252715,37.16324863023572,6520000.0,1930000.0
1376,35.16498411096016,37.13381626148091,6530000.0,1930000.0
1377,35.27255925808423,37.104261853131746,6540000.0,1930000.0
1378,35.38005746275848,37.07458554009856,6550000.0,1930000.0
1379,35.48747856204082,37.044787457475145,6560000.0,1930000.0
1380,35.59482239491209,37.014867740534484,6570000.0,1930000.0
1381,35.70208880227459,36.98482652472452,6580000.0,1930000.0
1382,35.809277626950475,36.954663945664,6590000.0,1930000.0
1383,35.916388713680185,36.92438013913821,6600000.0,1930000.0
1384,36.130377061843916,36.863449387639385,6620000.0,1930000.0
1385,36.23725402233447,36.83280271503188,6630000.0,1930000.0
1386,36.344052642988196,36.80203535968176,6640000.0,1930000.0
1387,36.45077277810992,36.771147458144156,6650000.0,1930000.0
1388,36.5574142839115,36.740139147115684,6660000.0,1930000.0
1389,26.91523244927025,39.081563324297576,5780000.0,1940000.0
1390,27.028112770329034,39.061486341626754,5790000.0,1940000.0
1391,27.140933500849265,39.04127797131497,5800000.0,1940000.0
1392,27.25369433417835,39.02093832331715,5810000.0,1940000.0
1393,27.366394965462113,39.00046750809452,5820000.0,1940000.0
1394,27.47903509165028,38.97986563661035,5830000.0,1940000.0
1395,27.591614411501872,38.95913282032566,5840000.0,1940000.0
1396,27.70413262559047,38.938269171195046,5850000.0,1940000.0
1397,27.816589436309442,38.91727480166231,5860000.0,1940000.0
1398,27.92898454787699,38.89614982465631,5870000.0,1940000.0
1399,28.04131766634112,38.8748943535865,5880000.0,1940000.0
1400,28.153588499584526,38.85350850233882,5890000.0,1940000.0
1401,28.265796757329344,38.83199238527124,5900000.0,1940000.0
1402,28.3779421511418,38.810346117209576,5910000.0,1940000.0
1403,28.490024394436766,38.78856981344307,5920000.0,1940000.0
1404,28.60204320248222,38.766663589720125,5930000.0,1940000.0
1405,28.713998292403577,38.74462756224393,5940000.0,1940000.0
1406,28.825889383187913,38.72246184766818,5950000.0,1940000.0
1407,28.937716195688132,38.70016656309268,5960000.0,1940000.0
1408,29.04947845262697,38.67774182605899,5970000.0,1940000.0
1409,29.161175878600925,38.65518775454612,5980000.0,1940000.0
1410,29.272808200084096,38.6325044669661,5990000.0,1940000.0
1411,29.384375145431907,38.609692082159675,6000000.0,1940000.0
1412,29.495876444884697,38.586750719391866,6010000.0,1940000.0
1413,29.607311830571266,38.563680498347665,6020000.0,1940000.0
1414,29.718681036512262,38.54048153912761,6030000.0,1940000.0
1415,29.829983798623505,38.51715396224338,6040000.0,1940000.0
1416,29.94121985471925,38.493697888613426,6050000.0,1940000.0
1417,30.052388944515172,38.4701134395586,6060000.0,1940000.0
1418,30.16349080963151,38.44640073679774,6070000.0,1940000.0
1419,30.27452519359589,38.42255990244325,6080000.0,1940000.0
1420,30.385491841846147,38.39859105899669,6090000.0,1940000.0
1421,30.496390501733078,38.37449432934443,6100000.0,1940000.0
1422,30.60722092252298,38.350269836753185,6110000.0,1940000.0
1423,30.717982855400226,38.325917704865596,6120000.0,1940000.0
1424,30.82867605346964,38.3014380576959,6130000.0,1940000.0
1425,30.939300271758796,38.27683101962539,6140000.0,1940000.0
1426,31.049855267220284,38.25209671539812,6150000.0,1940000.0
1427,31.160340798733777,38.22723527011642,6160000.0,1940000.0
1428,31.270756627108078,38.20224680923644,6170000.0,1940000.0
1429,31.381102515083025,38.177131458563906,6180000.0,1940000.0
1430,31.491378227331353,38.15188934424943,6190000.0,1940000.0
1431,31.60158353046037,38.12652059278438,6200000.0,1940000.0
1432,31.711718193013645,38.10102533099624,6210000.0,1940000.0
1433,31.82178198547254,38.07540368604428,6220000.0,1940000.0
1434,31.931774680257597,38.04965578541518,6230000.0,1940000.0
1435,32.04169605172998,38.023781756918524,6240000.0,1940000.0
1436,32.151545876192685,37.997781728682455,6250000.0,1940000.0
1437,32.26132393189169,37.971655829149206,6260000.0,1940000.0
1438,32.371029999017075,37.94540418707076,6270000.0,1940000.0
1439,32.48066385970395,37.91902693150434,6280000.0,1940000.0
1440,32.5902252980334,37.89252419180812,6290000.0,1940000.0
1441,32.69971410003323,37.8658960976367,6300000.0,1940000.0
1442,32.80913005367872,37.83914277893677,6310000.0,1940000.0
1443,32.91847294889318,37.81226436594273,6320000.0,1940000.0
1444,33.02774257754855,37.78526098917222,6330000.0,1940000.0
1445,33.13693873346579,37.75813277942176,6340000.0,1940000.0
1446,33.24606121241526,37.730879867762404,6350000.0,1940000.0
1447,33.355109812116936,37.70350238553527,6360000.0,1940000.0
1448,33.46408433224062,37.67600046434724,6370000.0,1940000.0
1449,33.57298457440604,37.64837423606647,6380000.0,1940000.0
1450,33.681810342182814,37.62062383281817,6390000.0,1940000.0
1451,33.7905614410904,37.592749386980074,6400000.0,1940000.0
1452,33.89923767859787,37.56475103117817,6410000.0,1940000.0
1453,34.007838864123734,37.53662889828233,6420000.0,1940000.0
1454,34.116364809035545,37.508383121401884,6430000.0,1940000.0
1455,34.22481532664948,37.480013833881415,6440000.0,1940000.0
1456,34.33319023222986,37.45152116929624,6450000.0,1940000.0
1457,34.44148934298852,37.422905261448186,6460000.0,1940000.0
1458,34.5497124780842,37.39416624436123,6470000.0,1940000.0
1459,34.657859458621736,37.365304252277156,6480000.0,1940000.0
1460,34.765930107651265,37.33631941965122,6490000.0,1940000.0
1461,34.873924250167285,37.3072118811479,6500000.0,1940000.0
1462,34.9818417131077,37.27798177163654,6510000.0,1940000.0
1463,35.08968232535267,37.24862922618704,6520000.0,1940000.0
1464,35.197445917723584,37.219154380065575,6530000.0,1940000.0
1465,35.305132322981756,37.18955736873034,6540000.0,1940000.0
1466,35.41274137582711,37.15983832782722,6550000.0,1940000.0
1467,35.520272912896836,37.12999739318555,6560000.0,1940000.0
1468,35.62772677276394,37.10003470081384,6570000.0,1940000.0
1469,35.73510279593568,37.06995038689554,6580000.0,1940000.0
1470,35.842400824852,37.03974458778475,6590000.0,1940000.0
1471,35.94962070388378,37.00941744000206,6600000.0,1940000.0
1472,36.05676227933121,36.97896908023021,6610000.0,1940000.0
1473,36.163825399421846,36.94839964530993,6620000.0,1940000.0
1474,36.27080991430876,36.91770927223578,6630000.0,1940000.0
1475,36.377715676068576,36.88689809815186,6640000.0,1940000.0
1476,36.48454253869944,36.855966260347614,6650000.0,1940000.0
1477,36.59129035811889,36.82491389625372,6660000.0,1940000.0
1478,37.01748838908842,36.69950193030313,6700000.0,1940000.0
1479,37.12383889823665,36.66784900087095,6710000.0,1940000.0
1480,26.825237383705407,39.189646435484015,5770000.0,1950000.0
1481,26.93831760153787,39.169669830122245,5780000.0,1950000.0
1482,27.0513381974515,39.149561548530045,5790000.0,1950000.0
1483,27.16429886150564,39.129321700804,5800000.0,1950000.0
1484,27.277199285566873,39.10895039755355,5810000.0,1950000.0
1485,27.39003916331466,39.08844774989683,5820000.0,1950000.0
1486,27.502818190246835,39.06781386945628,5830000.0,1950000.0
1487,27.615536063685063,39.0470488683545,5840000.0,1950000.0
1488,27.728192482780077,39.02615285920983,5850000.0,1950000.0
1489,27.84078714851694,39.00512595513211,5860000.0,1950000.0
1490,27.953319763720092,38.983968269718325,5870000.0,1950000.0
1491,28.065790033058335,38.962679917048405,5880000.0,1950000.0
1492,28.178197663049747,38.941261011680716,5890000.0,1950000.0
1493,28.29054236206643,38.91971166864783,5900000.0,1950000.0
1494,28.402823840339124,38.898032003452194,5910000.0,1950000.0
1495,28.515041809961872,38.876222132061734,5920000.0,1950000.0
1496,28.627195984896417,38.85428217090547,5930000.0,1950000.0
1497,28.73928608097649,38.83221223686924,5940000.0,1950000.0
1498,28.85131181591217,38.810012447291236,5950000.0,1950000.0
1499,28.96327290929394,38.78768291995769,5960000.0,1950000.0
1500,29.075169082596737,38.76522377309842,5970000.0,1950000.0
1501,29.1870000591839,38.74263512538253,5980000.0,1950000.0
1502,29.298765564310962,38.71991709591391,5990000.0,1950000.0
1503,29.410465325129405,38.69706980422691,6000000.0,1950000.0
1504,29.522099070690253,38.674093370281916,6010000.0,1950000.0
1505,29.633666531947572,38.65098791446092,6020000.0,1950000.0
1506,29.74516744176193,38.6277535575631,6030000.0,1950000.0
1507,29.856601534903614,38.60439042080044,6040000.0,1950000.0
1508,29.967968548055957,38.58089862579324,6050000.0,1950000.0
1509,30.07926821981833,38.55727829456578,6060000.0,1950000.0
1510,30.19050029070919,38.533529549541775,6070000.0,1950000.0
1511,30.301664503169,38.50965251354002,6080000.0,1950000.0
1512,30.412760601562944,38.485647309769966,6090000.0,1950000.0
1513,30.523788332183734,38.461514061827216,6100000.0,1950000.0
1514,30.634747443254117,38.43725289368911,6110000.0,1950000.0
1515,30.745637684929413,38.412863929710284,6120000.0,1950000.0
1516,30.85645880929991,38.38834729461825,6130000.0,1950000.0
1517,30.96721057039312,38.36370311350889,6140000.0,1950000.0
1518,31.077892724176042,38.33893151184208,6150000.0,1950000.0
1519,31.188505028557227,38.314032615437135,6160000.0,1950000.0
1520,31.299047243388753,38.289006550468486,6170000.0,1950000.0
1521,31.409519130468173,38.26385344346116,6180000.0,1950000.0
1522,31.519920453540312,38.23857342128628,6190000.0,1950000.0
1523,31.630250978298935,38.21316661115675,6200000.0,1950000.0
1524,31.74051047238844,38.18763314062265,6210000.0,1950000.0
1525,31.850698705405282,38.16197313756693,6220000.0,1950000.0
1526,31.960815448899474,38.13618673020082,6230000.0,1950000.0
1527,32.07086047637585,38.11027404705948,6240000.0,1950000.0
1528,32.18083356329536,38.084235216997534,6250000.0,1950000.0
1529,32.29073448707615,38.05807036918461,6260000.0,1950000.0
1530,32.40056302709465,38.03177963310088,6270000.0,1950000.0
1531,32.51031896468649,38.00536313853266,6280000.0,1950000.0
1532,32.620002083147384,37.97882101556792,6290000.0,1950000.0
1533,32.7296121677339,37.9521533945919,6300000.0,1950000.0
1534,32.83914900566411,37.925360406282635,6310000.0,1950000.0
1535,32.9486123861182,37.898442181606526,6320000.0,1950000.0
1536,33.058002100238944,37.871398851813936,6330000.0,1950000.0
1537,33.16731794113214,37.84423054843473,6340000.0,1950000.0
1538,33.27655970386687,37.816937403273904,6350000.0,1950000.0
1539,33.38572718547579,37.7895195484071,6360000.0,1950000.0
1540,33.49482018495521,37.76197711617623,6370000.0,1950000.0
1541,33.60383850326519,37.73431023918507,6380000.0,1950000.0
1542,33.71278194332947,37.706519050294865,6390000.0,1950000.0
1543,33.82165031003536,37.67860368261988,6400000.0,1950000.0
1544,33.930443410233536,37.65056426952301,6410000.0,1950000.0
1545,34.03916105273773,37.62240094461149,6420000.0,1950000.0
1546,34.14780304832436,37.594113841732344,6430000.0,1950000.0
1547,34.25636920973207,37.565703094968136,6440000.0,1950000.0
1548,34.36485935166116,37.53716883863254,6450000.0,1950000.0
1549,34.47327329077295,37.50851120726597,6460000.0,1950000.0
1550,34.58161084568913,37.47973033563126,6470000.0,1950000.0
1551,34.689871836990875,37.45082635870924,6480000.0,1950000.0
1552,34.79805608721803,37.42179941169445,6490000.0,1950000.0
1553,34.90616342086813,37.392649629990736,6500000.0,1950000.0
1554,35.014193664395364,37.363377149206976,6510000.0,1950000.0
1555,35.122146646209444,37.33398210515271,6520000.0,1950000.0
1556,35.230022196674426,37.30446463383382,6530000.0,1950000.0
1557,35.337820148107454,37.274824871448246,6540000.0,1950000.0
1558,35.44554033477734,37.24506295438163,6550000.0,1950000.0
1559,35.55318259290322,37.215179019203084,6560000.0,1950000.0
1560,35.66074676065296,37.18517320266079,6570000.0,1950000.0
1561,35.76823267814167,37.15504564167787,6580000.0,1950000.0
1562,35.87564018742999,37.12479647334797,6590000.0,1950000.0
1563,35.9829691325223,37.0944258349311,6600000.0,1950000.0
1564,36.09021935936508,37.06393386384924,6610000.0,1950000.0
1565,36.19739071584486,37.0333206976823,6620000.0,1950000.0
1566,36.304483051786406,37.00258647416366,6630000.0,1950000.0
1567,36.41149621895057,36.9717313311761,6640000.0,1950000.0
1568,36.518430071032306,36.94075540674749,6650000.0,1950000.0
1569,36.62528446365847,36.90965883904662,6660000.0,1950000.0
1570,36.73205925438553,36.87844176637901,6670000.0,1950000.0
1571,36.83875430269738,36.84710432718264,6680000.0,1950000.0
1572,36.94536947000284,36.81564666002388,6690000.0,1950000.0
1573,37.051904619633305,36.78406890359324,6700000.0,1950000.0
1574,37.15835961684024,36.75237119670121,6710000.0,1950000.0
1575,37.264734328792514,36.72055367827417,6720000.0,1950000.0
1576,37.37102862457391,36.688616487350195,6730000.0,1950000.0
1577,26.734986953414374,39.29764233437251,5760000.0,1960000.0
1578,26.84826790704462,39.277766457023695,5770000.0,1960000.0
1579,26.96148920992751,39.25775861349957,5780000.0,1960000.0
1580,27.074650548804147,39.237618914033646,5790000.0,1960000.0
1581,27.187751612231757,39.21734746937899,5800000.0,1960000.0
1582,27.300792090589376,39.19694439080398,5810000.0,1960000.0
1583,27.413771676083538,39.17640979008805,5820000.0,1960000.0
1584,27.526690062753783,39.15574377951733,5830000.0,1960000.0
1585,27.63954694647813,39.13494647188031,5840000.0,1960000.0
1586,27.752342024978322,39.114017980463586,5850000.0,1960000.0
1587,27.865074997825126,39.09295841904743,5860000.0,1960000.0
1588,27.977745566443346,39.071767901901545,5870000.0,1960000.0
1589,28.090353434116878,39.05044654378064,5880000.0,1960000.0
1590,28.2028983059936,39.028994459920014,5890000.0,1960000.0
1591,28.315379889090096,39.007411766031375,5900000.0,1960000.0
1592,28.427797892296407,38.985698578298226,5910000.0,1960000.0
1593,28.54015202638053,38.96385501337164,5920000.0,1960000.0
1594,28.65244200399291,38.94188118836582,5930000.0,1960000.0
1595,28.764667539670786,38.91977722085367,5940000.0,1960000.0
1596,28.876828349842448,38.89754322886243,5950000.0,1960000.0
1597,28.988924152831345,38.87517933086923,5960000.0,1960000.0
1598,29.10095466886017,38.85268564579667,5970000.0,1960000.0
1599,29.212919620054738,38.83006229300842,5980000.0,1960000.0
1600,29.324818730447838,38.807309392304774,5990000.0,1960000.0
1601,29.43665172598293,38.784427063918216,6000000.0,1960000.0
1602,29.548418334517795,38.76141542850897,6010000.0,1960000.0
1603,29.660118285828005,38.738274607160555,6020000.0,1960000.0
1604,29.771751311610345,38.71500472137534,6030000.0,1960000.0
1605,29.88331714548609,38.691605893070104,6040000.0,1960000.0
1606,29.99481552300426,38.66807824457153,6050000.0,1960000.0
1607,30.10624618164464,38.64442189861183,6060000.0,1960000.0
1608,30.21760886082083,38.62063697832415,6070000.0,1960000.0
1609,30.328903301883095,38.596723607238225,6080000.0,1960000.0
1610,30.440129248121156,38.57268190927585,6090000.0,1960000.0
1611,30.551286444766905,38.54851200874642,6100000.0,1960000.0
1612,30.662374638996944,38.5242140303424,6110000.0,1960000.0
1613,30.773393579935096,38.499788099134996,6120000.0,1960000.0
1614,30.88434301865477,38.47523434056947,6130000.0,1960000.0
1615,30.995222708181235,38.45055288046082,6140000.0,1960000.0
1616,31.106032403493845,38.425743844989235,6150000.0,1960000.0
1617,31.216771861528052,38.40080736069562,6160000.0,1960000.0
1618,31.327440841177438,38.37574355447711,6170000.0,1960000.0
1619,31.438039103295566,38.35055255358258,6180000.0,1960000.0
1620,31.548566410697806,38.32523448560817,6190000.0,1960000.0
1621,31.659022528162982,38.29978947849281,6200000.0,1960000.0
1622,31.769407222434978,38.27421766051373,6210000.0,1960000.0
1623,31.87972026222421,38.248519160281944,6220000.0,1960000.0
1624,31.989961418209074,38.22269410673782,6230000.0,1960000.0
1625,32.10013046303718,38.19674262914657,6240000.0,1960000.0
1626,32.210227171326636,38.170664857093776,6250000.0,1960000.0
1627,32.32025131966706,38.14446092048091,6260000.0,1960000.0
1628,32.43020268662069,38.11813094952084,6270000.0,1960000.0
1629,32.54008105272324,38.091675074733416,6280000.0,1960000.0
1630,32.649886200484765,38.06509342694091,6290000.0,1960000.0
1631,32.759617914390375,38.03838613726363,6300000.0,1960000.0
1632,32.869275980900916,38.011553337115394,6310000.0,1960000.0
1633,32.978860188453446,37.98459515819907,6320000.0,1960000.0
1634,33.08837032746179,37.957511732502184,6330000.0,1960000.0
1635,33.197806190316825,37.93030319229237,6340000.0,1960000.0
1636,33.307167571386834,37.90296967011296,6350000.0,1960000.0
1637,33.416454267017606,37.87551129877858,6360000.0,1960000.0
1638,33.52566607553262,37.8479282113706,6370000.0,1960000.0
1639,33.63480279723304,37.820220541232764,6380000.0,1960000.0
1640,33.743864234397584,37.792388421966756,6390000.0,1960000.0
1641,33.852850191282435,37.76443198742776,6400000.0,1960000.0
1642,33.96176047412091,37.736351371720005,6410000.0,1960000.0
1643,34.07059489112322,37.70814670919236,6420000.0,1960000.0
1644,34.17935325247595,37.67981813443394,6430000.0,1960000.0
1645,34.288035370341625,37.65136578226969,6440000.0,1960000.0
1646,34.39664105885809,37.62278978775591,6450000.0,1960000.0
1647,34.50517013413782,37.594090286176005,6460000.0,1960000.0
1648,34.61362241426718,37.56526741303591,6470000.0,1960000.0
1649,34.72199771930557,37.53632130405986,6480000.0,1960000.0
1650,34.83029587128454,37.50725209518592,6490000.0,1960000.0
1651,34.93851669420672,37.47805992256167,6500000.0,1960000.0
1652,35.04666001404478,37.44874492253976,6510000.0,1960000.0
1653,35.154725658740276,37.41930723167363,6520000.0,1960000.0
1654,35.26271345820233,37.389746986713135,6530000.0,1960000.0
1655,35.37062324430641,37.36006432460021,6540000.0,1960000.0
1656,35.47845485089283,37.3302593824645,6550000.0,1960000.0
1657,35.58620811376535,37.30033229761905,6560000.0,1960000.0
1658,35.69388287068956,37.27028320755603,6570000.0,1960000.0
1659,35.80147896139128,37.24011224994233,6580000.0,1960000.0
1660,35.90899622755484,37.20981956261537,6590000.0,1960000.0
1661,36.01643451282128,37.17940528357873,6600000.0,1960000.0
1662,36.12379366278651,37.14886955099787,6610000.0,1960000.0
1663,36.2310735249994,37.11821250319588,6620000.0,1960000.0
1664,36.33827394895971,37.08743427864922,6630000.0,1960000.0
1665,36.4453947861161,37.05653501598343,6640000.0,1960000.0
1666,36.552435889863865,37.0255148539689,6650000.0,1960000.0
1667,36.65939711554286,36.994373931516634,6660000.0,1960000.0
1668,36.766278320435056,36.96311238767403,6670000.0,1960000.0
1669,36.87307936376233,36.93173036162065,6680000.0,1960000.0
1670,36.9798001066839,36.900227992664014,6690000.0,1960000.0
1671,37.0864404122939,36.8686054202354,6700000.0,1960000.0
1672,37.193000145618825,36.83686278388566,6710000.0,1960000.0
1673,37.29947917361488,36.80500022328105,6720000.0,1960000.0
1674,37.40587736516524,36.773017878199056,6730000.0,1960000.0
1675,37.512194591077346,36.74091588852426,6740000.0,1960000.0
1676,26.189958960319053,39.48332515468788,5710000.0,1970000.0
1677,26.871384841931064,39.36586888430625,5770000.0,1970000.0
1678,26.984747702095003,39.345829683657115,5780000.0,1970000.0
1679,27.098050253884665,39.325658446786555,5790000.0,1970000.0
1680,27.211292184348256,39.305355285108654,5800000.0,1970000.0
1681,27.324473182370557,39.28492031055516,5810000.0,1970000.0
1682,27.4375929386786,39.26435363557121,5820000.0,1970000.0
1683,27.55065114584718,39.2436553731111,5830000.0,1970000.0
1684,27.66364749830436,39.222825636633715,5840000.0,1970000.0
1685,27.776581692336762,39.20186454009834,5850000.0,1970000.0
1686,27.889453426094803,39.180772197960216,5860000.0,1970000.0
1687,28.00226239959781,39.15954872516618,5870000.0,1970000.0
1688,28.115008314739033,39.138194237150245,5880000.0,1970000.0
1689,28.227690875290527,39.11670884982923,5890000.0,1970000.0
1690,28.340309786907962,39.09509267959835,5900000.0,1970000.0
1691,28.4528647571353,39.07334584332676,5910000.0,1970000.0
1692,28.565355495409346,39.051468458353234,5920000.0,1970000.0
1693,28.67778171306426,39.029460642481574,5930000.0,1970000.0
1694,28.790143123335852,39.00732251397637,5940000.0,1970000.0
1695,28.902439441365875,38.98505419155838,5950000.0,1970000.0
1696,29.01467038420616,38.962655794400206,5960000.0,1970000.0
1697,29.12683567082265,38.94012744212175,5970000.0,1970000.0
1698,29.238935022099316,38.91746925478582,5980000.0,1970000.0
1699,29.350968160841983,38.89468135289365,5990000.0,1970000.0
1700,29.462934811782077,38.87176385738039,6000000.0,1970000.0
1701,29.574834701580183,38.848716889610664,6010000.0,1970000.0
1702,29.686667558829594,38.825540571374056,6020000.0,1970000.0
1703,29.798433114059662,38.80223502488072,6030000.0,1970000.0
1704,29.910131099739147,38.77880037275676,6040000.0,1970000.0
1705,30.021761250279383,38.7552367380398,6050000.0,1970000.0
1706,30.13332330203733,38.73154424417452,6060000.0,1970000.0
1707,30.244816993318594,38.7077230150081,6070000.0,1970000.0
1708,30.356242064380318,38.68377317478572,6080000.0,1970000.0
1709,30.46759825743389,38.65969484814614,6090000.0,1970000.0
1710,30.578885316647703,38.63548816011704,6100000.0,1970000.0
1711,30.690102988149622,38.61115323611066,6110000.0,1970000.0
1712,30.801251020029554,38.5866902019192,6120000.0,1970000.0
1713,30.91232916234171,38.562099183710316,6130000.0,1970000.0
1714,31.023337167106952,38.53738030802269,6140000.0,1970000.0
1715,31.13427478831492,38.512533701761335,6150000.0,1970000.0
1716,31.2451417819261,38.487559492193284,6160000.0,1970000.0
1717,31.35593790587376,38.46245780694293,6170000.0,1970000.0
1718,31.466662920065847,38.43722877398756,6180000.0,1970000.0
1719,31.57731658638674,38.41187252165285,6190000.0,1970000.0
1720,31.687898668698903,38.386389178608354,6200000.0,1970000.0
1721,31.79840893284447,38.36077887386286,6210000.0,1970000.0
1722,31.90884714664667,38.33504173676012,6220000.0,1970000.0
1723,32.01921307991125,38.30917789697408,6230000.0,1970000.0
1724,32.129506504427745,38.28318748450452,6240000.0,1970000.0
1725,32.23972719397062,38.25707062967254,6250000.0,1970000.0
1726,32.34987492430036,38.230827463115915,6260000.0,1970000.0
1727,32.45994947316446,38.20445811578478,6270000.0,1970000.0
1728,32.56995062029835,38.177962718936975,6280000.0,1970000.0
1729,32.67987814742616,38.151341404133575,6290000.0,1970000.0
1730,32.7897318382614,38.12459430323445,6300000.0,1970000.0
1731,32.89951147850763,38.097721548393665,6310000.0,1970000.0
1732,33.009216855858924,38.07072327205509,6320000.0,1970000.0
1733,33.11884776000033,38.04359960694781,6330000.0,1970000.0
1734,33.22840398260818,38.016350686081736,6340000.0,1970000.0
1735,33.33788531735036,37.98897664274299,6350000.0,1970000.0
1736,33.447291559886416,37.961477610489595,6360000.0,1970000.0
1737,33.55662250786769,37.93385372314682,6370000.0,1970000.0
1738,33.665877960937195,37.90610511480286,6380000.0,1970000.0
1739,33.7750577207296,37.878231919804236,6390000.0,1970000.0
1740,33.88416159087095,37.850234272751436,6400000.0,1970000.0
1741,33.99318937697841,37.82211230849444,6410000.0,1970000.0
1742,34.10214088665988,37.7938661621282,6420000.0,1970000.0
1743,34.21101592951353,37.76549596898827,6430000.0,1970000.0
1744,34.31981431712725,37.7370018646463,6440000.0,1970000.0
1745,34.42853586307803,37.70838398490571,6450000.0,1970000.0
1746,34.53718038293116,37.67964246579712,6460000.0,1970000.0
1747,34.64574769423956,37.65077744357402,6470000.0,1970000.0
1748,34.75423761654277,37.621789054708344,6480000.0,1970000.0
1749,34.86264997136605,37.59267743588601,6490000.0,1970000.0
1750,34.970984582219295,37.56344272400262,6500000.0,1970000.0
1751,35.07924127459592,37.53408505615895,6510000.0,1970000.0
1752,35.187419875971635,37.504604569656635,6520000.0,1970000.0
1753,35.29552021580315,37.47500140199378,6530000.0,1970000.0
1754,35.403542125526776,37.445275690860555,6540000.0,1970000.0
1755,35.51148543855703,37.41542757413488,6550000.0,1970000.0
1756,35.619349990285045,37.38545718987804,6560000.0,1970000.0
1757,35.72713561807701,37.35536467633032,6570000.0,1970000.0
1758,35.83484216127242,37.325150171906714,6580000.0,1970000.0
1759,35.9424694611824,37.29481381519255,6590000.0,1970000.0
1760,36.050017361087754,37.26435574493921,6600000.0,1970000.0
1761,36.15748570623719,37.233776100059764,6610000.0,1970000.0
1762,36.26487434384519,37.20307501962477,6620000.0,1970000.0
1763,36.37218312309006,37.17225264285782,6630000.0,1970000.0
1764,36.47941189511175,37.14130910913141,6640000.0,1970000.0
1765,36.586560513009616,37.110244557962545,6650000.0,1970000.0
1766,36.69362883184022,37.07905912900862,6660000.0,1970000.0
1767,36.8006167086149,37.04775296206299,6670000.0,1970000.0
1768,36.907524002297436,37.01632619705085,6680000.0,1970000.0
1769,37.01435057380146,36.98477897402496,6690000.0,1970000.0
1770,37.12109628598799,36.95311143316147,6700000.0,1970000.0
1771,37.22776100366276,36.92132371475557,6710000.0,1970000.0
1772,37.334344593573555,36.88941595921748,6720000.0,1970000.0
1773,37.44084692440739,36.857388307068106,6730000.0,1970000.0
1774,37.54726786678775,36.825240898934936,6740000.0,1970000.0
1775,37.6536072932717,36.792973875547844,6750000.0,1970000.0
1776,37.75986507834685,36.760587377734964,6760000.0,1970000.0
1777,26.2123033539224,39.571595022368584,5710000.0,1980000.0
1778,26.326165468960248,39.55231997146891,5720000.0,1980000.0
1779,26.439968854310745,39.53291204218826,5730000.0,1980000.0
1780,26.89458861708455,39.45395372676865,5770000.0,1980000.0
1781,27.008093508629944,39.433883049451325,5780000.0,1980000.0
1782,27.12153774513338,39.41368015506301,5790000.0,1980000.0
1783,27.234921012127167,39.39334515568316,5800000.0,1980000.0
1784,27.348242996995072,39.37287816391141,5810000.0,1980000.0
1785,27.461503388978,39.352279292863166,5820000.0,1980000.0
1786,27.574701879179557,39.331548656165296,5830000.0,1980000.0
1787,27.68783816057154,39.310686367951625,5840000.0,1980000.0
1788,27.80091192799924,39.289692542858674,5850000.0,1980000.0
1789,27.913922878186725,39.268567296021104,5860000.0,1980000.0
1790,28.02687070974193,39.24731074306743,5870000.0,1980000.0
1791,28.13975512316171,39.22592300011557,5880000.0,1980000.0
1792,28.25257582083672,39.20440418376829,5890000.0,1980000.0
1793,28.36533250705624,39.18275441110894,5900000.0,1980000.0
1794,28.478024888012822,39.16097379969685,5910000.0,1980000.0
1795,28.59065267180693,39.139062467563,5920000.0,1980000.0
1796,28.703215568451363,39.117020533205476,5930000.0,1980000.0
1797,28.81571328987561,39.09484811558499,5940000.0,1980000.0
1798,28.928145549930164,39.072545334120484,5950000.0,1980000.0
1799,29.040512064390597,39.05011230868453,5960000.0,1980000.0
1800,29.152812550961627,39.02754915959896,5970000.0,1980000.0
1801,29.265046729281057,39.00485600763029,5980000.0,1980000.0
1802,29.377214320923578,38.98203297398524,5990000.0,1980000.0
1803,29.48931504940448,38.959080180306216,6000000.0,1980000.0
1804,29.60134864018325,38.935997748666864,6010000.0,1980000.0
1805,29.71331482066713,38.91278580156744,6020000.0,1980000.0
1806,29.82521332021442,38.889444461930395,6030000.0,1980000.0
1807,29.93704387013784,38.865973853095795,6040000.0,1980000.0
1808,30.048806203707652,38.8423740988168,6050000.0,1980000.0
1809,30.160500056154792,38.81864532325514,6060000.0,1980000.0
1810,30.272125164673803,38.794787650976616,6070000.0,1980000.0
1811,30.383681268425704,38.7708012069465,6080000.0,1980000.0
1812,30.495168108540767,38.746686116525005,6090000.0,1980000.0
1813,30.60658542812115,38.72244250546278,6100000.0,1980000.0
1814,30.71793297224348,38.698070499896374,6110000.0,1980000.0
1815,30.829210487961294,38.67357022634364,6120000.0,1980000.0
1816,30.940417724307366,38.648941811699174,6130000.0,1980000.0
1817,31.051554432295962,38.62418538322986,6140000.0,1980000.0
1818,31.16262036492502,38.599301068570256,6150000.0,1980000.0
1819,31.273615277178134,38.57428899571802,6160000.0,1980000.0
1820,31.38453892602653,38.549149293029416,6170000.0,1980000.0
1821,31.4953910704309,38.52388208921472,6180000.0,1980000.0
1822,31.60617147134316,38.4984875133337,6190000.0,1980000.0
1823,31.716879891708025,38.47296569479104,6200000.0,1980000.0
1824,31.827516096464645,38.44731676333183,6210000.0,1980000.0
1825,31.938079852547972,38.42154084903692,6220000.0,1980000.0
1826,32.04857092889014,38.395638082318534,6230000.0,1980000.0
1827,32.158989096421706,38.36960859391554,6240000.0,1980000.0
1828,32.269334128072785,38.34345251488903,6250000.0,1980000.0
1829,32.37960579877412,38.31716997661776,6260000.0,1980000.0
1830,32.489803885458024,38.29076111079358,6270000.0,1980000.0
1831,32.599928167059275,38.26422604941686,6280000.0,1980000.0
1832,32.70997842451582,38.237564924792025,6290000.0,1980000.0
1833,32.81995444076949,38.210777869523014,6300000.0,1980000.0
1834,32.9298560007666,38.1838650165087,6310000.0,1980000.0
1835,33.039682891458334,38.15682649893836,6320000.0,1980000.0
1836,33.149434901801264,38.12966245028725,6330000.0,1980000.0
1837,33.259111822757525,38.10237300431195,6340000.0,1980000.0
1838,33.36871344729514,38.07495829504596,6350000.0,1980000.0
1839,33.47823957038802,38.04741845679511,6360000.0,1980000.0
1840,33.58768998901607,38.01975362413308,6370000.0,1980000.0
1841,33.69706450216506,37.99196393189691,6380000.0,1980000.0
1842,33.806362910826564,37.96404951518249,6390000.0,1980000.0
1843,33.915585017997586,37.936010509340036,6400000.0,1980000.0
1844,34.024730628680324,37.90784704996969,6410000.0,1980000.0
1845,34.133799549881715,37.87955927291692,6420000.0,1980000.0
1846,34.24279159061291,37.85114731426813,6430000.0,1980000.0
1847,34.35170656188874,37.82261131034616,6440000.0,1980000.0
1848,34.46054427672695,37.79395139770582,6450000.0,1980000.0
1849,34.569304550147486,37.76516771312942,6460000.0,1980000.0
1850,34.67798719917164,37.73626039362237,6470000.0,1980000.0
1851,34.7865920428211,37.70722957640862,6480000.0,1980000.0
1852,34.895118902116955,37.67807539892642,6490000.0,1980000.0
1853,35.00356760007856,37.6487979988236,6500000.0,1980000.0
1854,35.11193796172237,37.6193975139535,6510000.0,1980000.0
1855,35.22022981406068,37.58987408237021,6520000.0,1980000.0
1856,35.328442986100285,37.56022784232439,6530000.0,1980000.0
1857,35.43657730884103,37.530458932258796,6540000.0,1980000.0
1858,35.54463261527432,37.500567490803896,6550000.0,1980000.0
1859,35.65260874038153,37.47055365677345,6560000.0,1980000.0
1860,35.76050552113236,37.440417569160175,6570000.0,1980000.0
1861,35.86832279648305,37.41015936713137,6580000.0,1980000.0
1862,35.97606040737463,37.379779190024564,6590000.0,1980000.0
1863,36.08371819673096,37.34927717734313,6600000.0,1980000.0
1864,36.19129600945683,37.318653468752004,6610000.0,1980000.0
1865,36.29879369243582,37.287908204073304,6620000.0,1980000.0
1866,36.40621109452828,37.257041523282055,6630000.0,1980000.0
1867,36.513548066569115,37.22605356650179,6640000.0,1980000.0
1868,36.62080446136544,37.19494447400039,6650000.0,1980000.0
1869,36.727980133694366,37.16371438618566,6660000.0,1980000.0
1870,36.83507494030052,37.13236344360113,6670000.0,1980000.0
1871,36.94208873989357,37.100891786921714,6680000.0,1980000.0
1872,37.0490213931457,37.069299556949545,6690000.0,1980000.0
1873,37.155872762688986,37.03758689460965,6700000.0,1980000.0
1874,37.26264271311268,37.005753940945716,6710000.0,1980000.0
1875,37.369331110960516,36.973800837115924,6720000.0,1980000.0
1876,37.47593782472783,36.941727724388656,6730000.0,1980000.0
1877,37.58246272485869,36.909534744138334,6740000.0,1980000.0
1878,37.68890568374298,36.877222037841236,6750000.0,1980000.0
1879,37.79526657571332,36.84478974707125,6760000.0,1980000.0
1880,37.901545277042025,36.812238013495794,6770000.0,1980000.0
1881,26.23473211529522,39.65984802280126,5710000.0,1990000.0
1882,26.348738798795118,39.64054247756224,5720000.0,1990000.0
1883,26.462686413072383,39.62110386855435,5730000.0,1990000.0
1884,26.576574631063572,39.60153230529947,5740000.0,1990000.0
1885,26.690403127535195,39.58182789786832,5750000.0,1990000.0
1886,26.804171579090063,39.56199075687605,5760000.0,1990000.0
1887,26.91787966417354,39.542020993477955,5770000.0,1990000.0
1888,27.03152706307968,39.521918719365026,5780000.0,1990000.0
1889,27.14511345795732,39.50168404675971,5790000.0,1990000.0
1890,27.25863853281594,39.48131708841141,5800000.0,1990000.0
1891,27.37210197353153,39.46081795759209,5810000.0,1990000.0
1892,27.485503467852247,39.44018676809198,5820000.0,1990000.0
1893,27.598842705404003,39.419423634215065,5830000.0,1990000.0
1894,27.712119377696,39.39852867077464,5840000.0,1990000.0
1895,27.825333178126005,39.37750199308896,5850000.0,1990000.0
1896,27.938483801985672,39.35634371697676,5860000.0,1990000.0
1897,28.051570946465663,39.335053958752766,5870000.0,1990000.0
1898,28.164594310660668,39.313632835223295,5880000.0,1990000.0
1899,28.277553595574318,39.292080463681735,5890000.0,1990000.0
1900,28.39044850412401,39.270396961904105,5900000.0,1990000.0
1901,28.50327874114561,39.24858244814451,5910000.0,1990000.0
1902,28.616044013398,39.226637041130736,5920000.0,1990000.0
1903,28.728744029567608,39.20456086005968,5930000.0,1990000.0
1904,28.84137850027271,39.182354024592875,5940000.0,1990000.0
1905,28.953947138067754,39.160016654851965,5950000.0,1990000.0
1906,29.06644965744745,39.13754887141419,5960000.0,1990000.0
1907,29.17888577485082,39.11495079530785,5970000.0,1990000.0
1908,29.291255208665174,39.09222254800779,5980000.0,1990000.0
1909,29.403557679229827,39.069364251430876,5990000.0,1990000.0
1910,29.515792908839938,39.046376027931395,6000000.0,1990000.0
1911,29.62796062174999,39.023258000296565,6010000.0,1990000.0
1912,29.740060544177368,39.000010291741965,6020000.0,1990000.0
1913,29.8520924043057,38.97663302590702,6030000.0,1990000.0
1914,29.96405593228816,38.953126326850324,6040000.0,1990000.0
1915,30.075950860250646,38.92949031904524,6050000.0,1990000.0
1916,30.187776922294788,38.90572512737519,6060000.0,1990000.0
1917,30.299533854500996,38.881830877129175,6070000.0,1990000.0
1918,30.411221394931253,38.857807693997174,6080000.0,1990000.0
1919,30.522839283631882,38.83365570406556,6090000.0,1990000.0
1920,30.63438726263619,38.80937503381255,6100000.0,1990000.0
1921,30.745865075966982,38.78496581010358,6110000.0,1990000.0
1922,30.857272469639053,38.760428160186805,6120000.0,1990000.0
1923,30.968609191661457,38.735762211688396,6130000.0,1990000.0
1924,31.079874992039773,38.71096809260811,6140000.0,1990000.0
1925,31.191069622778194,38.68604593131455,6150000.0,1990000.0
1926,31.302192837881613,38.660995856540715,6160000.0,1990000.0
1927,31.41324439335747,38.635817997379306,6170000.0,1990000.0
1928,31.524224047217594,38.610512483278214,6180000.0,1990000.0
1929,31.635131559479962,38.58507944403591,6190000.0,1990000.0
1930,31.745966692170256,38.559519009796844,6200000.0,1990000.0
1931,31.856729209323404,38.5338313110469,6210000.0,1990000.0
1932,31.967418876984993,38.50801647860879,6220000.0,1990000.0
1933,32.078035463212615,38.48207464363745,6230000.0,1990000.0
1934,32.18857873807702,38.45600593761548,6240000.0,1990000.0
1935,32.299048473663326,38.429810492348636,6250000.0,1990000.0
1936,32.40944444407193,38.4034884399611,6260000.0,1990000.0
1937,32.51976642541955,38.377039912891036,6270000.0,1990000.0
1938,32.63001419583996,38.35046504388594,6280000.0,1990000.0
1939,32.7401875354848,38.323763965998154,6290000.0,1990000.0
1940,32.85028622652413,38.29693681258022,6300000.0,1990000.0
1941,32.96031005314706,38.26998371728033,6310000.0,1990000.0
1942,33.07025880156211,38.2429048140378,6320000.0,1990000.0
1943,33.18013225999765,38.21570023707851,6330000.0,1990000.0
1944,33.28993021870208,38.1883701209103,6340000.0,1990000.0
1945,33.39965246994408,38.16091460031846,6350000.0,1990000.0
1946,33.5092988080126,38.13333381036124,6360000.0,1990000.0
1947,33.618869029216924,38.10562788636519,6370000.0,1990000.0
1948,33.72836293188648,38.077796963920704,6380000.0,1990000.0
1949,33.83778031637073,38.04984117887747,6390000.0,1990000.0
1950,33.94712098503883,38.021760667340004,6400000.0,1990000.0
1951,34.05638474227924,37.993555565662994,6410000.0,1990000.0
1952,34.1655713944993,37.965226010446926,6420000.0,1990000.0
1953,34.27468075012468,37.9367721385335,6430000.0,1990000.0
1954,34.38371261959869,37.90819408700114,6440000.0,1990000.0
1955,34.492666815381604,37.87949199316052,6450000.0,1990000.0
1956,34.6015431519498,37.85066599455007,6460000.0,1990000.0
1957,34.71034144579492,37.82171622893147,6470000.0,1990000.0
1958,34.81906151542284,37.79264283428516,6480000.0,1990000.0
1959,34.92770318135261,37.76344594880597,6490000.0,1990000.0
1960,35.03626626611535,37.73412571089853,6500000.0,1990000.0
1961,35.14475059425292,37.704682259172905,6510000.0,1990000.0
1962,35.2531559923167,37.675115732440126,6520000.0,1990000.0
1963,35.361482288866135,37.64542626970774,6530000.0,1990000.0
1964,35.4697293144673,37.61561401017538,6540000.0,1990000.0
1965,35.57789690169131,37.58567909323035,6550000.0,1990000.0
1966,35.685984885112674,37.55562165844322,6560000.0,1990000.0
1967,35.79399310130761,37.525441845563456,6570000.0,1990000.0
1968,35.90192138885224,37.49513979451492,6580000.0,1990000.0
1969,36.00976958832069,37.46471564539158,6590000.0,1990000.0
1970,36.11753754228318,37.434169538453084,6600000.0,1990000.0
1971,36.225225095304,37.40350161412045,6610000.0,1990000.0
1972,36.33283209393934,37.37271201297163,6620000.0,1990000.0
1973,36.44035838673523,37.341800875737206,6630000.0,1990000.0
1974,36.547803824225184,37.310768343296054,6640000.0,1990000.0
1975,36.65516825892793,37.279614556671014,6650000.0,1990000.0
1976,36.762451545345016,37.24833965702453,6660000.0,1990000.0
1977,36.86965353995833,37.216943785654415,6670000.0,1990000.0
1978,36.97677410122755,37.185427083989495,6680000.0,1990000.0
1979,37.08381308958756,37.15378969358537,6690000.0,1990000.0
1980,37.19077036744575,37.12203175612005,6700000.0,1990000.0
1981,37.29764579917929,37.09015341338984,6710000.0,1990000.0
1982,37.40443925113232,37.058154807304945,6720000.0,1990000.0
1983,37.511150591613,37.02603607988527,6730000.0,1990000.0
1984,37.61777969089064,36.99379737325623,6740000.0,1990000.0
1985,37.72432642119264,36.96143882964453,6750000.0,1990000.0
1986,37.83079065670144,36.92896059137388,6760000.0,1990000.0
1987,37.937172273551305,36.896362800860885,6770000.0,1990000.0
1988,38.043471149825194,36.8636456006108,6780000.0,1990000.0
1989,26.257245667344733,39.748084168168724,5710000.0,2000000.0
1990,26.371397411049482,39.7287480114116,5720000.0,2000000.0
1991,26.485489743702804,39.709278604896994,5730000.0,2000000.0
1992,26.599522336620936,39.689676058805894,5740000.0,2000000.0
1993,26.71349486296507,39.6699404838707,5750000.0,2000000.0
1994,26.827406997747772,39.650071991370936,5760000.0,2000000.0
1995,26.94125841783922,39.63007069312879,5770000.0,2000000.0
1996,27.05504880197344,39.60993670150482,5780000.0,2000000.0
1997,27.168777830754358,39.589670129393404,5790000.0,2000000.0
1998,27.28244518666169,39.569271090218436,5800000.0,2000000.0
1999,27.396050554056824,39.54873969792888,5810000.0,2000000.0
2000,27.509593619188504,39.52807606699424,5820000.0,2000000.0
2001,27.6230740701985,39.50728031240019,5830000.0,2000000.0
2002,27.736491597126996,39.486352549644124,5840000.0,2000000.0
2003,27.84984589191806,39.46529289473065,5850000.0,2000000.0
2004,27.96313664842488,39.44410146416706,5860000.0,2000000.0
2005,28.076363562414887,39.42277837495897,5870000.0,2000000.0
2006,28.189526331574847,39.4013237446057,5880000.0,2000000.0
2007,28.30262465551575,39.37973769109583,5890000.0,2000000.0
2008,28.415658235777624,39.3580203329027,5900000.0,2000000.0
2009,28.528626775834287,39.336171788979804,5910000.0,2000000.0
2010,28.641529981097882,39.314192178756365,5920000.0,2000000.0
2011,28.7543675589234,39.29208162213272,5930000.0,2000000.0
2012,28.86713921861299,39.26984023947586,5940000.0,2000000.0
2013,28.979844671420295,39.2474681516148,5950000.0,2000000.0
2014,29.092483630554565,39.22496547983603,5960000.0,2000000.0
2015,29.205055811184657,39.202332345879014,5970000.0,2000000.0
2016,29.317560930443012,39.17956887193157,5980000.0,2000000.0
2017,29.429998707429455,39.156675180625335,5990000.0,2000000.0
2018,29.5423688632149,39.13365139503115,6000000.0,2000000.0
2019,29.65467112084495,39.110497638654515,6010000.0,2000000.0
2020,29.766905205343367,39.08721403543095,6020000.0,2000000.0
2021,29.879070843715496,39.06380070972146,6030000.0,2000000.0
2022,29.991167764951474,39.04025778630794,6040000.0,2000000.0
2023,30.103195700029474,39.016585390388514,6050000.0,2000000.0
2024,30.215154381918655,38.99278364757302,6060000.0,2000000.0
2025,30.32704354558222,38.9688526838783,6070000.0,2000000.0
2026,30.438862927980185,38.94479262572374,6080000.0,2000000.0
2027,30.55061226807214,38.9206035999265,6090000.0,2000000.0
2028,30.66229130681988,38.89628573369699,6100000.0,2000000.0
2029,30.7738997871899,38.8718391546343,6110000.0,2000000.0
2030,30.88543745415588,38.847263990721466,6120000.0,2000000.0
2031,30.99690405470089,38.82256037032093,6130000.0,2000000.0
2032,31.108299337819723,38.79772842216993,6140000.0,2000000.0
2033,31.219623054520913,38.77276827537584,6150000.0,2000000.0
2034,31.330874957828748,38.74768005941157,6160000.0,2000000.0
2035,31.442054802785204,38.722463904110974,6170000.0,2000000.0
2036,31.553162346451714,38.697119939664155,6180000.0,2000000.0
2037,31.664197347910832,38.67164829661297,6190000.0,2000000.0
2038,31.77515956826793,38.64604910584627,6200000.0,2000000.0
2039,31.88604877065254,38.620322498595336,6210000.0,2000000.0
2040,31.99686472021987,38.594468606429366,6220000.0,2000000.0
2041,32.107607184152016,38.56848756125068,6230000.0,2000000.0
2042,32.21827593165918,38.54237949529023,6240000.0,2000000.0
2043,32.32887073398079,38.51614454110297,6250000.0,2000000.0
2044,32.439391364386424,38.489782831563176,6260000.0,2000000.0
2045,32.54983759817676,38.46329449985996,6270000.0,2000000.0
2046,32.66020921268436,38.43667967949253,6280000.0,2000000.0
2047,32.77050598727433,38.4099385042657,6290000.0,2000000.0
2048,32.88072770334502,38.383071108285215,6300000.0,2000000.0
2049,32.9908741443284,38.35607762595318,6310000.0,2000000.0
2050,33.10094509569058,38.328958191963494,6320000.0,2000000.0
2051,33.21094034493206,38.30171294129724,6330000.0,2000000.0
2052,33.32085968158801,38.27434200921808,6340000.0,2000000.0
2053,33.43070289722835,38.24684553126768,6350000.0,2000000.0
2054,33.54046978545779,38.219223643261174,6360000.0,2000000.0
2055,33.65016014191582,38.19147648128254,6370000.0,2000000.0
2056,33.75977376427651,38.163604181680086,6380000.0,2000000.0
2057,33.86931045224828,38.13560688106184,6390000.0,2000000.0
2058,33.97877000757362,38.107484716290976,6400000.0,2000000.0
2059,34.088152234028584,38.07923782448139,6410000.0,2000000.0
2060,34.197456937422366,38.050866342993,6420000.0,2000000.0
2061,34.30668392559664,38.022370409427275,6430000.0,2000000.0
2062,34.41583300842492,37.99375016162271,6440000.0,2000000.0
2063,34.524903997811734,37.965005737650316,6450000.0,2000000.0
2064,34.63389670769182,37.936137275809045,6460000.0,2000000.0
2065,34.742810954029146,37.9071449146213,6470000.0,2000000.0
2066,34.85164655481589,37.87802879282846,6480000.0,2000000.0
2067,34.96040333007132,37.848789049386355,6490000.0,2000000.0
2068,35.069081101840574,37.819425823460776,6500000.0,2000000.0
2069,35.17767969419344,37.78993925442296,6510000.0,2000000.0
2070,35.28619893322289,37.760329481845204,6520000.0,2000000.0
2071,35.39463864704371,37.73059664549633,6530000.0,2000000.0
2072,35.502998665790955,37.70074088533718,6540000.0,2000000.0
2073,35.61127882161828,37.67076234151632,6550000.0,2000000.0
2074,35.71947894869635,37.64066115436542,6560000.0,2000000.0
2075,35.82759888321097,37.61043746439495,6570000.0,2000000.0
2076,35.93563846336129,37.5800914122897,6580000.0,2000000.0
2077,36.04359752935789,37.54962313890436,6590000.0,2000000.0
2078,36.15147592342067,37.51903278525915,6600000.0,2000000.0
2079,36.25927348977692,37.48832049253541,6610000.0,2000000.0
2080,36.36699007465907,37.457486402071154,6620000.0,2000000.0
2081,36.47462552630244,37.42653065535683,6630000.0,2000000.0
2082,36.582179694943015,37.395453394030824,6640000.0,2000000.0
2083,36.689652432814945,37.36425475987514,6650000.0,2000000.0
2084,36.79704359414823,37.33293489481109,6660000.0,2000000.0
2085,36.90435303516606,37.301493940894936,6670000.0,2000000.0
2086,37.0115806140823,37.26993204031359,6680000.0,2000000.0
2087,37.118726191098816,37.2382493353802,6690000.0,2000000.0
2088,37.225789628402644,37.20644596853004,6700000.0,2000000.0
2089,37.332770790163316,37.174522082316,6710000.0,2000000.0
2090,37.43966954252987,37.14247781940447,6720000.0,2000000.0
2091,37.54648575362798,37.110313322571,6730000.0,2000000.0
2092,37.653219293556866,37.07802873469606,6740000.0,2000000.0
2093,37.75987003438627,37.045624198760805,6750000.0,2000000.0
2094,37.86643785015329,37.013099857842796,6760000.0,2000000.0
2095,37.97292261685918,36.98045585511188,6770000.0,2000000.0
2096,38.07932421246603,36.94769233382587,6780000.0,2000000.0
2097,38.185642516893466,36.914809437326404,6790000.0,2000000.0
2098,38.61008048952276,36.7820869687268,6830000.0,2000000.0
2099,38.71598060511923,36.748609348926415,6840000.0,2000000.0
2100,38.82179674996711,36.71501321548937,6850000.0,2000000.0
2101,26.165487715222234,39.855536809701114,5700000.0,2010000.0
2102,26.279844435916253,39.836303470301736,5710000.0,2010000.0
2103,26.39414173358276,39.81693658426752,5720000.0,2010000.0
2104,26.50837927605619,39.79743626188449,5730000.0,2010000.0
2105,26.622556733024528,39.77780261399722,5740000.0,2010000.0
2106,26.736673776035964,39.75803575200436,5750000.0,2010000.0
2107,26.850730078505226,39.73813578785433,5760000.0,2010000.0
2108,26.964725315719946,39.71810283404081,5770000.0,2010000.0
2109,27.078659164846822,39.6979370035984,5780000.0,2010000.0
2110,27.19253130493773,39.677638410098076,5790000.0,2010000.0
2111,27.30634141693565,39.65720716764281,5800000.0,2010000.0
2112,27.42008918368056,39.63664339086302,5810000.0,2010000.0
2113,27.53377428991514,39.61594719491221,5820000.0,2010000.0
2114,27.64739642229042,39.59511869546238,5830000.0,2010000.0
2115,27.76095526937128,39.57415800869956,5840000.0,2010000.0
2116,27.874450521641798,39.55306525131932,5850000.0,2010000.0
2117,27.98788187151061,39.531840540522204,5860000.0,2010000.0
2118,28.101249013316025,39.51048399400932,5870000.0,2010000.0
2119,28.21455164333107,39.488995729977646,5880000.0,2010000.0
2120,28.32778945976844,39.46737586711561,5890000.0,2010000.0
2121,28.440962162785343,39.44562452459848,5900000.0,2010000.0
2122,28.55406945448817,39.423741822083855,5910000.0,2010000.0
2123,28.66711103893714,39.40172787970703,5920000.0,2010000.0
2124,28.780086622150737,39.37958281807648,5930000.0,2010000.0
2125,28.892995912110095,39.3573067582693,5940000.0,2010000.0
2126,29.005838618763303,39.334899821826546,5950000.0,2010000.0
2127,29.11861445402949,39.31236213074867,5960000.0,2010000.0
2128,29.23132313180289,39.28969380749097,5970000.0,2010000.0
2129,29.343964367956776,39.26689497495892,5980000.0,2010000.0
2130,29.456537880347266,39.24396575650365,5990000.0,2010000.0
2131,29.569043388817015,39.220906275917216,6000000.0,2010000.0
2132,29.68148061519882,39.19771665742806,6010000.0,2010000.0
2133,29.793849283319105,39.17439702569639,6020000.0,2010000.0
2134,29.906149119001274,39.150947505809526,6030000.0,2010000.0
2135,30.018379850069,39.127368223277266,6040000.0,2010000.0
2136,30.130541206349353,39.10365930402726,6050000.0,2010000.0
2137,30.24263291967589,39.07982087440043,6060000.0,2010000.0
2138,30.354654723891525,39.05585306114621,6070000.0,2010000.0
2139,30.46660635485141,39.03175599141801,6080000.0,2010000.0
2140,30.57848755042562,39.007529792768516,6090000.0,2010000.0
2141,30.69029805050182,38.9831745931451,6100000.0,2010000.0
2142,30.802037596987727,38.958690520885064,6110000.0,2010000.0
2143,30.91370593381351,38.93407770471112,6120000.0,2010000.0
2144,31.025302806934096,38.90933627372663,6130000.0,2010000.0
2145,31.13682796433137,38.884466357411036,6140000.0,2010000.0
2146,31.248281156016258,38.85946808561514,6150000.0,2010000.0
2147,31.359662134030675,38.8343415885565,6160000.0,2010000.0
2148,31.470970652449452,38.809086996814735,6170000.0,2010000.0
2149,31.582206467382047,38.78370444132693,6180000.0,2010000.0
2150,31.693369336974285,38.75819405338289,6190000.0,2010000.0
2151,31.80445902140985,38.732555964620595,6200000.0,2010000.0
2152,31.915475282911817,38.706790307021464,6210000.0,2010000.0
2153,32.02641788574397,38.68089721290573,6220000.0,2010000.0
2154,32.13728659621205,38.65487681492782,6230000.0,2010000.0
2155,32.24808118266498,38.628729246071664,6240000.0,2010000.0
2156,32.358801415495876,38.60245463964609,6250000.0,2010000.0
2157,32.46944706714301,38.57605312928011,6260000.0,2010000.0
2158,32.580017912090675,38.549524848918374,6270000.0,2010000.0
2159,32.69051372686996,38.52286993281648,6280000.0,2010000.0
2160,32.80093429005943,38.496088515536314,6290000.0,2010000.0
2161,32.91127938228563,38.46918073194146,6300000.0,2010000.0
2162,33.02154878622363,38.44214671719256,6310000.0,2010000.0
2163,33.13174228659738,38.41498660674267,6320000.0,2010000.0
2164,33.24185967017993,38.3877005363327,6330000.0,2010000.0
2165,33.35190072579371,38.36028864198669,6340000.0,2010000.0
2166,33.46186524431055,38.33275106000727,6350000.0,2010000.0
2167,33.57175301865171,38.305087926971055,6360000.0,2010000.0
2168,33.68156384378777,38.27729937972402,6370000.0,2010000.0
2169,33.79129751673841,38.24938555537692,6380000.0,2010000.0
2170,33.90095383657223,38.22134659130062,6390000.0,2010000.0
2171,34.01053260440623,38.19318262512165,6400000.0,2010000.0
2172,34.12003362340546,38.164893794717464,6410000.0,2010000.0
2173,34.22945669878244,38.13648023821202,6420000.0,2010000.0
2174,34.33880163779647,38.10794209397104,6430000.0,2010000.0
2175,34.44806824975298,38.07927950059763,6440000.0,2010000.0
2176,34.557256346002596,38.05049259692757,6450000.0,2010000.0
2177,34.66636573994035,38.021581522024825,6460000.0,2010000.0
2178,34.77539624700462,37.99254641517704,6470000.0,2010000.0
2179,34.88434768467604,37.96338741589092,6480000.0,2010000.0
2180,34.993219872476374,37.934104663887766,6490000.0,2010000.0
2181,35.10201263196725,37.904698299098925,6500000.0,2010000.0
2182,35.21072578674878,37.87516846166132,6510000.0,2010000.0
2183,35.319359162458234,37.84551529191285,6520000.0,2010000.0
2184,35.42791258676841,37.815738930388,6530000.0,2010000.0
2185,35.53638588938619,37.785839517813265,6540000.0,2010000.0
2186,35.644778902050746,37.755817195102786,6550000.0,2010000.0
2187,35.753091458531905,37.72567210335371,6560000.0,2010000.0
2188,35.861323394628215,37.69540438384189,6570000.0,2010000.0
2189,35.969474548165124,37.66501417801734,6580000.0,2010000.0
2190,36.077544758992964,37.63450162749981,6590000.0,2010000.0
2191,36.185533868984855,37.60386687407438,6600000.0,2010000.0
2192,36.29344172203463,37.573110059687,6610000.0,2010000.0
2193,36.40126816405454,37.54223132644009,6620000.0,2010000.0
2194,36.50901304297306,37.51123081658814,6630000.0,2010000.0
2195,36.61667620873242,37.480108672533305,6640000.0,2010000.0
2196,36.724257513286226,37.448865036821054,6650000.0,2010000.0
2197,36.8317568105969,37.41750005213575,6660000.0,2010000.0
2198,36.939173956633155,37.3860138612963,6670000.0,2010000.0
2199,37.04650880936727,37.354406607251875,6680000.0,2010000.0
2200,37.15376122877236,37.32267843307743,6690000.0,2010000.0
2201,37.26093107681963,37.290829481969524,6700000.0,2010000.0
2202,37.368018217475445,37.258859897241905,6710000.0,2010000.0
2203,37.4750225166984,37.226769822321245,6720000.0,2010000.0
2204,37.58194384243634,37.194559400742804,6730000.0,2010000.0
2205,37.68878206462318,37.16222877614623,6740000.0,2010000.0
2206,37.795537055175934,37.129778092271216,6750000.0,2010000.0
2207,37.902208687991326,37.09720749295327,6760000.0,2010000.0
2208,38.00879683894258,37.06451712211946,6770000.0,2010000.0
2209,38.11530138587613,37.03170712378421,6780000.0,2010000.0
2210,38.22172220860811,36.99877764204502,6790000.0,2010000.0
2211,38.32805918892096,36.965728821078336,6800000.0,2010000.0
2212,38.43431221055985,36.93256080513527,6810000.0,2010000.0
2213,38.54048115922911,36.899273738537545,6820000.0,2010000.0
2214,38.64656592258855,36.86586776567314,6830000.0,2010000.0
2215,38.75256639024976,36.83234303099234,6840000.0,2010000.0
2216,38.858482453772304,36.79869967900344,6850000.0,2010000.0
2217,38.96431400665993,36.76493785426867,6860000.0,2010000.0
2218,39.07006094435664,36.73105770140013,6870000.0,2010000.0
2219,39.17572316424272,36.6970593650556,6880000.0,2010000.0
2220,26.188025734557687,39.94376993983445,5700000.0,2020000.0
2221,26.302528849817598,39.92450594067652,5710000.0,2020000.0
2222,26.416972197227274,39.905108207022195,5720000.0,2020000.0
2223,26.531355442969698,39.88557684982295,5730000.0,2020000.0
2224,26.645678255096783,39.865911980591456,5740000.0,2020000.0
2225,26.759940303535913,39.84611371139724,5750000.0,2020000.0
2226,26.87414126009642,39.82618215486217,5760000.0,2020000.0
2227,26.988280798475888,39.80611742415602,5770000.0,2020000.0
2228,27.102358594266406,39.78591963299204,5780000.0,2020000.0
2229,27.216374324960654,39.7655888956224,5790000.0,2020000.0
2230,27.33032766995791,39.74512532683375,5800000.0,2020000.0
2231,27.444218310569866,39.724529041942695,5810000.0,2020000.0
2232,27.55804593002644,39.70380015679129,5820000.0,2020000.0
2233,27.671810213481404,39.68293878774248,5830000.0,2020000.0
2234,27.785510848017875,39.66194505167563,5840000.0,2020000.0
2235,27.899147522653756,39.64081906598194,5850000.0,2020000.0
2236,28.012719928347025,39.61956094855988,5860000.0,2020000.0
2237,28.126227758000876,39.59817081781069,5870000.0,2020000.0
2238,28.239670706468836,39.576648792633705,5880000.0,2020000.0
2239,28.353048470559678,39.55499499242187,5890000.0,2020000.0
2240,28.466360749042224,39.533209537057125,5900000.0,2020000.0
2241,28.57960724265014,39.5112925469058,5910000.0,2020000.0
2242,28.69278765408647,39.48924414281402,5920000.0,2020000.0
2243,28.805901688028168,39.4670644461031,5930000.0,2020000.0
2244,28.918949051130436,39.444753578564914,5940000.0,2020000.0
2245,29.031929452031022,39.42231166245728,5950000.0,2020000.0
2246,29.14484260135434,39.39973882049937,5960000.0,2020000.0
2247,29.257688211715543,39.37703517586701,5970000.0,2020000.0
2248,29.370465997724388,39.354200852188065,5980000.0,2020000.0
2249,29.483175675989095,39.33123597353785,5990000.0,2020000.0
2250,29.595816965120044,39.3081406644344,6000000.0,2020000.0
2251,29.708389585733343,39.284915049833856,6010000.0,2020000.0
2252,29.82089326045431,39.26155925512579,6020000.0,2020000.0
2253,29.93332771392083,39.238073406128564,6030000.0,2020000.0
2254,30.045692672786632,39.21445762908467,6040000.0,2020000.0
2255,30.15798786572442,39.19071205065601,6050000.0,2020000.0
2256,30.270213023428898,39.1668367979193,6060000.0,2020000.0
2257,30.382367878619704,39.14283199836128,6070000.0,2020000.0
2258,30.494452166044216,39.11869777987419,6080000.0,2020000.0
2259,30.606465622480297,39.094434270750945,6090000.0,2020000.0
2260,30.718407986738836,39.07004159968054,6100000.0,2020000.0
2261,30.830278999666284,39.04551989574334,6110000.0,2020000.0
2262,30.942078404147004,39.020869288406395,6120000.0,2020000.0
2263,31.053805945105562,38.99608990751873,6130000.0,2020000.0
2264,31.16546136950891,38.971181883306734,6140000.0,2020000.0
2265,31.277044426368434,38.94614534636933,6150000.0,2020000.0
2266,31.38855486674192,38.92098042767344,6160000.0,2020000.0
2267,31.49999244373538,38.89568725854922,6170000.0,2020000.0
2268,31.611356912504846,38.870265970685374,6180000.0,2020000.0
2269,31.722648030257957,38.844716696124465,6190000.0,2020000.0
2270,31.833865556255574,38.81903956725823,6200000.0,2020000.0
2271,31.945009251813147,38.79323471682293,6210000.0,2020000.0
2272,32.056078880302074,38.767302277894586,6220000.0,2020000.0
2273,32.16707420715094,38.74124238388437,6230000.0,2020000.0
2274,32.27799499984665,38.715055168533915,6240000.0,2020000.0
2275,32.388841027935456,38.68874076591058,6250000.0,2020000.0
2276,32.49961206302386,38.6622993104028,6260000.0,2020000.0
2277,32.61030787877949,38.63573093671547,6270000.0,2020000.0
2278,32.72092825093177,38.609035779865174,6280000.0,2020000.0
2279,32.83147295727263,38.58221397517557,6290000.0,2020000.0
2280,32.94194177765696,38.555265658272745,6300000.0,2020000.0
2281,33.05233449400306,38.52819096508047,6310000.0,2020000.0
2282,33.16265089029307,38.50099003181567,6320000.0,2020000.0
2283,33.27289075257306,38.47366299498363,6330000.0,2020000.0
2284,33.383053868953276,38.446209991373436,6340000.0,2020000.0
2285,33.493140029608185,38.41863115805329,6350000.0,2020000.0
2286,33.60314902677638,38.39092663236592,6360000.0,2020000.0
2287,33.71308065476049,38.36309655192385,6370000.0,2020000.0
2288,33.82293470992692,38.33514105460484,6380000.0,2020000.0
2289,33.93271099070555,38.307060278547276,6390000.0,2020000.0
2290,34.04240929758928,38.27885436214549,6400000.0,2020000.0
2291,34.15202943313356,38.250523444045164,6410000.0,2020000.0
2292,34.26157120195577,38.22206766313877,6420000.0,2020000.0
2293,34.37103441073452,38.19348715856089,6430000.0,2020000.0
2294,34.48041886820889,38.16478206968369,6440000.0,2020000.0
2295,34.58972438517757,38.13595253611228,6450000.0,2020000.0
2296,34.69895077449786,38.10699869768017,6460000.0,2020000.0
2297,34.80809785108466,38.077920694444664,6470000.0,2020000.0
2298,34.917165431909325,38.048718666682355,6480000.0,2020000.0
2299,35.026153335998494,38.019392754884464,6490000.0,2020000.0
2300,35.13506138443266,37.989943099752395,6500000.0,2020000.0
2301,35.24388940034494,37.9603698421931,6510000.0,2020000.0
2302,35.352637208919504,37.930673123314605,6520000.0,2020000.0
2303,35.46130463739,37.900853084421485,6530000.0,2020000.0
2304,35.569891515038044,37.870909867010276,6540000.0,2020000.0
2305,35.67839767319131,37.8408436127651,6550000.0,2020000.0
2306,35.7868229452219,37.81065446355296,6560000.0,2020000.0
2307,35.89516716654435,37.78034256141947,6570000.0,2020000.0
2308,36.00343017461371,37.74990804858424,6580000.0,2020000.0
2309,36.111611808923534,37.719351067436406,6590000.0,2020000.0
2310,36.219711911003635,37.688671760530276,6600000.0,2020000.0
2311,36.32773032441805,37.657870270580695,6610000.0,2020000.0
2312,36.43566689476263,37.62694674045878,6620000.0,2020000.0
2313,36.54352146966278,37.59590131318739,6630000.0,2020000.0
2314,36.65129389877096,37.56473413193674,6640000.0,2020000.0
2315,36.75898403376419,37.53344534001997,6650000.0,2020000.0
2316,36.86659172834155,37.50203508088878,6660000.0,2020000.0
2317,36.97411683822142,37.47050349812896,6670000.0,2020000.0
2318,37.08155922113883,37.438850735456136,6680000.0,2020000.0
2319,37.188918736842616,37.40707693671126,6690000.0,2020000.0
2320,37.29619524709261,37.3751822458564,6700000.0,2020000.0
2321,37.40338861565664,37.343166806970274,6710000.0,2020000.0
2322,37.51049870830752,37.311030764244016,6720000.0,2020000.0
2323,37.61752539282008,37.27877426197678,6730000.0,2020000.0
2324,37.724468538967834,37.246397444571436,6740000.0,2020000.0
2325,37.831328018519976,37.21390045653039,6750000.0,2020000.0
2326,37.93810370523792,37.1812834424511,6760000.0,2020000.0
2327,38.04479547487207,37.14854654702201,6770000.0,2020000.0
2328,38.15140320515836,37.11568991501814,6780000.0,2020000.0
2329,38.25792677581477,37.08271369129695,6790000.0,2020000.0
2330,38.36436606853779,37.04961802079403,6800000.0,2020000.0
2331,38.47072096699889,37.01640304851889,6810000.0,2020000.0
2332,38.57699135684072,36.9830689195508,6820000.0,2020000.0
2333,38.6831771256735,36.94961577903459,6830000.0,2020000.0
2334,38.78927816307116,36.916043772176415,6840000.0,2020000.0
2335,38.89529436056752,36.88235304423965,6850000.0,2020000.0
2336,39.00122561165241,36.84854374054069,6860000.0,2020000.0
2337,39.10707181176762,36.814616006444886,6870000.0,2020000.0
2338,39.21283285830299,36.78056998736233,6880000.0,2020000.0
2339,39.318508650592214,36.74640582874379,6890000.0,2020000.0
2340,39.4240990899088,36.71212367607664,6900000.0,2020000.0
2342,26.325299340843706,40.0126915904123,5710000.0,2030000.0
2343,26.439889235812814,39.99326289020697,5720000.0,2030000.0
2344,26.554418680288265,39.9737003786537,5730000.0,2030000.0
2345,26.668887340677898,39.954004167937995,5740000.0,2030000.0
2346,26.78329488528055,39.93417437080475,5750000.0,2030000.0
2347,26.89764098429249,39.91421110055397,5760000.0,2030000.0
2348,27.011925309813815,39.89411447103613,5770000.0,2030000.0
2349,27.126147535854653,39.87388459664779,5780000.0,2030000.0
2350,27.24030733834135,39.85352159232694,5790000.0,2030000.0
2351,27.354404395122383,39.8330255735486,5800000.0,2030000.0
2352,27.46843838597436,39.81239665632017,5810000.0,2030000.0
2353,27.582408992607682,39.79163495717697,5820000.0,2030000.0
2354,27.6963158986723,39.77074059317759,5830000.0,2030000.0
2355,27.81015878976317,39.749713681899415,5840000.0,2030000.0
2356,27.923937353425757,39.72855434143394,5850000.0,2030000.0
2357,28.037651279161228,39.707262690382315,5860000.0,2030000.0
2358,28.151300258431757,39.68583884785057,5870000.0,2030000.0
2359,28.264883984665524,39.66428293344514,5880000.0,2030000.0
2360,28.3784021532617,39.64259506726825,5890000.0,2030000.0
2361,28.49185446159526,39.62077536991319,5900000.0,2030000.0
2362,28.605240609021756,39.59882396245979,5910000.0,2030000.0
2363,28.718560296881854,39.576740966469714,5920000.0,2030000.0
2364,28.831813228505915,39.554526503981855,5930000.0,2030000.0
2365,28.944999109218283,39.532180697507634,5940000.0,2030000.0
2366,29.058117646341614,39.50970367002644,5950000.0,2030000.0
2367,29.171168549201,39.48709554498082,5960000.0,2030000.0
2368,29.284151529127993,39.46435644627192,5970000.0,2030000.0
2369,29.39706629946456,39.441486498254804,5980000.0,2030000.0
2370,29.50991257556685,39.4184858257337,5990000.0,2030000.0
2371,29.622690074808933,39.39535455395738,6000000.0,2030000.0
2372,29.735398516586333,39.37209280861445,6010000.0,2030000.0
2373,29.84803762231953,39.34870071582863,6020000.0,2030000.0
2374,29.960607115457318,39.32517840215413,6030000.0,2030000.0
2375,30.073106721480016,39.30152599457084,6040000.0,2030000.0
2376,30.185536167902658,39.277743620479725,6050000.0,2030000.0
2377,30.297895184277948,39.253831407698016,6060000.0,2030000.0
2378,30.41018350219924,39.229789484454635,6070000.0,2030000.0
2379,30.522400855303285,39.205617979385316,6080000.0,2030000.0
2380,30.63454697927294,39.18131702152804,6090000.0,2030000.0
2381,30.746621611839785,39.156886740318186,6100000.0,2030000.0
2382,30.858624492786543,39.13232726558394,6110000.0,2030000.0
2383,30.970555363949472,39.107638727541435,6120000.0,2030000.0
2384,31.082413969220617,39.08282125679015,6130000.0,2030000.0
2385,31.194200054549963,39.05787498430814,6140000.0,2030000.0
2386,31.305913367947475,39.032800041447295,6150000.0,2030000.0
2387,31.41755365948504,39.00759655992862,6160000.0,2030000.0
2388,31.529120681298277,38.98226467183752,6170000.0,2030000.0
2389,31.64061418758827,38.95680450961912,6180000.0,2030000.0
2390,31.752033934623196,38.93121620607343,6190000.0,2030000.0
2391,31.86337968073985,38.90549989435075,6200000.0,2030000.0
2392,31.974651186344992,38.879655707946874,6210000.0,2030000.0
2393,32.08584821391674,38.85368378069835,6220000.0,2030000.0
2394,32.196970528005686,38.82758424677787,6230000.0,2030000.0
2395,32.30801789523607,38.80135724068942,6240000.0,2030000.0
2396,32.41899008430675,38.77500289726365,6250000.0,2030000.0
2397,32.52988686599206,38.74852135165314,6260000.0,2030000.0
2398,32.640708013142664,38.721912739327685,6270000.0,2030000.0
2399,32.75145330068623,38.6951771960696,6280000.0,2030000.0
2400,32.862122505628015,38.668314857968994,6290000.0,2030000.0
2401,32.97271540705137,38.641325861419105,6300000.0,2030000.0
2402,33.08323178611813,38.61421034311159,6310000.0,2030000.0
2403,33.19367142606891,38.58696844003181,6320000.0,2030000.0
2404,33.30403411222335,38.559600289454195,6330000.0,2030000.0
2405,33.41431963198014,38.53210602893748,6340000.0,2030000.0
2406,33.52452777481714,38.504485796320076,6350000.0,2030000.0
2407,33.634658332291146,38.476739729715426,6360000.0,2030000.0
2408,33.74471109803785,38.448867967507304,6370000.0,2030000.0
2409,33.85468586777148,38.4208706483451,6380000.0,2030000.0
2410,33.96458243928447,38.39274791113926,6390000.0,2030000.0
2411,34.07440061244698,38.364499895056575,6400000.0,2030000.0
2412,34.184140189206325,38.33612673951551,6410000.0,2030000.0
2413,34.29380097358636,38.30762858418166,6420000.0,2030000.0
2414,34.40338277168674,38.279005568962994,6430000.0,2030000.0
2415,34.51288539168207,38.25025783400533,6440000.0,2030000.0
2416,34.62230864382099,38.22138551968767,6450000.0,2030000.0
2417,34.7316523404252,38.19238876661758,6460000.0,2030000.0
2418,34.84091629588829,38.16326771562662,6470000.0,2030000.0
2419,34.95010032667467,38.13402250776566,6480000.0,2030000.0
2420,35.05920425131819,38.10465328430044,6490000.0,2030000.0
2421,35.168227890420866,38.075160186706846,6500000.0,2030000.0
2422,35.277171066651356,38.04554335666643,6510000.0,2030000.0
2423,35.38603360474353,38.01580293606176,6520000.0,2030000.0
2424,35.49481533149477,37.98593906697193,6530000.0,2030000.0
2425,35.60351607576434,37.955951891668,6540000.0,2030000.0
2426,35.71213566847154,37.925841552608446,6550000.0,2030000.0
2427,35.820673942593935,37.89560819243463,6560000.0,2030000.0
2428,35.92913073316532,37.86525195396627,6570000.0,2030000.0
2429,36.037505877273794,37.834772980196966,6580000.0,2030000.0
2430,36.14579921405957,37.804171414289634,6590000.0,2030000.0
2431,36.25401058471283,37.7734473995721,6600000.0,2030000.0
2432,36.36213983247149,37.74260107953256,6610000.0,2030000.0
2433,36.47018680261881,37.71163259781511,6620000.0,2030000.0
2434,36.57815134248105,37.6805420982153,6630000.0,2030000.0
2435,36.6860333014249,37.64932972467569,6640000.0,2030000.0
2436,36.793832530854964,37.617995621281395,6650000.0,2030000.0
2437,36.9015488842111,37.5865399322557,6660000.0,2030000.0
2438,37.00918221696574,37.554962801955554,6670000.0,2030000.0
2439,37.11673238662104,37.52326437486728,6680000.0,2030000.0
2440,37.224199252706065,37.491444795602064,6690000.0,2030000.0
2441,37.331582676773834,37.45950420889169,6700000.0,2030000.0
2442,37.43888252239834,37.42744275958403,6710000.0,2030000.0
2443,37.54609865517145,37.39526059263886,6720000.0,2030000.0
2444,37.65323094269978,37.36295785312335,6730000.0,2030000.0
2445,37.76027925460145,37.33053468620784,6740000.0,2030000.0
2446,37.86724346250286,37.297991237161455,6750000.0,2030000.0
2447,37.97412344003529,37.265327651347825,6760000.0,2030000.0
2448,38.08091906283149,37.232544074220804,6770000.0,2030000.0
2449,38.187630208522265,37.19964065132012,6780000.0,2030000.0
2450,38.29425675673279,37.16661752826719,6790000.0,2030000.0
2451,38.40079858907918,37.13347485076083,6800000.0,2030000.0
2452,38.50725558916467,37.10021276457296,6810000.0,2030000.0
2453,38.61362764257594,37.066831415544485,6820000.0,2030000.0
2454,38.71991463687934,37.03333094958094,6830000.0,2030000.0
2455,38.82611646161697,36.99971151264843,6840000.0,2030000.0
2456,38.932233008302774,36.965973250769295,6850000.0,2030000.0
2457,39.03826417041865,36.93211631001808,6860000.0,2030000.0
2458,39.144209843410266,36.898140836517264,6870000.0,2030000.0
2459,39.25006992468307,36.86404697643317,6880000.0,2030000.0
2460,39.355844313598105,36.8298348759718,6890000.0,2030000.0
2461,39.461532911467785,36.795504681374744,6900000.0,2030000.0
2462,39.56713562155166,36.76105653891504,6910000.0,2030000.0
2464,25.888607328558404,40.17735734046049,5670000.0,2040000.0
2465,26.233358936863212,40.1201861044921,5700000.0,2040000.0
2466,26.462893286191683,40.08140064398977,5720000.0,2040000.0
2467,26.5775694268895,40.06180685795086,5730000.0,2040000.0
2468,26.692184430650823,40.042079185015,5740000.0,2040000.0
2469,26.8067379641381,40.0222177386072,5750000.0,2040000.0
2470,26.921229695926893,40.00222263271022,5760000.0,2040000.0
2471,27.035659296512275,39.98209398185994,5770000.0,2040000.0
2472,27.15002643831508,39.961831901140826,5780000.0,2040000.0
2473,27.264330795688085,39.94143650618148,5790000.0,2040000.0
2474,27.37857204492198,39.9209079131499,5800000.0,2040000.0
2475,27.492749864251326,39.90024623874903,5810000.0,2040000.0
2476,27.606863933860325,39.879451600212164,5820000.0,2040000.0
2477,27.72091393588848,39.85852411529829,5830000.0,2040000.0
2478,27.834899554436195,39.837463902287475,5840000.0,2040000.0
2479,27.948820475570137,39.81627107997634,5850000.0,2040000.0
2480,28.062676387328622,39.794945767673326,5860000.0,2040000.0
2481,28.176466979726783,39.7734880851941,5870000.0,2040000.0
2482,28.290191944761638,39.751898152856995,5880000.0,2040000.0
2483,28.40385097641709,39.73017609147815,5890000.0,2040000.0
2484,28.51744377066874,39.70832202236707,5900000.0,2040000.0
2485,28.630970025488647,39.68633606732181,5910000.0,2040000.0
2486,28.744429440849917,39.66421834862438,5920000.0,2040000.0
2487,28.85782171873122,39.641968989036016,5930000.0,2040000.0
2488,28.97114656312113,39.619588111792524,5940000.0,2040000.0
2489,29.084403680022465,39.597075840599544,5950000.0,2040000.0
2490,29.19759277745635,39.57443229962788,5960000.0,2040000.0
2491,29.310713565466312,39.55165761350881,5970000.0,2040000.0
2492,29.42376575612218,39.528751907329294,5980000.0,2040000.0
2493,29.53674906352387,39.505715306627344,5990000.0,2040000.0
2494,29.64966320380511,39.48254793738729,6000000.0,2040000.0
2495,29.762507895136984,39.45924992603497,6010000.0,2040000.0
2496,29.87528285773141,39.4358213994331,6020000.0,2040000.0
2497,29.987987813844487,39.41226248487649,6030000.0,2040000.0
2498,30.10062248777972,39.38857331008729,6040000.0,2040000.0
2499,30.213186605891163,39.364754003210265,6050000.0,2040000.0
2500,30.325679896586415,39.34080469280809,6060000.0,2040000.0
2501,30.43810209032951,39.31672550785655,6070000.0,2040000.0
2502,30.550452919643725,39.29251657773977,6080000.0,2040000.0
2503,30.66273211911423,39.26817803224554,6090000.0,2040000.0
2504,30.7749394253907,39.24371000156047,6100000.0,2040000.0
2505,30.88707457718972,39.21911261626534,6110000.0,2040000.0
2506,30.99913731529718,39.19438600733022,6120000.0,2040000.0
2507,31.111127382570427,39.16953030610983,6130000.0,2040000.0
2508,31.2230445239405,39.14454564433868,6140000.0,2040000.0
2509,31.334888486414105,39.119432154126365,6150000.0,2040000.0
2510,31.44665901907549,39.09418996795281,6160000.0,2040000.0
2511,31.558355873088303,39.0688192186635,6170000.0,2040000.0
2512,31.66997880169726,39.04332003946468,6180000.0,2040000.0
2513,31.781527560229748,39.01769256391869,6190000.0,2040000.0
2514,31.893001906097325,38.991936925939086,6200000.0,2040000.0
2515,32.004401598797074,38.96605325978601,6210000.0,2040000.0
2516,32.11572639991289,38.94004170006132,6220000.0,2040000.0
2517,32.22697607311665,38.91390238170392,6230000.0,2040000.0
2518,32.338150384169296,38.88763543998496,6240000.0,2040000.0
2519,32.449249100921776,38.86124101050312,6250000.0,2040000.0
2520,32.56027199331595,38.83471922917987,6260000.0,2040000.0
2521,32.67121883338527,38.80807023225465,6270000.0,2040000.0
2522,32.78208939525553,38.781294156280225,6280000.0,2040000.0
2523,32.89288345514539,38.75439113811789,6290000.0,2040000.0
2524,33.0036007913668,38.72736131493278,6300000.0,2040000.0
2525,33.11424118432541,38.700204824189086,6310000.0,2040000.0
2526,33.22480441652082,38.67292180364538,6320000.0,2040000.0
2527,33.335290272546715,38.64551239134983,6330000.0,2040000.0
2528,33.445698539090955,38.61797672563558,6340000.0,2040000.0
2529,33.556029004935546,38.59031494511594,6350000.0,2040000.0
2530,33.66628146095647,38.56252718867975,6360000.0,2040000.0
2531,33.77645570012351,38.53461359548662,6370000.0,2040000.0
2532,33.88655151749992,38.506574304962264,6380000.0,2040000.0
2533,33.996568710241974,38.478409456793834,6390000.0,2040000.0
2534,34.10650707759851,38.45011919092519,6400000.0,2040000.0
2535,34.21636642091027,38.42170364755225,6410000.0,2040000.0
2536,34.32614654360927,38.39316296711828,6420000.0,2040000.0
2537,34.435847251217965,38.364497290309295,6430000.0,2040000.0
2538,34.54546835134839,38.335706758049334,6440000.0,2040000.0
2539,34.65500965370119,38.30679151149587,6450000.0,2040000.0
2540,34.76447097006454,38.277751692035075,6460000.0,2040000.0
2541,34.87385211431306,38.248587441277294,6470000.0,2040000.0
2542,34.983152902406516,38.219298901052355,6480000.0,2040000.0
2543,35.09237315238854,38.1898862134049,6490000.0,2040000.0
2544,35.20151268438517,38.160349520589904,6500000.0,2040000.0
2545,35.3105713206034,38.130688965067975,6510000.0,2040000.0
2546,35.41954888532958,38.10090468950075,6520000.0,2040000.0
2547,35.528445204927756,38.070996836746346,6530000.0,2040000.0
2548,35.63726010783792,38.04096554985477,6540000.0,2040000.0
2549,35.745993424574124,38.010810972063354,6550000.0,2040000.0
2550,35.854644987722665,37.98053324679221,6560000.0,2040000.0
2551,35.96321463194,37.95013251763965,6570000.0,2040000.0
2552,36.07170219395067,37.91960892837763,6580000.0,2040000.0
2553,36.180107512545206,37.88896262294729,6590000.0,2040000.0
2554,36.28843042857781,37.85819374545437,6600000.0,2040000.0
2555,36.39667078496407,37.827302440164736,6610000.0,2040000.0
2556,36.504828426678564,37.796288851499845,6620000.0,2040000.0
2557,36.61290320075237,37.76515312403229,6630000.0,2040000.0
2558,36.72089495627054,37.733895402481295,6640000.0,2040000.0
2559,36.82880354436941,37.70251583170831,6650000.0,2040000.0
2560,36.936628818233956,37.67101455671245,6660000.0,2040000.0
2561,37.044370633095006,37.639391722626115,6670000.0,2040000.0
2562,37.15202884622636,37.60764747471062,6680000.0,2040000.0
2563,37.25960331694187,37.5757819583516,6690000.0,2040000.0
2564,37.36709390659246,37.543795319054794,6700000.0,2040000.0
2565,37.47450047856305,37.511687702441506,6710000.0,2040000.0
2566,37.58182289826938,37.479459254244276,6720000.0,2040000.0
2567,37.68906103315486,37.447110120302554,6730000.0,2040000.0
2568,37.79621475268723,37.41464044655823,6740000.0,2040000.0
2569,37.90328392835526,37.38205037905139,6750000.0,2040000.0
2570,38.01026843366529,37.34934006391592,6760000.0,2040000.0
2571,38.11716814413778,37.3165096473752,6770000.0,2040000.0
2572,38.22398293730375,37.28355927573778,6780000.0,2040000.0
2573,38.33071269270115,37.250489095393135,6790000.0,2040000.0
2574,38.43735729187118,37.217299252807365,6800000.0,2040000.0
2575,38.54391661835458,37.183989894518845,6810000.0,2040000.0
2576,38.650390557687786,37.1505611671341,6820000.0,2040000.0
2577,38.75677899739909,37.11701321732345,6830000.0,2040000.0
2578,38.86308182700466,37.08334619181691,6840000.0,2040000.0
2579,38.969298938004606,37.04956023739979,6850000.0,2040000.0
2580,39.07543022387888,37.015655500908686,6860000.0,2040000.0
2581,39.18147558008322,36.981632129227215,6870000.0,2040000.0
2582,39.28743490404493,36.947490269281786,6880000.0,2040000.0
2583,39.39330809515864,36.91323006803755,6890000.0,2040000.0
2584,39.49909505478208,36.878851672494214,6900000.0,2040000.0
2585,39.60479568623174,36.84435522968186,6910000.0,2040000.0
2586,39.710409894778365,36.80974088665697,6920000.0,2040000.0
2587,39.81593758764266,36.77500879049816,6930000.0,2040000.0
2588,26.371100296535136,40.18901247064395,5710000.0,2050000.0
2589,26.48598478826374,40.169521478172584,5720000.0,2050000.0
2590,26.60080812470894,40.149896296918584,5730000.0,2050000.0
2591,26.71556996896652,40.13013704042684,5740000.0,2050000.0
2592,26.830269986054716,40.11024382280715,5750000.0,2050000.0
2593,26.94490784292068,40.090216758729724,5760000.0,2050000.0
2594,27.059483208446927,40.07005596342052,5770000.0,2050000.0
2595,27.173995753457614,40.04976155265673,5780000.0,2050000.0
2596,27.288445150724716,40.029333642762154,5790000.0,2050000.0
2597,27.402831074974063,40.00877235060263,5800000.0,2050000.0
2598,27.51715320289127,39.98807779358137,5810000.0,2050000.0
2599,27.63141121312754,39.96725008963434,5820000.0,2050000.0
2600,27.745604786305368,39.946289357225666,5830000.0,2050000.0
2601,27.859733605024097,39.925195715342966,5840000.0,2050000.0
2602,27.97379735386537,39.903969283492664,5850000.0,2050000.0
2603,28.087795719398454,39.88261018169536,5860000.0,2050000.0
2604,28.20172839018547,39.86111853048115,5870000.0,2050000.0
2605,28.315595056786442,39.83949445088493,5880000.0,2050000.0
2606,28.42939541176432,39.81773806444169,5890000.0,2050000.0
2607,28.543129149689815,39.79584949318188,5900000.0,2050000.0
2608,28.656795967146113,39.77382885962665,5910000.0,2050000.0
2609,28.77039556273352,39.75167628678312,5920000.0,2050000.0
2610,28.883927637073967,39.72939189813973,5930000.0,2050000.0
2611,28.99739189281534,39.70697581766144,5940000.0,2050000.0
2612,29.110788034635828,39.684428169785015,5950000.0,2050000.0
2613,29.224115769248016,39.66174907941438,5960000.0,2050000.0
2614,29.337374805402916,39.638938671915646,5970000.0,2050000.0
2615,29.4505648538939,39.61599707311268,5980000.0,2050000.0
2616,29.563685627560503,39.59292440928203,5990000.0,2050000.0
2617,29.676736841292094,39.56972080714839,6000000.0,2050000.0
2618,29.789718212031456,39.54638639387974,6010000.0,2050000.0
2619,29.902629458778225,39.522921297082604,6020000.0,2050000.0
2620,30.015470302592245,39.49932564479722,6030000.0,2050000.0
2621,30.128240466596775,39.47559956549287,6040000.0,2050000.0
2622,30.240939675981643,39.45174318806301,6050000.0,2050000.0
2623,30.35356765800618,39.42775664182052,6060000.0,2050000.0
2624,30.466124142002148,39.403640056492925,6070000.0,2050000.0
2625,30.578608859376516,39.379393562217594,6080000.0,2050000.0
2626,30.69102154361408,39.35501728953696,6090000.0,2050000.0
2627,30.803361930280076,39.33051136939374,6100000.0,2050000.0
2628,30.915629757022533,39.305875933126096,6110000.0,2050000.0
2629,31.027824763574714,39.28111111246294,6120000.0,2050000.0
2630,31.139946691757178,39.256217039518965,6130000.0,2050000.0
2631,31.251995285480053,39.23119384679005,6140000.0,2050000.0
2632,31.363970290744916,39.206041667148355,6150000.0,2050000.0
2633,31.475871455646725,39.1807606338375,6160000.0,2050000.0
2634,31.587698530375597,39.15535088046786,6170000.0,2050000.0
2635,31.69945126721848,39.1298125410117,6180000.0,2050000.0
2636,31.81112942056071,39.1041457497984,6190000.0,2050000.0
2637,31.922732746887473,39.078350641509665,6200000.0,2050000.0
2638,32.034261004785165,39.05242735117474,6210000.0,2050000.0
2639,32.14571395494263,39.026376014165606,6220000.0,2050000.0
2640,32.2570913601523,39.00019676619222,6230000.0,2050000.0
2641,32.36839298531123,38.973889743297654,6240000.0,2050000.0
2642,32.47961859742204,38.947455081853434,6250000.0,2050000.0
2643,32.59076796559374,38.92089291855462,6260000.0,2050000.0
2644,32.70184086104247,38.89420339041515,6270000.0,2050000.0
2645,32.812837057092054,38.86738663476298,6280000.0,2050000.0
2646,32.92375632917464,38.84044278923535,6290000.0,2050000.0
2647,33.034598454831034,38.813371991774034,6300000.0,2050000.0
2648,33.145363213711015,38.786174380620515,6310000.0,2050000.0
2651,33.477191117829605,38.703822051817994,6340000.0,2050000.0
2652,33.587644248287745,38.676118574139075,6350000.0,2050000.0
2653,33.6980189418578,38.64828897830522,6360000.0,2050000.0
2654,33.80831499084477,38.620333404256606,6370000.0,2050000.0
2655,33.91853218966215,38.592251992199934,6380000.0,2050000.0
2656,34.02867033483145,38.56404488260373,6390000.0,2050000.0
2657,34.13872922498165,38.535712216193595,6400000.0,2050000.0
2658,34.24870866084855,38.50725413394752,6410000.0,2050000.0
2659,34.358608445274015,38.47867077709116,6420000.0,2050000.0
2660,34.46842838320517,38.44996228709313,6430000.0,2050000.0
2661,34.57816828169345,38.421128805660366,6440000.0,2050000.0
2662,34.68782794989359,38.39217047473336,6450000.0,2050000.0
2663,34.7974071990625,38.363087436481585,6460000.0,2050000.0
2664,34.90690584255806,38.3338798332987,6470000.0,2050000.0
2665,35.016323695837904,38.30454780779802,6480000.0,2050000.0
2666,35.12566057645794,38.275091502807776,6490000.0,2050000.0
2667,35.23491630407096,38.245511061366486,6500000.0,2050000.0
2668,35.34409070042502,38.21580662671838,6510000.0,2050000.0
2669,35.4531835893619,38.185978342308665,6520000.0,2050000.0
2670,35.56219479681528,38.15602635177902,6530000.0,2050000.0
2671,35.671124150809,38.12595079896292,6540000.0,2050000.0
2672,35.77997148145512,38.095751827881024,6550000.0,2050000.0
2673,35.88873662095199,38.06542958273665,6560000.0,2050000.0
2674,35.997419403582136,38.034984207911144,6570000.0,2050000.0
2675,36.10601966571017,38.00441584795932,6580000.0,2050000.0
2676,36.214537245780555,37.97372464760494,6590000.0,2050000.0
2677,36.32297198431527,37.94291075173606,6600000.0,2050000.0
2678,36.43132372391146,37.91197430540064,6610000.0,2050000.0
2679,36.53959230923897,37.8809154538019,6620000.0,2050000.0
2680,36.64777758703781,37.84973434229381,6630000.0,2050000.0
2681,36.755879406115504,37.81843111637665,6640000.0,2050000.0
2682,36.86389761734445,37.787005921692504,6650000.0,2050000.0
2683,36.97183207365911,37.755458904020664,6660000.0,2050000.0
2684,37.07968263005316,37.72379020927333,6670000.0,2050000.0
2685,37.187449143576636,37.691999983491016,6680000.0,2050000.0
2686,37.29513147333283,37.66008837283818,6690000.0,2050000.0
2687,37.40272948047534,37.62805552359871,6700000.0,2050000.0
2688,37.510243028204854,37.595901582171585,6710000.0,2050000.0
2689,37.61767198176597,37.56362669506643,6720000.0,2050000.0
2690,37.72501620844391,37.531231008899056,6730000.0,2050000.0
2691,37.83227557756118,37.498714670387194,6740000.0,2050000.0
2692,37.939449960474136,37.466077826346016,6750000.0,2050000.0
2693,38.04653923056952,37.43332062368381,6760000.0,2050000.0
2694,38.15354326326087,37.40044320939768,6770000.0,2050000.0
2695,38.26046193598496,37.3674457305691,6780000.0,2050000.0
2696,38.36729512819803,37.33432833435972,6790000.0,2050000.0
2697,38.47404272137209,37.301091168006955,6800000.0,2050000.0
2698,38.58070459899112,37.26773437881979,6810000.0,2050000.0
2699,38.68728064654712,37.234258114174374,6820000.0,2050000.0
2700,38.79377075153627,37.200662521509884,6830000.0,2050000.0
2701,38.9001748034548,37.166947748324176,6840000.0,2050000.0
2702,39.00649269379503,37.133113942169615,6850000.0,2050000.0
2703,39.11272431604121,37.099161250648805,6860000.0,2050000.0
2704,39.21886956566531,37.06508982141042,6870000.0,2050000.0
2705,39.3249283401228,37.030899802144965,6880000.0,2050000.0
2706,39.430900538848356,36.99659134058063,6890000.0,2050000.0
2707,39.53678606325148,36.96216458447911,6900000.0,2050000.0
2708,39.64258481671209,36.92761968163148,6910000.0,2050000.0
2709,39.74829670457605,36.892956779854025,6920000.0,2050000.0
2710,39.85392163415064,36.85817602698415,6930000.0,2050000.0
2711,39.9594595147,36.823277570876236,6940000.0,2050000.0
2712,26.279037924116928,40.29653554887456,5700000.0,2060000.0
2713,26.39413163995108,40.27714772157071,5710000.0,2060000.0
2714,26.624135218765467,40.23796870438859,5730000.0,2060000.0
2715,26.739044402669453,40.21817774240142,5740000.0,2060000.0
2716,26.853891400079977,40.1982526310267,5750000.0,2060000.0
2717,26.968675876308076,40.178193485626814,5760000.0,2060000.0
2718,27.08339749861614,40.15800042212258,5770000.0,2060000.0
2719,27.198055936224232,40.13767355698863,5780000.0,2060000.0
2720,27.31265086031628,40.117213007248786,5790000.0,2060000.0
2721,27.427181944046144,40.096618890471426,5800000.0,2060000.0
2722,27.541648862543543,40.07589132476483,5810000.0,2060000.0
2723,27.656051292919926,40.05503042877249,5820000.0,2060000.0
2724,27.770388914274136,40.03403632166846,5830000.0,2060000.0
2725,27.884661407698005,40.01290912315264,5840000.0,2060000.0
2726,27.998868456281805,39.991648953446145,5850000.0,2060000.0
2727,28.113009745119623,39.97025593328653,5860000.0,2060000.0
2728,28.227084961314556,39.948730183923104,5870000.0,2060000.0
2729,28.3410937939838,39.92707182711223,5880000.0,2060000.0
2730,28.455035934263655,39.90528098511257,5890000.0,2060000.0
2731,28.568911075314393,39.883357780680356,5900000.0,2060000.0
2732,28.68271891232496,39.86130233706466,5910000.0,2060000.0
2733,28.796459142517637,39.83911477800261,5920000.0,2060000.0
2734,28.91013146515253,39.81679522771467,5930000.0,2060000.0
2735,29.023735581531948,39.79434381089984,5940000.0,2060000.0
2736,29.137271195004672,39.77176065273091,5950000.0,2060000.0
2737,29.250738010970114,39.74904587884967,5960000.0,2060000.0
2738,29.36413573688232,39.72619961536215,5970000.0,2060000.0
2739,29.477464082253924,39.70322198883376,5980000.0,2060000.0
2740,29.590722758659894,39.68011312628462,5990000.0,2060000.0
2741,29.70391147974124,39.656873155184655,6000000.0,2060000.0
2742,29.817029961208597,39.6335022034488,6010000.0,2060000.0
2743,29.930077920845623,39.61000039943228,6020000.0,2060000.0
2744,30.04305507851234,39.58636787192572,6030000.0,2060000.0
2745,30.15596115614837,39.562604750150335,6040000.0,2060000.0
2746,30.26879587777604,39.53871116375318,6050000.0,2060000.0
2747,30.381558969503313,39.51468724280222,6060000.0,2060000.0
2748,30.494250159526743,39.49053311778163,6070000.0,2060000.0
2749,30.606869178134144,39.466248919586896,6080000.0,2060000.0
2750,30.71941575770728,39.441834779519986,6090000.0,2060000.0
2751,30.831889632724433,39.41729082928454,6100000.0,2060000.0
2752,30.944290539762726,39.39261720098108,6110000.0,2060000.0
2753,31.05661821750052,39.36781402710211,6120000.0,2060000.0
2754,31.168872406719554,39.3428814405273,6130000.0,2060000.0
2755,31.281052850307052,39.31781957451871,6140000.0,2060000.0
2756,31.3931592932577,39.2926285627159,6150000.0,2060000.0
2757,31.505191482675514,39.267308539131086,6160000.0,2060000.0
2758,31.617149167775537,39.241859638144405,6170000.0,2060000.0
2759,31.729032099885593,39.21628199449896,6180000.0,2060000.0
2760,31.840840032447726,39.19057574329606,6190000.0,2060000.0
2761,31.952572721019667,39.16474101999038,6200000.0,2060000.0
2762,32.06422992327618,39.138777960385156,6210000.0,2060000.0
2763,32.175811399010236,39.11268670062728,6220000.0,2060000.0
2764,32.28731691013414,39.0864673772026,6230000.0,2060000.0
2765,32.398746220680515,39.06012012693099,6240000.0,2060000.0
2766,32.51009909680327,39.03364508696153,6250000.0,2060000.0
2767,32.621375306778305,39.00704239476782,6260000.0,2060000.0
2768,32.73257462100424,38.98031218814301,6270000.0,2060000.0
2769,32.84369681200303,38.95345460519509,6280000.0,2060000.0
2770,32.95474165442039,38.92646978434201,6290000.0,2060000.0
2771,33.065708925026236,38.89935786430698,6300000.0,2060000.0
2772,33.176598402714916,38.872118984113555,6310000.0,2060000.0
2773,33.287409868505435,38.84475328308093,6320000.0,2060000.0
2774,33.39814310554149,38.817260900819086,6330000.0,2060000.0
2775,33.508797899091505,38.78964197722406,6340000.0,2060000.0
2776,33.61937403654846,38.76189665247315,6350000.0,2060000.0
2777,33.72987130742968,38.734025067020085,6360000.0,2060000.0
2778,33.84028950337658,38.706027361590365,6370000.0,2060000.0
2779,33.95062841815417,38.67790367717638,6380000.0,2060000.0
2780,34.06088784765061,38.64965415503276,6390000.0,2060000.0
2781,34.171067589876586,38.621278936671544,6400000.0,2060000.0
2782,34.2811674449646,38.59277816385748,6410000.0,2060000.0
2783,34.3911872151682,38.56415197860323,6420000.0,2060000.0
2784,34.50112670486107,38.53540052316477,6430000.0,2060000.0
2785,34.61098572053609,38.5065239400365,6440000.0,2060000.0
2786,34.72076407080423,38.47752237194666,6450000.0,2060000.0
2787,34.830461566393375,38.44839596185253,6460000.0,2060000.0
2788,34.94007802014714,38.41914485293583,6470000.0,2060000.0
2789,35.04961324702345,38.38976918859791,6480000.0,2060000.0
2790,35.15906706409317,38.36026911245514,6490000.0,2060000.0
2791,35.268439290538545,38.33064476833425,6500000.0,2060000.0
2792,35.37772974765161,38.30089630026761,6510000.0,2060000.0
2793,35.486938258832474,38.2710238524886,6520000.0,2060000.0
2794,35.596064649587575,38.24102756942695,6530000.0,2060000.0
2795,35.705108747527774,38.21090759570411,6540000.0,2060000.0
2796,35.814070382366445,38.18066407612864,6550000.0,2060000.0
2797,35.922949385917406,38.15029715569154,6560000.0,2060000.0
2798,36.03174559209279,38.119806979561716,6570000.0,2060000.0
2799,36.140458836900876,38.0891936930813,6580000.0,2060000.0
2800,36.249088958443814,38.05845744176104,6590000.0,2060000.0
2801,36.3576357969152,38.02759837127591,6600000.0,2060000.0
2802,36.466099194597696,37.99661662746028,6610000.0,2060000.0
2803,36.57447899586045,37.965512356303535,6620000.0,2060000.0
2804,36.68277504715656,37.93428570394552,6630000.0,2060000.0
2805,36.79098719702031,37.9029368166719,6640000.0,2060000.0
2806,36.89911529606449,37.87146584090972,6650000.0,2060000.0
2807,37.007159196977476,37.8398729232229,6660000.0,2060000.0
2808,37.11511875452042,37.80815821030768,6670000.0,2060000.0
2809,37.22299382552418,37.77632184898816,6680000.0,2060000.0
2810,37.33078426888629,37.74436398621186,6690000.0,2060000.0
2811,37.438489945567845,37.712284769045155,6700000.0,2060000.0
2812,37.54611071859026,37.68008434466898,6710000.0,2060000.0
2813,37.65364645303202,37.64776286037421,6720000.0,2060000.0
2814,37.761097016025296,37.61532046355734,6730000.0,2060000.0
2815,37.86846227675258,37.58275730171614,6740000.0,2060000.0
2816,37.97574210644315,37.550073522445075,6750000.0,2060000.0
2817,38.08293637836952,37.51726927343102,6760000.0,2060000.0
2818,38.19004496784384,37.484344702448944,6770000.0,2060000.0
2819,38.29706775221419,37.45129995735741,6780000.0,2060000.0
2820,38.404004610860774,37.418135186094375,6790000.0,2060000.0
2821,38.5108554251922,37.38485053667271,6800000.0,2060000.0
2822,38.61762007864149,37.35144615717601,6810000.0,2060000.0
2823,38.724298456662176,37.31792219575423,6820000.0,2060000.0
2824,38.830890446724304,37.28427880061939,6830000.0,2060000.0
2825,38.93739593831027,37.2505161200413,6840000.0,2060000.0
2826,39.04381482291078,37.21663430234334,6850000.0,2060000.0
2827,39.15014699402062,37.18263349589814,6860000.0,2060000.0
2828,39.25639234713435,37.14851384912342,6870000.0,2060000.0
2829,39.36255077974204,37.1142755104777,6880000.0,2060000.0
2830,39.46862219132483,37.079918628456205,6890000.0,2060000.0
2831,39.574606483350586,37.04544335158653,6900000.0,2060000.0
2832,39.68050355926935,37.01084982842462,6910000.0,2060000.0
2833,39.78631332450876,36.976138207550484,6920000.0,2060000.0
2834,39.8920356864695,36.94130863756414,6930000.0,2060000.0
2835,39.99767055452064,36.90636126708145,6940000.0,2060000.0
2836,40.10321783999491,36.871296244730026,6950000.0,2060000.0
2837,26.417250818044042,40.36526619271516,5710000.0,2070000.0
2838,26.532431922477798,40.345712425101055,5720000.0,2070000.0
2839,26.647551157187028,40.32602408881743,5730000.0,2070000.0
2840,26.762608181923298,40.306201298787464,5740000.0,2070000.0
2841,26.87760265839268,40.28624417050478,5750000.0,2070000.0
2842,26.992534250262317,40.26615282002867,5760000.0,2070000.0
2843,27.107402623166866,40.24592736397961,5770000.0,2070000.0
2844,27.222207444714872,40.22556791953446,5780000.0,2070000.0
2845,27.33694838449493,40.205074604421895,5790000.0,2070000.0
2846,27.451625114081807,40.18444753691764,5800000.0,2070000.0
2847,27.566237307042385,40.163686835839854,5810000.0,2070000.0
2848,27.68078463894153,40.14279262054439,5820000.0,2070000.0
2849,27.795266787347792,40.12176501092004,5830000.0,2070000.0
2850,27.909683431839,40.10060412738392,5840000.0,2070000.0
2851,28.024034254007745,40.07931009087658,5850000.0,2070000.0
2852,28.138318937466753,40.05788302285745,5860000.0,2070000.0
2853,28.252537167854083,40.03632304529992,5870000.0,2070000.0
2854,28.36668863283824,40.0146302806867,5880000.0,2070000.0
2855,28.480773022123188,39.99280485200497,5890000.0,2070000.0
2856,28.594790027453193,39.97084688274166,5900000.0,2070000.0
2857,28.708739342617605,39.948756496878616,5910000.0,2070000.0
2858,28.822620663455428,39.92653381888792,5920000.0,2070000.0
2859,28.936433687859903,39.90417897372691,5930000.0,2070000.0
2860,29.050178115782785,39.88169208683355,5940000.0,2070000.0
2861,29.16385364923872,39.85907328412155,5950000.0,2070000.0
2862,29.277459992309335,39.83632269197553,5960000.0,2070000.0
2863,29.390996851147264,39.813440437246214,5970000.0,2070000.0
2864,29.504463933980066,39.790426647245646,5980000.0,2070000.0
2865,29.617860951114015,39.76728144974228,5990000.0,2070000.0
2866,29.731187614937795,39.74400497295624,6000000.0,2070000.0
2867,29.844443639926006,39.720597345554395,6010000.0,2070000.0
2868,29.95762874264264,39.697058696645534,6020000.0,2070000.0
2869,30.070742641744374,39.673389155775574,6030000.0,2070000.0
2870,30.183785057983794,39.649588852922655,6040000.0,2070000.0
2871,30.296755714212487,39.62565791849228,6050000.0,2070000.0
2872,30.409654335383987,39.60159648331248,6060000.0,2070000.0
2873,30.52248064855665,39.57740467862896,6070000.0,2070000.0
2874,30.635234382896375,39.55308263610023,6080000.0,2070000.0
2875,30.747915269679257,39.52863048779273,6090000.0,2070000.0
2876,30.8605230422941,39.50404836617598,6100000.0,2070000.0
2877,30.973057436244787,39.47933640411772,6110000.0,2070000.0
2878,31.085518189152605,39.45449473487897,6120000.0,2070000.0
2879,31.19790504075836,39.42952349210932,6130000.0,2070000.0
2880,31.3102177329245,39.404422809841876,6140000.0,2070000.0
2881,31.422456009637056,39.37919282248851,6150000.0,2070000.0
2882,31.53461961700743,39.353833664835,6160000.0,2070000.0
2883,31.646708303274192,39.32834547203605,6170000.0,2070000.0
2884,31.75872181880464,39.302728379610535,6180000.0,2070000.0
2885,31.870659916096347,39.27698252343659,6190000.0,2070000.0
2886,31.982522349778566,39.25110803974674,6200000.0,2070000.0
2887,32.09430887661347,39.22510506512307,6210000.0,2070000.0
2888,32.2060192554974,39.198973736492285,6220000.0,2070000.0
2889,32.3176532474619,39.172714191120974,6230000.0,2070000.0
2890,32.429210615674684,39.14632656661063,6240000.0,2070000.0
2891,32.54069112544056,39.11981100089287,6250000.0,2070000.0
2892,32.6520945442021,39.09316763222456,6260000.0,2070000.0
2893,32.763420641540364,39.06639659918296,6270000.0,2070000.0
2894,32.87466918917541,39.0394980406609,6280000.0,2070000.0
2895,32.985839960966764,39.01247209586191,6290000.0,2070000.0
2896,33.09693273291374,38.98531890429543,6300000.0,2070000.0
2897,33.20794728315571,38.958038605771904,6310000.0,2070000.0
2898,33.31888339197222,38.930631340398,6320000.0,2070000.0
2899,33.42974084178302,38.90309724857183,6330000.0,2070000.0
2900,33.54051941714804,38.87543647097804,6340000.0,2070000.0
2901,33.651218904767184,38.84764914858302,6350000.0,2070000.0
2902,33.76183909348009,38.81973542263014,6360000.0,2070000.0
2903,33.872379774265774,38.791695434634924,6370000.0,2070000.0
2904,33.98284074024216,38.76352932638022,6380000.0,2070000.0
2905,34.093221786665524,38.73523723991149,6390000.0,2070000.0
2906,34.20352271092987,38.70681931753195,6400000.0,2070000.0
2907,34.31374331256613,38.67827570179779,6410000.0,2070000.0
2908,34.42388339324138,38.64960653551347,6420000.0,2070000.0
2909,34.533942756757874,38.620811961726915,6430000.0,2070000.0
2910,34.643921209051996,38.59189212372476,6440000.0,2070000.0
2911,34.7538185581932,38.56284716502761,6450000.0,2070000.0
2912,34.8636346143827,38.53367722938528,6460000.0,2070000.0
2913,34.973369189952265,38.50438246077213,6470000.0,2070000.0
2914,35.08302209936273,38.47496300338221,6480000.0,2070000.0
2915,35.192593159202595,38.445419001624686,6490000.0,2070000.0
2916,35.30208218818638,38.41575060011905,6500000.0,2070000.0
2917,35.411489007152994,38.385957943690435,6510000.0,2070000.0
2918,35.52081343906396,38.35604117736498,6520000.0,2070000.0
2919,35.630055309001584,38.32600044636506,6530000.0,2070000.0
2920,35.73921444416709,38.29583589610467,6540000.0,2070000.0
2921,35.848290673878466,38.26554767218475,6550000.0,2070000.0
2922,35.957283829568524,38.2351359203886,6560000.0,2070000.0
2923,36.0661937447826,38.20460078667712,6570000.0,2070000.0
2924,36.175020255176356,38.17394241718425,6580000.0,2070000.0
2925,36.28376319851345,38.143160958212356,6590000.0,2070000.0
2926,36.392422414663,38.11225655622761,6600000.0,2070000.0
2927,36.50099774559721,38.081229357855385,6610000.0,2070000.0
2928,36.60948903538869,38.05007950987567,6620000.0,2070000.0
2929,36.71789613020785,38.01880715921852,6630000.0,2070000.0
2930,36.82621887832006,37.98741245295944,6640000.0,2070000.0
2931,36.93445713008293,37.955895538314884,6650000.0,2070000.0
2932,37.04261073794338,37.924256562637694,6660000.0,2070000.0
2933,37.15067955643459,37.89249567341256,6670000.0,2070000.0
2934,37.258663442173024,37.86061301825153,6680000.0,2070000.0
2935,37.36656225385529,37.82860874488947,6690000.0,2070000.0
2936,37.474375852254916,37.7964830011796,6700000.0,2070000.0
2937,37.58210410021907,37.76423593508905,6710000.0,2070000.0
2938,37.689746862665245,37.73186769469427,6720000.0,2070000.0
2939,37.797304006577825,37.69937842817674,6730000.0,2070000.0
2940,37.90477540100456,37.666768283818406,6740000.0,2070000.0
2941,38.012160917053045,37.63403740999729,6750000.0,2070000.0
2942,38.119460427887105,37.60118595518314,6760000.0,2070000.0
2943,38.22667380872306,37.568214067932885,6770000.0,2070000.0
2944,38.33380093682598,37.53512189688641,6780000.0,2070000.0
2945,38.44084169150584,37.501909590762054,6790000.0,2070000.0
2946,38.5477959541136,37.46857729835238,6800000.0,2070000.0
2947,38.654663608037346,37.43512516851968,6810000.0,2070000.0
2948,38.76144453869812,37.40155335019179,6820000.0,2070000.0
2949,38.86813863354595,37.367861992357646,6830000.0,2070000.0
2950,38.9747457820556,37.334051244063104,6840000.0,2070000.0
2951,39.08126587572243,37.30012125440656,6850000.0,2070000.0
2952,39.18769880805809,37.26607217253473,6860000.0,2070000.0
2953,39.29404447458619,37.23190414763836,6870000.0,2070000.0
2954,39.40030277283783,37.19761732894805,6880000.0,2070000.0
2955,39.506473602347334,37.16321186572989,6890000.0,2070000.0
2956,39.61255686464752,37.128687907281424,6900000.0,2070000.0
2957,39.71855246326526,37.09404560292733,6910000.0,2070000.0
2958,39.824460303716826,37.05928510201529,6920000.0,2070000.0
2959,39.9302802935032,37.0244065539118,6930000.0,2070000.0
2960,40.036012342105344,36.989410107998054,6940000.0,2070000.0
2961,40.1416563609794,36.95429591366579,6950000.0,2070000.0
2962,26.55578844988763,40.43378255559751,5720000.0,2080000.0
2963,26.78626176003704,40.39420771705187,5740000.0,2080000.0
2964,26.9014042163269,40.3742184480944,5750000.0,2080000.0
2965,27.016483422121702,40.354094768172516,5760000.0,2080000.0
2966,27.131499041420742,40.33383679461111,5770000.0,2080000.0
2967,27.246450740213557,40.31344464529415,5780000.0,2080000.0
2968,27.361338186486105,40.292918438659946,5790000.0,2080000.0
2969,27.47616105022693,40.27225829369649,5800000.0,2080000.0
2970,27.5909190034331,40.25146432993665,5810000.0,2080000.0
2971,27.705611720116046,40.2305366674535,5820000.0,2080000.0
2972,27.82023887630737,40.2094754268555,5830000.0,2080000.0
2973,27.93480015006441,40.188280729281765,5840000.0,2080000.0
2974,28.04929522147572,40.16695269639732,5850000.0,2080000.0
2975,28.16372377266648,40.14549145038825,5860000.0,2080000.0
2976,28.27808548780367,40.12389711395699,5870000.0,2080000.0
2977,28.39238005310126,40.10216981031748,5880000.0,2080000.0
2978,28.506607156825158,40.080309663190356,5890000.0,2080000.0
2979,28.6207664892981,40.05831679679816,5900000.0,2080000.0
2980,28.73485774290441,40.036191335860494,5910000.0,2080000.0
2981,28.848880612094618,40.013933405589206,5920000.0,2080000.0
2982,28.962834793389973,39.991543131683564,5930000.0,2080000.0
2983,29.076719985386802,39.96902064032539,5940000.0,2080000.0
2984,29.19053588876084,39.94636605817424,5950000.0,2080000.0
2985,29.30428220627132,39.92357951236253,5960000.0,2080000.0
2986,29.417958642764994,39.90066113049065,5970000.0,2080000.0
2987,29.53156490518009,39.877611040622156,5980000.0,2080000.0
2988,29.645100702550035,39.85442937127891,5990000.0,2080000.0
2989,29.75856574600717,39.8311162514361,6000000.0,2080000.0
2990,29.87195974878625,39.80767181051749,6010000.0,2080000.0
2991,29.98528242622794,39.784096178390456,6020000.0,2080000.0
2992,30.098533495782014,39.760389485361124,6030000.0,2080000.0
2993,30.211712677010667,39.736551862169485,6040000.0,2080000.0
2994,30.32481969159152,39.71258343998449,6050000.0,2080000.0
2995,30.43785426332059,39.68848435039919,6060000.0,2080000.0
2996,30.550816118115144,39.6642547254258,6070000.0,2080000.0
2997,30.663704984016384,39.63989469749078,6080000.0,2080000.0
2998,30.776520591192128,39.61540439943001,6090000.0,2080000.0
2999,30.889262671939225,39.59078396448383,6100000.0,2080000.0
3000,31.00193096068598,39.566033526292145,6110000.0,2080000.0
3001,31.11452519399443,39.54115321888954,6120000.0,2080000.0
3002,31.227045110562454,39.51614317670032,6130000.0,2080000.0
3003,31.339490451225817,39.49100353453368,6140000.0,2080000.0
3004,31.45186095896016,39.465734427578745,6150000.0,2080000.0
3005,31.56415637888271,39.440335991399714,6160000.0,2080000.0
3006,31.676376458254072,39.41480836193087,6170000.0,2080000.0
3007,31.78852094647976,39.389151675471766,6180000.0,2080000.0
3008,31.90058959511171,39.363366068682275,6190000.0,2080000.0
3009,32.01258215784965,39.337451678577715,6200000.0,2080000.0
3010,32.12449839054233,39.3114086425239,6210000.0,2080000.0
3011,32.2363380511887,39.28523709823231,6220000.0,2080000.0
3012,32.34810089993897,39.25893718375514,6230000.0,2080000.0
3013,32.45978669909549,39.23250903748041,6240000.0,2080000.0
3014,32.57139521311363,39.20595279812716,6250000.0,2080000.0
3015,32.68292620860249,39.1792686047404,6260000.0,2080000.0
3016,32.794379454325494,39.15245659668639,6270000.0,2080000.0
3017,32.90575472120095,39.125516913647694,6280000.0,2080000.0
3018,33.017051782302396,39.09844969561823,6290000.0,2080000.0
3019,33.12827041285893,39.07125508289855,6300000.0,2080000.0
3020,33.23941039025544,39.04393321609083,6310000.0,2080000.0
3021,33.35047149403265,39.01648423609411,6320000.0,2080000.0
3022,33.46145350588712,38.98890828409935,6330000.0,2080000.0
3023,33.57235620967121,38.96120550158467,6340000.0,2080000.0
3024,33.68317939139277,38.93337603031041,6350000.0,2080000.0
3025,33.79392283921489,38.90542001231434,6360000.0,2080000.0
3026,33.90458634345552,38.8773375899068,6370000.0,2080000.0
3027,34.01516969658687,38.84912890566591,6380000.0,2080000.0
3028,34.125672693234904,38.82079410243269,6390000.0,2080000.0
3029,34.236095130178605,38.792333323306295,6400000.0,2080000.0
3030,34.346436806349146,38.76374671163918,6410000.0,2080000.0
3031,34.456697522829046,38.73503441103226,6420000.0,2080000.0
3032,34.56687708285114,38.70619656533019,6430000.0,2080000.0
3033,34.676975291797554,38.67723331861654,6440000.0,2080000.0
3034,34.78699195719846,38.648144815208965,6450000.0,2080000.0
3035,34.89692688873084,38.61893119965454,6460000.0,2080000.0
3036,35.00677989821711,38.58959261672489,6470000.0,2080000.0
3037,35.11655079962372,38.56012921141152,6480000.0,2080000.0
3038,35.22623940905953,38.53054112892095,6490000.0,2080000.0
3039,35.33584554477423,38.500828514670175,6500000.0,2080000.0
3040,35.44536902715662,38.47099151428169,6510000.0,2080000.0
3041,35.55480967873274,38.44103027357895,6520000.0,2080000.0
3042,35.66416732416403,38.41094493858162,6530000.0,2080000.0
3043,35.773441790245336,38.38073565550083,6540000.0,2080000.0
3044,35.88263290590282,38.350402570734516,6550000.0,2080000.0
3045,35.991740502191774,38.319945830862736,6560000.0,2080000.0
3046,36.10076441229448,38.289365582642986,6570000.0,2080000.0
3047,36.20970447151774,38.25866197300559,6580000.0,2080000.0
3048,36.3185605172906,38.22783514904896,6590000.0,2080000.0
3049,36.42733238916173,38.19688525803506,6600000.0,2080000.0
3050,36.536019928796996,38.16581244738466,6610000.0,2080000.0
3051,36.64462297997667,38.13461686467288,6620000.0,2080000.0
3052,36.75314138859277,38.10329865762442,6630000.0,2080000.0
3053,36.86157500264625,38.07185797410908,6640000.0,2080000.0
3054,36.969923672244036,38.04029496213712,6650000.0,2080000.0
3055,37.07818724959617,38.00860976985472,6660000.0,2080000.0
3056,37.186365589012624,37.97680254553942,6670000.0,2080000.0
3057,37.294458546900344,37.944873437595554,6680000.0,2080000.0
3058,37.40246598175987,37.91282259454973,6690000.0,2080000.0
3059,37.51038775418221,37.880650165046355,6700000.0,2080000.0
3060,37.61822372684544,37.848356297843026,6710000.0,2080000.0
3061,37.72597376451125,37.81594114180616,6720000.0,2080000.0
3062,37.83363773402152,37.783404845906375,6730000.0,2080000.0
3063,37.94121550429471,37.75074755921419,6740000.0,2080000.0
3064,38.04870694632225,37.717969430895415,6750000.0,2080000.0
3065,38.156111933164816,37.6850706102068,6760000.0,2080000.0
3066,38.263430339948584,37.65205124649156,6770000.0,2080000.0
3067,38.3706620438614,37.61891148917504,6780000.0,2080000.0
3068,38.47780692414883,37.58565148776023,6790000.0,2080000.0
3069,38.58486486211021,37.5522713918234,6800000.0,2080000.0
3070,38.69183574109465,37.518771351009796,6810000.0,2080000.0
3071,38.79871944649685,37.485151515029195,6820000.0,2080000.0
3072,38.905515865753,37.4514120336516,6830000.0,2080000.0
3073,39.01222488833654,37.41755305670296,6840000.0,2080000.0
3074,39.118846405753835,37.383574734060765,6850000.0,2080000.0
3075,39.225380311539865,37.349477215649856,6860000.0,2080000.0
3076,39.33182650125375,37.31526065143806,6870000.0,2080000.0
3077,39.43818487247439,37.280925191431955,6880000.0,2080000.0
3078,39.54445532479578,37.24647098567263,6890000.0,2080000.0
3079,39.650637759822565,37.211898184231465,6900000.0,2080000.0
3080,39.756732081165275,37.17720693720584,6910000.0,2080000.0
3081,39.86273819443573,37.142397394715,6920000.0,2080000.0
3082,39.96865600724217,37.10746970689586,6930000.0,2080000.0
3083,40.07448542918451,37.072424023898826,6940000.0,2080000.0
3084,40.18022637184946,37.037260495883594,6950000.0,2080000.0
3085,40.2858787488056,37.00197927301514,6960000.0,2080000.0
3086,26.694651375338548,40.50208382048582,5730000.0,2090000.0
3087,27.155687215900425,40.42172871923977,5770000.0,2090000.0
3088,27.27078628721476,40.40130373886668,5780000.0,2090000.0
3089,27.73053300861334,40.31826257158603,5820000.0,2090000.0
3090,27.84530565518851,40.2971675709285,5830000.0,2090000.0
3091,27.960012038254362,40.27593892966575,5840000.0,2090000.0
3092,28.074651836389055,40.25457677019213,5850000.0,2090000.0
3093,28.18922473022402,40.2330812154254,5860000.0,2090000.0
3094,28.30373040244915,40.211452388801945,5870000.0,2090000.0
3095,28.418168537817962,40.189690414271894,5880000.0,2090000.0
3096,28.532538823152624,40.16779541629429,5890000.0,2090000.0
3097,28.646840947348768,40.145767519832255,5900000.0,2090000.0
3098,28.761074601380304,40.12360685034809,5910000.0,2090000.0
3099,28.875239478304035,40.10131353379846,5920000.0,2090000.0
3100,28.989335273264164,40.078887696629465,5930000.0,2090000.0
3101,29.103361683496658,40.05632946577179,5940000.0,2090000.0
3102,29.217318408333586,40.033638968635806,5950000.0,2090000.0
3103,29.33120514920716,40.01081633310673,5960000.0,2090000.0
3104,29.44502160965386,39.98786168753961,5970000.0,2090000.0
3105,29.558767495318236,39.96477516075453,5980000.0,2090000.0
3106,29.672442513956753,39.94155688203168,5990000.0,2090000.0
3107,29.78604637544144,39.91820698110638,6000000.0,2090000.0
3108,29.899578791763403,39.89472558816425,6010000.0,2090000.0
3109,30.013039477036255,39.87111283383624,6020000.0,2090000.0
3110,30.126428147499425,39.8473688491937,6030000.0,2090000.0
3111,30.239744521521327,39.82349376574348,6040000.0,2090000.0
3112,30.35298831960241,39.79948771542299,6050000.0,2090000.0
3113,30.466159264378142,39.775350830595265,6060000.0,2090000.0
3114,30.57925708062177,39.751083244044,6070000.0,2090000.0
3115,30.692281495247087,39.72668508896868,6080000.0,2090000.0
3116,30.805232237311,39.702156498979576,6090000.0,2090000.0
3117,30.918109038015988,39.67749760809284,6100000.0,2090000.0
3118,31.030911630712485,39.65270855072555,6110000.0,2090000.0
3119,31.143639750901126,39.62778946169077,6120000.0,2090000.0
3120,31.25629313623484,39.60274047619263,6130000.0,2090000.0
3121,31.368871526520913,39.577561729821305,6140000.0,2090000.0
3122,31.481374663722846,39.55225335854818,6150000.0,2090000.0
3123,31.593802291962156,39.52681549872082,6160000.0,2090000.0
3124,31.70615415752007,39.50124828705813,6170000.0,2090000.0
3125,31.81843000883906,39.47555186064525,6180000.0,2090000.0
3126,31.930629596524295,39.449726356928764,6190000.0,2090000.0
3127,32.04275267334502,39.42377191371173,6200000.0,2090000.0
3128,32.1547989942357,39.39768866914869,6210000.0,2090000.0
3129,32.26676831629725,39.37147676174075,6220000.0,2090000.0
3130,32.37866039879796,39.34513633033073,6230000.0,2090000.0
3131,32.49047500317441,39.318667514098124,6240000.0,2090000.0
3132,32.60221189303229,39.29207045255422,6250000.0,2090000.0
3133,32.71387083414709,39.265345285537215,6260000.0,2090000.0
3134,32.82545159446462,39.23849215320721,6270000.0,2090000.0
3135,32.93695394410153,39.211511196041386,6280000.0,2090000.0
3136,33.04837765534572,39.18440255482901,6290000.0,2090000.0
3137,33.15972250265646,39.15716637066662,6300000.0,2090000.0
3138,33.270988262664716,39.129802784953,6310000.0,2090000.0
3139,33.382174714173075,39.102311939384386,6320000.0,2090000.0
3140,33.49328163815578,39.074693975949536,6330000.0,2090000.0
3141,33.604308817758515,39.04694903692485,6340000.0,2090000.0
3142,33.71525603829821,39.019077264869445,6350000.0,2090000.0
3143,33.8261230872626,38.99107880262034,6360000.0,2090000.0
3144,33.936909754309916,38.96295379328757,6370000.0,2090000.0
3145,34.04761583126815,38.93470238024926,6380000.0,2090000.0
3146,34.158241112134576,38.90632470714687,6390000.0,2090000.0
3147,34.26878539307486,38.87782091788025,6400000.0,2090000.0
3148,34.37924847242229,38.84919115660288,6410000.0,2090000.0
3149,34.489630150676824,38.82043556771694,6420000.0,2090000.0
3150,34.599930230504,38.79155429586857,6430000.0,2090000.0
3151,34.71014851673389,38.762547485942974,6440000.0,2090000.0
3152,34.820284816359774,38.7334152830597,6450000.0,2090000.0
3153,34.930338938536835,38.70415783256769,6460000.0,2090000.0
3154,35.04031069458083,38.67477528004064,6470000.0,2090000.0
3155,35.150199897966445,38.645267771272124,6480000.0,2090000.0
3156,35.26000636432582,38.61563545227081,6490000.0,2090000.0
3157,35.36972991144675,38.585878469255746,6500000.0,2090000.0
3158,35.47937035927096,38.55599696865151,6510000.0,2090000.0
3159,35.58892752989224,38.52599109708356,6520000.0,2090000.0
3160,35.69840124755448,38.495861001373434,6530000.0,2090000.0
3161,35.80779133864957,38.46560682853402,6540000.0,2090000.0
3162,35.91709763171534,38.43522872576482,6550000.0,2090000.0
3163,36.02631995743329,38.40472684044731,6560000.0,2090000.0
3164,36.13545814862633,38.374101320140134,6570000.0,2090000.0
3165,36.24451204025628,38.343352312574545,6580000.0,2090000.0
3166,36.353481469421595,38.31247996564952,6590000.0,2090000.0
3167,36.46236627535459,38.28148442742738,6600000.0,2090000.0
3168,36.57116629941894,38.250365846128844,6610000.0,2090000.0
3169,36.67988138510691,38.219124370128576,6620000.0,2090000.0
3170,36.78851137803654,38.187760147950456,6630000.0,2090000.0
3171,36.897056125948836,38.156273328263026,6640000.0,2090000.0
3172,37.00551547870469,38.12466405987482,6650000.0,2090000.0
3173,37.113889288281975,38.09293249172976,6660000.0,2090000.0
3174,37.22217740877231,38.061078772902675,6670000.0,2090000.0
3175,37.330379696377946,38.029103052594586,6680000.0,2090000.0
3176,37.438496009408475,37.99700548012823,6690000.0,2090000.0
3177,37.54652620827747,37.964786204943515,6700000.0,2090000.0
3178,37.654470155499084,37.93244537659293,6710000.0,2090000.0
3179,37.76232771568456,37.89998314473711,6720000.0,2090000.0
3180,37.870098755538685,37.867399659140204,6730000.0,2090000.0
3181,37.977783143856094,37.83469506966553,6740000.0,2090000.0
3182,38.085380751517626,37.801869526270984,6750000.0,2090000.0
3183,38.19289145148653,37.768923179004595,6760000.0,2090000.0
3184,38.300315118804626,37.735856178000105,6770000.0,2090000.0
3185,38.40765163058837,37.702668673472516,6780000.0,2090000.0
3186,38.514900866024874,37.66936081571366,6790000.0,2090000.0
3187,38.62206270636789,37.63593275508775,6800000.0,2090000.0
3188,38.729137034933686,37.60238464202708,6810000.0,2090000.0
3189,38.836123737096834,37.56871662702756,6820000.0,2090000.0
3190,38.943022700286,37.53492886064438,6830000.0,2090000.0
3191,39.04983381397966,37.501021493487684,6840000.0,2090000.0
3192,39.156556969701626,37.46699467621816,6850000.0,2090000.0
3193,39.263192061016795,37.432848559542805,6860000.0,2090000.0
3194,39.36973898352645,37.39858329421059,6870000.0,2090000.0
3195,39.4761976348639,37.36419903100814,6880000.0,2090000.0
3196,39.5825679146897,37.32969592075551,6890000.0,2090000.0
3197,39.68884972468712,37.29507411430187,6900000.0,2090000.0
3198,39.79504296855732,37.2603337625213,6910000.0,2090000.0
3199,39.90114755201465,37.22547501630859,6920000.0,2090000.0
3200,40.00716338278173,37.19049802657497,6930000.0,2090000.0
3201,40.11309037058459,37.155402944243946,6940000.0,2090000.0
3202,40.21892842714774,37.12018992024711,6950000.0,2090000.0
3203,40.32467746618912,37.08485910552002,6960000.0,2090000.0
3204,40.430337403415116,37.04941065099798,6970000.0,2090000.0
3205,26.13987605167033,40.6876555372791,5680000.0,2100000.0
3206,26.25569267919229,40.66841281664418,5690000.0,2100000.0
3207,26.371447394800388,40.64903460531436,5700000.0,2100000.0
3208,26.487139847198694,40.62952101855197,5710000.0,2100000.0
3209,26.833840141964107,40.570169167157275,5740000.0,2100000.0
3210,27.870467601308192,40.38484144416835,5830000.0,2100000.0
3211,27.98531957557854,40.36357872892689,5840000.0,2100000.0
3212,28.100104579748656,40.34218231201217,5850000.0,2100000.0
3213,28.214822292950004,40.32065231707862,5860000.0,2100000.0
3214,28.329472396389335,40.29898886830153,5870000.0,2100000.0
3215,28.44405457335386,40.277192090372225,5880000.0,2100000.0
3216,28.558568509216222,40.25526210849317,5890000.0,2100000.0
3217,28.67301389143943,40.23319904837306,5900000.0,2100000.0
3218,28.78739040958158,40.2110030362219,5910000.0,2100000.0
3219,28.9016977553005,40.188674198746156,5920000.0,2100000.0
3220,29.015935622358267,40.16621266314382,5930000.0,2100000.0
3221,29.130103706625572,40.143618557099444,5940000.0,2100000.0
3222,29.24420170608605,40.12089200877927,5950000.0,2100000.0
3223,29.35822932084032,40.09803314682628,5960000.0,2100000.0
3224,29.47218625311009,40.075042100355255,5970000.0,2100000.0
3225,29.58607220724202,40.05191899894782,5980000.0,2100000.0
3226,29.699886889711465,40.02866397264752,5990000.0,2100000.0
3227,29.81363000912615,40.00527715195487,6000000.0,2100000.0
3228,29.92730127622974,39.98175866782236,6010000.0,2100000.0
3229,30.040900403905187,39.95810865164955,6020000.0,2100000.0
3230,30.15442710717802,39.93432723527808,6030000.0,2100000.0
3231,30.26788110321954,39.91041455098667,6040000.0,2100000.0
3232,30.381262111349866,39.886370731486224,6050000.0,2100000.0
3233,30.494569853040865,39.86219590991478,6060000.0,2100000.0
3234,30.607804051918908,39.83789021983261,6070000.0,2100000.0
3235,30.720964433767634,39.8134537952172,6080000.0,2100000.0
3236,30.834050726530474,39.78888677045827,6090000.0,2100000.0
3237,30.947062660313126,39.764189280352795,6100000.0,2100000.0
3238,31.059999967385888,39.7393614601001,6110000.0,2100000.0
3239,31.172862382185865,39.714403445296725,6120000.0,2100000.0
3240,31.285649641319086,39.6893153719316,6130000.0,2100000.0
3241,31.398361483562496,39.66409737638097,6140000.0,2100000.0
3242,31.510997649865846,39.63874959540348,6150000.0,2100000.0
3243,31.623557883353396,39.613272166135104,6160000.0,2100000.0
3244,31.736041929325634,39.587665226084276,6170000.0,2100000.0
3245,31.84844953526074,39.5619289131268,6180000.0,2100000.0
3246,31.960780450816067,39.53606336550099,6190000.0,2100000.0
3247,32.073034427829406,39.51006872180259,6200000.0,2100000.0
3248,32.185211220320205,39.48394512097983,6210000.0,2100000.0
3249,32.29731058449064,39.45769270232854,6220000.0,2100000.0
3250,32.40933227872659,39.43131160548704,6230000.0,2100000.0
3251,32.52127606359852,39.404801970431265,6240000.0,2100000.0
3252,32.63314170186223,39.3781639374698,6250000.0,2100000.0
3253,32.744928958459475,39.35139764723887,6260000.0,2100000.0
3254,32.85663760051853,39.32450324069746,6270000.0,2100000.0
3255,32.96826739735466,39.29748085912228,6280000.0,2100000.0
3256,33.07981812047033,39.27033064410288,6290000.0,2100000.0
3257,33.191289543555584,39.24305273753665,6300000.0,2100000.0
3258,33.302681442488016,39.21564728162397,6310000.0,2100000.0
3259,33.41399359533284,39.188114418863194,6320000.0,2100000.0
3260,33.52522578234282,39.16045429204571,6330000.0,2100000.0
3261,33.636377785958054,39.132667044251114,6340000.0,2100000.0
3262,33.74744939080563,39.10475281884221,6350000.0,2100000.0
3263,33.85844038369927,39.07671175946011,6360000.0,2100000.0
3264,33.969350553638854,39.04854401001937,6370000.0,2100000.0
3265,34.08017969180974,39.02024971470303,6380000.0,2100000.0
3266,34.19092759158213,38.991829017957784,6390000.0,2100000.0
3267,34.30159404851024,38.963282064489015,6400000.0,2100000.0
3268,34.412178860331345,38.93460899925605,6410000.0,2100000.0
3269,34.52268182696493,38.90580996746716,6420000.0,2100000.0
3270,34.63310275051142,38.87688511457471,6430000.0,2100000.0
3271,34.74344143525111,38.8478345862704,6440000.0,2100000.0
3272,34.85369768764282,38.81865852848032,6450000.0,2100000.0
3273,34.963871316322546,38.78935708736016,6460000.0,2100000.0
3274,35.073962132101975,38.75993040929038,6470000.0,2100000.0
3275,35.18396994796691,38.73037864087134,6480000.0,2100000.0
3276,35.2938945790756,38.70070192891856,6490000.0,2100000.0
3277,35.40373584275703,38.67090042045789,6500000.0,2100000.0
3278,35.51349355850904,38.64097426272067,6510000.0,2100000.0
3279,35.6231675479964,38.61092360313902,6520000.0,2100000.0
3280,35.7327576350488,38.58074858934101,6530000.0,2100000.0
3281,35.84226364565873,38.55044936914594,6540000.0,2100000.0
3282,35.95168540797929,38.520026090559554,6550000.0,2100000.0
3283,36.06102275232191,38.48947890176932,6560000.0,2100000.0
3284,36.17027551115396,38.45880795113965,6570000.0,2100000.0
3285,36.27944351909629,38.42801338720726,6580000.0,2100000.0
3286,36.38852661292077,38.39709535867639,6590000.0,2100000.0
3287,36.49752463154751,38.36605401441414,6600000.0,2100000.0
3288,36.60643741604233,38.334889503445794,6610000.0,2100000.0
3289,36.71526480961385,38.303601974950055,6620000.0,2100000.0
3290,36.82400665761064,38.27219157825455,6630000.0,2100000.0
3291,36.93266280751835,38.240658462831,6640000.0,2100000.0
3292,37.04123310895654,38.209002778290674,6650000.0,2100000.0
3293,37.14971741367571,38.1772246743798,6660000.0,2100000.0
3294,37.25811557555402,38.14532430097481,6670000.0,2100000.0
3295,37.36642745059409,38.11330180807792,6680000.0,2100000.0
3296,37.474652896919615,38.08115734581238,6690000.0,2100000.0
3297,37.58279177477195,38.048891064417994,6700000.0,2100000.0
3298,37.69084394650667,38.0165031142465,6710000.0,2100000.0
3299,37.79880927658994,37.9839936457571,6720000.0,2100000.0
3300,37.90668763159493,37.95136280951187,6730000.0,2100000.0
3301,38.01447888019808,37.91861075617121,6740000.0,2100000.0
3302,38.12218289317532,37.88573763648939,6750000.0,2100000.0
3303,38.22979954339825,37.85274360131001,6760000.0,2100000.0
3304,38.33732870583018,37.819628801561606,6770000.0,2100000.0
3305,38.444770257522144,37.78639338825309,6780000.0,2100000.0
3306,38.55212407760889,37.75303751246933,6790000.0,2100000.0
3307,38.659390047304676,37.719561325366726,6800000.0,2100000.0
3308,38.76656804989917,37.68596497816881,6810000.0,2100000.0
3309,38.873657970753115,37.65224862216177,6820000.0,2100000.0
3310,38.9806596972941,37.61841240869013,6830000.0,2100000.0
3311,39.08757311901203,37.58445648915238,6840000.0,2100000.0
3312,39.19439812745483,37.55038101499648,6850000.0,2100000.0
3313,39.30113461622388,37.51618613771574,6860000.0,2100000.0
3314,39.407782480969395,37.48187200884429,6870000.0,2100000.0
3315,39.51434161938587,37.44743877995284,6880000.0,2100000.0
3316,39.620811931207335,37.412886602644456,6890000.0,2100000.0
3317,39.72719331820263,37.37821562855012,6900000.0,2100000.0
3318,39.833485684170626,37.34342600932463,6910000.0,2100000.0
3319,39.93968893493527,37.30851789664222,6920000.0,2100000.0
3320,40.04580297834077,37.2734914421924,6930000.0,2100000.0
3321,40.15182772424652,37.23834679767572,6940000.0,2100000.0
3322,40.25776308452219,37.20308411479956,6950000.0,2100000.0
3323,40.36360897304251,37.16770354527398,6960000.0,2100000.0
3324,40.46936530568223,37.132205240807494,6970000.0,2100000.0
3325,40.575032000310856,37.09658935310295,6980000.0,2100000.0
3326,26.162897064322394,40.77580163397079,5680000.0,2110000.0
3327,26.27886539117419,40.75652755613249,5690000.0,2110000.0
3328,26.394771442958316,40.73711779275116,5700000.0,2110000.0
3329,26.51061486661988,40.717572459791555,5710000.0,2110000.0
3330,26.626395311103774,40.6978916738141,5720000.0,2110000.0
3331,26.742112427361732,40.67807555197029,5730000.0,2110000.0
3332,26.857765868359262,40.65812421199777,5740000.0,2110000.0
3333,26.97335528908247,40.63803777221571,5750000.0,2110000.0
3334,27.08888034654472,40.617816351519835,5760000.0,2110000.0
3335,27.780660112647382,40.49365995776163,5820000.0,2110000.0
3336,27.895725195291774,40.47249704717681,5830000.0,2110000.0
3337,28.35531195756316,40.386506550478316,5870000.0,2110000.0
3338,28.470038649421948,40.36467483599248,5880000.0,2110000.0
3339,28.584696706481324,40.34270973651093,5890000.0,2110000.0
3340,28.699285814766064,40.320611378493055,5900000.0,2110000.0
3341,28.813805662413063,40.29837988890158,5910000.0,2110000.0
3342,28.92825593967593,40.27601539519787,5920000.0,2110000.0
3343,29.042636338929547,40.25351802533679,5930000.0,2110000.0
3344,29.156946554674402,40.23088790776187,5940000.0,2110000.0
3345,29.271186283540942,40.208125171400276,5950000.0,2110000.0
3346,29.385355224293598,40.18522994565784,5960000.0,2110000.0
3347,29.4994530778349,40.1622023604141,5970000.0,2110000.0
3348,29.613479547209288,40.13904254601733,5980000.0,2110000.0
3349,29.727434337606912,40.115750633279525,5990000.0,2110000.0
3350,29.841317156367296,40.09232675347139,6000000.0,2110000.0
3351,29.95512771298282,40.06877103831745,6010000.0,2110000.0
3352,30.068865719102092,40.045083619990905,6020000.0,2110000.0
3353,30.18253088853334,40.021264631108735,6030000.0,2110000.0
3354,30.296122937247407,39.997314204726656,6040000.0,2110000.0
3355,30.40964158338091,39.97323247433412,6050000.0,2110000.0
3356,30.523086547239092,39.94901957384927,6060000.0,2110000.0
3357,30.636457551298616,39.924675637614015,6070000.0,2110000.0
3358,30.749754320210258,39.90020080038889,6080000.0,2110000.0
3359,30.862976580801433,39.87559519734815,6090000.0,2110000.0
3360,30.976124062078668,39.85085896407471,6100000.0,2110000.0
3361,31.089196495229846,39.825992236555095,6110000.0,2110000.0
3362,31.202193613626513,39.8009951511745,6120000.0,2110000.0
3363,31.31511515282585,39.775867844711684,6130000.0,2110000.0
3364,31.42796085057267,39.75061045433401,6140000.0,2110000.0
3365,31.540730446801323,39.72522311759241,6150000.0,2110000.0
3366,31.65342368363735,39.699705972416346,6160000.0,2110000.0
3367,31.766040305399155,39.67405915710882,6170000.0,2110000.0
3368,31.87858005859946,39.64828281034137,6180000.0,2110000.0
3369,31.991042691946724,39.62237707114902,6190000.0,2110000.0
3370,32.103427956346444,39.59634207892524,6200000.0,2110000.0
3371,32.21573560490224,39.57017797341707,6210000.0,2110000.0
3372,32.327965392916994,39.54388489471992,6220000.0,2110000.0
3373,32.44011707789372,39.51746298327272,6230000.0,2110000.0
3374,32.55219041953642,39.49091237985287,6240000.0,2110000.0
3375,32.664185179750845,39.464233225571206,6250000.0,2110000.0
3376,32.776101122645,39.43742566186702,6260000.0,2110000.0
3377,32.887938014529766,39.41048983050309,6270000.0,2110000.0
3378,32.999695623919166,39.383425873560675,6280000.0,2110000.0
3379,33.111373721530775,39.356233933434574,6290000.0,2110000.0
3380,33.2229720802858,39.32891415282805,6300000.0,2110000.0
3381,33.334490475309195,39.30146667474793,6310000.0,2110000.0
3382,33.44592868392962,39.27389164249963,6320000.0,2110000.0
3383,33.557286485679285,39.24618919968218,6330000.0,2110000.0
3384,33.66856366229374,39.21835949018326,6340000.0,2110000.0
3385,33.779759997711515,39.19040265817425,6350000.0,2110000.0
3386,33.890875278073615,39.16231884810529,6360000.0,2110000.0
3387,34.00190929172307,39.134108204700325,6370000.0,2110000.0
3388,34.11286182920418,39.10577087295221,6380000.0,2110000.0
3389,34.22373268326184,39.077306998117756,6390000.0,2110000.0
3390,34.33452164884064,39.04871672571276,6400000.0,2110000.0
3391,34.44522852308392,39.02000020150718,6410000.0,2110000.0
3392,34.55585310533274,38.99115757152021,6420000.0,2110000.0
3393,34.666395197124665,38.96218898201536,6430000.0,2110000.0
3394,34.77685460219266,38.933094579495545,6440000.0,2110000.0
3395,34.88723112646355,38.903874510698266,6450000.0,2110000.0
3396,34.99752457805675,38.8745289225907,6460000.0,2110000.0
3397,35.10773476728266,38.845057962364855,6470000.0,2110000.0
3398,35.217861506641,38.815461777432674,6480000.0,2110000.0
3399,35.32790461081923,38.78574051542125,6490000.0,2110000.0
3400,35.43786389669057,38.75589432416797,6500000.0,2110000.0
3401,35.54773918331219,38.725923351715664,6510000.0,2110000.0
3402,35.65753029192323,38.695827746307806,6520000.0,2110000.0
3403,35.76723704594263,38.665607656383735,6530000.0,2110000.0
3404,35.876859270967074,38.63526323057381,6540000.0,2110000.0
3405,35.986396794768616,38.60479461769467,6550000.0,2110000.0
3406,36.09584944729243,38.57420196674441,6560000.0,2110000.0
3407,36.20521706065428,38.54348542689789,6570000.0,2110000.0
3408,36.31449946913807,38.51264514750192,6580000.0,2110000.0
3409,36.42369650919323,38.48168127807053,6590000.0,2110000.0
3410,36.532808019431954,38.45059396828027,6600000.0,2110000.0
3411,36.64183384062655,38.419383367965466,6610000.0,2110000.0
3412,36.75077381570645,38.38804962711353,6620000.0,2110000.0
3413,36.85962778975537,38.35659289586026,6630000.0,2110000.0
3414,36.96839561000825,38.32501332448515,6640000.0,2110000.0
3415,37.077077125848156,38.293311063406705,6650000.0,2110000.0
3416,37.18567218880309,38.26148626317788,6660000.0,2110000.0
3417,37.294180652542764,38.22953907448128,6670000.0,2110000.0
3418,37.40260237287524,38.19746964812469,6680000.0,2110000.0
3419,37.51093720774353,38.16527813503631,6690000.0,2110000.0
3420,37.61918501722209,38.132964686260294,6700000.0,2110000.0
3421,37.727345663513276,38.10052945295206,6710000.0,2110000.0
3422,37.83541901094368,38.06797258637375,6720000.0,2110000.0
3423,37.94340492596049,38.035294237889616,6730000.0,2110000.0
3424,38.0513032771276,38.00249455896158,6740000.0,2110000.0
3425,38.15911393512182,37.9695737011446,6750000.0,2110000.0
3426,38.266836772728986,37.93653181608219,6760000.0,2110000.0
3427,38.374471664839824,37.903369055501905,6770000.0,2110000.0
3428,38.48201848844607,37.87008557121086,6780000.0,2110000.0
3429,38.58947712263618,37.83668151509122,6790000.0,2110000.0
3430,38.69684744859122,37.80315703909581,6800000.0,2110000.0
3431,38.80412934958056,37.76951229524357,6810000.0,2110000.0
3432,38.911322710957535,37.735747435615224,6820000.0,2110000.0
3433,39.018427420155085,37.70186261234876,6830000.0,2110000.0
3434,39.12544336668124,37.66785797763512,6840000.0,2110000.0
3435,39.23237044211462,37.633733683713785,6850000.0,2110000.0
3436,39.33920854009987,37.599489882868376,6860000.0,2110000.0
3437,39.44595755634295,37.56512672742232,6870000.0,2110000.0
3438,39.55261738860647,37.53064436973451,6880000.0,2110000.0
3439,39.659187936704896,37.49604296219502,6890000.0,2110000.0
3440,39.76566910249975,37.46132265722073,6900000.0,2110000.0
3441,39.872060789894675,37.42648360725111,6910000.0,2110000.0
3442,39.97836290483052,37.39152596474386,6920000.0,2110000.0
3443,40.08457535528033,37.35644988217075,6930000.0,2110000.0
3444,40.19069805124429,37.32125551201329,6940000.0,2110000.0
3445,40.2967309047446,37.285943006758586,6950000.0,2110000.0
3446,40.40267382982033,37.25051251889507,6960000.0,2110000.0
3447,40.50852674252217,37.214964200908376,6970000.0,2110000.0
3448,40.61428956090717,37.17929820527709,6980000.0,2110000.0
3449,40.71996220503342,37.14351468446863,6990000.0,2110000.0
3450,26.302127164247526,40.84462580547435,5690000.0,2120000.0
3451,26.41818507386657,40.82518436690618,5700000.0,2120000.0
3452,26.53417998792793,40.80560716397854,5710000.0,2120000.0
3453,26.65011155362564,40.78589431396208,5720000.0,2120000.0
3454,26.765979420177448,40.76604593472137,5730000.0,2120000.0
3455,26.881783238831815,40.74606214470998,5740000.0,2120000.0
3456,26.997522662874722,40.72594306296576,5750000.0,2120000.0
3457,27.113197347636383,40.705688809105915,5760000.0,2120000.0
3458,27.228806950497848,40.685299503322206,5770000.0,2120000.0
3459,28.840320858175406,40.38573740334272,5910000.0,2120000.0
3460,28.954914531424674,40.36333711745083,5920000.0,2120000.0
3461,29.069437924644074,40.340803776846066,5930000.0,2120000.0
3462,29.183890730959,40.31813751073594,5940000.0,2120000.0
3463,29.298272645641934,40.295338448813666,5950000.0,2120000.0
3464,29.41258336611655,40.27240672125306,5960000.0,2120000.0
3465,29.52682259196175,40.24934245870353,5970000.0,2120000.0
3466,29.640990024915514,40.22614579228509,5980000.0,2120000.0
3467,29.75508536887868,40.202816853583265,5990000.0,2120000.0
3468,29.869108329918603,40.17935577464417,6000000.0,2120000.0
3469,29.9830586162726,40.155762687969364,6010000.0,2120000.0
3470,30.096935938351386,40.132037726510866,6020000.0,2120000.0
3471,30.210740008742317,40.10818102366612,6030000.0,2120000.0
3472,30.32447054221254,40.08419271327292,6040000.0,2120000.0
3473,30.43812725571201,40.0600729296044,6050000.0,2120000.0
3474,30.551709868376363,40.03582180736394,6060000.0,2120000.0
3475,30.66521810152971,40.011439481680114,6070000.0,2120000.0
3476,30.778651678687293,39.98692608810174,6080000.0,2120000.0
3477,30.89201032555801,39.96228176259266,6090000.0,2120000.0
3478,31.005293770046816,39.9375066415268,6100000.0,2120000.0
3479,31.11850174225704,39.91260086168308,6110000.0,2120000.0
3480,31.23163397449254,39.88756456024038,6120000.0,2120000.0
3481,31.34469020125975,39.8623978747724,6130000.0,2120000.0
3482,31.45767015926966,39.83710094324274,6140000.0,2120000.0
3483,31.57057358743959,39.81167390399968,6150000.0,2120000.0
3484,31.683400226894904,39.7861168957713,6160000.0,2120000.0
3485,31.796149820970633,39.760430057660244,6170000.0,2120000.0
3486,31.908822115212896,39.734613529138805,6180000.0,2120000.0
3487,32.02141685738027,39.70866745004383,6190000.0,2120000.0
3488,32.13393379744508,39.68259196057166,6200000.0,2120000.0
3489,32.24637268759445,39.65638720127305,6210000.0,2120000.0
3490,32.358733282231384,39.63005331304819,6220000.0,2120000.0
3491,32.471015337975636,39.603590437141605,6230000.0,2120000.0
3492,32.583218613664485,39.576998715137194,6240000.0,2120000.0
3493,32.69534287035349,39.550278288953066,6250000.0,2120000.0
3494,32.80738787131697,39.523429300836646,6260000.0,2120000.0
3495,32.91935338204849,39.49645189335952,6270000.0,2120000.0
3496,33.031239170261244,39.46934620941253,6280000.0,2120000.0
3497,33.143045005888276,39.442112392200656,6290000.0,2120000.0
3498,33.25477066108259,39.41475058523807,6300000.0,2120000.0
3499,33.36641591021721,39.38726093234306,6310000.0,2120000.0
3500,33.477980529885116,39.35964357763306,6320000.0,2120000.0
3501,33.58946429889896,39.3318986655197,6330000.0,2120000.0
3502,33.70086699829089,39.3040263407037,6340000.0,2120000.0
3503,33.81218841131212,39.27602674816999,6350000.0,2120000.0
3504,33.92342832343237,39.24790003318267,6360000.0,2120000.0
3505,34.03458652233933,39.219646341280004,6370000.0,2120000.0
3506,34.145662797937966,39.191265818269564,6380000.0,2120000.0
3507,34.256656942349636,39.16275861022315,6390000.0,2120000.0
3508,34.36756874991127,39.1341248634719,6400000.0,2120000.0
3509,34.47839801717429,39.10536472460133,6410000.0,2120000.0
3510,34.58914454290356,39.07647834044639,6420000.0,2120000.0
3511,34.69980812807616,39.047465858086554,6430000.0,2120000.0
3512,34.81038857588003,39.01832742484087,6440000.0,2120000.0
3513,34.920885691712705,38.98906318826304,6450000.0,2120000.0
3514,35.031299283179656,38.959673296136565,6460000.0,2120000.0
3515,35.14162916009283,38.93015789646978,6470000.0,2120000.0
3516,35.251875134468875,38.90051713749105,6480000.0,2120000.0
3517,35.36203702052743,38.87075116764382,6490000.0,2120000.0
3518,35.472114634689184,38.840860135581735,6500000.0,2120000.0
3519,35.582107795573975,38.810844190163905,6510000.0,2120000.0
3520,35.6920163239987,38.78070348044988,6520000.0,2120000.0
3521,35.80184004297513,38.75043815569499,6530000.0,2120000.0
3522,35.91157877770779,38.72004836534536,6540000.0,2120000.0
3523,36.02123235559147,38.68953425903324,6550000.0,2120000.0
3524,36.13080060620898,38.658895986572034,6560000.0,2120000.0
3525,36.2402833613285,38.628133697951675,6570000.0,2120000.0
3526,36.34968045490111,38.59724754333373,6580000.0,2120000.0
3527,36.45899172305801,38.56623767304667,6590000.0,2120000.0
3528,36.56821700410786,38.535104237581095,6600000.0,2120000.0
3529,36.67735613853385,38.50384738758501,6610000.0,2120000.0
3530,36.78640896899087,38.47246727385904,6620000.0,2120000.0
3531,36.89537534030239,38.44096404735178,6630000.0,2120000.0
3532,37.00425509945745,38.40933785915501,6640000.0,2120000.0
3533,37.11304809560747,38.37758886049907,6650000.0,2120000.0
3534,37.22175418006298,38.34571720274807,6660000.0,2120000.0
3535,37.330373206290304,38.313723037395334,6670000.0,2120000.0
3536,37.438905029908156,38.2816065160587,6680000.0,2120000.0
3537,37.54734950868416,38.24936779047581,6690000.0,2120000.0
3538,37.65570650253123,38.21700701249956,6700000.0,2120000.0
3539,37.76397587350406,38.18452433409344,6710000.0,2120000.0
3540,37.87215748579524,38.15191990732698,6720000.0,2120000.0
3541,37.98025120573163,38.119193884371036,6730000.0,2120000.0
3542,38.088256901770386,38.0863464174934,6740000.0,2120000.0
3543,38.196174444495085,38.05337765905405,6750000.0,2120000.0
3544,38.304003706611724,38.02028776150073,6760000.0,2120000.0
3545,38.41174456294459,37.98707687736439,6770000.0,2120000.0
3546,38.51939689043222,37.95374515925458,6780000.0,2120000.0
3547,38.62696056812306,37.920292759855094,6790000.0,2120000.0
3548,38.73443547717128,37.886719831919365,6800000.0,2120000.0
3549,38.8418215008324,37.853026528266064,6810000.0,2120000.0
3550,38.949118524458854,37.819213001774564,6820000.0,2120000.0
3551,39.05632643549555,37.78527940538059,6830000.0,2120000.0
3552,39.163445123475306,37.75122589207173,6840000.0,2120000.0
3553,39.2704744800142,37.71705261488304,6850000.0,2120000.0
3554,39.377414398807005,37.68275972689266,6860000.0,2120000.0
3555,39.48426477562234,37.648347381217434,6870000.0,2120000.0
3556,39.59102550829798,37.6138157310085,6880000.0,2120000.0
3557,39.6976964967359,37.579164929447046,6890000.0,2120000.0
3558,39.80427764289744,37.54439512973986,6900000.0,2120000.0
3559,39.91076885079833,37.50950648511512,6910000.0,2120000.0
3560,40.0171700265036,37.474499148818026,6920000.0,2120000.0
3561,40.12348107812256,37.43937327410654,6930000.0,2120000.0
3562,40.229701915803616,37.404129014247204,6940000.0,2120000.0
3563,40.3358324517291,37.3687665225107,6950000.0,2120000.0
3564,40.441872600109996,37.33328595216781,6960000.0,2120000.0
3565,40.54782227718067,37.29768745648515,6970000.0,2120000.0
3566,40.653681401193445,37.261971188720935,6980000.0,2120000.0
3567,40.75944989241328,37.226137302120804,6990000.0,2120000.0
3568,40.865127673112234,37.19018594991375,7000000.0,2120000.0
3569,40.970714667563996,37.154117285307834,7010000.0,2120000.0
3570,41.07621080203833,37.117931461486194,7020000.0,2120000.0
3571,41.181616004795444,37.08162863160287,7030000.0,2120000.0
3572,26.325478457140168,40.932707573326795,5690000.0,2130000.0
3573,26.44168874843793,40.91323433581245,5700000.0,2130000.0
3574,26.557835674198774,40.893625138519795,5710000.0,2130000.0
3575,26.67391887985724,40.87388009943471,5720000.0,2130000.0
3576,26.789938012888665,40.85399933713977,5730000.0,2130000.0
3577,26.905892722816148,40.83398297080954,5740000.0,2130000.0
3578,27.02178266121745,40.8138311202055,5750000.0,2130000.0
3579,27.137607481731692,40.79354390567138,5760000.0,2130000.0
3580,27.253366840065983,40.77312144812813,5770000.0,2130000.0
3581,29.096340884604388,40.42806991083335,5930000.0,2130000.0
3582,29.210936742237827,40.40536735851834,5940000.0,2130000.0
3583,29.32546130078127,40.38253183284993,5950000.0,2130000.0
3584,29.43991425631303,40.35956346477506,5960000.0,2130000.0
3585,29.55429530708398,40.336462385718164,5970000.0,2130000.0
3586,29.66860415352137,40.313228727576146,5980000.0,2130000.0
3587,29.782840498232652,40.289862622713265,5990000.0,2130000.0
3588,29.897004046009048,40.26636420395611,6000000.0,2130000.0
3589,30.01109450382909,40.242733604588494,6010000.0,2130000.0
3590,30.125111580861944,40.218970958346404,6020000.0,2130000.0
3591,30.239054988470706,40.19507639941288,6030000.0,2130000.0
3592,30.352924440215496,40.171050062412995,6040000.0,2130000.0
3593,30.466719651856497,40.146892082408655,6050000.0,2130000.0
3594,30.580440341356773,40.12260259489366,6060000.0,2130000.0
3595,30.69408622888509,40.098181735788486,6070000.0,2130000.0
3596,30.807657036818497,40.07362964143523,6080000.0,2130000.0
3597,30.921152489744866,40.048946448592574,6090000.0,2130000.0
3598,31.03457231446528,40.0241322944306,6100000.0,2130000.0
3599,31.14791623999629,39.999187316525756,6110000.0,2130000.0
3600,31.261183997572086,39.9741116528557,6120000.0,2130000.0
3601,31.374375320646493,39.948905441794295,6130000.0,2130000.0
3602,31.48748994489491,39.923568822106425,6140000.0,2130000.0
3603,31.6005276082161,39.89810193294296,6150000.0,2130000.0
3604,31.713488050733847,39.87250491383558,6160000.0,2130000.0
3605,31.826371014798553,39.8467779046918,6170000.0,2130000.0
3606,31.939176244988595,39.82092104578979,6180000.0,2130000.0
3607,32.051903488111755,39.79493447777329,6190000.0,2130000.0
3608,32.16455249320636,39.768818341646565,6200000.0,2130000.0
3609,32.277123011542365,39.74257277876929,6210000.0,2130000.0
3610,32.38961479662242,39.71619793085145,6220000.0,2130000.0
3611,32.50202760418262,39.68969393994832,6230000.0,2130000.0
3612,32.61436119219334,39.6630609484553,6240000.0,2130000.0
3613,32.72661532085986,39.636299099102935,6250000.0,2130000.0
3614,32.83878975262285,39.609408534951754,6260000.0,2130000.0
3615,32.95088425215885,39.58238939938728,6270000.0,2130000.0
3616,33.06289858638053,39.55524183611494,6280000.0,2130000.0
3617,33.17483252443693,39.52796598915498,6290000.0,2130000.0
3618,33.28668583771349,39.50056200283745,6300000.0,2130000.0
3619,33.398458299832114,39.47303002179715,6310000.0,2130000.0
3620,33.510149686650955,39.44537019096861,6320000.0,2130000.0
3621,33.62175977626421,39.417582655580965,6330000.0,2130000.0
3622,33.73328834900185,39.38966756115303,6340000.0,2130000.0
3623,33.844735187429066,39.361625053488254,6350000.0,2130000.0
3624,33.95610007634578,39.3334552786696,6360000.0,2130000.0
3625,34.067382802785986,39.305158383054724,6370000.0,2130000.0
3626,34.17858315601698,39.276734513270796,6380000.0,2130000.0
3627,34.28970092753852,39.24818381620961,6390000.0,2130000.0
3628,34.40073591108185,39.2195064390225,6400000.0,2130000.0
3629,34.51168790260862,39.19070252911549,6410000.0,2130000.0
3630,34.622556700309765,39.1617722341442,6420000.0,2130000.0
3631,34.73334210460422,39.13271570200896,6430000.0,2130000.0
3632,34.84404391813755,39.10353308084978,6440000.0,2130000.0
3633,34.95466194578052,39.07422451904149,6450000.0,2130000.0
3634,35.06519599462751,39.044790165188736,6460000.0,2130000.0
3635,35.17564587399488,39.01523016812107,6470000.0,2130000.0
3636,35.286011395419244,38.98554467688801,6480000.0,2130000.0
3637,35.396292372655566,38.955733840754206,6490000.0,2130000.0
3638,35.5064886216753,38.92579780919443,6500000.0,2130000.0
3639,35.6165999606643,38.89573673188875,6510000.0,2130000.0
3640,35.72662621002074,38.86555075871767,6520000.0,2130000.0
3641,35.83656719235288,38.835240039757174,6530000.0,2130000.0
3642,35.9464227324768,38.80480472527394,6540000.0,2130000.0
3643,36.05619265741391,38.7742449657205,6550000.0,2130000.0
3644,36.16587679638863,38.74356091173035,6560000.0,2130000.0
3645,36.27547498082567,38.71275271411316,6570000.0,2130000.0
3646,36.384987044347426,38.68182052384993,6580000.0,2130000.0
3647,36.494412822771295,38.65076449208819,6590000.0,2130000.0
3648,36.603752154106736,38.61958477013731,6600000.0,2130000.0
3649,36.71300487855247,38.588281509463535,6610000.0,2130000.0
3650,36.822170838493385,38.55685486168536,6620000.0,2130000.0
3651,36.93124987849754,38.52530497856878,6630000.0,2130000.0
3652,37.04024184531292,38.493632012022424,6640000.0,2130000.0
3653,37.14914658786427,38.46183611409296,6650000.0,2130000.0
3654,37.25796395724974,38.42991743696031,6660000.0,2130000.0
3655,37.36669380673745,38.39787613293299,6670000.0,2130000.0
3656,37.47533599176205,38.365712354443374,6680000.0,2130000.0
3657,37.583890369921136,38.33342625404305,6690000.0,2130000.0
3658,37.692356800971645,38.30101798439814,6700000.0,2130000.0
3659,37.80073514682611,38.26848769828467,6710000.0,2130000.0
3660,37.909025271548856,38.23583554858396,6720000.0,2130000.0
3661,38.0172270413522,38.20306168827792,6730000.0,2130000.0
3662,38.12534032459242,38.17016627044457,6740000.0,2130000.0
3663,38.23336499176586,38.13714944825332,6750000.0,2130000.0
3664,38.341300915504746,38.10401137496048,6760000.0,2130000.0
3665,38.449147970573094,38.0707522039047,6770000.0,2130000.0
3666,38.556906033862454,38.03737208850239,6780000.0,2130000.0
3667,38.66457498438767,38.003871182243145,6790000.0,2130000.0
3668,38.77215470328242,37.97024963868539,6800000.0,2130000.0
3669,38.879645073794904,37.9365076114517,6810000.0,2130000.0
3670,38.987045981283295,37.9026452542244,6820000.0,2130000.0
3671,39.094357313211155,37.86866272074115,6830000.0,2130000.0
3672,39.20157895914284,37.83456016479036,6840000.0,2130000.0
3673,39.30871081073882,37.800337740206885,6850000.0,2130000.0
3674,39.41575276175091,37.76599560086752,6860000.0,2130000.0
3675,39.52270470801746,37.73153390068662,6870000.0,2130000.0
3676,39.62956654745845,37.69695279361174,6880000.0,2130000.0
3677,39.73633818007063,37.66225243361925,6890000.0,2130000.0
3678,39.84301950792245,37.627432974709926,6900000.0,2130000.0
3679,39.949610435149026,37.592494570904705,6910000.0,2130000.0
3680,40.056110867947034,37.55743737624031,6920000.0,2130000.0
3681,40.16252071456953,37.522261544764966,6930000.0,2130000.0
3682,40.26883988532075,37.48696723053408,6940000.0,2130000.0
3683,40.375068292550814,37.451554587606005,6950000.0,2130000.0
3684,40.48120585065034,37.41602377003782,6960000.0,2130000.0
3685,40.58725247604515,37.38037493188097,6970000.0,2130000.0
3686,40.69320808719073,37.344608227177254,6980000.0,2130000.0
3687,40.799072604566845,37.30872380995438,6990000.0,2130000.0
3688,40.90484595067184,37.27272183422202,7000000.0,2130000.0
3689,41.010528050017236,37.23660245396745,7010000.0,2130000.0
3690,41.11611882912189,37.200365823151564,7020000.0,2130000.0
3691,41.22161821650644,37.16401209570463,7030000.0,2130000.0
3692,41.32702614268751,37.12754142552223,7040000.0,2130000.0
3693,41.43234254017192,37.09095396646118,7050000.0,2130000.0
3694,26.465282930848815,41.00126770712103,5700000.0,2140000.0
3695,26.58158239178307,40.98162639043603,5710000.0,2140000.0
3696,26.69781775830148,40.96184903662014,5720000.0,2140000.0
3697,26.813988676128456,40.94193576497904,5730000.0,2140000.0
3698,26.930094793053428,40.921886695413235,5740000.0,2140000.0
3699,27.046135758937787,40.901701948413006,5750000.0,2140000.0
3700,27.162111225721592,40.88138164505358,5760000.0,2140000.0
3701,27.278020847430206,40.86092590699022,5770000.0,2140000.0
3702,27.393864280180818,40.840334856453204,5780000.0,2140000.0
3703,28.893653088840686,40.56039439499052,5910000.0,2140000.0
3704,29.00853495419776,40.53792211418743,5920000.0,2140000.0
3705,29.123345727377323,40.5153164199809,5930000.0,2140000.0
3706,29.238085098739816,40.492577443122045,5940000.0,2140000.0
3707,29.352752760827613,40.46970531485158,5950000.0,2140000.0
3708,29.467348408369062,40.446700166894765,5960000.0,2140000.0
3709,29.5818717382826,40.42356213145623,5970000.0,2140000.0
3710,29.696322449680537,40.400291341214974,5980000.0,2140000.0
3711,29.810700243872812,40.37688792931917,5990000.0,2140000.0
3712,29.925004824370646,40.35335202938108,6000000.0,2140000.0
3713,30.039235896889988,40.32968377547199,6010000.0,2140000.0
3714,30.153393169354896,40.30588330211703,6020000.0,2140000.0
3715,30.267476351900758,40.28195074429005,6030000.0,2140000.0
3716,30.381485156877424,40.25788623740855,6040000.0,2140000.0
3717,30.495419298852184,40.233689917328505,6050000.0,2140000.0
3718,30.609278494612607,40.20936192033923,6060000.0,2140000.0
3719,30.723062463169306,40.18490238315831,6070000.0,2140000.0
3720,30.836770925758533,40.16031144292639,6080000.0,2140000.0
3721,30.950403605844674,40.13558923720211,6090000.0,2140000.0
3722,31.063960229122635,40.11073590395689,6100000.0,2140000.0
3723,31.177440523520026,40.08575158156991,6110000.0,2140000.0
3724,31.290844219199393,40.06063640882284,6120000.0,2140000.0
3725,31.40417104856011,40.03539052489479,6130000.0,2140000.0
3726,31.517420746240315,40.01001406935718,6140000.0,2140000.0
3727,31.630593049118687,39.98450718216854,6150000.0,2140000.0
3728,31.74368769631606,39.95887000366946,6160000.0,2140000.0
3729,31.856704429196967,39.93310267457737,6170000.0,2140000.0
3730,31.969642991371032,39.90720533598149,6180000.0,2140000.0
3731,32.08250312869427,39.88117812933764,6190000.0,2140000.0
3732,32.19528458927028,39.855021196463156,6200000.0,2140000.0
3733,32.30798712345127,39.828734679531706,6210000.0,2140000.0
3734,32.420610483839,39.802318721068296,6220000.0,2140000.0
3735,32.53315442528566,39.775773463943956,6230000.0,2140000.0
3736,32.6456187048945,39.749099051370806,6240000.0,2140000.0
3737,32.75800308202053,39.722295626896866,6250000.0,2140000.0
3738,32.87030731827091,39.69536333440093,6260000.0,2140000.0
3739,32.9825311775054,39.66830231808751,6270000.0,2140000.0
3740,33.09467442583659,39.64111272248173,6280000.0,2140000.0
3741,33.20673683163004,39.61379469242416,6290000.0,2140000.0
3742,33.31871816550437,39.586348373065825,6300000.0,2140000.0
3743,33.43061820033115,39.55877390986308,6310000.0,2140000.0
3744,33.542436711234735,39.53107144857254,6320000.0,2140000.0
3745,33.654173475592,39.503241135245965,6330000.0,2140000.0
3746,33.76582827303196,39.47528311622526,6340000.0,2140000.0
3747,33.87740088543523,39.447197538137395,6350000.0,2140000.0
3748,33.98889109693342,39.418984547889316,6360000.0,2140000.0
3749,34.10029869390854,39.3906442926629,6370000.0,2140000.0
3750,34.21162346499202,39.36217691991001,6380000.0,2140000.0
3751,34.32286520106394,39.33358257734735,6390000.0,2140000.0
3752,34.43402369525195,39.30486141295146,6400000.0,2140000.0
3753,34.54509874293012,39.2760135749538,6410000.0,2140000.0
3754,34.656090141717826,39.24703921183559,6420000.0,2140000.0
3755,34.7669976914783,39.21793847232294,6430000.0,2140000.0
3756,34.87782119431732,39.18871150538178,6440000.0,2140000.0
3757,34.988560454581645,39.15935846021292,6450000.0,2140000.0
3758,35.09921527885738,39.129879486247034,6460000.0,2140000.0
3759,35.20978547596832,39.10027473313978,6470000.0,2140000.0
3760,35.320270856974076,39.07054435076672,6480000.0,2140000.0
3761,35.43067123516823,39.0406884892185,6490000.0,2140000.0
3762,35.54098642607631,39.01070729879586,6500000.0,2140000.0
3763,35.651216247453696,38.98060093000468,6510000.0,2140000.0
3764,35.76136051928343,38.95036953355112,6520000.0,2140000.0
3765,35.871419063773935,38.92001326033672,6530000.0,2140000.0
3766,35.98139170535671,38.88953226145343,6540000.0,2140000.0
3767,36.091278270683745,38.85892668817887,6550000.0,2140000.0
3768,36.20107858862511,38.82819669197127,6560000.0,2140000.0
3769,36.31079249026621,38.797342424464816,6570000.0,2140000.0
3770,36.42041980890513,38.76636403746463,6580000.0,2140000.0
3771,36.52996038004979,38.73526168294206,6590000.0,2140000.0
3772,36.63941404141504,38.704035513029815,6600000.0,2140000.0
3773,36.74878063291968,38.672685680017125,6610000.0,2140000.0
3774,36.858059996683444,38.64121233634496,6620000.0,2140000.0
3775,36.96725197702374,38.6096156346013,6630000.0,2140000.0
3776,37.07635642045254,38.577895727516285,6640000.0,2140000.0
3777,37.185373175672936,38.5460527679575,6650000.0,2140000.0
3778,37.29430209357586,38.51408690892523,6660000.0,2140000.0
3779,37.40314302723653,38.48199830354771,6670000.0,2140000.0
3780,37.51189583191091,38.449787105076446,6680000.0,2140000.0
3781,37.62056036503209,38.41745346688142,6690000.0,2140000.0
3782,37.72913648620655,38.384997542446534,6700000.0,2140000.0
3783,37.837624057210384,38.3524194853648,6710000.0,2140000.0
3784,37.946022941985426,38.31971944933379,6720000.0,2140000.0
3785,38.05433300663534,38.28689758815092,6730000.0,2140000.0
3786,38.16255411942152,38.25395405570886,6740000.0,2140000.0
3787,38.27068615075914,38.22088900599082,6750000.0,2140000.0
3788,38.37872897321283,38.18770259306613,6760000.0,2140000.0
3789,38.48668246149259,38.15439497108546,6770000.0,2140000.0
3790,38.594546492449396,38.120966294276364,6780000.0,2140000.0
3791,38.70232094507085,38.087416716938705,6790000.0,2140000.0
3792,38.810005700476765,38.053746393440065,6800000.0,2140000.0
3793,38.917600641914625,38.01995547821129,6810000.0,2140000.0
3794,39.02510565475501,37.98604412574191,6820000.0,2140000.0
3795,39.13252062648698,37.9520124905757,6830000.0,2140000.0
3796,39.239845446713346,37.91786072730619,6840000.0,2140000.0
3797,39.34708000714589,37.883588990572186,6850000.0,2140000.0
3798,39.454224201600574,37.84919743505332,6860000.0,2140000.0
3799,39.561277925992584,37.814686215465656,6870000.0,2140000.0
3800,39.668241078331405,37.780055486557266,6880000.0,2140000.0
3801,39.77511355871577,37.74530540310381,6890000.0,2140000.0
3802,39.88189526932867,37.71043611990419,6900000.0,2140000.0
3803,39.98858611443206,37.67544779177616,6910000.0,2140000.0
3804,40.09518600036181,37.640340573551995,6920000.0,2140000.0
3805,40.201694835522346,37.6051146200742,6930000.0,2140000.0
3806,40.3081125303814,37.56977008619112,6940000.0,2140000.0
3807,40.414438997464636,37.53430712675273,6950000.0,2140000.0
3808,40.52067415135018,37.4987258966063,6960000.0,2140000.0
3809,40.6268179086632,37.463026550592176,6970000.0,2140000.0
3810,40.732870188070336,37.42720924353953,6980000.0,2140000.0
3811,40.83883091027416,37.39127413026215,6990000.0,2140000.0
3812,40.944699998007515,37.355221365554165,7000000.0,2140000.0
3813,41.05047737602781,37.31905110418598,7010000.0,2140000.0
3814,41.15616297111135,37.28276350090003,7020000.0,2140000.0
3815,41.26175671204749,37.246358710406646,7030000.0,2140000.0
3816,41.36725852963286,37.209836887379936,7040000.0,2140000.0
3817,41.472668356665444,37.17319818645362,7050000.0,2140000.0
3818,41.57798612793869,37.13644276221704,7060000.0,2140000.0
3819,26.37245145358417,41.10882169729984,5690000.0,2150000.0
3820,26.488968088567013,41.089284488098215,5700000.0,2150000.0
3821,26.605420610334015,41.06961092635891,5710000.0,2150000.0
3822,26.72180866077471,41.049801131513256,5720000.0,2150000.0
3823,26.838131883854064,41.02985522359517,5730000.0,2150000.0
3824,26.954389925619488,41.00977332323612,5740000.0,2150000.0
3825,27.070582434207818,40.98955555166031,5750000.0,2150000.0
3826,27.18670905985203,40.969202030679604,5760000.0,2150000.0
3827,27.30276945488795,40.94871288268861,5770000.0,2150000.0
3828,27.418763273760696,40.92808823065971,5780000.0,2150000.0
3829,29.035497802472946,40.62518537489281,5920000.0,2150000.0
3830,29.150452965022183,40.60254329648793,5930000.0,2150000.0
3831,29.26533631419253,40.579767756072755,5940000.0,2150000.0
3832,29.380147541154148,40.55685888566962,5950000.0,2150000.0
3833,29.494886339280935,40.53381681778729,5960000.0,2150000.0
3834,29.609552404154446,40.51064168541588,5970000.0,2150000.0
3835,29.724145433567795,40.487333622021694,5980000.0,2150000.0
3836,29.838665127529374,40.463892761542034,5990000.0,2150000.0
3837,29.953111188266483,40.44031923838015,6000000.0,2150000.0
3838,30.06748332022877,40.41661318739996,6010000.0,2150000.0
3839,30.18178123009159,40.392774743920995,6020000.0,2150000.0
3840,30.296004626759228,40.36880404371316,6030000.0,2150000.0
3841,30.41015322136803,40.344701222991624,6040000.0,2150000.0
3842,30.524226727289292,40.32046641841164,6050000.0,2150000.0
3843,30.638224860132183,40.296099767063325,6060000.0,2150000.0
3844,30.7521473377464,40.27160140646656,6070000.0,2150000.0
3845,30.86599388022482,40.246971474565775,6080000.0,2150000.0
3846,30.97976420990589,40.22221010972483,6090000.0,2150000.0
3847,31.093458051376057,40.197317450721684,6100000.0,2150000.0
3848,31.207075131471928,40.17229363674347,6110000.0,2150000.0
3849,31.32061517928239,40.147138807381076,6120000.0,2150000.0
3850,31.434077926150575,40.121853102624115,6130000.0,2150000.0
3851,31.547463105675753,40.09643666285574,6140000.0,2150000.0
3852,31.660770453715,40.07088962884738,6150000.0,2150000.0
3853,31.77399970838488,40.04521214175364,6160000.0,2150000.0
3854,31.887150610062903,40.019404343107176,6170000.0,2150000.0
3855,32.00022290138889,39.993466374813394,6180000.0,2150000.0
3856,32.11321632726623,39.96739837914539,6190000.0,2150000.0
3857,32.22613063486308,39.941200498738745,6200000.0,2150000.0
3858,32.338965573613315,39.914872876586344,6210000.0,2150000.0
3859,32.45172089521744,39.88841565603329,6220000.0,2150000.0
3860,32.564396353643424,39.861828980771634,6230000.0,2150000.0
3861,32.67699170512732,39.83511299483531,6240000.0,2150000.0
3862,32.78950670817388,39.808267842594994,6250000.0,2150000.0
3863,32.901941123556945,39.78129366875285,6260000.0,2150000.0
3864,33.01429471431982,39.75419061833752,6270000.0,2150000.0
3865,33.12656724577546,39.72695883669892,6280000.0,2150000.0
3866,33.238758485506615,39.699598469503094,6290000.0,2150000.0
3867,33.35086820336579,39.672109662727145,6300000.0,2150000.0
3868,33.46289617147518,39.64449256265407,6310000.0,2150000.0
3869,33.574842164226375,39.61674731586766,6320000.0,2150000.0
3870,33.686705958280086,39.58887406924739,6330000.0,2150000.0
3871,33.798487332565706,39.56087296996329,6340000.0,2150000.0
3872,33.910186068280744,39.532744165470916,6350000.0,2150000.0
3873,34.02180194889014,39.504487803506166,6360000.0,2150000.0
3874,34.13333476012559,39.476104032080336,6370000.0,2150000.0
3875,34.2447842899846,39.44759299947485,6380000.0,2150000.0
3876,34.35615032872955,39.41895485423641,6390000.0,2150000.0
3877,34.46743266888665,39.39018974517177,6400000.0,2150000.0
3878,34.57863110524469,39.361297821342724,6410000.0,2150000.0
3879,34.68974543485384,39.33227923206114,6420000.0,2150000.0
3880,34.800775457024244,39.303134126883855,6430000.0,2150000.0
3881,34.91172097332454,39.273862655607616,6440000.0,2150000.0
3882,35.02258178758027,39.2444649682642,6450000.0,2150000.0
3883,35.133357705872214,39.21494121511523,6460000.0,2150000.0
3884,35.24404853653462,39.18529154664732,6470000.0,2150000.0
3885,35.354654090153346,39.15551611356703,6480000.0,2150000.0
3886,35.465174179563874,39.125615066795866,6490000.0,2150000.0
3887,35.57560861984923,39.09558855746535,6500000.0,2150000.0
3888,35.68595722833785,39.065436736912076,6510000.0,2150000.0
3889,35.79621982460135,39.035159756672705,6520000.0,2150000.0
3890,35.906396230452124,39.004757768479095,6530000.0,2150000.0
3891,36.016486269941,38.9742309242533,6540000.0,2150000.0
3892,36.12648976935457,38.943579376102754,6550000.0,2150000.0
3893,36.23640655721273,38.9128032763153,6560000.0,2150000.0
3894,36.346236464265864,38.8819027773543,6570000.0,2150000.0
3895,36.45597932349209,38.85087803185382,6580000.0,2150000.0
3896,36.56563497009437,38.819729192613664,6590000.0,2150000.0
3897,36.67520324149755,38.78845641259464,6600000.0,2150000.0
3898,36.784683977345274,38.757059844913584,6610000.0,2150000.0
3899,36.8940770194969,38.72553964283868,6620000.0,2150000.0
3900,37.0033822120242,38.693895959784534,6630000.0,2150000.0
3901,37.1125994012081,38.662128949307416,6640000.0,2150000.0
3902,37.221728435535276,38.630238765100444,6650000.0,2150000.0
3903,37.33076916569469,38.59822556098886,6660000.0,2150000.0
3904,37.43972144457403,38.56608949092522,6670000.0,2150000.0
3905,37.548585127256054,38.533830708984674,6680000.0,2150000.0
3906,37.65736007101492,38.50144936936023,6690000.0,2150000.0
3907,37.76604613531235,38.46894562635799,6700000.0,2150000.0
3908,37.874643181793786,38.436319634392554,6710000.0,2150000.0
3909,37.98315107428445,38.40357154798219,6720000.0,2150000.0
3910,38.09156967878535,38.370701521744266,6730000.0,2150000.0
3911,38.19989886346908,38.33770971039055,6740000.0,2150000.0
3912,38.308138498675774,38.304596268722555,6750000.0,2150000.0
3913,38.41628845690881,38.271361351626936,6760000.0,2150000.0
3914,38.52434861283048,38.238005114070845,6770000.0,2150000.0
3915,38.632318843257686,38.204527711097334,6780000.0,2150000.0
3916,38.74019902715735,38.17092929782084,6790000.0,2150000.0
3917,38.84798904564201,38.13721002942249,6800000.0,2150000.0
3918,38.95568878196521,38.103370061145654,6810000.0,2150000.0
3919,39.06329812151676,38.06940954829138,6820000.0,2150000.0
3920,39.170816951818146,38.035328646213856,6830000.0,2150000.0
3921,39.278245162517585,38.00112751031592,6840000.0,2150000.0
3922,39.3855826453853,37.96680629604456,6850000.0,2150000.0
3923,39.49282929430852,37.932365158886505,6860000.0,2150000.0
3924,39.59998500528655,37.89780425436366,6870000.0,2150000.0
3925,39.70704967642568,37.863123738028776,6880000.0,2150000.0
3926,39.8140232079341,37.82832376546096,6890000.0,2150000.0
3927,39.92090550211676,37.79340449226132,6900000.0,2150000.0
3928,40.02769646337008,37.758366074048546,6910000.0,2150000.0
3929,40.13439599817673,37.72320866645454,6920000.0,2150000.0
3930,40.241004015100266,37.68793242512013,6930000.0,2150000.0
3931,40.3475204247797,37.652537505690624,6940000.0,2150000.0
3932,40.45394513992412,37.61702406381162,6950000.0,2150000.0
3933,40.56027807530711,37.581392255124605,6960000.0,2150000.0
3934,40.666519147761186,37.54564223526272,6970000.0,2150000.0
3935,40.77266827617224,37.5097741598465,6980000.0,2150000.0
3936,40.878725381473835,37.473788184479666,6990000.0,2150000.0
3937,40.98469038664148,37.4376844647448,7000000.0,2150000.0
3938,41.090563216686846,37.40146315619922,7010000.0,2150000.0
3939,41.196343798651995,37.36512441437078,7020000.0,2150000.0
3940,41.30203206160344,37.3286683947537,7030000.0,2150000.0
3941,41.407627936626305,37.292095252804366,7040000.0,2150000.0
3942,41.5131313568183,37.25540514393726,7050000.0,2150000.0
3943,41.61854225728375,37.218598223520814,7060000.0,2150000.0
3944,41.72386057512747,37.18167464687333,7070000.0,2150000.0
3945,41.82908624944878,37.144634569258905,7080000.0,2150000.0
3946,26.396074090963836,41.19685406883447,5690000.0,2160000.0
3947,26.512744692379666,41.177284685622645,5700000.0,2160000.0
3948,26.629350802835344,41.157578752528174,5710000.0,2160000.0
3949,26.74589206243481,41.13773638971278,5720000.0,2160000.0
3950,26.862368113375002,41.11775771794366,5730000.0,2160000.0
3951,26.978778599952943,41.097642858588465,5740000.0,2160000.0
3952,27.095123168572698,41.07739193361037,5750000.0,2160000.0
3953,27.21140146775214,41.05700506556307,5760000.0,2160000.0
3954,27.327613148129664,41.036482377585706,5770000.0,2160000.0
3955,27.44375786247069,41.01582399339792,5780000.0,2160000.0
3956,27.559835265674067,40.995030037294754,5790000.0,2160000.0
3957,29.29269090585052,40.666938288405184,5940000.0,2160000.0
3958,29.407646160667063,40.643992535659734,5950000.0,2160000.0
3959,29.522528569583603,40.62091340712823,5960000.0,2160000.0
3960,29.637337826840472,40.59770103659146,5970000.0,2160000.0
3961,29.75207362890736,40.574355558308355,5980000.0,2160000.0
3962,29.866735674487042,40.55087710701064,5990000.0,2160000.0
3963,29.98132366451902,40.527265817897785,6000000.0,2160000.0
3964,30.095837302182904,40.50352182663165,6010000.0,2160000.0
3965,30.210276292901824,40.479645269331435,6020000.0,2160000.0
3966,30.324640344345568,40.45563628256838,6030000.0,2160000.0
3967,30.438929166433716,40.43149500336061,6040000.0,2160000.0
3968,30.553142471338575,40.40722156916793,6050000.0,2160000.0
3969,30.667279973487975,40.382816117886534,6060000.0,2160000.0
3970,30.781341389568,40.35827878784388,6070000.0,2160000.0
3971,30.895326438525533,40.33360971779346,6080000.0,2160000.0
3972,31.009234841570734,40.30880904690955,6090000.0,2160000.0
3973,31.123066322179334,40.28387691478205,6100000.0,2160000.0
3974,31.23682060609482,40.2588134614112,6110000.0,2160000.0
3975,31.350497421330545,40.23361882720243,6120000.0,2160000.0
3976,31.46409649817164,40.20829315296109,6130000.0,2160000.0
3977,31.577617569176844,40.18283657988728,6140000.0,2160000.0
3978,31.69106036918024,40.15724924957062,6150000.0,2160000.0
3979,31.804424635292822,40.131531303985,6160000.0,2160000.0
3980,31.917710106903915,40.10568288548347,6170000.0,2160000.0
3981,32.03091652568258,40.079704136792905,6180000.0,2160000.0
3982,32.144043635578775,40.05359520100888,6190000.0,2160000.0
3983,32.25709118282454,40.02735622159046,6200000.0,2160000.0
3984,32.37005891593488,40.00098734235494,6210000.0,2160000.0
3985,32.48294658570869,39.974488707472744,6220000.0,2160000.0
3986,32.59575394522951,39.94786046146212,6230000.0,2160000.0
3987,32.70848074986613,39.92110274918406,6240000.0,2160000.0
3988,32.82112675727315,39.89421571583699,6250000.0,2160000.0
3989,32.9336917273913,39.86719950695171,6260000.0,2160000.0
3990,33.04617542244782,39.84005426838613,6270000.0,2160000.0
3991,33.158577606956584,39.8127801463201,6280000.0,2160000.0
3992,33.27089804771818,39.785377287250334,6290000.0,2160000.0
3993,33.383136513819856,39.7578458379851,6300000.0,2160000.0
3994,33.49529277663534,39.73018594563919,6310000.0,2160000.0
3995,33.60736660982461,39.702397757628695,6320000.0,2160000.0
3996,33.71935778933345,39.67448142166588,6330000.0,2160000.0
3997,33.831266093393054,39.64643708575406,6340000.0,2160000.0
3998,33.94309130251933,39.618264898182424,6350000.0,2160000.0
3999,34.05483319951221,39.58996500752097,6360000.0,2160000.0
4000,34.16649156945491,39.56153756261536,6370000.0,2160000.0
4001,34.27806619971294,39.532982712581756,6380000.0,2160000.0
4002,34.38955687993308,39.50430060680183,6390000.0,2160000.0
4003,34.50096340204232,39.475491394917526,6400000.0,2160000.0
4004,34.61228556024651,39.44655522682614,6410000.0,2160000.0
4005,34.72352315102914,39.417492252675096,6420000.0,2160000.0
4006,34.83467597314985,39.38830262285696,6430000.0,2160000.0
4007,34.94574382764287,39.35898648800433,6440000.0,2160000.0
4008,35.05672651781545,39.32954399898483,6450000.0,2160000.0
4009,35.16762384924602,39.299975306896044,6460000.0,2160000.0
4010,35.278435629782464,39.27028056306046,6470000.0,2160000.0
4011,35.389161669540115,39.240459919020545,6480000.0,2160000.0
4012,35.49980178089972,39.210513526533596,6490000.0,2160000.0
4013,35.61035577850539,39.180441537566836,6500000.0,2160000.0
4014,35.72082347926223,39.1502441042924,6510000.0,2160000.0
4015,35.8312047023342,39.11992137908233,6520000.0,2160000.0
4016,35.941499269141524,39.089473514503645,6530000.0,2160000.0
4017,36.05170700335836,39.05890066331335,6540000.0,2160000.0
4018,36.16182773091007,39.02820297845355,6550000.0,2160000.0
4019,36.27186127997058,38.997380613046424,6560000.0,2160000.0
4020,36.381807480959615,38.96643372038937,6570000.0,2160000.0
4021,36.49166616653981,38.93536245395008,6580000.0,2160000.0
4022,36.6014371716138,38.90416696736162,6590000.0,2160000.0
4023,36.711120333321084,38.872847414417606,6600000.0,2160000.0
4024,36.820715491034996,38.84140394906728,6610000.0,2160000.0
4025,36.93022248635942,38.80983672541063,6620000.0,2160000.0
4026,37.03964116312554,38.7781458976936,6630000.0,2160000.0
4027,37.14897136738843,38.74633162030326,6640000.0,2160000.0
4028,37.25821294742357,38.71439404776291,6650000.0,2160000.0
4029,37.367365753723334,38.68233333472738,6660000.0,2160000.0
4030,37.47642963899335,38.650149635978146,6670000.0,2160000.0
4031,37.58540445814873,38.617843106418626,6680000.0,2160000.0
4032,37.694290068310394,38.585413901069344,6690000.0,2160000.0
4033,37.80308632880109,38.55286217506327,6700000.0,2160000.0
4034,37.91179310114151,38.52018808364099,6710000.0,2160000.0
4035,38.020410249046265,38.48739178214609,6720000.0,2160000.0
4036,38.128937638419714,38.454473426020336,6730000.0,2160000.0
4037,38.2373751373519,38.421433170799084,6740000.0,2160000.0
4038,38.3457226161142,38.388271172106585,6750000.0,2160000.0
4039,38.453979947155105,38.35498758565127,6760000.0,2160000.0
4040,38.5621470050957,38.321582567221185,6770000.0,2160000.0
4041,38.67022366672531,38.28805627267926,6780000.0,2160000.0
4042,38.778209810996884,38.25440885795889,6790000.0,2160000.0
4043,38.88610531902245,38.22064047905911,6800000.0,2160000.0
4044,38.99391007406841,38.186751292040135,6810000.0,2160000.0
4045,39.101623961550786,38.152741453018834,6820000.0,2160000.0
4046,39.20924686903044,38.11861111816408,6830000.0,2160000.0
4047,39.316778686208146,38.08436044369233,6840000.0,2160000.0
4048,39.42421930491974,38.04998958586302,6850000.0,2160000.0
4049,39.531568619131015,38.0154987009741,6860000.0,2160000.0
4050,39.638826524932746,37.9808879453576,6870000.0,2160000.0
4051,39.74599292053546,37.94615747537511,6880000.0,2160000.0
4052,39.85306770626431,37.91130744741334,6890000.0,2160000.0
4053,39.960050784553836,37.87633801787977,6900000.0,2160000.0
4054,40.06694205994259,37.8412493431981,6910000.0,2160000.0
4055,40.173741439067825,37.806041579804,6920000.0,2160000.0
4056,40.28044883066002,37.770714884140645,6930000.0,2160000.0
4057,40.38706414553741,37.73526941265442,6940000.0,2160000.0
4058,40.49358729660048,37.69970532179047,6950000.0,2160000.0
4059,40.60001819882631,37.66402276798857,6960000.0,2160000.0
4060,40.70635676926295,37.62822190767863,6970000.0,2160000.0
4061,40.812602927023725,37.59230289727653,6980000.0,2160000.0
4062,40.918756593281415,37.556265893179805,6990000.0,2160000.0
4063,41.0248176912626,37.5201110517634,7000000.0,2160000.0
4064,41.130786146241576,37.48383852937548,7010000.0,2160000.0
4065,41.236661885534645,37.44744848233318,7020000.0,2160000.0
4066,41.34244483849406,37.41094106691841,7030000.0,2160000.0
4067,41.44813493650201,37.374316439373686,7040000.0,2160000.0
4068,41.5537321129646,37.33757475589803,7050000.0,2160000.0
4069,41.659236303305754,37.300716172642765,7060000.0,2160000.0
4070,41.76464744496101,37.26374084570744,7070000.0,2160000.0
4071,41.86996547737142,37.22664893113567,7080000.0,2160000.0
4072,41.975190341977225,37.18944058491118,7090000.0,2160000.0
4073,26.536613216421493,41.265268306182456,5700000.0,2170000.0
4074,26.653373445629622,41.24552987478876,5710000.0,2170000.0
4075,26.770068441809492,41.225654816418235,5720000.0,2170000.0
4076,26.886697845381434,41.20564325257656,5730000.0,2170000.0
4077,27.00326129888365,41.18549530537269,5740000.0,2170000.0
4078,27.11975844697918,41.165211097514025,5750000.0,2170000.0
4079,27.23618893646274,41.14479075230121,5760000.0,2170000.0
4080,27.3525524162674,41.12423439362317,5770000.0,2170000.0
4081,27.46884853747118,41.10354214595197,5780000.0,2170000.0
4082,27.585076953303396,41.08271413433783,5790000.0,2170000.0
4083,27.701237319151016,41.06175048440395,5800000.0,2170000.0
4084,27.817329292564732,41.040651322341475,5810000.0,2170000.0
4085,27.933352533265026,41.01941677490431,5820000.0,2170000.0
4086,29.550275623379317,40.70798992408991,5960000.0,2170000.0
4087,29.665228532054424,40.68474017346977,5970000.0,2170000.0
4088,29.78010756300148,40.66135713787514,5980000.0,2170000.0
4089,29.894912413613618,40.63784095283756,5990000.0,2170000.0
4090,30.009642783538652,40.61419175435794,6000000.0,2170000.0
4091,30.12429837468247,40.590409678901494,6010000.0,2170000.0
4092,30.238878891212412,40.56649486339239,6020000.0,2170000.0
4093,30.353384039560417,40.54244744520854,6030000.0,2170000.0
4094,30.467813528426117,40.518267562176305,6040000.0,2170000.0
4095,30.58216706877976,40.493955352565365,6050000.0,2170000.0
4096,30.696444373864995,40.46951095508333,6060000.0,2170000.0
4097,30.8106451592016,40.44493450887054,6070000.0,2170000.0
4098,30.92476914258793,40.42022615349485,6080000.0,2170000.0
4099,31.038816044103456,40.39538602894634,6090000.0,2170000.0
4100,31.152785586110998,40.37041427563202,6100000.0,2170000.0
4101,31.266677493258886,40.34531103437065,6110000.0,2170000.0
4102,31.38049149248303,40.32007644638745,6120000.0,2170000.0
4103,31.494227313008828,40.29471065330883,6130000.0,2170000.0
4104,31.60788468635298,40.26921379715715,6140000.0,2170000.0
4105,31.721463346325123,40.24358602034545,6150000.0,2170000.0
4106,31.834963029029424,40.21782746567224,6160000.0,2170000.0
4107,31.948383472865967,40.19193827631621,6170000.0,2170000.0
4108,32.06172441853211,40.16591859583099,6180000.0,2170000.0
4109,32.17498560902361,40.13976856813989,6190000.0,2170000.0
4110,32.288166789635724,40.11348833753073,6200000.0,2170000.0
4111,32.401267707964166,40.08707804865046,6210000.0,2170000.0
4112,32.51428811390591,40.060537846500075,6220000.0,2170000.0
4113,32.62722775965991,40.03386787642927,6230000.0,2170000.0
4114,32.74008639972766,40.007068284131265,6240000.0,2170000.0
4115,32.85286379091374,39.980139215637564,6250000.0,2170000.0
4116,32.96555969232609,39.953080817312724,6260000.0,2170000.0
4117,33.07817386537633,39.925893235849166,6270000.0,2170000.0
4118,33.19070607377983,39.8985766182619,6280000.0,2170000.0
4119,33.303156083555756,39.871131111883415,6290000.0,2170000.0
4120,33.415523663026974,39.8435568643584,6300000.0,2170000.0
4121,33.5278085828198,39.81585402363857,6310000.0,2170000.0
4122,33.64001061586376,39.78802273797748,6320000.0,2170000.0
4123,33.752129537391035,39.76006315592536,6330000.0,2170000.0
4124,33.864165124936044,39.73197542632389,6340000.0,2170000.0
4125,33.97611715833472,39.70375969830109,6350000.0,2170000.0
4126,34.08798541972374,39.67541612126612,6360000.0,2170000.0
4127,34.199769693539736,39.646944844904105,6370000.0,2170000.0
4128,34.3114697665182,39.61834601917106,6380000.0,2170000.0
4129,34.423085427692506,39.589619794288694,6390000.0,2170000.0
4130,34.53461646839267,39.56076632073927,6400000.0,2170000.0
4131,34.646062682244086,39.53178574926053,6410000.0,2170000.0
4132,34.75742386516609,39.50267823084056,6420000.0,2170000.0
4133,34.86869981537051,39.473443916712654,6430000.0,2170000.0
4134,34.97989033336005,39.44408295835029,6440000.0,2170000.0
4135,35.090995221926576,39.414595507461954,6450000.0,2170000.0
4136,35.2020142861493,39.384981715986136,6460000.0,2170000.0
4137,35.312947333392934,39.355241736086235,6470000.0,2170000.0
4138,35.42379417330562,39.32537572014551,6480000.0,2170000.0
4139,35.53455461781692,39.29538382076203,6490000.0,2170000.0
4140,35.645228481135526,39.265266190743624,6500000.0,2170000.0
4141,35.755815579747015,39.235022983102894,6510000.0,2170000.0
4142,35.866315732411486,39.20465435105215,6520000.0,2170000.0
4143,35.97672876016103,39.17416044799849,6530000.0,2170000.0
4144,36.087054486297205,39.14354142753871,6540000.0,2170000.0
4145,36.19729273638831,39.112797443454404,6550000.0,2170000.0
4146,36.3074433382667,39.08192864970694,6560000.0,2170000.0
4147,36.41750612202587,39.050935200432555,6570000.0,2170000.0
4148,36.52748092001755,39.019817249937404,6580000.0,2170000.0
4149,36.63736756684868,38.988574952692574,6590000.0,2170000.0
4150,36.74716589937828,38.957208463329266,6600000.0,2170000.0
4151,36.856875756714246,38.9257179366338,6610000.0,2170000.0
4152,36.96649698021005,38.89410352754278,6620000.0,2170000.0
4153,37.07602941346141,38.8623653911382,6630000.0,2170000.0
4154,37.185472902302784,38.83050368264257,6640000.0,2170000.0
4155,37.2948272948038,38.79851855741409,6650000.0,2170000.0
4156,37.40409244126576,38.766410170941796,6660000.0,2170000.0
4157,37.51326819421774,38.73417867884074,6670000.0,2170000.0
4158,37.622354408412946,38.70182423684721,6680000.0,2170000.0
4159,37.73135094082481,38.66934700081389,6690000.0,2170000.0
4160,37.840257650643004,38.63674712670513,6700000.0,2170000.0
4161,37.94907439926945,38.60402477059213,6710000.0,2170000.0
4162,38.0578010503142,38.571180088648276,6720000.0,2170000.0
4163,38.166437469591244,38.53821323714427,6730000.0,2170000.0
4164,38.2749835251143,38.5051243724436,6740000.0,2170000.0
4165,38.3834390870924,38.47191365099767,6750000.0,2170000.0
4166,38.49180402792558,38.43858122934118,6760000.0,2170000.0
4167,38.60007822220034,38.405127264087476,6770000.0,2170000.0
4168,38.7082615466851,38.37155191192389,6780000.0,2170000.0
4169,38.81635388032561,38.33785532960703,6790000.0,2170000.0
4170,38.92435510424021,38.30403767395828,6800000.0,2170000.0
4171,39.03226510171515,38.270099101859074,6810000.0,2170000.0
4172,39.14008375819964,38.236039770246414,6820000.0,2170000.0
4173,39.247810961301084,38.2018598361082,6830000.0,2170000.0
4174,39.355446600780084,38.16755945647875,6840000.0,2170000.0
4175,39.46299056854529,38.13313878843422,6850000.0,2170000.0
4176,39.57044275864851,38.098597989088105,6860000.0,2170000.0
4177,39.67780306727939,38.06393721558671,6870000.0,2170000.0
4178,39.78507139276031,38.02915662510469,6880000.0,2170000.0
4179,39.89224763554099,37.994256374840575,6890000.0,2170000.0
4180,39.999331698193295,37.95923662201229,6900000.0,2170000.0
4181,40.10632348540568,37.92409752385278,6910000.0,2170000.0
4182,40.21322290397785,37.888839237605524,6920000.0,2170000.0
4183,40.32002986281517,37.85346192052019,6930000.0,2170000.0
4184,40.42674427292311,37.81796572984822,6940000.0,2170000.0
4185,40.533366047401664,37.782350822838495,6950000.0,2170000.0
4186,40.63989510143958,37.74661735673299,6960000.0,2170000.0
4187,40.74633135230865,37.710765488762426,6970000.0,2170000.0
4188,40.85267471935794,37.67479537614198,6980000.0,2170000.0
4189,40.958925124007955,37.63870717606699,6990000.0,2170000.0
4190,41.06508248974464,37.60250104570869,7000000.0,2170000.0
4191,41.17114674211357,37.56617714220999,7010000.0,2170000.0
4192,41.277117808713825,37.52973562268112,7020000.0,2170000.0
4193,41.382995619192016,37.49317664419566,7030000.0,2170000.0
4194,41.48878010523615,37.456500363786034,7040000.0,2170000.0
4195,41.59447120056952,37.41970693843962,7050000.0,2170000.0
4196,41.700068840944496,37.382796525094406,7060000.0,2170000.0
4197,41.805572964136225,37.34576928063495,7070000.0,2170000.0
4198,41.910983509936486,37.30862536188821,7080000.0,2170000.0
4199,42.01630042014723,37.27136492561947,7090000.0,2170000.0
4200,26.677489018446863,41.333464298587835,5710000.0,2180000.0
4201,26.794338280825,41.31355641642708,5720000.0,2180000.0
4202,26.91112156397287,41.29351183163944,5730000.0,2180000.0
4203,27.02783850866139,41.27333066708045,5740000.0,2180000.0
4204,27.144488757804318,41.253013046206895,5750000.0,2180000.0
4205,27.261071956465102,41.23255909307168,5760000.0,2180000.0
4206,27.377587751863608,41.211968932318676,5770000.0,2180000.0
4207,27.49403579338267,41.19124268917771,5780000.0,2180000.0
4208,27.61041573257456,41.17038048945938,5790000.0,2180000.0
4209,27.72672722316726,41.149382459549955,5800000.0,2180000.0
4210,27.842969921070605,41.12824872640619,5810000.0,2180000.0
4211,27.95914348438236,41.106979417550214,5820000.0,2180000.0
4212,28.075247573394023,41.0855746610644,5830000.0,2180000.0
4213,29.347712304608077,40.841219972877525,5940000.0,2180000.0
4214,29.46295701071357,40.818200032080895,5950000.0,2180000.0
4215,29.578128028366553,40.795046357337704,5960000.0,2180000.0
4216,29.923195877388892,40.72478428561528,5990000.0,2180000.0
4217,30.038069079352567,40.701097033660254,6000000.0,2180000.0
4218,30.1528670732789,40.6772767294153,6010000.0,2180000.0
4219,30.26758956207591,40.65332351061496,6020000.0,2180000.0
4220,30.382236250934344,40.62923751544916,6030000.0,2180000.0
4221,30.496806847330724,40.6050188825579,6040000.0,2180000.0
4222,30.611301061030222,40.580667751026056,6050000.0,2180000.0
4223,30.72571860408948,40.556184260378004,6060000.0,2180000.0
4224,30.840059190859247,40.53156855057237,6070000.0,2180000.0
4225,30.954322537986904,40.50682076199669,6080000.0,2180000.0
4226,31.06850836441887,40.481941035462185,6090000.0,2180000.0
4227,31.182616391402856,40.456929512198386,6100000.0,2180000.0
4228,31.29664634249005,40.43178633384789,6110000.0,2180000.0
4229,31.410597943537056,40.40651164246102,6120000.0,2180000.0
4230,31.52447092270787,40.38110558049059,6130000.0,2180000.0
4231,31.63826501047558,40.35556829078656,6140000.0,2180000.0
4232,31.75197993962406,40.329899916590755,6150000.0,2180000.0
4233,31.865615445249436,40.30410060153156,6160000.0,2180000.0
4234,31.979171264761515,40.278170489618695,6170000.0,2180000.0
4235,32.09264713788504,40.25210972523779,6180000.0,2180000.0
4236,32.206042806660825,40.22591845314525,6190000.0,2180000.0
4237,32.319358015446845,40.1995968184629,6200000.0,2180000.0
4238,32.43259251091906,40.173144966672666,6210000.0,2180000.0
4239,32.54574604207224,40.1465630436114,6220000.0,2180000.0
4240,32.65881836022066,40.11985119546551,6230000.0,2180000.0
4241,32.771809218998584,40.09300956876572,6240000.0,2180000.0
4242,32.884718374360766,40.06603831038184,6250000.0,2180000.0
4243,32.99754558458271,40.038937567517486,6260000.0,2180000.0
4244,33.11029061026089,40.011707487704804,6270000.0,2180000.0
4245,33.22295321431285,39.98434821879921,6280000.0,2180000.0
4246,33.335533161977125,39.9568599089742,6290000.0,2180000.0
4247,33.448030220813145,39.92924270671607,6300000.0,2180000.0
4248,33.56044416070092,39.901496760818695,6310000.0,2180000.0
4249,33.67277475384072,39.87362222037828,6320000.0,2180000.0
4250,33.78502177475255,39.84561923478819,6330000.0,2180000.0
4251,33.8971850002756,39.81748795373366,6340000.0,2180000.0
4252,34.009264209567455,39.78922852718669,6350000.0,2180000.0
4253,34.12125918410338,39.76084110540073,6360000.0,2180000.0
4254,34.233169707675316,39.73232583890558,6370000.0,2180000.0
4255,34.34499556639091,39.70368287850216,6380000.0,2180000.0
4256,34.4567365486723,39.67491237525736,6390000.0,2180000.0
4257,34.56839244525497,39.64601448049884,6400000.0,2180000.0
4258,34.67996304918628,39.61698934580993,6410000.0,2180000.0
4259,34.79144815582412,39.58783712302439,6420000.0,2180000.0
4260,34.902847562835255,39.55855796422136,6430000.0,2180000.0
4261,35.014161070193765,39.52915202172019,6440000.0,2180000.0
4262,35.12538848017918,39.49961944807531,6450000.0,2180000.0
4263,35.23652959737468,39.4699603960711,6460000.0,2180000.0
4264,35.34758422866507,39.44017501871689,6470000.0,2180000.0
4265,35.4585521832348,39.41026346924174,6480000.0,2180000.0
4266,35.56943327256574,39.38022590108942,6490000.0,2180000.0
4267,35.6802273104349,39.35006246791335,6500000.0,2180000.0
4268,35.79093411291212,39.31977332357155,6510000.0,2180000.0
4269,35.901553498357586,39.289358622121554,6520000.0,2180000.0
4270,36.01208528741929,39.25881851781537,6530000.0,2180000.0
4271,36.122529303030404,39.22815316509452,6540000.0,2180000.0
4272,36.232885370406485,39.19736271858499,6550000.0,2180000.0
4273,36.34315331704269,39.166447333092194,6560000.0,2180000.0
4274,36.453332972710875,39.135407163596035,6570000.0,2180000.0
4275,36.5634241694565,39.104242365245966,6580000.0,2180000.0
4276,36.67342674159563,39.072953093355906,6590000.0,2180000.0
4277,36.783340525711644,39.04153950339943,6600000.0,2180000.0
4278,36.89316536065204,39.01000175100474,6610000.0,2180000.0
4279,37.00290108752501,38.978339991949774,6620000.0,2180000.0
4280,37.11254754969602,38.94655438215732,6630000.0,2180000.0
4281,37.22210459278428,38.914645077690075,6640000.0,2180000.0
4282,37.33157206465903,38.882612234745835,6650000.0,2180000.0
4283,37.44094981543599,38.85045600965252,6660000.0,2180000.0
4284,37.55023769747346,38.81817655886343,6670000.0,2180000.0
4285,37.65943556536848,38.78577403895235,6680000.0,2180000.0
4286,37.76854327595287,38.75324860660875,6690000.0,2180000.0
4287,37.87756068828921,38.72060041863298,6700000.0,2180000.0
4288,37.98648766366675,38.68782963193146,6710000.0,2180000.0
4289,38.09532406559719,38.65493640351188,6720000.0,2180000.0
4290,38.204069759810444,38.62192089047853,6730000.0,2180000.0
4291,38.312724614250264,38.58878325002744,6740000.0,2180000.0
4292,38.42128849906986,38.555523639441724,6750000.0,2180000.0
4293,38.52976128662741,38.52214221608687,6760000.0,2180000.0
4294,38.63814285148148,38.48863913740596,6770000.0,2180000.0
4295,38.746433070386416,38.4550145609151,6780000.0,2180000.0
4296,38.85463182228758,38.42126864419869,6790000.0,2180000.0
4297,38.962738988316644,38.387401544904726,6800000.0,2180000.0
4298,39.070754451786705,38.35341342074032,6810000.0,2180000.0
4299,39.178678098187376,38.31930442946692,6820000.0,2180000.0
4300,39.28650981517984,38.285074728895786,6830000.0,2180000.0
4301,39.39424949259173,38.25072447688347,6840000.0,2180000.0
4302,39.50189702241207,38.2162538313271,6850000.0,2180000.0
4303,39.60945229878608,38.181662950159975,6860000.0,2180000.0
4304,39.716915218009945,38.14695199134693,6870000.0,2180000.0
4305,39.82428567852547,38.112121112879954,6880000.0,2180000.0
4306,39.931563580914755,38.07717047277354,6890000.0,2180000.0
4307,40.03874882789477,38.0421002290603,6900000.0,2180000.0
4308,40.1458413243118,38.006910539786524,6910000.0,2180000.0
4309,40.25284097713598,37.97160156300766,6920000.0,2180000.0
4310,40.35974769545564,37.93617345678398,6930000.0,2180000.0
4311,40.466561390471604,37.9006263791761,6940000.0,2180000.0
4312,40.57328197549158,37.86496048824068,6950000.0,2180000.0
4313,40.67990936592429,37.82917594202594,6960000.0,2180000.0
4314,40.78644347927363,37.79327289856744,6970000.0,2180000.0
4315,40.89288423513287,37.757251515883624,6980000.0,2180000.0
4316,40.99923155517862,37.721111951971636,6990000.0,2180000.0
4317,41.10548536316492,37.68485436480295,7000000.0,2180000.0
4318,41.211645584917115,37.64847891231909,7010000.0,2180000.0
4319,41.31771214832585,37.61198575242743,7020000.0,2180000.0
4320,41.42368498334086,37.575375042996896,7030000.0,2180000.0
4321,41.52956402196483,37.53864694185384,7040000.0,2180000.0
4322,41.6353491982471,37.50180160677775,7050000.0,2180000.0
4323,41.741040448277445,37.464839195497085,7060000.0,2180000.0
4324,41.84663771017969,37.42775986568522,7070000.0,2180000.0
4325,41.95214092410537,37.39056377495617,7080000.0,2180000.0
4326,42.057550032227326,37.35325108086057,7090000.0,2180000.0
4327,42.16286497873317,37.315821940881555,7100000.0,2180000.0
4328,42.26808570981886,37.27827651243062,7110000.0,2180000.0
4329,42.37321217368211,37.240614952843686,7120000.0,2180000.0
4330,42.47824432051582,37.20283741937691,7130000.0,2180000.0
4331,26.701698004433403,41.42138202897179,5710000.0,2190000.0
4332,26.81870206483499,41.40144119413157,5720000.0,2190000.0
4333,26.9356397566871,41.38136345886832,5730000.0,2190000.0
4334,27.052510718984884,41.36114894678942,5740000.0,2190000.0
4335,27.169314592884515,41.34079778210631,5750000.0,2190000.0
4336,27.286051021710055,41.32031008962937,5760000.0,2190000.0
4337,27.40271965096019,41.299685994762804,5770000.0,2190000.0
4338,27.519320128314867,41.27892562349945,5780000.0,2190000.0
4339,27.635852103641685,41.25802910241559,5790000.0,2190000.0
4340,27.752315229002257,41.236996558665886,5800000.0,2190000.0
4341,27.868709158658376,41.21582811997807,5810000.0,2190000.0
4342,27.98503354907803,41.19452391464778,5820000.0,2190000.0
4343,28.1012880589413,41.173084071533445,5830000.0,2190000.0
4344,28.21747234914613,41.15150872005092,5840000.0,2190000.0
4345,28.33358608281394,41.12979799016836,5850000.0,2190000.0
4346,28.44962892529507,41.107952012401,5860000.0,2190000.0
4347,28.565600544174124,41.08597091780585,5870000.0,2190000.0
4348,28.681500609275204,41.06385483797645,5880000.0,2190000.0
4349,28.79732879266691,41.041603905037654,5890000.0,2190000.0
4350,28.91308476866731,41.01921825164035,5900000.0,2190000.0
4351,29.14437880704216,40.97404331667221,5920000.0,2190000.0
4352,29.259916229342295,40.95125430298575,5930000.0,2190000.0
4353,29.37538016411134,40.928331104599,5940000.0,2190000.0
4354,29.490770296983545,40.905273856713755,5950000.0,2190000.0
4355,29.606086315869227,40.882082695026085,5960000.0,2190000.0
4356,29.72132791095875,40.85875775572107,5970000.0,2190000.0
4357,29.83649477472633,40.83529917546746,5980000.0,2190000.0
4358,29.95158660193372,40.81170709141238,5990000.0,2190000.0
4359,30.06660308963384,40.78798164117599,6000000.0,2190000.0
4360,30.181543937174073,40.76412296284617,6010000.0,2190000.0
4361,30.29640884619969,40.740131194973195,6020000.0,2190000.0
4362,30.411197520656888,40.71600647656439,6030000.0,2190000.0
4363,30.525909666795926,40.691748947078864,6040000.0,2190000.0
4364,30.64054499317394,40.66735874642205,6050000.0,2190000.0
4365,30.755103210657726,40.64283601494053,6060000.0,2190000.0
4366,30.86958403242638,40.61818089341655,6070000.0,2190000.0
4367,30.983987173973812,40.59339352306277,6080000.0,2190000.0
4368,31.098312353111087,40.56847404551693,6090000.0,2190000.0
4369,31.2125592899687,40.54342260283647,6100000.0,2190000.0
4370,31.326727706998657,40.5182393374932,6110000.0,2190000.0
4371,31.44081732897651,40.49292439236796,6120000.0,2190000.0
4372,31.554827883003153,40.46747791074535,6130000.0,2190000.0
4373,31.668759098506627,40.44190003630827,6140000.0,2190000.0
4374,31.78261070724367,40.41619091313268,6150000.0,2190000.0
4375,31.896382443301242,40.39035068568228,6160000.0,2190000.0
4376,32.01007404309784,40.364379498803075,6170000.0,2190000.0
4377,32.12368524538478,40.33827749771814,6180000.0,2190000.0
4378,32.23721579124728,40.31204482802227,6190000.0,2190000.0
4379,32.35066542410544,40.28568163567666,6200000.0,2190000.0
4380,32.46403388971514,40.25918806700352,6210000.0,2190000.0
4381,32.57732093616876,40.23256426868089,6220000.0,2190000.0
4382,32.690526313895816,40.20581038773719,6230000.0,2190000.0
4383,32.803649775663445,40.178926571546,6240000.0,2190000.0
4384,32.916691076576846,40.15191296782072,6250000.0,2190000.0
4385,33.02964997407949,40.12476972460928,6260000.0,2190000.0
4386,33.142526227953276,40.09749699028886,6270000.0,2190000.0
4387,33.2553196003186,40.07009491356055,6280000.0,2190000.0
4388,33.368029855634276,40.04256364344412,6290000.0,2190000.0
4389,33.480656760697265,40.01490332927273,6300000.0,2190000.0
4390,33.59320008464246,39.98711412068763,6310000.0,2190000.0
4391,33.70565959894218,39.95919616763294,6320000.0,2190000.0
4392,33.818035077405696,39.931149620350354,6330000.0,2190000.0
4393,33.930326296178535,39.902974629373915,6340000.0,2190000.0
4394,34.042533033741755,39.874671345524725,6350000.0,2190000.0
4395,34.15465507091102,39.84623991990579,6360000.0,2190000.0
4396,34.26669219083566,39.81768050389672,6370000.0,2190000.0
4397,34.3786441789976,39.788993249148504,6380000.0,2190000.0
4398,34.4905108232101,39.76017830757837,6390000.0,2190000.0
4399,34.60229191361649,39.7312358313645,6400000.0,2190000.0
4400,34.71398724268875,39.70216597294094,6410000.0,2190000.0
4401,34.82559660522599,39.67296888499225,6420000.0,2190000.0
4402,34.93711979835282,39.64364472044849,6430000.0,2190000.0
4403,35.04855662151764,39.61419363247997,6440000.0,2190000.0
4404,35.1599068764908,39.58461577449211,6450000.0,2190000.0
4405,35.271170367362664,39.55491130012032,6460000.0,2190000.0
4406,35.3823469005416,39.525080363224774,6470000.0,2190000.0
4407,35.4934362847518,39.49512311788541,6480000.0,2190000.0
4408,35.604438331031126,39.46503971839674,6490000.0,2190000.0
4409,35.71535285272868,39.43483031926278,6500000.0,2190000.0
4410,35.82617966550246,39.40449507519185,6510000.0,2190000.0
4411,35.93691858731678,39.374034141091734,6520000.0,2190000.0
4412,36.04756943843967,39.3434476720643,6530000.0,2190000.0
4413,36.15813204144021,39.31273582340072,6540000.0,2190000.0
4414,36.26860622118558,39.28189875057625,6550000.0,2190000.0
4415,36.37899180483832,39.250936609245265,6560000.0,2190000.0
4416,36.4892886218532,39.21984955523623,6570000.0,2190000.0
4417,36.599496503974244,39.18863774454671,6580000.0,2190000.0
4418,36.709615285231465,39.15730133333834,6590000.0,2190000.0
4419,36.81964480193765,39.12584047793188,6600000.0,2190000.0
4420,36.92958489268496,39.09425533480222,6610000.0,2190000.0
4421,37.039435398341546,39.06254606057341,6620000.0,2190000.0
4422,37.14919616204795,39.03071281201382,6630000.0,2190000.0
4423,37.25886702921357,38.99875574603108,6640000.0,2190000.0
4424,37.36844784751284,38.96667501966726,6650000.0,2190000.0
4425,37.47793846688158,38.934470790093926,6660000.0,2190000.0
4426,37.58733873951306,38.90214321460734,6670000.0,2190000.0
4427,37.69664851985401,38.869692450623425,6680000.0,2190000.0
4428,37.80586766460066,38.837118655673116,6690000.0,2190000.0
4429,37.9149960326946,38.804421987397376,6700000.0,2190000.0
4430,38.0240334853186,38.771602603542426,6710000.0,2190000.0
4431,38.13297988589229,38.73866066195495,6720000.0,2190000.0
4432,38.24183510006791,38.70559632057728,6730000.0,2190000.0
4433,38.35059899572576,38.67240973744262,6740000.0,2190000.0
4434,38.45927144296983,38.639101070670336,6750000.0,2190000.0
4435,38.56785231412313,38.60567047846114,6760000.0,2190000.0
4436,38.67634148372309,38.572118119092416,6770000.0,2190000.0
4437,38.78473882851684,38.5384441509135,6780000.0,2190000.0
4438,38.89304422745638,38.50464873234095,6790000.0,2190000.0
4439,39.00125756169375,38.47073202185394,6800000.0,2190000.0
4440,39.109378714576124,38.43669417798954,6810000.0,2190000.0
4441,39.21740757164072,38.40253535933808,6820000.0,2190000.0
4442,39.32534402060984,38.368255724538585,6830000.0,2190000.0
4443,39.433187951385655,38.333855432274085,6840000.0,2190000.0
4444,39.540939256044986,38.299334641267066,6850000.0,2190000.0
4445,39.64859782883418,38.26469351027488,6860000.0,2190000.0
4446,39.75616356616354,38.22993219808523,6870000.0,2190000.0
4447,39.86363636660218,38.195050863511604,6880000.0,2190000.0
4448,39.97101613087237,38.160049665388726,6890000.0,2190000.0
4449,40.078302761844164,38.12492876256811,6900000.0,2190000.0
4450,40.18549616452967,38.089688313913555,6910000.0,2190000.0
4451,40.29259624607757,38.05432847829667,6920000.0,2190000.0
4452,40.39960291576731,38.01884941459241,6930000.0,2190000.0
4453,40.50651608500337,37.98325128167473,6940000.0,2190000.0
4454,40.613335667309464,37.94753423841209,6950000.0,2190000.0
4455,40.72006157832267,37.91169844366307,6960000.0,2190000.0
4456,40.82669373578752,37.87574405627207,6970000.0,2190000.0
4457,40.93323205954997,37.839671235064884,6980000.0,2190000.0
4458,41.03967647155144,37.80348013884441,6990000.0,2190000.0
4459,41.14602689582266,37.7671709263863,7000000.0,2190000.0
4460,41.252283258477576,37.73074375643472,7010000.0,2190000.0
4461,41.358445487707186,37.694198787698,7020000.0,2190000.0
4462,41.46451351377325,37.657536178844445,7030000.0,2190000.0
4463,41.57048726900204,37.62075608849809,7040000.0,2190000.0
4464,41.676366687778014,37.58385867523439,7050000.0,2190000.0
4465,41.782151706537434,37.546844097576184,7060000.0,2190000.0
4466,41.88784226376191,37.509712513989385,7070000.0,2190000.0
4467,41.99343829997199,37.47246408287889,7080000.0,2190000.0
4468,42.09893975772061,37.43509896258441,7090000.0,2190000.0
4469,42.20434658158651,37.397617311376365,7100000.0,2190000.0
4470,42.309658718167746,37.360019287451784,7110000.0,2190000.0
4471,42.41487611607489,37.32230504893023,7120000.0,2190000.0
4472,42.51999872592451,37.28447475384974,7130000.0,2190000.0
4473,42.625026500332304,37.24652856016279,7140000.0,2190000.0
4474,26.608775102084884,41.52911976503656,5700000.0,2200000.0
4475,26.726000890181055,41.50928307058326,5710000.0,2200000.0
4476,26.84316028264974,41.489309153515826,5720000.0,2200000.0
4477,26.960252914529473,41.469198137586645,5730000.0,2200000.0
4478,27.077278423031096,41.448950147160225,5740000.0,2200000.0
4479,27.194236447544863,41.42856530720803,5750000.0,2200000.0
4480,27.311126629647298,41.40804374330325,5760000.0,2200000.0
4481,27.427948613107972,41.38738558161573,5770000.0,2200000.0
4482,27.54470204389609,41.36659094890665,5780000.0,2200000.0
4483,27.661386570187037,41.34565997252338,5790000.0,2200000.0
4484,27.778001842368646,41.324592780394276,5800000.0,2200000.0
4485,27.894547513047392,41.30338950102342,5810000.0,2200000.0
4486,28.01102323705447,41.282050263485395,5820000.0,2200000.0
4487,28.127428671451657,41.260575197420025,5830000.0,2200000.0
4488,28.243763475537147,41.23896443302711,5840000.0,2200000.0
4489,28.360027310851095,41.217218101061185,5850000.0,2200000.0
4490,28.476219841181145,41.1953363328262,5860000.0,2200000.0
4491,28.59234073256776,41.17331926017029,5870000.0,2200000.0
4492,28.70838965330941,41.15116701548044,5880000.0,2200000.0
4493,28.824366273967655,41.12887973167717,5890000.0,2200000.0
4494,28.94027026737205,41.10645754220926,5900000.0,2200000.0
4495,29.171859075106045,41.06120898268406,5920000.0,2200000.0
4496,29.28754324647708,41.03838288211768,5930000.0,2200000.0
4497,29.40315350468601,41.01542241485788,5940000.0,2200000.0
4498,29.51868953397133,40.99232771691478,5950000.0,2200000.0
4499,29.63415102086612,40.96909892479484,5960000.0,2200000.0
4500,29.749537654202047,40.94573617549536,5970000.0,2200000.0
4501,29.864849125113142,40.922239606499254,5980000.0,2200000.0
4502,29.980085127039487,40.898609355769544,5990000.0,2200000.0
4503,30.09524535573078,40.87484556174417,6000000.0,2200000.0
4504,30.210329509249704,40.85094836333053,6010000.0,2200000.0
4505,30.325337287975252,40.826917899900074,6020000.0,2200000.0
4506,30.440268394605827,40.802754311283,6030000.0,2200000.0
4507,30.555122534162244,40.77845773776293,6040000.0,2200000.0
4508,30.669899413990674,40.75402832007133,6050000.0,2200000.0
4509,30.784598743765283,40.72946619938237,6060000.0,2200000.0
4510,30.899220235490922,40.70477151730744,6070000.0,2200000.0
4511,31.01376360350555,40.679944415889736,6080000.0,2200000.0
4512,31.12822856448262,40.65498503759894,6090000.0,2200000.0
4513,31.242614837433287,40.62989352532581,6100000.0,2200000.0
4514,31.356922143708477,40.60467002237684,6110000.0,2200000.0
4515,31.47115020700086,40.57931467246879,6120000.0,2200000.0
4516,31.585298753346667,40.55382761972345,6130000.0,2200000.0
4517,31.699367511127406,40.528209008662095,6140000.0,2200000.0
4518,31.813356211071454,40.50245898420027,6150000.0,2200000.0
4519,31.927264586255443,40.47657769164228,6160000.0,2200000.0
4520,32.04109237210565,40.45056527667594,6170000.0,2200000.0
4521,32.154839306399154,40.424421885367074,6180000.0,2200000.0
4522,32.26850512926491,40.398147664154294,6190000.0,2200000.0
4523,32.38208958318474,40.3717427598435,6200000.0,2200000.0
4524,32.495592412994085,40.345207319602636,6210000.0,2200000.0
4525,32.609013365882795,40.31854149095619,6220000.0,2200000.0
4526,32.72235219139563,40.29174542178004,6230000.0,2200000.0
4527,32.83560864143277,40.264819260295916,6240000.0,2200000.0
4528,32.948782470250165,40.237763155066155,6250000.0,2200000.0
4529,33.061873434459706,40.21057725498836,6260000.0,2200000.0
4530,33.17488129302936,40.18326170929003,6270000.0,2200000.0
4531,33.28780580728317,40.15581666752324,6280000.0,2200000.0
4532,33.400646740901095,40.128242279559366,6290000.0,2200000.0
4533,33.513403859918775,40.100538695583694,6300000.0,2200000.0
4534,33.62607693272715,40.072706066090156,6310000.0,2200000.0
4535,33.738665730072015,40.04474454187603,6320000.0,2200000.0
4536,33.8511700250534,40.0166542740366,6330000.0,2200000.0
4537,33.96358959312485,39.988435413959934,6340000.0,2200000.0
4538,34.07592421209269,39.960088113321575,6350000.0,2200000.0
4539,34.18817366211496,39.93161252407919,6360000.0,2200000.0
4540,34.300337725700494,39.90300879846744,6370000.0,2200000.0
4541,34.412416187707706,39.87427708899262,6380000.0,2200000.0
4542,34.52440883534337,39.84541754842747,6390000.0,2200000.0
4543,34.636315458161214,39.81643032980587,6400000.0,2200000.0
4544,34.74813584806046,39.78731558641769,6410000.0,2200000.0
4545,34.85986979928427,39.75807347180348,6420000.0,2200000.0
4546,34.971517108418006,39.728704139749354,6430000.0,2200000.0
4547,35.0830775743875,39.69920774428168,6440000.0,2200000.0
4548,35.19455099845713,39.66958443966199,6450000.0,2200000.0
4549,35.30593718422777,39.639834380381735,6460000.0,2200000.0
4550,35.41723593763481,39.60995772115712,6470000.0,2200000.0
4551,35.52844706694582,39.579954616923985,6480000.0,2200000.0
4552,35.63957038275836,39.54982522283258,6490000.0,2200000.0
4553,35.75060569799752,39.51956969424252,6500000.0,2200000.0
4554,35.86155282791343,39.48918818671758,6510000.0,2200000.0
4555,35.97241159007865,39.45868085602059,6520000.0,2200000.0
4556,36.08318180438551,39.428047858108414,6530000.0,2200000.0
4557,36.193863293043336,39.39728934912672,6540000.0,2200000.0
4558,36.30445588057545,39.36640548540508,6550000.0,2200000.0
4559,36.41495939381635,39.335396423451684,6560000.0,2200000.0
4560,36.52537366190853,39.30426231994849,6570000.0,2200000.0
4561,36.635698516299364,39.27300333174609,6580000.0,2200000.0
4562,36.74593379073784,39.24161961585865,6590000.0,2200000.0
4563,36.85607932127117,39.210111329459,6600000.0,2200000.0
4564,36.96613494624146,39.17847862987353,6610000.0,2200000.0
4565,37.07610050628209,39.146721674577286,6620000.0,2200000.0
4566,37.18597584431414,39.11484062118895,6630000.0,2200000.0
4567,37.29576080554275,39.08283562746588,6640000.0,2200000.0
4568,37.40545523745318,39.05070685129924,6650000.0,2200000.0
4569,37.515058989807166,39.01845445070892,6660000.0,2200000.0
4570,37.62457191463875,38.98607858383885,6670000.0,2200000.0
4571,37.733993866250415,38.95357940895187,6680000.0,2200000.0
4572,37.84332470120887,38.92095708442498,6690000.0,2200000.0
4573,37.95256427834091,38.88821176874445,6700000.0,2200000.0
4574,38.0617124587291,38.855343620500946,6710000.0,2200000.0
4575,38.170769105707464,38.82235279838476,6720000.0,2200000.0
4576,38.27973408485703,38.78923946118088,6730000.0,2200000.0
4577,38.38860726400129,38.756003767764284,6740000.0,2200000.0
4578,38.49738851320167,38.72264587709508,6750000.0,2200000.0
4579,38.60607770475288,38.68916594821382,6760000.0,2200000.0
4580,38.71467471317807,38.65556414023665,6770000.0,2200000.0
4581,38.823179415224175,38.62184061235061,6780000.0,2200000.0
4582,38.93159168985693,38.58799552380899,6790000.0,2200000.0
4583,39.03991141825594,38.5540290339265,6800000.0,2200000.0
4584,39.148138483809696,38.51994130207463,6810000.0,2200000.0
4585,39.25627277211042,38.485732487677026,6820000.0,2200000.0
4586,39.364314170949,38.45140275020479,6830000.0,2200000.0
4587,39.47226257030967,38.41695224917186,6840000.0,2200000.0
4588,39.58011786236473,38.38238114413037,6850000.0,2200000.0
4589,39.68787994146928,38.347689594666114,6860000.0,2200000.0
4590,39.79554870415569,38.31287776039388,6870000.0,2200000.0
4591,39.90312404912816,38.27794580095298,6880000.0,2200000.0
4592,40.010605877257156,38.24289387600259,6890000.0,2200000.0
4593,40.11799409157384,38.20772214521736,6900000.0,2200000.0
4594,40.22528859726434,38.172430768282794,6910000.0,2200000.0
4595,40.33248930166403,38.13701990489081,6920000.0,2200000.0
4596,40.43959611425181,38.10148971473531,6930000.0,2200000.0
4597,40.54660894664414,38.06584035750758,6940000.0,2200000.0
4598,40.653527712589245,38.030071992892076,6950000.0,2200000.0
4599,40.76035232796108,37.994184780561824,6960000.0,2200000.0
4600,40.86708271075334,37.95817888017409,6970000.0,2200000.0
4601,40.973718781073394,37.92205445136606,6980000.0,2200000.0
4602,41.080260461136156,37.8858116537504,6990000.0,2200000.0
4603,41.18670767525789,37.84945064691097,7000000.0,2200000.0
4604,41.29306034985002,37.81297159039846,7010000.0,2200000.0
4605,41.39931841341283,37.77637464372617,7020000.0,2200000.0
4606,41.50548179652908,37.73965996636566,7030000.0,2200000.0
4607,41.611550431857786,37.70282771774251,7040000.0,2200000.0
4608,41.717524254127596,37.665878057232106,7050000.0,2200000.0
4609,41.823403200130464,37.628811144155435,7060000.0,2200000.0
4610,41.929187208715064,37.591627137774786,7070000.0,2200000.0
4611,42.03487622078027,37.55432619728969,7080000.0,2200000.0
4612,42.14047017926848,37.51690848183274,7090000.0,2200000.0
4613,42.245969029159056,37.47937415046538,7100000.0,2200000.0
4614,42.351372717461594,37.441723362173875,7110000.0,2200000.0
4615,42.456681193209114,37.40395627586515,7120000.0,2200000.0
4616,42.56189440745142,37.36607305036274,7130000.0,2200000.0
4617,42.667012313248186,37.328073844402795,7140000.0,2200000.0
4618,26.51556764729628,41.636769295405934,5690000.0,2210000.0
4619,26.63301611634795,41.61703713470637,5700000.0,2210000.0
4620,26.75039816575658,41.597167427658036,5710000.0,2210000.0
4621,26.867713426565686,41.57716029815261,5720000.0,2210000.0
4622,26.984961532002423,41.55701587070204,5730000.0,2210000.0
4623,27.102142117484796,41.53673427043332,5740000.0,2210000.0
4624,27.219254820628755,41.51631562308323,5750000.0,2210000.0
4625,27.3362992812551,41.49576005499321,5760000.0,2210000.0
4626,27.453275141396286,41.475067693104066,5770000.0,2210000.0
4627,27.570182045303024,41.45423866495073,5780000.0,2210000.0
4628,27.687019639450796,41.433273098657075,5790000.0,2210000.0
4629,27.803787572546234,41.412171122930566,5800000.0,2210000.0
4630,27.920485495533253,41.39093286705704,5810000.0,2210000.0
4631,28.03711306159919,41.36955846089543,5820000.0,2210000.0
4632,28.15366992618067,41.34804803487241,5830000.0,2210000.0
4633,28.270155746969365,41.32640171997718,5840000.0,2210000.0
4634,28.38657018391772,41.30461964775603,5850000.0,2210000.0
4635,28.50291289924434,41.28270195030716,5860000.0,2210000.0
4636,28.619183557439378,41.26064876027527,5870000.0,2210000.0
4637,28.735381825269737,41.23846021084618,5880000.0,2210000.0
4638,28.851507371784148,41.216136435741596,5890000.0,2210000.0
4639,28.96755986831806,41.1936775692137,5900000.0,2210000.0
4640,29.199444408248446,41.14835510151676,5920000.0,2210000.0
4641,29.315275805791845,41.12549177145615,5930000.0,2210000.0
4642,29.43103286165743,41.1024938921783,5940000.0,2210000.0
4643,29.54671525868326,41.079361600507234,5950000.0,2210000.0
4644,29.66232268202068,41.0560950337652,5960000.0,2210000.0
4645,29.777854819138327,41.03269432976722,5970000.0,2210000.0
4646,29.893311359825876,41.00915962681583,5980000.0,2210000.0
4647,30.00869199619775,40.985491063695534,5990000.0,2210000.0
4648,30.12399642269666,40.96168877966749,6000000.0,2210000.0
4649,30.239224336096942,40.93775291446408,6010000.0,2210000.0
4650,30.354375435507855,40.91368360828346,6020000.0,2210000.0
4651,30.469449422376716,40.88948100178419,6030000.0,2210000.0
4652,30.584446000491862,40.86514523607984,6040000.0,2210000.0
4653,30.699364875985506,40.840676452733476,6050000.0,2210000.0
4654,30.81420575733646,40.81607479375234,6060000.0,2210000.0
4655,30.92896835537272,40.79134040158238,6070000.0,2210000.0
4656,31.043652383273916,40.76647341910283,6080000.0,2210000.0
4657,31.15825755657364,40.74147398962081,6090000.0,2210000.0
4658,31.272783593161638,40.71634225686588,6100000.0,2210000.0
4659,31.38723021328582,40.69107836498464,6110000.0,2210000.0
4660,31.501597139554296,40.665682458535294,6120000.0,2210000.0
4661,31.615884096937023,40.640154682482226,6130000.0,2210000.0
4662,31.730090812767617,40.6144951821906,6140000.0,2210000.0
4663,31.844217016744818,40.58870410342092,6150000.0,2210000.0
4664,31.958262440933883,40.562781592323645,6160000.0,2210000.0
4665,32.07222681976796,40.536727795433734,6170000.0,2210000.0
4666,32.186109890049146,40.51054285966527,6180000.0,2210000.0
4667,32.299911390949575,40.48422693230606,6190000.0,2210000.0
4668,32.413631064012336,40.45778016101217,6200000.0,2210000.0
4669,32.52726865315221,40.43120269380259,6210000.0,2210000.0
4670,32.6408239046564,40.404494679053805,6220000.0,2210000.0
4671,32.75429656718499,40.37765626549443,6230000.0,2210000.0
4672,32.867686391771386,40.350687602199784,6240000.0,2210000.0
4673,32.98099313182267,40.32358883858652,6250000.0,2210000.0
4674,33.09421654311972,40.29636012440724,6260000.0,2210000.0
4675,33.20735638381724,40.26900160974516,6270000.0,2210000.0
4676,33.320412414443744,40.24151344500869,6280000.0,2210000.0
4677,33.43338439790134,40.21389578092612,6290000.0,2210000.0
4678,33.54627209946548,40.186148768540214,6300000.0,2210000.0
4679,33.65907528678448,40.158272559202885,6310000.0,2210000.0
4680,33.77179372987901,40.13026730456989,6320000.0,2210000.0
4681,33.88442720114146,40.10213315659545,6330000.0,2210000.0
4682,33.9969754753352,40.073870267526864,6340000.0,2210000.0
4683,34.10943832959361,40.04547878989937,6350000.0,2210000.0
4684,34.22181554341919,40.01695887653067,6360000.0,2210000.0
4685,34.33410689868244,39.98831068051563,6370000.0,2210000.0
4686,34.44631217962062,39.959534355221116,6380000.0,2210000.0
4687,34.55843117283644,39.93063005428058,6390000.0,2210000.0
4688,34.67046366729665,39.90159793158882,6400000.0,2210000.0
4689,34.782409454330455,39.872438141296726,6410000.0,2210000.0
4690,34.894268327627955,39.843150837806014,6420000.0,2210000.0
4691,35.0060400832383,39.813736175764,6430000.0,2210000.0
4692,35.117724519567886,39.78419431005831,6440000.0,2210000.0
4693,35.229321437378395,39.75452539581169,6450000.0,2210000.0
4694,35.34083063978469,39.724729588376775,6460000.0,2210000.0
4695,35.45225193225271,39.69480704333088,6470000.0,2210000.0
4696,35.563585122597104,39.66475791647083,6480000.0,2210000.0
4697,35.67483002097899,39.63458236380774,6490000.0,2210000.0
4698,35.785986439903354,39.604280541561835,6500000.0,2210000.0
4699,35.897054194216544,39.57385260615735,6510000.0,2210000.0
4700,36.00803310110361,39.54329871421734,6520000.0,2210000.0
4701,36.11892298008549,39.5126190225585,6530000.0,2210000.0
4702,36.22972365301624,39.48181368818612,6540000.0,2210000.0
4703,36.340434944079924,39.450882868288936,6550000.0,2210000.0
4704,36.45105667978769,39.41982672023401,6560000.0,2210000.0
4705,36.561588688974574,39.38864540156169,6570000.0,2210000.0
4706,36.67203080279626,39.35733906998051,6580000.0,2210000.0
4707,36.78238285472577,39.32590788336211,6590000.0,2210000.0
4708,36.892644680549985,39.29435199973623,6600000.0,2210000.0
4709,37.00281611836622,39.26267157728569,6610000.0,2210000.0
4710,37.11289700857851,39.2308667743413,6620000.0,2210000.0
4711,37.22288719389404,39.19893774937693,6630000.0,2210000.0
4712,37.3327865193193,39.166884661004474,6640000.0,2210000.0
4713,37.442594832156196,39.134707667968925,6650000.0,2210000.0
4714,37.55231198199816,39.102406929143356,6660000.0,2210000.0
4715,37.661937820726095,39.06998260352405,6670000.0,2210000.0
4716,37.77147220250428,39.03743485022547,6680000.0,2210000.0
4717,37.8809149837761,39.00476382847548,6690000.0,2210000.0
4718,37.990266023259856,38.9719696976103,6700000.0,2210000.0
4719,38.09952518194437,38.939052617069756,6710000.0,2210000.0
4720,38.208692323084506,38.90601274639231,6720000.0,2210000.0
4721,38.317767312196736,38.87285024521027,6730000.0,2210000.0
4722,38.42675001705445,38.839565273244986,6740000.0,2210000.0
4723,38.53564030768336,38.806157990301955,6750000.0,2210000.0
4724,38.64443805635673,38.77262855626603,6760000.0,2210000.0
4725,38.7531431375905,38.73897713109673,6770000.0,2210000.0
4726,38.861755428138515,38.705203874823354,6780000.0,2210000.0
4727,38.970274806987426,38.67130894754033,6790000.0,2210000.0
4728,39.07870115535172,38.637292509402414,6800000.0,2210000.0
4729,39.1870343566686,38.60315472061999,6810000.0,2210000.0
4730,39.29527429659278,38.56889574145444,6820000.0,2210000.0
4731,39.40342086299129,38.53451573221336,6830000.0,2210000.0
4732,39.5114739459381,38.50001485324595,6840000.0,2210000.0
4733,39.61943343770875,38.46539326493843,6850000.0,2210000.0
4734,39.727299232774946,38.430651127709275,6860000.0,2210000.0
4735,39.835071227799,38.39578860200475,6870000.0,2210000.0
4736,39.94274932162824,38.360805848294234,6880000.0,2210000.0
4737,40.05033341528944,38.325703027065686,6890000.0,2210000.0
4738,40.157823411983,38.29048029882111,6900000.0,2210000.0
4739,40.26521921707732,38.25513782407193,6910000.0,2210000.0
4740,40.37252073810287,38.2196757633346,6920000.0,2210000.0
4741,40.47972788474633,38.184094277126064,6930000.0,2210000.0
4742,40.58684056884469,38.148393525959236,6940000.0,2210000.0
4743,40.69385870437921,38.11257367033858,6950000.0,2210000.0
4744,40.80078220746937,38.07663487075567,6960000.0,2210000.0
4745,40.907610996366756,38.04057728768481,6970000.0,2210000.0
4746,41.01434499144892,38.00440108157856,6980000.0,2210000.0
4747,41.12098411521315,37.96810641286341,6990000.0,2210000.0
4748,41.22752829227015,37.9316934419354,7000000.0,2210000.0
4749,41.33397744933782,37.89516232915581,7010000.0,2210000.0
4750,41.440331515234774,37.85851323484679,7020000.0,2210000.0
4751,41.546590420873976,37.82174631928711,7030000.0,2210000.0
4752,41.65275409925625,37.784861742707854,7040000.0,2210000.0
4753,41.758822485463796,37.747859665288146,7050000.0,2210000.0
4754,41.86479551665356,37.71074024715098,7060000.0,2210000.0
4755,41.97067313205064,37.67350364835892,7070000.0,2210000.0
4756,42.07645527294169,37.63615002890993,7080000.0,2210000.0
4757,42.18214188266812,37.598679548733216,7090000.0,2210000.0
4758,42.28773290661941,37.56109236768505,7100000.0,2210000.0
4759,42.39322829222632,37.52338864554465,7110000.0,2210000.0
4760,42.49862798895403,37.48556854201,7120000.0,2210000.0
4761,42.603931948295305,37.44763221669386,7130000.0,2210000.0
4762,42.70914012376354,37.409579829119615,7140000.0,2210000.0
4763,42.814252470885855,37.37141153871723,7150000.0,2210000.0
4764,42.919268947196095,37.33312750481925,7160000.0,2210000.0
4765,26.42207370113284,41.74433028678728,5680000.0,2220000.0
4766,26.539745807207495,41.72470305615488,5690000.0,2220000.0
4767,26.65735147273713,41.70493795389135,5700000.0,2220000.0
4768,26.774890324731476,41.68503510402195,5710000.0,2220000.0
4769,26.89236199239522,41.6649946312003,5720000.0,2220000.0
4770,27.009766107135352,41.64481666070326,5730000.0,2220000.0
4771,27.127102302568453,41.62450131842567,5740000.0,2220000.0
4772,27.24437021452779,41.604048730875114,5750000.0,2220000.0
4773,27.361569481070223,41.583459025166604,5760000.0,2220000.0
4774,27.47869974248305,41.56273232901738,5770000.0,2220000.0
4775,27.595760641290653,41.5418687707416,5780000.0,2220000.0
4776,27.71275182226101,41.52086847924502,5790000.0,2220000.0
4777,27.829672932412052,41.4997315840197,5800000.0,2220000.0
4778,27.946523621017903,41.4784582151387,5810000.0,2220000.0
4779,28.06330353961492,41.45704850325075,5820000.0,2220000.0
4780,28.18001234200767,41.43550257957488,5830000.0,2220000.0
4781,28.296649684274687,41.413820575895116,5840000.0,2220000.0
4782,28.413215224774085,41.39200262455507,5850000.0,2220000.0
4783,28.529708624149134,41.37004885845261,5860000.0,2220000.0
4784,28.646129545333533,41.34795941103451,5870000.0,2220000.0
4785,29.343114444604172,41.21258095971604,5930000.0,2220000.0
4786,29.459018774054154,41.18954552457093,5940000.0,2220000.0
4787,29.57484801183474,41.16637549479632,5950000.0,2220000.0
4788,29.69060184171104,41.14307100853579,5960000.0,2220000.0
4789,29.806279949784308,41.11963220442768,5970000.0,2220000.0
4790,29.92188202449578,41.096059221599624,5980000.0,2220000.0
4791,30.037407756630227,41.072352199663165,5990000.0,2220000.0
4792,30.15285683931958,41.04851127870822,6000000.0,2220000.0
4793,30.26822896804624,41.024536599297676,6010000.0,2220000.0
4794,30.38352384064632,41.000428302461934,6020000.0,2220000.0
4795,30.498741157312786,40.97618652969346,6030000.0,2220000.0
4796,30.613880620598394,40.951811422941304,6040000.0,2220000.0
4797,30.72894193541855,40.927303124605615,6050000.0,2220000.0
4798,30.843924809053956,40.902661777532266,6060000.0,2220000.0
4799,30.958828951153222,40.87788752500732,6070000.0,2220000.0
4800,31.073654073735256,40.85298051075155,6080000.0,2220000.0
4801,31.188399891191587,40.82794087891502,6090000.0,2220000.0
4802,31.3030661202885,40.802768774071644,6100000.0,2220000.0
4803,31.417652480169092,40.777464341213616,6110000.0,2220000.0
4804,31.53215869235514,40.75202772574605,6120000.0,2220000.0
4805,31.646584480748864,40.72645907348151,6130000.0,2220000.0
4806,31.7609295716346,40.70075853063448,6140000.0,2220000.0
4807,31.875193693680256,40.67492624381595,6150000.0,2220000.0
4808,31.989376577938746,40.648962360027994,6160000.0,2220000.0
4809,32.10347795784916,40.622867026658234,6170000.0,2220000.0
4810,32.21749756923797,40.59664039147443,6180000.0,2220000.0
4811,32.33143515031995,40.570282602619066,6190000.0,2220000.0
4812,32.445290441699086,40.54379380860385,6200000.0,2220000.0
4813,32.559063186369315,40.51717415830429,6210000.0,2220000.0
4814,32.67275312971512,40.49042380095428,6220000.0,2220000.0
4815,32.78636001951203,40.463542886140615,6230000.0,2220000.0
4816,32.899883605927,40.43653156379761,6240000.0,2220000.0
4817,33.01332364151868,40.409389984201646,6250000.0,2220000.0
4818,33.126679881237465,40.38211829796578,6260000.0,2220000.0
4819,33.239952082425575,40.354716656034306,6270000.0,2220000.0
4820,33.3531400048169,40.327185209677396,6280000.0,2220000.0
4821,33.466243410536805,40.299524110485564,6290000.0,2220000.0
4822,33.57926206410169,40.27173351036447,6300000.0,2220000.0
4823,33.69219573241864,40.24381356152937,6310000.0,2220000.0
4824,33.805044184784734,40.21576441649981,6320000.0,2220000.0
4825,33.91780719288639,40.18758622809424,6330000.0,2220000.0
4826,34.03048453079854,40.15927914942464,6340000.0,2220000.0
4827,34.143075974983695,40.130843333891164,6350000.0,2220000.0
4828,34.25558130429088,40.10227893517683,6360000.0,2220000.0
4829,34.36800029995449,40.07358610724206,6370000.0,2220000.0
4830,34.480332745593024,40.04476500431951,6380000.0,2220000.0
4831,34.59257842720773,40.01581578090859,6390000.0,2220000.0
4832,34.704737133181006,39.9867385917703,6400000.0,2220000.0
4833,34.81680865427491,39.95753359192178,6410000.0,2220000.0
4834,34.92879278362941,39.92820093663113,6420000.0,2220000.0
4835,35.04068931676056,39.89874078141205,6430000.0,2220000.0
4836,35.152498051558595,39.86915328201858,6440000.0,2220000.0
4837,35.264218788285866,39.8394385944399,6450000.0,2220000.0
4838,35.375851329574736,39.80959687489496,6460000.0,2220000.0
4839,35.48739548042532,39.77962827982736,6470000.0,2220000.0
4840,35.59885104820317,39.74953296589999,6480000.0,2220000.0
4841,35.71021784263685,39.719311089989944,6490000.0,2220000.0
4842,35.8214956758153,39.68896280918319,6500000.0,2220000.0
4843,35.93268436218529,39.65848828076948,6510000.0,2220000.0
4844,36.04378371854862,39.62788766223711,6520000.0,2220000.0
4845,36.15479356405931,39.597161111267695,6530000.0,2220000.0
4846,36.26571372022067,39.56630878573117,6540000.0,2220000.0
4847,36.37654401088218,39.53533084368042,6550000.0,2220000.0
4848,36.4872842622365,39.50422744334639,6560000.0,2220000.0
4849,36.5979343028161,39.47299874313276,6570000.0,2220000.0
4850,36.708493963490056,39.44164490161099,6580000.0,2220000.0
4851,36.81896307746057,39.4101660775151,6590000.0,2220000.0
4852,36.9293414802595,39.3785624297367,6600000.0,2220000.0
4853,37.039629009744765,39.34683411731985,6610000.0,2220000.0
4854,37.149825506096604,39.31498129945609,6620000.0,2220000.0
4855,37.25993081181392,39.2830041354793,6630000.0,2220000.0
4856,37.36994477171034,39.25090278486075,6640000.0,2220000.0
4857,37.47986723291022,39.218677407204105,6650000.0,2220000.0
4858,37.589698044844766,39.18632816224038,6660000.0,2220000.0
4859,37.69943705924779,39.153855209823014,6670000.0,2220000.0
4860,37.80908413015151,39.12125870992289,6680000.0,2220000.0
4861,37.91863911388239,39.08853882262339,6690000.0,2220000.0
4862,38.02810186905659,39.05569570811545,6700000.0,2220000.0
4863,38.13747225657573,39.02272952669271,6710000.0,2220000.0
4864,38.24675013962213,38.98964043874655,6720000.0,2220000.0
4865,38.355935383654455,38.95642860476124,6730000.0,2220000.0
4866,38.465027856402806,38.9230941853091,6740000.0,2220000.0
4867,38.5740274278641,38.889637341045585,6750000.0,2220000.0
4868,38.68293397029721,38.856058232704555,6760000.0,2220000.0
4869,38.79174735821801,38.82235702109339,6770000.0,2220000.0
4870,38.90046746839443,38.788533867088205,6780000.0,2220000.0
4871,39.0090941798414,38.75458893162908,6790000.0,2220000.0
4872,39.117627373815665,38.720522375715355,6800000.0,2220000.0
4873,39.22606693381067,38.68633436040077,6810000.0,2220000.0
4874,39.33441274555123,38.652025046788886,6820000.0,2220000.0
4875,39.442664696988196,38.61759459602821,6830000.0,2220000.0
4876,39.550822678293066,38.583043169307686,6840000.0,2220000.0
4877,39.658886581852485,38.54837092785191,6850000.0,2220000.0
4878,39.766856302262724,38.51357803291648,6860000.0,2220000.0
4879,39.87473173632406,38.478664645783454,6870000.0,2220000.0
4880,39.9825127830351,38.443630927756615,6880000.0,2220000.0
4881,40.09019934358708,38.408477040156946,6890000.0,2220000.0
4882,40.19779132135803,38.373203144318076,6900000.0,2220000.0
4883,40.30528862190693,38.33780940158166,6910000.0,2220000.0
4884,40.412691152967774,38.30229597329287,6920000.0,2220000.0
4885,40.51999882444363,38.2666630207959,6930000.0,2220000.0
4886,40.62721154840057,38.23091070542942,6940000.0,2220000.0
4887,40.73432923906158,38.195039188522124,6950000.0,2220000.0
4888,40.84135181280044,38.159048631388245,6960000.0,2220000.0
4889,40.94827918813546,38.12293919532319,6970000.0,2220000.0
4890,41.055111285723285,38.08671104159898,6980000.0,2220000.0
4891,41.161848028352516,38.05036433145999,6990000.0,2220000.0
4892,41.26848934093741,38.01389922611849,7000000.0,2220000.0
4893,41.37503515051139,37.97731588675028,7010000.0,2220000.0
4894,41.48148538622063,37.9406144744904,7020000.0,2220000.0
4895,41.58783997931752,37.90379515042877,7030000.0,2220000.0
4896,41.69409886315407,37.866858075605876,7040000.0,2220000.0
4897,41.80026197317533,37.82980341100854,7050000.0,2220000.0
4898,41.906329246912726,37.79263131756561,7060000.0,2220000.0
4899,42.012300623977296,37.755341956143745,7070000.0,2220000.0
4900,42.11817604605302,37.717935487543194,7080000.0,2220000.0
4901,42.22395545688992,37.68041207249359,7090000.0,2220000.0
4902,42.32963880229733,37.64277187164978,7100000.0,2220000.0
4903,42.435226030136896,37.6050150455877,7110000.0,2220000.0
4904,42.54071709031576,37.56714175480013,7120000.0,2220000.0
4905,42.64611193477948,37.529152159692714,7130000.0,2220000.0
4906,42.7514105175051,37.491046420579806,7140000.0,2220000.0
4907,42.8566127944941,37.452824697680356,7150000.0,2220000.0
4908,42.96171872376527,37.41448715111394,7160000.0,2220000.0
4909,43.06672826534761,37.376033940896676,7170000.0,2220000.0
4910,26.564018257751183,41.81262040073755,5690000.0,2230000.0
4911,26.68178166608245,41.79282222667412,5700000.0,2230000.0
4912,26.799477864212022,41.77288610308784,5710000.0,2230000.0
4913,26.917106479496777,41.7528121553997,5720000.0,2230000.0
4914,27.034667141514745,41.73260050965693,5730000.0,2230000.0
4915,27.152159482072445,41.71225129252766,5740000.0,2230000.0
4916,27.269583135212017,41.691764631295676,5750000.0,2230000.0
4917,27.386937737218158,41.67114065385511,5760000.0,2230000.0
4918,27.504222926624973,41.65037948870507,5770000.0,2230000.0
4919,27.621438344222646,41.629481264944395,5780000.0,2230000.0
4920,27.73858363306398,41.608446112266236,5790000.0,2230000.0
4921,27.855658438470737,41.58727416095275,5800000.0,2230000.0
4922,27.97266240803996,41.56596554186974,5810000.0,2230000.0
4923,28.08959519164993,41.544520386461215,5820000.0,2230000.0
4924,28.206456441466266,41.522938826744095,5830000.0,2230000.0
4925,30.06623295931904,41.15919274760527,5990000.0,2230000.0
4926,30.181827158152753,41.13531304208414,6000000.0,2230000.0
4927,30.297343959197622,41.11129940033319,6010000.0,2230000.0
4928,30.412783059013243,41.08715196422061,6020000.0,2230000.0
4929,30.528144156534992,41.06287087607835,6030000.0,2230000.0
4930,30.643426953077007,41.038456278696536,6040000.0,2230000.0
4931,30.758631152335003,41.013908315317984,6050000.0,2230000.0
4932,30.873756460388897,40.98922712963276,6060000.0,2230000.0
4933,30.988802585705375,40.96441286577256,6070000.0,2230000.0
4934,31.103769239140306,40.93946566830532,6080000.0,2230000.0
4935,31.218656133940964,40.9143856822296,6090000.0,2230000.0
4936,31.333462985748223,40.889173052969184,6100000.0,2230000.0
4937,31.448189512598464,40.86382792636748,6110000.0,2230000.0
4938,31.562835434925557,40.838350448682036,6120000.0,2230000.0
4939,31.677400475562457,40.812740766579125,6130000.0,2230000.0
4940,31.791884359742923,40.78699902712809,6140000.0,2230000.0
4941,31.90628681510292,40.76112537779597,6150000.0,2230000.0
4942,32.02060757168199,40.73511996644195,6160000.0,2230000.0
4943,32.13484636192442,40.70898294131182,6170000.0,2230000.0
4944,32.249002920680354,40.6827144510326,6180000.0,2230000.0
4945,32.363076985206774,40.65631464460693,6190000.0,2230000.0
4946,32.47706829516827,40.62978367140764,6200000.0,2230000.0
4947,32.59097659263773,40.603121681172254,6210000.0,2230000.0
4948,32.70480162209699,40.57632882399752,6220000.0,2230000.0
4949,32.81854313043719,40.54940525033395,6230000.0,2230000.0
4950,32.93220086695916,40.52235111098029,6240000.0,2230000.0
4951,33.04577458337357,40.49516655707816,6250000.0,2230000.0
4952,33.15926403380108,40.46785174010643,6260000.0,2230000.0
4953,33.2726689747722,40.44040681187599,6270000.0,2230000.0
4954,33.38598916522718,40.41283192452409,6280000.0,2230000.0
4955,33.499224366515705,40.38512723050903,6290000.0,2230000.0
4956,33.61237434239651,40.35729288260467,6300000.0,2230000.0
4957,33.72543885903681,40.32932903389501,6310000.0,2230000.0
4958,33.8384176850117,40.30123583776882,6320000.0,2230000.0
4959,33.95131059130336,40.273013447914146,6330000.0,2230000.0
4960,34.06411735130021,40.24466201831294,6340000.0,2230000.0
4961,34.17683774079587,40.21618170323569,6350000.0,2230000.0
4962,34.2894715379881,40.187572657236004,6360000.0,2230000.0
4963,34.40201852347756,40.15883503514522,6370000.0,2230000.0
4964,34.51447848026645,40.12996899206708,6380000.0,2230000.0
4965,34.626851193757126,40.10097468337228,6390000.0,2230000.0
4966,34.73913645175048,40.07185226469324,6400000.0,2230000.0
4967,34.851334044444286,40.04260189191867,6410000.0,2230000.0
4968,34.96344376443146,40.01322372118826,6420000.0,2230000.0
4969,35.07546540669814,39.98371790888735,6430000.0,2230000.0
4970,35.18739876862171,39.954084611641655,6440000.0,2230000.0
4971,35.29924364996869,39.92432398631193,6450000.0,2230000.0
4972,35.410999852892495,39.894436189988696,6460000.0,2230000.0
4973,35.52266718193126,39.864421379986915,6470000.0,2230000.0
4974,35.634245444005245,39.834279713840814,6480000.0,2230000.0
4975,35.74573444841445,39.80401134929852,6490000.0,2230000.0
4976,35.857134006835956,39.77361644431696,6500000.0,2230000.0
4977,35.968443933321204,39.74309515705642,6510000.0,2230000.0
4978,36.07966404429316,39.71244764587556,6520000.0,2230000.0
4979,36.19079415854343,39.681674069326036,6530000.0,2230000.0
4980,36.30183409722927,39.65077458614737,6540000.0,2230000.0
4981,36.41278368387035,39.619749355261796,6550000.0,2230000.0
4982,36.52364274434573,39.58859853576902,6560000.0,2230000.0
4983,36.63441110689037,39.55732228694116,6570000.0,2230000.0
4984,36.74508860209186,39.5259207682175,6580000.0,2230000.0
4985,36.85567506288691,39.49439413919948,6590000.0,2230000.0
4986,36.96617032455769,39.46274255964547,6600000.0,2230000.0
4987,37.07657422472825,39.43096618946577,6610000.0,2230000.0
4988,37.186886603360705,39.39906518871747,6620000.0,2230000.0
4989,37.297107302751385,39.3670397175994,6630000.0,2230000.0
4990,37.407236167526904,39.33488993644706,6640000.0,2230000.0
4991,37.51727304464012,39.30261600572763,6650000.0,2230000.0
4992,37.627217783366014,39.27021808603491,6660000.0,2230000.0
4993,37.737070235297516,39.237696338084305,6670000.0,2230000.0
4994,37.84683025434118,39.205050922707876,6680000.0,2230000.0
4995,37.95649769671284,39.17228200084932,6690000.0,2230000.0
4996,38.06607242093316,39.139389733559035,6700000.0,2230000.0
4997,38.17555428782309,39.1063742819892,6710000.0,2230000.0
4998,38.28494316049924,39.073235807388784,6720000.0,2230000.0
4999,38.39423890436921,39.03997447109872,6730000.0,2230000.0
5000,38.50344138712682,39.00659043454696,6740000.0,2230000.0
5001,38.61255047874722,38.973083859243594,6750000.0,2230000.0
5002,38.721566051482036,38.93945490677603,6760000.0,2230000.0
5003,38.83048797985429,38.905703738804135,6770000.0,2230000.0
5004,38.93931614065339,38.87183051705542,6780000.0,2230000.0
5005,39.04805041292992,38.837835403320206,6790000.0,2230000.0
5006,39.15669067799049,38.80371855944686,6800000.0,2230000.0
5007,39.26523681939237,38.76948014733703,6810000.0,2230000.0
5008,39.37368872293818,38.7351203289409,6820000.0,2230000.0
5009,39.482046276670424,38.70063926625244,6830000.0,2230000.0
5010,39.590309370866024,38.66603712130467,6840000.0,2230000.0
5011,39.69847789803069,38.63131405616501,6850000.0,2230000.0
5012,39.80655175289336,38.59647023293058,6860000.0,2230000.0
5013,39.91453083240046,38.56150581372354,6870000.0,2230000.0
5014,40.02241503571008,38.52642096068647,6880000.0,2230000.0
5015,40.130204264186304,38.491215835977705,6890000.0,2230000.0
5016,40.23789842139311,38.45589060176678,6900000.0,2230000.0
5017,40.34549741308862,38.420445420229804,6910000.0,2230000.0
5018,40.45300114721894,38.384880453544966,6920000.0,2230000.0
5019,40.56040953391212,38.349195863887914,6930000.0,2230000.0
5020,40.66772248547208,38.313391813427266,6940000.0,2230000.0
5021,40.77493991637236,38.27746846432009,6950000.0,2230000.0
5022,40.88206174324988,38.24142597870747,6960000.0,2230000.0
5023,40.989087884898645,38.20526451870997,6970000.0,2230000.0
5024,41.096018262263414,38.16898424642325,6980000.0,2230000.0
5025,41.202852798433234,38.13258532391359,6990000.0,2230000.0
5026,41.30959141863503,38.096067913213545,7000000.0,2230000.0
5027,41.416234050227054,38.05943217631748,7010000.0,2230000.0
5028,41.52278062269231,38.022678275177306,7020000.0,2230000.0
5029,41.62923106763198,37.98580637169805,7030000.0,2230000.0
5030,41.7355853187587,37.94881662773356,7040000.0,2230000.0
5031,41.841843311889924,37.91170920508224,7050000.0,2230000.0
5032,41.948004984941065,37.874484265482735,7060000.0,2230000.0
5033,42.05407027791875,37.83714197060964,7070000.0,2230000.0
5034,42.16003913291397,37.799682482069336,7080000.0,2230000.0
5035,42.26591149409516,37.76210596139573,7090000.0,2230000.0
5036,42.37168730770124,37.72441257004601,7100000.0,2230000.0
5037,42.47736652203467,37.686602469396576,7110000.0,2230000.0
5038,42.58294908745441,37.64867582073875,7120000.0,2230000.0
5039,42.68843495636885,37.61063278527483,7130000.0,2230000.0
5040,42.7938240832287,37.57247352411374,7140000.0,2230000.0
5041,42.89911642451985,37.53419819826714,7150000.0,2230000.0
5042,43.0043119387562,37.49580696864526,7160000.0,2230000.0
5043,43.10941058647242,37.45729999605287,7170000.0,2230000.0
5044,43.2144123302167,37.41867744118522,7180000.0,2230000.0
5045,43.31931713454344,37.3799394646241,7190000.0,2230000.0
5046,43.424124966006,37.3410862268338,7200000.0,2230000.0
5047,43.52883579314922,37.30211788815718,7210000.0,2230000.0
5048,43.63344958650214,37.26303460881173,7220000.0,2230000.0
5049,44.259093234774646,37.02613013408977,7280000.0,2230000.0
5050,26.58838549499882,41.9005213334971,5690000.0,2240000.0
5051,26.70630719476749,41.880689956725654,5700000.0,2240000.0
5052,26.824161284869657,41.86072042785228,5710000.0,2240000.0
5053,26.941947390805286,41.84061287307084,5720000.0,2240000.0
5054,27.059665140314628,41.82036741920433,5730000.0,2240000.0
5055,27.177314163385493,41.799984193699714,5740000.0,2240000.0
5056,27.29489409226043,41.77946332462247,5750000.0,2240000.0
5057,27.412404561443708,41.75880494065132,5760000.0,2240000.0
5058,27.529845207708163,41.73800917107282,5770000.0,2240000.0
5059,27.647215670101907,41.71707614577598,5780000.0,2240000.0
5060,27.764515589954854,41.6960059952469,5790000.0,2240000.0
5061,27.881744610885153,41.67479885056337,5800000.0,2240000.0
5062,27.998902378805397,41.653454843389454,5810000.0,2240000.0
5063,28.11598854192874,41.63197410597008,5820000.0,2240000.0
5064,30.9037012766311,41.07577082838877,6060000.0,2240000.0
5065,31.018889825723914,41.05091640148832,6070000.0,2240000.0
5066,31.133998447564426,41.025928868649025,6080000.0,2240000.0
5067,31.249026854253547,41.000808375723594,6090000.0,2240000.0
5068,31.363974760304735,40.97555506899123,6100000.0,2240000.0
5069,31.478841882645952,40.95016909515217,6110000.0,2240000.0
5070,31.59362794062147,40.92465060132202,6120000.0,2240000.0
5071,31.708332655993615,40.8989997350263,6130000.0,2240000.0
5072,31.822955752944253,40.87321664419485,6140000.0,2240000.0
5073,31.937496958076338,40.847301477156265,6150000.0,2240000.0
5074,32.051956000415096,40.82125438263247,6160000.0,2240000.0
5075,32.166332611409274,40.79507550973299,6170000.0,2240000.0
5076,32.280626524932146,40.76876500794959,6180000.0,2240000.0
5077,32.3948374772824,40.74232302715065,6190000.0,2240000.0
5078,32.50896520718499,40.71574971757566,6200000.0,2240000.0
5079,32.623009455791724,40.68904522982974,6210000.0,2240000.0
5080,32.73696996668181,40.66220971487799,6220000.0,2240000.0
5081,32.85084648586226,40.63524332404011,6230000.0,2240000.0
5082,32.964638761768164,40.60814620898485,6240000.0,2240000.0
5083,33.07834654526285,40.58091852172447,6250000.0,2240000.0
5084,33.19196958963787,40.55356041460927,6260000.0,2240000.0
5085,33.30550765061294,40.5260720403221,6270000.0,2240000.0
5086,33.4189604863357,40.49845355187284,6280000.0,2240000.0
5087,33.5323278573814,40.47070510259295,6290000.0,2240000.0
5088,33.64560952675239,40.44282684612998,6300000.0,2240000.0
5089,33.75880525987758,40.414818936442146,6310000.0,2240000.0
5090,33.87191482461172,40.38668152779278,6320000.0,2240000.0
5091,33.98493799123457,40.35841477474498,6330000.0,2240000.0
5092,34.097874532449985,40.330018832156064,6340000.0,2240000.0
5093,34.21072422338485,40.301493855172225,6350000.0,2240000.0
5094,34.32348684158789,40.27283999922307,6360000.0,2240000.0
5095,34.43616216702845,40.24405742001618,6370000.0,2240000.0
5096,34.548749982095,40.21514627353172,6380000.0,2240000.0
5097,34.661250071593734,40.186106716017036,6390000.0,2240000.0
5098,34.773662222746836,40.15693890398125,6400000.0,2240000.0
5099,34.885986225190834,40.127642994189955,6410000.0,2240000.0
5100,34.998221870974724,40.0982191436597,6420000.0,2240000.0
5101,35.11036895455799,40.06866750965279,6430000.0,2240000.0
5102,35.2224272728086,40.03898824967183,6440000.0,2240000.0
5103,35.334396625000785,40.009181521454394,6450000.0,2240000.0
5104,35.446276812812776,39.979247482967786,6460000.0,2240000.0
5105,35.558067640324445,39.94918629240361,6470000.0,2240000.0
5106,35.66976891401481,39.918998108172524,6480000.0,2240000.0
5107,35.78138044275943,39.88868308889898,6490000.0,2240000.0
5108,35.89290203782768,39.858241393415874,6500000.0,2240000.0
5109,36.0043335128801,39.82767318075931,6510000.0,2240000.0
5110,36.11567468396531,39.796978610163386,6520000.0,2240000.0
5111,36.22692536951715,39.76615784105486,6530000.0,2240000.0
5112,36.338085390351516,39.73521103304803,6540000.0,2240000.0
5113,36.44915456966322,39.70413834593943,6550000.0,2240000.0
5114,36.56013273302268,39.6729399397027,6560000.0,2240000.0
5115,36.6710197083725,39.64161597448333,6570000.0,2240000.0
5116,36.78181532602407,39.610166610593524,6580000.0,2240000.0
5117,36.892519418653926,39.57859200850708,6590000.0,2240000.0
5118,37.0031318213001,39.54689232885413,6600000.0,2240000.0
5119,37.1136523713584,39.515067732416156,6610000.0,2240000.0
5120,37.22408090857849,39.48311838012078,6620000.0,2240000.0
5121,37.33441727506003,39.45104443303665,6630000.0,2240000.0
5122,37.4446613152486,39.41884605236843,6640000.0,2240000.0
5123,37.55481287593159,39.38652339945169,6650000.0,2240000.0
5124,37.66487180623401,39.35407663574785,6660000.0,2240000.0
5125,37.7748379576142,39.32150592283915,6670000.0,2240000.0
5126,37.88471118385945,39.2888114224236,6680000.0,2240000.0
5127,37.99449134108155,39.25599329631006,6690000.0,2240000.0
5128,38.10417828771223,39.223051706413116,6700000.0,2240000.0
5129,38.213771884498556,39.18998681474825,6710000.0,2240000.0
5130,38.32327199449825,39.1567987834268,6720000.0,2240000.0
5131,38.432678483074874,39.12348777465101,6730000.0,2240000.0
5132,38.541991217892935,39.09005395070917,6740000.0,2240000.0
5133,38.65121006891304,39.05649747397068,6750000.0,2240000.0
5134,38.76033490838679,39.02281850688113,6760000.0,2240000.0
5135,38.869365610851744,38.989017211957524,6770000.0,2240000.0
5136,38.9783020531262,38.95509375178331,6780000.0,2240000.0
5137,39.08714411430403,38.92104828900362,6790000.0,2240000.0
5138,39.19589167574925,38.88688098632047,6800000.0,2240000.0
5139,39.304544621090784,38.85259200648792,6810000.0,2240000.0
5140,39.41310283621687,38.81818151230727,6820000.0,2240000.0
5141,39.521566209269594,38.78364966662239,6830000.0,2240000.0
5142,39.629934630639305,38.748996632314885,6840000.0,2240000.0
5143,39.738207992958905,38.71422257229946,6850000.0,2240000.0
5144,39.84638619109818,38.679327649519124,6860000.0,2240000.0
5145,39.95446912215797,38.64431202694056,6870000.0,2240000.0
5146,40.062456685464284,38.60917586754947,6880000.0,2240000.0
5147,40.17034878256239,38.573919334345895,6890000.0,2240000.0
5148,40.2781453172109,38.53854259033957,6900000.0,2240000.0
5149,40.38584619537558,38.50304579854542,6910000.0,2240000.0
5150,40.493451325223354,38.467429121978824,6920000.0,2240000.0
5151,40.60096061711608,38.43169272365115,6930000.0,2240000.0
5152,40.70837398360435,38.39583676656522,6940000.0,2240000.0
5153,40.81569133942118,38.359861413710654,6950000.0,2240000.0
5154,40.92291260147566,38.323766828059505,6960000.0,2240000.0
5155,41.03003768884657,38.287553172561736,6970000.0,2240000.0
5156,41.1370665227759,38.25122061014065,6980000.0,2240000.0
5157,41.2439990266624,38.214769303688605,6990000.0,2240000.0
5158,41.35083512605497,38.17819941606245,7000000.0,2240000.0
5159,41.457574748645996,38.14151111007919,7010000.0,2240000.0
5160,41.5642178242648,38.1047045485116,7020000.0,2240000.0
5161,41.670764284870835,38.0677798940838,7030000.0,2240000.0
5162,41.77721406454695,38.03073730946701,7040000.0,2240000.0
5163,41.88356709949257,37.9935769572751,7050000.0,2240000.0
5164,41.989823328016875,37.95629900006046,7060000.0,2240000.0
5165,42.09598269053178,37.9189036003095,7070000.0,2240000.0
5166,42.20204512954512,37.88139092043858,7080000.0,2240000.0
5167,42.308010589653584,37.84376112278967,7090000.0,2240000.0
5168,42.41387901753566,37.8060143696262,7100000.0,2240000.0
5169,42.519650361944606,37.76815082312875,7110000.0,2240000.0
5170,42.62532457370124,37.73017064539102,7120000.0,2240000.0
5171,42.73090160568688,37.69207399841555,7130000.0,2240000.0
5172,42.83638141283606,37.65386104410968,7140000.0,2240000.0
5173,42.941763952129314,37.61553194428138,7150000.0,2240000.0
5174,43.04704918258588,37.5770868606352,7160000.0,2240000.0
5175,43.15223706525641,37.53852595476817,7170000.0,2240000.0
5176,43.257327563215604,37.499849388165764,7180000.0,2240000.0
5177,43.36232064155476,37.4610573221979,7190000.0,2240000.0
5178,43.46721626737446,37.42214991811491,7200000.0,2240000.0
5179,43.57201440977703,37.3831273370436,7210000.0,2240000.0
5180,43.67671503985905,37.34398973998318,7220000.0,2240000.0
5181,43.78131813070387,37.304737287801494,7230000.0,2240000.0
5182,43.88582365737404,37.26537014123099,7240000.0,2240000.0
5183,44.30286969240555,37.10675782075429,7280000.0,2240000.0
5184,44.40688709288009,37.06681960821719,7290000.0,2240000.0
5185,26.848941090971646,41.94853808089245,5710000.0,2250000.0
5186,26.966885232862868,41.928396786109666,5720000.0,2250000.0
5187,27.084760612327347,41.9081173905581,5730000.0,2250000.0
5188,27.20256685752551,41.887700022469,5740000.0,2250000.0
5189,27.320303598891826,41.86714481069515,5750000.0,2250000.0
5190,27.43797046914184,41.846451884705395,5760000.0,2250000.0
5191,27.55556710327902,41.825621374579256,5770000.0,2250000.0
5192,27.673093138601498,41.804653411001524,5780000.0,2250000.0
5193,27.790548214708604,41.78354812525686,5790000.0,2250000.0
5194,27.90793197350733,41.76230564922425,5800000.0,2250000.0
5195,28.025244059218537,41.74092611537164,5810000.0,2250000.0
5196,31.2795126254187,41.0872089349626,6090000.0,2250000.0
5197,31.39460201858198,41.06191479697262,6100000.0,2250000.0
5198,31.509610166245636,41.03648782167132,6110000.0,2250000.0
5199,31.624536786662837,41.010928157038016,6120000.0,2250000.0
5200,31.739381600523817,40.985235951463125,6130000.0,2250000.0
5201,31.854144330957403,40.95941135374258,6140000.0,2250000.0
5202,31.96882470353245,40.933454513072185,6150000.0,2250000.0
5203,32.08342244625902,40.90736557904216,6160000.0,2250000.0
5204,32.1979372895896,40.881144701631406,6170000.0,2250000.0
5205,32.312368966420046,40.85479203120206,6180000.0,2250000.0
5206,32.42671721209043,40.8283077184938,6190000.0,2250000.0
5207,32.54098176438587,40.801691914618374,6200000.0,2250000.0
5208,32.65516236353702,40.774944771053995,6210000.0,2250000.0
5209,32.769258752220644,40.74806643963977,6220000.0,2250000.0
5210,32.88327067555991,40.72105707257015,6230000.0,2250000.0
5211,32.997197881124634,40.693916822389355,6240000.0,2250000.0
5212,33.11104011893139,40.666645841985925,6250000.0,2250000.0
5213,33.224797141443474,40.63924428458701,6260000.0,2250000.0
5214,33.33846870357072,40.611712303753,6270000.0,2250000.0
5215,33.452054562669296,40.5840500533719,6280000.0,2250000.0
5216,33.56555447854125,40.556257687653826,6290000.0,2250000.0
5217,33.678968213434004,40.52833536112554,6300000.0,2250000.0
5218,33.79229553203973,40.50028322862486,6310000.0,2250000.0
5219,33.905536201494556,40.47210144529521,6320000.0,2250000.0
5220,34.01868999137773,40.44379016658014,6330000.0,2250000.0
5221,34.131756673710576,40.41534954821781,6340000.0,2250000.0
5222,34.24473602295545,40.386779746235554,6350000.0,2250000.0
5223,34.35762781601439,40.358080916944324,6360000.0,2250000.0
5224,34.47043183222791,40.329253216933374,6370000.0,2250000.0
5225,34.5831478533734,40.300296803064676,6380000.0,2250000.0
5226,34.69577566366367,40.27121183246757,6390000.0,2250000.0
5227,34.80831504974516,40.2419984625333,6400000.0,2250000.0
5228,34.920765800696216,40.212656850909596,6410000.0,2250000.0
5229,35.033127708025134,40.18318715549527,6420000.0,2250000.0
5230,35.14540056566813,40.153589534434836,6430000.0,2250000.0
5231,35.257584169987275,40.12386414611309,6440000.0,2250000.0
5232,35.369678319768134,40.09401114914975,6450000.0,2250000.0
5233,35.48168281621755,40.06403070239411,6460000.0,2250000.0
5234,35.59359746296109,40.03392296491969,6470000.0,2250000.0
5235,35.70542206604053,40.00368809601882,6480000.0,2250000.0
5236,35.81715643391123,39.973326255197435,6490000.0,2250000.0
5237,35.92880037743923,39.942837602169654,6500000.0,2250000.0
5238,36.04035370989857,39.91222229685252,6510000.0,2250000.0
5239,36.151816246968146,39.881480499360755,6520000.0,2250000.0
5240,36.263187806728716,39.850612370001386,6530000.0,2250000.0
5241,36.374468209659774,39.81961806926857,6540000.0,2250000.0
5242,36.485657278636175,39.78849775783827,6550000.0,2250000.0
5243,36.59675483892483,39.757251596563115,6560000.0,2250000.0
5244,36.70776071818124,39.72587974646707,6570000.0,2250000.0
5245,36.81867474644593,39.69438236874029,6580000.0,2250000.0
5246,36.929496756140765,39.66275962473395,6590000.0,2250000.0
5247,37.04022658206523,39.63101167595499,6600000.0,2250000.0
5248,37.15086406139262,39.599138684061025,6610000.0,2250000.0
5249,37.26140903366601,39.567140810855186,6620000.0,2250000.0
5250,37.37186134079435,39.5350182182809,6630000.0,2250000.0
5251,37.48222082704824,39.50277106841692,6640000.0,2250000.0
5252,37.592487339055815,39.47039952347211,6650000.0,2250000.0
5253,37.702660725798424,39.43790374578039,6660000.0,2250000.0
5254,37.812740838606246,39.4052838977957,6670000.0,2250000.0
5255,37.92272753115382,39.372540142086876,6680000.0,2250000.0
5256,38.03262065945551,39.33967264133272,6690000.0,2250000.0
5257,38.142420081860905,39.30668155831687,6700000.0,2250000.0
5258,38.25212565905009,39.27356705592283,6710000.0,2250000.0
5259,38.361737254028775,39.24032929712909,6720000.0,2250000.0
5260,38.471254732123576,39.20696844500393,6730000.0,2250000.0
5261,38.580677960976914,39.173484662700716,6740000.0,2250000.0
5262,38.69000681054206,39.13987811345283,6750000.0,2250000.0
5263,38.799241153078015,39.10614896056874,6760000.0,2250000.0
5264,38.908380863144316,39.072297367427176,6770000.0,2250000.0
5265,39.017425817595786,39.0383234974722,6780000.0,2250000.0
5266,39.12637589557717,39.00422751420836,6790000.0,2250000.0
5267,39.23523097851776,38.97000958119587,6800000.0,2250000.0
5268,39.34399095012592,38.93566986204571,6810000.0,2250000.0
5269,39.45265569638347,38.90120852041494,6820000.0,2250000.0
5270,39.56122510554015,38.86662572000175,6830000.0,2250000.0
5271,39.669699068107874,38.831921624540875,6840000.0,2250000.0
5272,39.778077476854975,38.79709639779869,6850000.0,2250000.0
5273,39.886360226800406,38.76215020356855,6860000.0,2250000.0
5274,39.9945472152078,38.72708320566611,6870000.0,2250000.0
5275,40.102638341579556,38.69189556792455,6880000.0,2250000.0
5276,40.2106335076508,38.65658745418996,6890000.0,2250000.0
5277,40.3185326173833,38.62115902831669,6900000.0,2250000.0
5278,40.4263355769593,38.585610454162676,6910000.0,2250000.0
5279,40.534042294775354,38.54994189558488,6920000.0,2250000.0
5280,40.641652681436014,38.51415351643461,6930000.0,2250000.0
5281,40.74916664974751,38.47824548055311,6940000.0,2250000.0
5282,40.8565841147114,38.4422179517668,6950000.0,2250000.0
5283,40.963904993518064,38.406071093882886,6960000.0,2250000.0
5284,41.07112920554026,38.369805070684826,6970000.0,2250000.0
5285,41.178256672326555,38.3334200459278,6980000.0,2250000.0
5286,41.285287317594666,38.296916183334275,6990000.0,2250000.0
5287,41.392221067224895,38.26029364658954,7000000.0,2250000.0
5288,41.49905784925332,38.22355259933727,7010000.0,2250000.0
5289,41.60579759386509,38.18669320517512,7020000.0,2250000.0
5290,41.712440233387554,38.14971562765036,7030000.0,2250000.0
5291,41.818985702283484,38.11262003025548,7040000.0,2250000.0
5292,41.925433937144035,38.07540657642389,7050000.0,2250000.0
5293,42.031784876681925,38.038075429525534,7060000.0,2250000.0
5294,42.13803846172429,38.000626752862615,7070000.0,2250000.0
5295,42.244194635205766,37.963060709665335,7080000.0,2250000.0
5296,42.35025334216127,37.925377463087585,7090000.0,2250000.0
5297,42.456214529718906,37.88757717620282,7100000.0,2250000.0
5298,42.562078147092855,37.84966001199967,7110000.0,2250000.0
5299,42.667844145576,37.811626133377885,7120000.0,2250000.0
5300,42.77351247853277,37.773475703144086,7130000.0,2250000.0
5301,42.879083101391835,37.7352088840077,7140000.0,2250000.0
5302,42.98455597163871,37.6968258385767,7150000.0,2250000.0
5303,43.08993104880836,37.65832672935364,7160000.0,2250000.0
5304,43.19520829447787,37.61971171873142,7170000.0,2250000.0
5305,43.300387672258886,37.58098096898939,7180000.0,2250000.0
5306,43.4054691477902,37.54213464228918,7190000.0,2250000.0
5307,43.51045268873019,37.50317290067067,7200000.0,2250000.0
5308,43.615338264749234,37.46409590604815,7210000.0,2250000.0
5309,43.72012584752221,37.42490382020613,7220000.0,2250000.0
5310,43.82481541072074,37.38559680479557,7230000.0,2250000.0
5311,43.929406930005676,37.346175021329834,7240000.0,2250000.0
5312,44.24259301066302,37.227222675590056,7270000.0,2250000.0
5313,44.34679215041551,37.187343432149895,7280000.0,2250000.0
5314,44.450893154126064,37.14735022602204,7290000.0,2250000.0
5315,26.991920515849888,42.01616389598485,5720000.0,2260000.0
5316,27.109954069994647,41.99585042449892,5730000.0,2260000.0
5317,27.227918079170696,41.97539877892615,5740000.0,2260000.0
5318,27.345812171995938,41.95480908891215,5750000.0,2260000.0
5319,27.463635979388858,41.93408148472153,5760000.0,2260000.0
5320,27.58138913457543,41.913216097232436,5770000.0,2260000.0
5321,27.69907127309588,41.892213057931045,5780000.0,2260000.0
5322,27.816682032811237,41.87107249890613,5790000.0,2260000.0
5323,27.934221053909788,41.84979455284358,5800000.0,2260000.0
5324,31.425345339094463,41.14825221114573,6100000.0,2260000.0
5325,31.54049494322429,41.122784079421635,6110000.0,2260000.0
5326,31.655562554164103,41.097183088590675,6120000.0,2260000.0
5327,31.770547891530725,41.071449387913844,6130000.0,2260000.0
5328,31.885450677398754,41.04558312705884,6140000.0,2260000.0
5329,32.000270636301956,41.01958445609435,6150000.0,2260000.0
5330,32.11500749523443,40.99345352548454,6160000.0,2260000.0
5331,32.22966098365173,40.96719048608334,6170000.0,2260000.0
5332,32.34423083347182,40.94079548912883,6180000.0,2260000.0
5333,32.458716779075864,40.91426868623771,6190000.0,2260000.0
5334,32.57311855730898,40.88761022939958,6200000.0,2260000.0
5335,32.68743590748073,40.86082027097136,6210000.0,2260000.0
5336,32.80166857136562,40.833898963671764,6220000.0,2260000.0
5337,32.91581629320333,40.806846460575564,6230000.0,2260000.0
5338,33.029878819698936,40.77966291510812,6240000.0,2260000.0
5339,33.14385590002298,40.75234848103971,6250000.0,2260000.0
5340,33.2577472858113,40.72490331248001,6260000.0,2260000.0
5341,33.371552731164925,40.69732756387247,6270000.0,2260000.0
5342,33.4852719926497,40.66962138998877,6280000.0,2260000.0
5343,33.59890482929581,40.641784945923206,6290000.0,2260000.0
5344,33.71245100259726,40.61381838708725,6300000.0,2260000.0
5345,33.82591027651112,40.58572186920388,6310000.0,2260000.0
5346,33.939282417456745,40.5574955483021,6320000.0,2260000.0
5347,34.052567194314804,40.529139580711416,6330000.0,2260000.0
5348,34.16576437842625,40.50065412305626,6340000.0,2260000.0
5349,34.27887374359115,40.472039332250546,6350000.0,2260000.0
5350,34.39189506606731,40.44329536549212,6360000.0,2260000.0
5351,34.50482812456896,40.41442238025726,6370000.0,2260000.0
5352,34.61767270026516,40.3854205342952,6380000.0,2260000.0
5353,34.73042857677822,40.356289985622674,6390000.0,2260000.0
5354,34.843095540181864,40.327030892518394,6400000.0,2260000.0
5355,34.9556733789994,40.297643413517676,6410000.0,2260000.0
5356,35.068161884201764,40.268127707406904,6420000.0,2260000.0
5357,35.18056084920535,40.23848393321816,6430000.0,2260000.0
5358,35.29287006986992,40.20871225022378,6440000.0,2260000.0
5359,35.40508934449616,40.17881281793091,6450000.0,2260000.0
5360,35.51721847382336,40.14878579607616,6460000.0,2260000.0
5361,35.62925726102684,40.11863134462018,6470000.0,2260000.0
5362,35.7412055117153,40.088349623742296,6480000.0,2260000.0
5363,35.85306303392815,40.05794079383516,6490000.0,2260000.0
5364,35.964829638132564,40.02740501549934,6500000.0,2260000.0
5365,36.076505137220614,39.99674244953805,6510000.0,2260000.0
5366,36.18808934650621,39.96595325695178,6520000.0,2260000.0
5367,36.29958208372187,39.93503759893305,6530000.0,2260000.0
5368,36.410983169015594,39.90399563686097,6540000.0,2260000.0
5369,36.52229242494737,39.87282753229615,6550000.0,2260000.0
5370,36.63350967648587,39.84153344697527,6560000.0,2260000.0
5371,36.7446347510048,39.810113542805865,6570000.0,2260000.0
5372,36.85566747827927,39.778567981861165,6580000.0,2260000.0
5373,36.9666076904821,39.746896926374745,6590000.0,2260000.0
5374,37.077455222179935,39.71510053873542,6600000.0,2260000.0
5375,37.18820991032937,39.683178981481944,6610000.0,2260000.0
5376,37.29887159427287,39.65113241729793,6620000.0,2260000.0
5377,37.40944011573471,39.61896100900662,6630000.0,2260000.0
5378,37.519915318816764,39.586664919565784,6640000.0,2260000.0
5379,37.63029704999418,39.554244312062494,6650000.0,2260000.0
5380,37.74058515811107,39.52169934970814,6660000.0,2260000.0
5381,37.850779494375956,39.48903019583323,6670000.0,2260000.0
5382,37.9608799123573,39.456237013882316,6680000.0,2260000.0
5383,38.07088626797885,39.42331996740897,6690000.0,2260000.0
5384,38.180798419514865,39.3902792200707,6700000.0,2260000.0
5385,38.290616227585375,39.35711493562392,6710000.0,2260000.0
5386,38.40033955515127,39.32382727791892,6720000.0,2260000.0
5387,38.509968267509336,39.290416410894935,6730000.0,2260000.0
5388,38.6195022322872,39.25688249857508,6740000.0,2260000.0
5389,38.72894131943823,39.223225705061395,6750000.0,2260000.0
5390,38.83828540123629,39.189446194529964,6760000.0,2260000.0
5391,38.947534352270516,39.15554413122593,6770000.0,2260000.0
5392,39.05668804943991,39.12151967945859,6780000.0,2260000.0
5393,39.16574637194795,39.08737300359658,6790000.0,2260000.0
5394,39.27470920129703,39.05310426806284,6800000.0,2260000.0
5395,39.38357642128297,39.018713637329945,6810000.0,2260000.0
5396,39.49234791798926,38.98420127591513,6820000.0,2260000.0
5397,39.60102357978146,38.94956734837561,6830000.0,2260000.0
5398,39.7096032973013,38.9148120193036,6840000.0,2260000.0
5399,39.81808696346089,38.879935453321714,6850000.0,2260000.0
5400,39.9264744734368,38.84493781507812,6860000.0,2260000.0
5401,40.03476572466399,38.80981926924182,6870000.0,2260000.0
5402,40.14296061682989,38.774579980497926,6880000.0,2260000.0
5403,40.25105905186812,38.73922011354297,6890000.0,2260000.0
5404,40.359060933952456,38.70373983308022,6900000.0,2260000.0
5405,40.46696616949045,38.668139303815,6910000.0,2260000.0
5406,40.57477466711722,38.63241869045015,6920000.0,2260000.0
5407,40.68248633768907,38.59657815768124,6930000.0,2260000.0
5408,40.79010109427695,38.560617870192125,6940000.0,2260000.0
5409,40.89761885216014,38.5245379926503,6950000.0,2260000.0
5410,41.0050395288196,38.488338689702346,6960000.0,2260000.0
5411,41.11236304393138,38.45202012596936,6970000.0,2260000.0
5412,41.21958931935998,38.41558246604259,6980000.0,2260000.0
5413,41.32671827915165,38.37902587447874,6990000.0,2260000.0
5414,41.433749849527594,38.3423505157956,7000000.0,2260000.0
5415,41.5406839588772,38.30555655446762,7010000.0,2260000.0
5416,41.647520537751134,38.26864415492142,7020000.0,2260000.0
5417,41.75425951885442,38.23161348153138,7030000.0,2260000.0
5418,41.860900837039516,38.19446469861537,7040000.0,2260000.0
5419,41.967444429299256,38.157197970430175,7050000.0,2260000.0
5420,42.07389023475983,38.11981346116731,7060000.0,2260000.0
5421,42.18023819467358,38.0823113349487,7070000.0,2260000.0
5422,42.286488252412,38.04469175582226,7080000.0,2260000.0
5423,42.3926403534584,38.00695488775772,7090000.0,2260000.0
5424,42.49869444540071,37.96910089464231,7100000.0,2260000.0
5425,42.60465047792423,37.93112994027657,7110000.0,2260000.0
5426,42.71050840280422,37.89304218837012,7120000.0,2260000.0
5427,42.81626817389864,37.85483780253741,7130000.0,2260000.0
5428,42.921929747140645,37.81651694629364,7140000.0,2260000.0
5429,43.027493080531194,37.77807978305055,7150000.0,2260000.0
5430,43.132958134131535,37.73952647611234,7160000.0,2260000.0
5431,43.23832487005572,37.700857188671485,7170000.0,2260000.0
5432,43.343593252463,37.662072083804766,7180000.0,2260000.0
5433,43.448763247550275,37.62317132446911,7190000.0,2260000.0
5434,43.55383482354444,37.58415507349764,7200000.0,2260000.0
5435,43.658807950694744,37.545023493595565,7210000.0,2260000.0
5436,43.76368260126507,37.505776747336256,7220000.0,2260000.0
5437,43.86845874952625,37.46641499715726,7230000.0,2260000.0
5438,43.973136371748254,37.426938405356346,7240000.0,2260000.0
5439,44.07771544619248,37.3873471340876,7250000.0,2260000.0
5440,44.18219595310385,37.34764134535746,7260000.0,2260000.0
5441,44.28657787470308,37.30782120102093,7270000.0,2260000.0
5442,44.390861195178694,37.26788686277764,7280000.0,2260000.0
5443,44.49504590067922,37.22783849216806,7290000.0,2260000.0
5444,44.59913197930523,37.18767625056966,7300000.0,2260000.0
5445,27.253368346690955,42.063080462721764,5740000.0,2270000.0
5446,27.84291757349135,41.9585791123413,5790000.0,2270000.0
5447,27.960612383417036,41.93726555686149,5800000.0,2270000.0
5448,31.45620530427818,41.23456728513589,6100000.0,2270000.0
5449,31.57149679733216,41.20905784128822,6110000.0,2270000.0
5450,31.686705828164996,41.18341536812455,6120000.0,2270000.0
5451,31.801832115318813,41.15764001578215,6130000.0,2270000.0
5452,31.916875379812854,41.13173193480619,6140000.0,2270000.0
5453,32.031835345144856,41.105691276143936,6150000.0,2270000.0
5454,32.14671173729218,41.079518191139215,6160000.0,2270000.0
5455,32.26150428471287,41.05321283152664,6170000.0,2270000.0
5456,32.376212718346565,41.026775349425996,6180000.0,2270000.0
5457,32.49083677161528,41.00020589733661,6190000.0,2270000.0
5458,32.60537618042405,40.973504628131586,6200000.0,2270000.0
5459,32.71983068316145,40.94667169505229,6210000.0,2270000.0
5460,32.83420002069995,40.919707251702604,6220000.0,2270000.0
5461,32.948483936396215,40.89261145204332,6230000.0,2270000.0
5462,33.062682176091165,40.86538445038652,6240000.0,2270000.0
5463,33.17679448811005,40.83802640138992,6250000.0,2270000.0
5464,33.29082062326223,40.810537460051236,6260000.0,2270000.0
5465,33.40476033484096,40.78291778170262,6270000.0,2270000.0
5466,33.51861337862302,40.755167522004975,6280000.0,2270000.0
5467,33.6323795128682,40.727286836942426,6290000.0,2270000.0
5468,33.746058498318604,40.699275882816664,6300000.0,2270000.0
5469,33.85965009819796,40.67113481624139,6310000.0,2270000.0
5470,33.97315407821073,40.64286379413674,6320000.0,2270000.0
5471,34.08657020654107,40.61446297372365,6330000.0,2270000.0
5472,34.19989825385176,40.58593251251841,6340000.0,2270000.0
5473,34.3131379932829,40.55727256832701,6350000.0,2270000.0
5474,34.426289200450604,40.52848329923962,6360000.0,2270000.0
5475,34.53935165344549,40.49956486362503,6370000.0,2270000.0
5476,34.65232513283112,40.47051742012522,6380000.0,2270000.0
5477,34.76520942164222,40.441341127649714,6390000.0,2270000.0
5478,34.87800430538293,40.41203614537018,6400000.0,2270000.0
5479,34.99070957202479,40.3826026327149,6410000.0,2270000.0
5480,35.103325012004774,40.35304074936323,6420000.0,2270000.0
5481,35.21585041822302,40.32335065524018,6430000.0,2270000.0
5482,35.328285586040664,40.29353251051102,6440000.0,2270000.0
5483,35.44063031327736,40.26358647557565,6450000.0,2270000.0
5484,35.552884400208804,40.23351271106336,6460000.0,2270000.0
5485,35.66504764956419,40.20331137782725,6470000.0,2270000.0
5486,35.777119866523414,40.17298263693891,6480000.0,2270000.0
5487,35.88910085871435,40.142526649682964,6490000.0,2270000.0
5488,36.00099043620978,40.11194357755177,6500000.0,2270000.0
5489,36.11278841152456,40.08123358223988,6510000.0,2270000.0
5490,36.22449459961232,40.050396825638835,6520000.0,2270000.0
5491,36.33610881786233,40.01943346983179,6530000.0,2270000.0
5492,36.44763088609613,39.988343677088096,6540000.0,2270000.0
5493,36.559060626564076,39.9571276098581,6550000.0,2270000.0
5494,36.67039786394188,39.9257854307677,6560000.0,2270000.0
5495,36.78164242532691,39.894317302613175,6570000.0,2270000.0
5496,36.89279414023445,39.862723388355874,6580000.0,2270000.0
5497,37.003852840593964,39.83100385111694,6590000.0,2270000.0
5498,37.11481836074508,39.79915885417204,6600000.0,2270000.0
5499,37.22569053743365,39.76718856094621,6610000.0,2270000.0
5500,37.33646920980758,39.73509313500854,6620000.0,2270000.0
5501,37.44715421941267,39.7028727400671,6630000.0,2270000.0
5502,37.557745410188346,39.670527539963636,6640000.0,2270000.0
5503,37.668242628463204,39.63805769866846,6650000.0,2270000.0
5504,37.77864572295065,39.605463380275346,6660000.0,2270000.0
5505,37.88895454474424,39.57274474899628,6670000.0,2270000.0
5506,37.99916894731309,39.53990196915644,6680000.0,2270000.0
5507,38.10928878649716,39.50693520518906,6690000.0,2270000.0
5508,38.2193139205024,39.47384462163039,6700000.0,2270000.0
5509,38.329244209895926,39.44063038311453,6710000.0,2270000.0
5510,38.43907951760094,39.40729265436852,6720000.0,2270000.0
5511,38.54881970889172,39.37383160020719,6730000.0,2270000.0
5512,38.65846465138854,39.34024738552821,6740000.0,2270000.0
5513,38.76801421505233,39.3065401753071,6750000.0,2270000.0
5514,38.8774682721795,39.27271013459221,6760000.0,2270000.0
5515,38.98682669739644,39.23875742849982,6770000.0,2270000.0
5516,39.096089367654194,39.20468222220917,6780000.0,2270000.0
5517,39.20525616222285,39.170484680957536,6790000.0,2270000.0
5518,39.31432696268597,39.136164970035324,6800000.0,2270000.0
5519,39.42330165293487,39.101723254781234,6810000.0,2270000.0
5520,39.53218011916298,39.06715970057734,6820000.0,2270000.0
5521,39.64096224985992,39.0324744728443,6830000.0,2270000.0
5522,39.74964793580566,38.997667737036465,6840000.0,2270000.0
5523,39.858237070064554,38.962739658637176,6850000.0,2270000.0
5524,39.96672954797934,38.92769040315384,6860000.0,2270000.0
5525,40.075125267165014,38.8925201361133,6870000.0,2270000.0
5526,40.1834241275027,38.85722902305702,6880000.0,2270000.0
5527,40.29162603113341,38.821817229536386,6890000.0,2270000.0
5528,40.39973088245177,38.78628492110797,6900000.0,2270000.0
5529,40.50773858809969,38.750632263328875,6910000.0,2270000.0
5530,40.615649056959924,38.71485942175208,6920000.0,2270000.0
5531,40.72346220014962,38.67896656192175,6930000.0,2270000.0
5532,40.83117793101374,38.642953849368666,6940000.0,2270000.0
5533,40.93879616511861,38.60682144960561,6950000.0,2270000.0
5534,41.0463168202451,38.570569528122746,6960000.0,2270000.0
5535,41.153739816382036,38.53419825038312,6970000.0,2270000.0
5536,41.261065075719415,38.49770778181809,6980000.0,2270000.0
5537,41.36829252264157,38.461098287822814,6990000.0,2270000.0
5538,41.475422083720346,38.424369933751706,7000000.0,2270000.0
5539,41.58245368770814,38.3875228849141,7010000.0,2270000.0
5540,41.68938726553098,38.350557306569605,7020000.0,2270000.0
5541,41.79622275028144,38.31347336392385,7030000.0,2270000.0
5542,41.902960077211624,38.27627122212394,7040000.0,2270000.0
5543,42.00959918372603,38.23895104625417,7050000.0,2270000.0
5544,42.11614000937441,38.2015130013316,7060000.0,2270000.0
5545,42.22258249584449,38.16395725230169,7070000.0,2270000.0
5546,42.328926586954786,38.12628396403409,7080000.0,2270000.0
5547,42.43517222864726,38.08849330131817,7090000.0,2270000.0
5548,42.54131936898,38.050585428858895,7100000.0,2270000.0
5549,42.647367958119794,38.012560511272476,7110000.0,2270000.0
5550,42.753317948334754,37.974418713082194,7120000.0,2270000.0
5551,42.859169293986795,37.93616019871413,7130000.0,2270000.0
5552,42.96492195152413,37.89778513249301,7140000.0,2270000.0
5553,43.07057587947378,37.85929367863805,7150000.0,2270000.0
5554,43.17613103843389,37.82068600125879,7160000.0,2270000.0
5555,43.281587391066175,37.78196226435097,7170000.0,2270000.0
5556,43.38694490208827,37.743122631792424,7180000.0,2270000.0
5557,43.49220353826595,37.70416726733904,7190000.0,2270000.0
5558,43.59736326840548,37.66509633462064,7200000.0,2270000.0
5559,43.70242406334584,37.625909997137036,7210000.0,2270000.0
5560,43.80738589595091,37.58660841825392,7220000.0,2270000.0
5561,43.91224874110162,37.54719176119898,7230000.0,2270000.0
5562,44.01701257568815,37.50766018905785,7240000.0,2270000.0
5563,44.12167737860203,37.468013864770185,7250000.0,2270000.0
5564,44.22624313072817,37.42825295112581,7260000.0,2270000.0
5565,44.330709814936974,37.38837761076074,7270000.0,2270000.0
5566,44.435077416076375,37.348388006153314,7280000.0,2270000.0
5567,44.539345920963754,37.30828429962045,7290000.0,2270000.0
5568,44.643515318378064,37.26806665331365,7300000.0,2270000.0
5569,44.74758559905162,37.22773522921535,7310000.0,2270000.0
5570,31.487182500521826,41.32085999195667,6100000.0,2280000.0
5571,31.60261631627414,41.29530907953994,6110000.0,2280000.0
5572,31.717967197661622,41.269624967163416,6120000.0,2280000.0
5573,31.83323486215042,41.243807805846444,6130000.0,2280000.0
5574,31.948419029703384,41.217857747017376,6140000.0,2280000.0
5575,32.063519422781326,41.19177494250786,6150000.0,2280000.0
5576,32.17853576634415,41.165559544547065,6160000.0,2280000.0
5577,32.29346778785185,41.13921170575607,6170000.0,2280000.0
5578,32.40831521726539,41.11273157914205,6180000.0,2280000.0
5579,32.523077787047434,41.08611931809266,6190000.0,2280000.0
5580,32.63775523216294,41.05937507637032,6200000.0,2280000.0
5581,32.75234729007961,41.03249900810641,6210000.0,2280000.0
5582,32.86685370076827,41.00549126779576,6220000.0,2280000.0
5583,32.981274206703,40.978352010290834,6230000.0,2280000.0
5584,33.09560855286125,40.95108139079611,6240000.0,2280000.0
5585,33.20985648672381,40.92367956486236,6250000.0,2280000.0
5586,33.324017758274536,40.89614668838107,6260000.0,2280000.0
5587,33.43809212000013,40.86848291757868,6270000.0,2280000.0
5588,33.5520793268896,40.84068840901098,6280000.0,2280000.0
5589,33.66597913643379,40.81276331955748,6290000.0,2280000.0
5590,33.77979130862461,40.784707806415746,6300000.0,2280000.0
5591,33.89351560595425,40.75652202709579,6310000.0,2280000.0
5592,34.007151793414224,40.728206139414404,6320000.0,2280000.0
5593,34.12069963849432,40.69976030148962,6330000.0,2280000.0
5594,34.234158911181396,40.67118467173504,6340000.0,2280000.0
5595,34.34752938395811,40.642479408854285,6350000.0,2280000.0
5596,34.46081083180141,40.61364467183538,6360000.0,2280000.0
5597,34.57400303218109,40.584680619945196,6370000.0,2280000.0
5598,34.687105765058064,40.55558741272389,6380000.0,2280000.0
5599,34.80011881288258,40.52636520997931,6390000.0,2280000.0
5600,34.91304196059237,40.49701417178148,6400000.0,2280000.0
5601,35.02587499561058,40.46753445845712,6410000.0,2280000.0
5602,35.138617707843686,40.43792623058401,6420000.0,2280000.0
5603,35.25126988967925,40.40818964898554,6430000.0,2280000.0
5604,35.363831335983555,40.37832487472523,6440000.0,2280000.0
5605,35.47630184409914,40.34833206910119,6450000.0,2280000.0
5606,35.588681213842236,40.318211393640695,6460000.0,2280000.0
5607,35.70096924750008,40.287963010094686,6470000.0,2280000.0
5608,35.813165749828165,40.25758708043235,6480000.0,2280000.0
5609,35.92527052804724,40.22708376683563,6490000.0,2280000.0
5610,36.037283391840454,40.19645323169387,6500000.0,2280000.0
5611,36.149204153350105,40.165695637598326,6510000.0,2280000.0
5612,36.261032627174515,40.13481114733686,6520000.0,2280000.0
5613,36.37276863036469,40.103799923888474,6530000.0,2280000.0
5614,36.484411982420916,40.07266213041797,6540000.0,2280000.0
5615,36.595962505289215,40.04139793027061,6550000.0,2280000.0
5616,36.707420023357756,40.01000748696678,6560000.0,2280000.0
5617,36.818784363453105,39.97849096419662,6570000.0,2280000.0
5618,36.93005535483646,39.946848525814744,6580000.0,2280000.0
5619,37.04123282919972,39.91508033583495,6590000.0,2280000.0
5620,37.152316620661416,39.88318655842495,6600000.0,2280000.0
5621,37.2633065657627,39.85116735790105,6610000.0,2280000.0
5622,37.37420250346312,39.81902289872296,6620000.0,2280000.0
5623,37.485004275136305,39.78675334548856,6630000.0,2280000.0
5624,37.59571172456563,39.75435886292864,6640000.0,2280000.0
5625,37.706324697939706,39.721839615901715,6650000.0,2280000.0
5626,37.81684304384785,39.68919576938891,6660000.0,2280000.0
5627,37.92726661327541,39.656427488488674,6670000.0,2280000.0
5628,38.037595259599065,39.623534938411744,6680000.0,2280000.0
5629,38.14782883858201,39.59051828447593,6690000.0,2280000.0
5630,38.25796720836893,39.55737769210108,6700000.0,2280000.0
5631,38.36801022948124,39.5241133268039,6710000.0,2280000.0
5632,38.47795776481179,39.490725354192925,6720000.0,2280000.0
5633,38.587809679619824,39.457213939963516,6730000.0,2280000.0
5634,38.69756584152571,39.42357924989265,6740000.0,2280000.0
5635,38.80722612050567,39.38982144983406,6750000.0,2280000.0
5636,38.91679038888629,39.35594070571317,6760000.0,2280000.0
5637,39.026258521339145,39.321937183522095,6770000.0,2280000.0
5638,39.135630394875236,39.28781104931469,6780000.0,2280000.0
5639,39.24490588883929,39.25356246920161,6790000.0,2280000.0
5640,39.35408488490415,39.219191609345344,6800000.0,2280000.0
5641,39.46316726706495,39.184698635955364,6810000.0,2280000.0
5642,39.57215292163329,39.15008371528316,6820000.0,2280000.0
5643,39.68104173723133,39.11534701361746,6830000.0,2280000.0
5644,39.78983360478578,39.080488697279286,6840000.0,2280000.0
5645,39.89852841752183,39.045508932617174,6850000.0,2280000.0
5646,40.00712607095711,39.010407886002376,6860000.0,2280000.0
5647,40.115626462895385,38.975185723824005,6870000.0,2280000.0
5648,40.224029493420396,38.939842612484355,6880000.0,2280000.0
5649,40.33233506488945,38.90437871839408,6890000.0,2280000.0
5650,40.44054308192713,38.86879420796747,6900000.0,2280000.0
5651,40.54865345141876,38.83308924761773,6910000.0,2280000.0
5652,40.656666082503946,38.79726400375241,6920000.0,2280000.0
5653,40.76458088656999,38.76131864276856,6930000.0,2280000.0
5654,40.872397777245226,38.7252533310482,6940000.0,2280000.0
5655,40.98011667039243,38.68906823495367,6950000.0,2280000.0
5656,41.08773748410193,38.65276352082299,6960000.0,2280000.0
5657,41.19526013868492,38.616339354965305,6970000.0,2280000.0
5658,41.30268455666654,38.579795903656354,6980000.0,2280000.0
5659,41.410010662778966,38.54313333313388,6990000.0,2280000.0
5660,41.517238383954485,38.506351809593106,7000000.0,2280000.0
5661,41.62436764931839,38.4694514991823,7010000.0,2280000.0
5662,41.731398390181965,38.43243256799821,7020000.0,2280000.0
5663,41.83833054003541,38.395295182081725,7030000.0,2280000.0
5664,41.94516403454054,38.3580395074133,7040000.0,2280000.0
5665,42.05189881152369,38.32066570990868,7050000.0,2280000.0
5666,42.15853481096834,38.28317395541445,7060000.0,2280000.0
5667,42.26507197500786,38.24556440970363,7070000.0,2280000.0
5668,42.371510247918174,38.207837238471434,7080000.0,2280000.0
5669,42.47784957611026,38.16999260733087,7090000.0,2280000.0
5670,42.5840899081228,38.13203068180844,7100000.0,2280000.0
5671,42.69023119461464,38.093951627339905,7110000.0,2280000.0
5672,42.796273388357235,38.055755609266036,7120000.0,2280000.0
5673,42.902216444227115,38.017442792828305,7130000.0,2280000.0
5674,43.00806031919822,37.97901334316479,7140000.0,2280000.0
5675,43.11380497233435,37.94046742530584,7150000.0,2280000.0
5676,43.219450364781345,37.9018052041701,7160000.0,2280000.0
5677,43.32499645975943,37.86302684456021,7170000.0,2280000.0
5678,43.430443222555425,37.82413251115876,7180000.0,2280000.0
5679,43.53579062051497,37.78512236852417,7190000.0,2280000.0
5680,43.641038623034675,37.74599658108665,7200000.0,2280000.0
5681,43.74618720155426,37.706755313144114,7210000.0,2280000.0
5682,43.85123632954861,37.66739872885816,7220000.0,2280000.0
5683,43.956185982519955,37.62792699225006,7230000.0,2280000.0
5684,44.06103613798978,37.588340267196855,7240000.0,2280000.0
5685,44.165786775490915,37.548638717427266,7250000.0,2280000.0
5686,44.27043787655949,37.50882250651787,7260000.0,2280000.0
5687,44.37498942472692,37.468891797889114,7270000.0,2280000.0
5688,44.47944140551178,37.428846754801484,7280000.0,2280000.0
5689,44.58379380641174,37.388687540351604,7290000.0,2280000.0
5690,44.68804661689543,37.34841431746838,7300000.0,2280000.0
5691,31.633854091741156,41.38153776582462,6110000.0,2290000.0
5692,31.74934725563774,41.35581185660549,6120000.0,2290000.0
5693,31.864756726277,41.32995272825502,6130000.0,2290000.0
5694,31.98008222256434,41.30396053309055,6140000.0,2290000.0
5695,32.09532346592283,41.27783542383386,6150000.0,2290000.0
5696,32.210480180294255,41.25157755360532,6160000.0,2290000.0
5697,32.32555209214009,41.22518707591819,6170000.0,2290000.0
5698,32.44053893044231,41.198664144672854,6180000.0,2290000.0
5699,32.555440426704095,41.17200891415104,6190000.0,2290000.0
5700,32.670256314950365,41.145221539010144,6200000.0,2290000.0
5701,32.784986331728206,41.11830217427745,6210000.0,2290000.0
5702,32.89963021610714,41.09125097534439,6220000.0,2290000.0
5703,33.01418770967926,41.06406809796082,6230000.0,2290000.0
5704,33.12865855655929,41.03675369822933,6240000.0,2290000.0
5705,33.24304250338442,41.00930793259951,6250000.0,2290000.0
5706,33.357339299314134,40.981730957862204,6260000.0,2290000.0
5707,33.47154869602972,40.95402293114388,6270000.0,2290000.0
5708,33.58567044773389,40.926184009900894,6280000.0,2290000.0
5709,33.69970431115011,40.89821435191378,6290000.0,2290000.0
5710,33.813650045521776,40.8701141152816,6300000.0,2290000.0
5711,33.92750741261145,40.84188345841633,6310000.0,2290000.0
5712,34.04127617669977,40.813522540037056,6320000.0,2290000.0
5713,34.15495610458435,40.78503151916447,6330000.0,2290000.0
5714,34.268546965578516,40.75641055511512,6340000.0,2290000.0
5715,34.382048531509966,40.72765980749581,6350000.0,2290000.0
5716,34.49546057671921,40.698779436198016,6360000.0,2290000.0
5717,34.60878287805803,40.66976960139218,6370000.0,2290000.0
5718,34.72201521488769,40.6406304635222,6380000.0,2290000.0
5719,34.835157369077116,40.61136218329976,6390000.0,2290000.0
5720,34.948209125000915,40.581964921698784,6400000.0,2290000.0
5721,35.06117026953727,40.55243883994986,6410000.0,2290000.0
5722,35.1740405920658,40.52278409953469,6420000.0,2290000.0
5723,35.286819884465174,40.49300086218048,6430000.0,2290000.0
5724,35.39950794111075,40.46308928985447,6440000.0,2290000.0
5725,35.51210455887197,40.433049544758376,6450000.0,2290000.0
5726,35.624609537109755,40.402881789322905,6460000.0,2290000.0
5727,35.73702267767376,40.372586186202184,6470000.0,2290000.0
5728,35.84934378489943,40.342162898268356,6480000.0,2290000.0
5729,35.961572665605125,40.311612088606054,6490000.0,2290000.0
5730,36.073709129088954,40.28093392050696,6500000.0,2290000.0
5731,36.18575298712563,40.25012855746433,6510000.0,2290000.0
5732,36.29770405396314,40.21919616316762,6520000.0,2290000.0
5733,36.40956214631939,40.18813690149697,6530000.0,2290000.0
5734,36.52132708337867,40.156950936517894,6540000.0,2290000.0
5735,36.63299868678806,40.12563843247586,6550000.0,2290000.0
5736,36.74457678065377,40.094199553790865,6560000.0,2290000.0
5737,36.856061191537236,40.06263446505214,6570000.0,2290000.0
5738,36.967451748451296,40.030943331012764,6580000.0,2290000.0
5739,37.07874828285623,39.99912631658437,6590000.0,2290000.0
5740,37.18995062865555,39.96718358683177,6600000.0,2290000.0
5741,37.30105862219188,39.93511530696774,6610000.0,2290000.0
5742,37.412072102242675,39.90292164234765,6620000.0,2290000.0
5743,37.52299091001583,39.87060275846425,6630000.0,2290000.0
5744,37.63381488914519,39.83815882094247,6640000.0,2290000.0
5745,37.744543885686014,39.80558999553405,6650000.0,2290000.0
5746,37.855177748110336,39.772896448112455,6660000.0,2290000.0
5747,37.96571632730218,39.740078344667594,6670000.0,2290000.0
5748,38.07615947655277,39.70713585130072,6680000.0,2290000.0
5749,38.1865070515556,39.67406913421916,6690000.0,2290000.0
5750,38.29675891040142,39.64087835973128,6700000.0,2290000.0
5751,38.4069149135732,39.60756369424127,6710000.0,2290000.0
5752,38.5169749239409,39.57412530424411,6720000.0,2290000.0
5753,38.62693880675627,39.5405633563204,6730000.0,2290000.0
5754,38.736806429647466,39.50687801713134,6740000.0,2290000.0
5755,38.84657766261369,39.47306945341368,6750000.0,2290000.0
5756,38.95625237801964,39.43913783197466,6760000.0,2290000.0
5757,39.065830450590035,39.40508331968701,6770000.0,2290000.0
5758,39.175311757403854,39.370906083483916,6780000.0,2290000.0
5759,39.284696177888655,39.33660629035411,6790000.0,2290000.0
5760,39.39398359381484,39.30218410733685,6800000.0,2290000.0
5761,39.50317388928967,39.26763970151704,6810000.0,2290000.0
5762,39.61226695075144,39.23297324002022,6820000.0,2290000.0
5763,39.721262666963355,39.198184890007774,6830000.0,2290000.0
5764,39.8301609290075,39.16327481867198,6840000.0,2290000.0
5765,39.93896163027868,39.128243193231164,6850000.0,2290000.0
5766,40.04766466647819,39.09309018092488,6860000.0,2290000.0
5767,40.156269935607526,39.0578159490091,6870000.0,2290000.0
5768,40.26477733796199,39.02242066475135,6880000.0,2290000.0
5769,40.3731867761243,38.98690449542602,6890000.0,2290000.0
5770,40.48149815495815,38.95126760830955,6900000.0,2290000.0
5771,40.58971138160155,38.915510170675745,6910000.0,2290000.0
5772,40.697826365460294,38.879632349790974,6920000.0,2290000.0
5773,40.80584301820123,38.84363431290955,6930000.0,2290000.0
5774,40.91376125374558,38.807516227269076,6940000.0,2290000.0
5775,41.021580988262116,38.77127826008573,6950000.0,2290000.0
5776,41.1293021401603,38.73492057854966,6960000.0,2290000.0
5777,41.236924630083394,38.698443349820394,6970000.0,2290000.0
5778,41.3444483809015,38.66184674102221,6980000.0,2290000.0
5779,41.45187331770448,38.625130919239645,6990000.0,2290000.0
5780,41.559199367795,38.588296051512906,7000000.0,2290000.0
5781,41.6664264606813,38.55134230483334,7010000.0,2290000.0
5782,41.773554528070015,38.51426984613892,7020000.0,2290000.0
5783,41.880583503859064,38.47707884230986,7030000.0,2290000.0
5784,41.98751332413021,38.43976946016406,7040000.0,2290000.0
5785,42.094343927141864,38.402341866452744,7050000.0,2290000.0
5786,42.20107525332165,38.36479622785597,7060000.0,2290000.0
5787,42.30770724525896,38.32713271097834,7070000.0,2290000.0
5788,42.41423984769755,38.28935148234459,7080000.0,2290000.0
5789,42.52067300752802,38.25145270839522,7090000.0,2290000.0
5790,42.62700667378018,38.213436555482225,7100000.0,2290000.0
5791,42.73324079761556,38.17530318986475,7110000.0,2290000.0
5792,42.83937533231969,38.137052777704874,7120000.0,2290000.0
5793,42.94541023329447,38.09868548506331,7130000.0,2290000.0
5794,43.05134545805037,38.06020147789516,7140000.0,2290000.0
5795,43.157180966198815,38.021600922045835,7150000.0,2290000.0
5796,43.26291671944425,37.9828839832467,7160000.0,2290000.0
5797,43.368552681576375,37.94405082711099,7170000.0,2290000.0
5798,43.47408881846224,37.90510161912973,7180000.0,2290000.0
5799,43.579525098038374,37.86603652466756,7190000.0,2290000.0
5800,43.684861490302836,37.82685570895859,7200000.0,2290000.0
5801,43.790097967307226,37.7875593371025,7210000.0,2290000.0
5802,43.89523450314871,37.74814757406031,7220000.0,2290000.0
5803,44.00027107396193,37.7086205846505,7230000.0,2290000.0
5804,44.10520765791102,37.668978533544895,7240000.0,2290000.0
5805,44.21004423518148,37.629221585264816,7250000.0,2290000.0
5806,44.31478078797196,37.589349904177006,7260000.0,2290000.0
5807,44.41941730048629,37.54936365448981,7270000.0,2290000.0
5808,44.52395375892514,37.50926300024917,7280000.0,2290000.0
5809,31.78084659909648,41.44197600671858,6120000.0,2300000.0
5810,31.896398305970703,41.41607475252119,6130000.0,2300000.0
5811,32.01186555791156,41.390040261784314,6140000.0,2300000.0
5812,32.12724807530359,41.36387268812566,6150000.0,2300000.0
5813,32.242545581069855,41.33757218556265,6160000.0,2300000.0
5814,32.35775780067288,41.31113890850653,6170000.0,2300000.0
5815,32.47288446211543,41.2845730117567,6180000.0,2300000.0
5816,32.587925295941126,41.257874650494784,6190000.0,2300000.0
5817,32.702880035234976,41.23104398027898,6200000.0,2300000.0
5818,32.8177484156237,41.204081157038175,6210000.0,2300000.0
5819,32.93253017527599,41.17698633706624,6220000.0,2300000.0
5820,33.047225054902604,41.149759677016185,6230000.0,2300000.0
5821,33.161832797756304,41.122401333894466,6240000.0,2300000.0
5822,33.2763531496317,41.09491146505519,6250000.0,2300000.0
5823,33.39078585886497,41.067290228194366,6260000.0,2300000.0
5824,33.5051306763334,41.03953778134417,6270000.0,2300000.0
5825,33.619387355454826,41.01165428286719,6280000.0,2300000.0
5826,33.733555652186965,40.98363989145075,6290000.0,2300000.0
5827,33.84763532502656,40.95549476610112,6300000.0,2300000.0
5828,33.96162613500849,40.92721906613783,6310000.0,2300000.0
5829,34.075527845704634,40.89881295118795,6320000.0,2300000.0
5830,34.18934022322273,40.870276581180484,6330000.0,2300000.0
5831,34.30306303620505,40.84161011634053,6340000.0,2300000.0
5832,34.41669605582693,40.812813717183744,6350000.0,2300000.0
5833,34.53023905579522,40.783887544510605,6360000.0,2300000.0
5834,34.64369181234661,40.75483175940075,6370000.0,2300000.0
5835,34.7570541042458,40.72564652320737,6380000.0,2300000.0
5836,34.870325712783625,40.69633199755154,6390000.0,2300000.0
5837,34.98350642177497,40.66688834431663,6400000.0,2300000.0
5838,35.096596017556585,40.63731572564265,6410000.0,2300000.0
5839,35.20959428898491,40.60761430392069,6420000.0,2300000.0
5840,35.322501027433574,40.57778424178726,6430000.0,2300000.0
5841,35.43531602679098,40.54782570211886,6440000.0,2300000.0
5842,35.54803908345762,40.517738848026205,6450000.0,2300000.0
5843,35.66066999634339,40.487523842848866,6460000.0,2300000.0
5844,35.773208566864724,40.45718085014963,6470000.0,2300000.0
5845,35.88565459894168,40.42671003370899,6480000.0,2300000.0
5846,35.99800789899483,40.39611155751965,6490000.0,2300000.0
5847,36.11026827594216,40.365385585780984,6500000.0,2300000.0
5848,36.22243554119573,40.334532282893605,6510000.0,2300000.0
5849,36.33450950865833,40.30355181345388,6520000.0,2300000.0
5850,36.44648999471999,40.272444342248434,6530000.0,2300000.0
5851,36.55837681825444,40.24121003424877,6540000.0,2300000.0
5852,36.67016980061531,40.209849054605804,6550000.0,2300000.0
5853,36.78186876563247,40.17836156864442,6560000.0,2300000.0
5854,36.893473539608024,40.146747741858164,6570000.0,2300000.0
5855,37.004983951312404,40.11500773990382,6580000.0,2300000.0
5856,37.116399831980274,40.08314172859596,6590000.0,2300000.0
5857,37.22772101530625,40.05114987390177,6600000.0,2300000.0
5858,37.33894733744077,40.01903234193557,6610000.0,2300000.0
5859,37.45007863698559,39.98678929895354,6620000.0,2300000.0
5860,37.56111475498937,39.95442091134845,6630000.0,2300000.0
5861,37.672055534943134,39.92192734564437,6640000.0,2300000.0
5862,37.78290082277553,39.88930876849137,6650000.0,2300000.0
5863,37.89365046684819,39.85656534666028,6660000.0,2300000.0
5864,38.00430431795082,39.82369724703751,6670000.0,2300000.0
5865,38.114862229296314,39.790704636619786,6680000.0,2300000.0
5866,38.2253240565157,39.757587682508934,6690000.0,2300000.0
5867,38.335689657653134,39.72434655190679,6700000.0,2300000.0
5868,38.44595889316062,39.69098141210996,6710000.0,2300000.0
5869,38.55613162589277,39.6574924305047,6720000.0,2300000.0
5870,38.6662077211015,39.62387977456184,6730000.0,2300000.0
5871,38.77618704643057,39.590143611831586,6740000.0,2300000.0
5872,38.88606947191002,39.556284109938545,6750000.0,2300000.0
5873,38.99585486995069,39.52230143657657,6760000.0,2300000.0
5874,39.105543115338456,39.48819575950377,6770000.0,2300000.0
5875,39.21513408522852,39.453967246537445,6780000.0,2300000.0
5876,39.324627659139615,39.41961606554916,6790000.0,2300000.0
5877,39.43402371894799,39.3851423844596,6800000.0,2300000.0
5878,39.54332214888163,39.35054637123378,6810000.0,2300000.0
5879,39.652522835514006,39.315828193875966,6820000.0,2300000.0
5880,39.7616256677581,39.280988020424836,6830000.0,2300000.0
5881,39.87063053686016,39.24602601894851,6840000.0,2300000.0
5882,39.97953733639343,39.21094235753969,6850000.0,2300000.0
5883,40.08834596225185,39.17573720431083,6860000.0,2300000.0
5884,40.19705631264365,39.14041072738917,6870000.0,2300000.0
5885,40.30566828808488,39.10496309491208,6880000.0,2300000.0
5886,40.41418179139287,39.06939447502215,6890000.0,2300000.0
5887,40.52259672767971,39.03370503586241,6900000.0,2300000.0
5888,40.63091300434549,38.9978949455716,6910000.0,2300000.0
5889,40.739130531071616,38.96196437227942,6920000.0,2300000.0
5890,40.84724921981409,38.9259134841018,6930000.0,2300000.0
5891,40.95526898479662,38.88974244913625,6940000.0,2300000.0
5892,41.06318974250369,38.85345143545708,6950000.0,2300000.0
5893,41.17101141167367,38.8170406111109,6960000.0,2300000.0
5894,41.27873391329175,38.78051014411182,6970000.0,2300000.0
5895,41.38635717058292,38.74386020243699,6980000.0,2300000.0
5896,41.493881109004754,38.70709095402191,6990000.0,2300000.0
5897,41.601305656240356,38.67020256675588,7000000.0,2300000.0
5898,41.70863074219103,38.633195208477574,7010000.0,2300000.0
5899,41.815856298969045,38.596069046970285,7020000.0,2300000.0
5900,41.92298226089025,38.55882424995768,7030000.0,2300000.0
5901,42.03000856446675,38.521460985099125,7040000.0,2300000.0
5902,42.136935148399445,38.48397941998538,7050000.0,2300000.0
5903,42.24376195357054,38.44637972213406,7060000.0,2300000.0
5904,42.350488923036025,38.408662058985264,7070000.0,2300000.0
5905,42.457116002018125,38.37082659789723,7080000.0,2300000.0
5906,42.56364313789763,38.3328735061419,7090000.0,2300000.0
5907,42.67007028020627,38.294802950900646,7100000.0,2300000.0
5908,42.77639738061902,38.2566150992599,7110000.0,2300000.0
5909,42.8826243929463,38.218310118206894,7120000.0,2300000.0
5910,42.98875127312627,38.17988817462539,7130000.0,2300000.0
5911,43.0947779792169,38.1413494352914,7140000.0,2300000.0
5912,43.20070447138823,38.10269406686899,7150000.0,2300000.0
5913,43.30653071191435,38.06392223590611,7160000.0,2300000.0
5914,43.412256665165515,38.025034108830276,7170000.0,2300000.0
5915,43.51788229760016,37.98602985194464,7180000.0,2300000.0
5916,43.62340757775691,37.94690963142365,7190000.0,2300000.0
5917,43.72883247624649,37.907673613309065,7200000.0,2300000.0
5918,43.834156965743695,37.86832196350582,7210000.0,2300000.0
5919,43.939381020979255,37.82885484777798,7220000.0,2300000.0
5920,44.04450461873165,37.78927243174473,7230000.0,2300000.0
5921,44.149527737819064,37.749574880876246,7240000.0,2300000.0
5922,44.254450359091045,37.70976236048988,7250000.0,2300000.0
5923,44.35927246542037,37.66983503574606,7260000.0,2300000.0
5924,44.46399404169474,37.62979307164441,7270000.0,2300000.0
5925,44.56861507480852,37.589636633019765,7280000.0,2300000.0
5926,31.928160203556192,41.502173847518414,6130000.0,2310000.0
5927,32.04376963931445,41.476096901212806,6140000.0,2310000.0
5928,32.1592938557122,41.44988670273795,6150000.0,2310000.0
5929,32.27473257465328,41.42354340701411,6160000.0,2310000.0
5930,32.39008552060089,41.39706716935647,6170000.0,2310000.0
5931,32.5053524205784,41.370458145469215,6180000.0,2310000.0
5932,32.62053300416986,41.343716491439814,6190000.0,2310000.0
5933,32.73562700352055,41.31684236373303,6200000.0,2310000.0
5934,32.85063415333718,41.28983591918522,6210000.0,2310000.0
5935,32.96555419088815,41.262697314998476,6220000.0,2310000.0
5936,33.08038685600355,41.23542670873481,6230000.0,2310000.0
5937,33.195131891075086,41.208024258310296,6240000.0,2310000.0
5938,33.30978904105582,41.1804901219894,6250000.0,2310000.0
5939,33.42435805345987,41.15282445837902,6260000.0,2310000.0
5940,33.53883867836186,41.12502742642284,6270000.0,2310000.0
5941,33.65323066839633,41.09709918539545,6280000.0,2310000.0
5942,33.76753377875697,41.06903989489665,6290000.0,2310000.0
5943,33.88174776719576,41.040849714845606,6300000.0,2310000.0
5944,33.99587239402194,41.0125288054752,6310000.0,2310000.0
5945,34.10990742210087,40.98407732732619,6320000.0,2310000.0
5946,34.22385261685279,40.95549544124152,6330000.0,2310000.0
5947,34.337707746251446,40.92678330836055,6340000.0,2310000.0
5948,34.45147258082252,40.89794109011342,6350000.0,2310000.0
5949,34.565146893642044,40.86896894821525,6360000.0,2310000.0
5950,34.678730460334656,40.839867044660515,6370000.0,2310000.0
5951,34.792223059071674,40.81063554171731,6380000.0,2310000.0
5952,34.905624470569165,40.78127460192171,6390000.0,2310000.0
5953,35.01893447808575,40.75178438807208,6400000.0,2310000.0
5954,35.132152867420416,40.72216506322342,6410000.0,2310000.0
5955,35.24527942691018,40.69241679068176,6420000.0,2310000.0
5956,35.358313947427604,40.6625397339985,6430000.0,2310000.0
5957,35.47125622237819,40.632534056964786,6440000.0,2310000.0
5958,35.58410604769772,40.602399923605944,6450000.0,2310000.0
5959,35.69686322184944,40.57213749817586,6460000.0,2310000.0
5960,35.80952754582111,40.54174694515142,6470000.0,2310000.0
5961,35.92209882312203,40.51122842922689,6480000.0,2310000.0
5962,36.03457685977983,40.480582115308465,6490000.0,2310000.0
5963,36.14696146433728,40.449808168508675,6500000.0,2310000.0
5964,36.259252447848894,40.41890675414083,6510000.0,2310000.0
5965,36.371449623877496,40.38787803771359,6520000.0,2310000.0
5966,36.48355280849061,40.35672218492541,6530000.0,2310000.0
5967,36.59556182025686,40.32543936165908,6540000.0,2310000.0
5968,36.70747648024209,40.29402973397626,6550000.0,2310000.0
5969,36.81929661200559,40.26249346811207,6560000.0,2310000.0
5970,36.93102204159603,40.23083073046961,6570000.0,2310000.0
5971,37.042652597547445,40.199041687614546,6580000.0,2310000.0
5972,37.15418811087502,40.16712650626974,6590000.0,2310000.0
5973,37.26562841507082,40.13508535330983,6600000.0,2310000.0
5974,37.376973346099426,40.102918395755914,6610000.0,2310000.0
5975,37.48822274239344,40.070625800770145,6620000.0,2310000.0
5976,37.59937644484898,40.03820773565043,6630000.0,2310000.0
5977,37.71043429682096,40.0056643678251,6640000.0,2310000.0
5978,37.82139614411833,39.97299586484763,6650000.0,2310000.0
5979,37.93226183499934,39.940202394391335,6660000.0,2310000.0
5980,38.043031220166505,39.9072841242441,6670000.0,2310000.0
5981,38.15370415276162,39.874241222303176,6680000.0,2310000.0
5982,38.26428048836065,39.841073856569906,6690000.0,2310000.0
5983,38.374760084968536,39.80778219514457,6700000.0,2310000.0
5984,38.48514280301394,39.7743664062211,6710000.0,2310000.0
5985,38.595428505343854,39.74082665808202,6720000.0,2310000.0
5986,38.705617057218134,39.70716311909322,6730000.0,2310000.0
5987,38.81570832630401,39.67337595769885,6740000.0,2310000.0
5988,38.92570218267046,39.63946534241618,6750000.0,2310000.0
5989,39.0355984987825,39.60543144183058,6760000.0,2310000.0
5990,39.14539714949543,39.5712744245903,6770000.0,2310000.0
5991,39.255098012049025,39.536994459401555,6780000.0,2310000.0
5992,39.36470096606149,39.502591715023435,6790000.0,2310000.0
5993,39.47420589352361,39.46806636026286,6800000.0,2310000.0
5994,39.58361267879257,39.43341856396963,6810000.0,2310000.0
5995,39.69292120858582,39.39864849503144,6820000.0,2310000.0
5996,39.802131371974916,39.36375632236887,6830000.0,2310000.0
5997,39.91124306037914,39.328742214930564,6840000.0,2310000.0
5998,40.02025616755919,39.29360634168817,6850000.0,2310000.0
5999,40.12917058961074,39.25834887163159,6860000.0,2310000.0
6000,40.237986224957936,39.22296997376399,6870000.0,2310000.0
6001,40.346702974346805,39.18746981709704,6880000.0,2310000.0
6002,40.45532074083869,39.15184857064602,6890000.0,2310000.0
6003,40.56383942980344,39.116106403425015,6900000.0,2310000.0
6004,40.67225894891279,39.08024348444221,6910000.0,2310000.0
6005,40.780579208133396,39.04425998269498,6920000.0,2310000.0
6006,40.88880011972005,39.008156067165324,6930000.0,2310000.0
6007,40.99692159820869,38.97193190681495,6940000.0,2310000.0
6008,41.10494356040939,38.935587670580745,6950000.0,2310000.0
6009,41.21286592539932,38.899123527369994,6960000.0,2310000.0
6010,41.32068861451561,38.862539646055744,6970000.0,2310000.0
6011,41.42841155134818,38.82583619547221,6980000.0,2310000.0
6012,41.53603466173249,38.78901334441013,6990000.0,2310000.0
6013,41.64355787374227,38.75207126161214,7000000.0,2310000.0
6014,41.750981117682194,38.715010115768294,7010000.0,2310000.0
6015,41.858304326080436,38.67783007551146,7020000.0,2310000.0
6016,41.96552743368131,38.640531309412815,7030000.0,2310000.0
6017,42.07265037743767,38.60311398597734,7040000.0,2310000.0
6018,42.179673096503485,38.56557827363934,7050000.0,2310000.0
6019,42.28659553222617,38.52792434075801,7060000.0,2310000.0
6020,42.393417628138955,38.49015235561303,7070000.0,2310000.0
6021,42.500139329953264,38.452262486400066,7080000.0,2310000.0
6022,42.60676058555091,38.41425490122648,7090000.0,2310000.0
6023,42.713281344976366,38.376129768106914,7100000.0,2310000.0
6024,42.81970156042898,38.33788725495901,7110000.0,2310000.0
6025,42.926021186255085,38.29952752959902,7120000.0,2310000.0
6026,43.03224017894005,38.26105075973756,7130000.0,2310000.0
6027,43.13835849710047,38.22245711297535,7140000.0,2310000.0
6028,43.2443761014761,38.183746756798996,7150000.0,2310000.0
6029,43.35029295492186,38.144919858576635,7160000.0,2310000.0
6030,43.45610902239982,38.105976585553954,7170000.0,2310000.0
6031,43.56182427097108,38.06691710484979,7180000.0,2310000.0
6032,43.66743866978763,38.02774158345217,7190000.0,2310000.0
6033,43.77295219008433,37.98845018821405,7200000.0,2310000.0
6034,43.87836480517052,37.94904308584932,7210000.0,2310000.0
6035,43.98367649042195,37.9095204429286,7220000.0,2310000.0
6036,44.088887223272515,37.86988242587536,7230000.0,2310000.0
6037,44.19399698320592,37.83012920096168,7240000.0,2310000.0
6038,44.29900575174744,37.790260934304406,7250000.0,2310000.0
6039,44.4039135124555,37.75027779186113,7260000.0,2310000.0
6040,44.50872025091342,37.71017993942617,7270000.0,2310000.0
6041,32.07579507442807,41.56213041884072,6140000.0,2320000.0
6042,32.191461416023714,41.5358774343713,6150000.0,2320000.0
6043,32.30704177111383,41.509491183896124,6160000.0,2320000.0
6044,32.42253586316203,41.48297182364014,6170000.0,2320000.0
6045,32.537943418212144,41.456319510218336,6180000.0,2320000.0
6046,32.65326416488876,41.42953440062975,6190000.0,2320000.0
6047,32.76849783439764,41.40261665225172,6200000.0,2320000.0
6048,32.883644160525904,41.37556642283391,6210000.0,2320000.0
6049,32.998702879642266,41.3483838704925,6220000.0,2320000.0
6050,33.11367373069692,41.3210691537043,6230000.0,2320000.0
6051,33.22855645522144,41.29362243130095,6240000.0,2320000.0
6052,33.3433507973285,41.26604386246299,6250000.0,2320000.0
6053,33.45805650371143,41.23833360671413,6260000.0,2320000.0
6054,33.57267332364366,41.210491823915284,6270000.0,2320000.0
6055,33.68720100897807,41.182518674258866,6280000.0,2320000.0
6056,33.80163931414614,41.15441431826293,6290000.0,2320000.0
6057,33.91598799615705,41.126178916765355,6300000.0,2320000.0
6058,34.030246814596524,41.097812630918064,6310000.0,2320000.0
6059,34.144415531625725,41.069315622181264,6320000.0,2320000.0
6060,34.25849391197987,41.040688052317535,6330000.0,2320000.0
6061,34.37248172296677,41.01193008338628,6340000.0,2320000.0
6062,34.48637873446528,40.98304187773775,6350000.0,2320000.0
6063,34.600184718923586,40.954023598007446,6360000.0,2320000.0
6064,34.71389945135734,40.9248754071103,6370000.0,2320000.0
6065,34.82752270934777,40.89559746823501,6380000.0,2320000.0
6066,34.941054273039576,40.86618994483822,6390000.0,2320000.0
6067,35.054493925138715,40.83665300063894,6400000.0,2320000.0
6068,35.16784145091015,40.806986799612794,6410000.0,2320000.0
6069,35.28109663817536,40.777191505986316,6420000.0,2320000.0
6070,35.39425927730985,40.74726728423132,6430000.0,2320000.0
6071,35.507329161240435,40.71721429905922,6440000.0,2320000.0
6072,35.620306085442536,40.68703271541544,6450000.0,2320000.0
6073,35.73318984793718,40.6567226984737,6460000.0,2320000.0
6074,35.84598024928813,40.62628441363046,6470000.0,2320000.0
6075,35.958677092598656,40.595718026499306,6480000.0,2320000.0
6076,36.071280183508385,40.56502370290535,6490000.0,2320000.0
6077,36.18378933018994,40.53420160887967,6500000.0,2320000.0
6078,36.296204343345465,40.50325191065375,6510000.0,2320000.0
6079,36.408525036203166,40.4721747746539,6520000.0,2320000.0
6080,36.520751224513525,40.440970367495794,6530000.0,2320000.0
6081,36.632882726545674,40.409638855978905,6540000.0,2320000.0
6082,36.74491936308342,40.37818040708099,6550000.0,2320000.0
6083,36.85686095742133,40.34659518795265,6560000.0,2320000.0
6084,36.968707335360676,40.31488336591186,6570000.0,2320000.0
6085,37.0804583252052,40.28304510843848,6580000.0,2320000.0
6086,37.192113757756935,40.25108058316886,6590000.0,2320000.0
6087,37.303673466311714,40.21898995789039,6600000.0,2320000.0
6088,37.41513728665483,40.18677340053612,6610000.0,2320000.0
6089,37.5265050570564,40.15443107917937,6620000.0,2320000.0
6090,37.637776618266706,40.12196316202833,6630000.0,2320000.0
6091,37.74895181351148,40.089369817420796,6640000.0,2320000.0
6092,37.86003048848702,40.05665121381871,6650000.0,2320000.0
6093,37.97101249135529,40.02380751980297,6660000.0,2320000.0
6094,38.081897672738855,39.99083890406806,6670000.0,2320000.0
6095,38.1926858857158,39.95774553541679,6680000.0,2320000.0
6096,38.303376985814474,39.92452758275503,6690000.0,2320000.0
6097,38.413970831008264,39.891185215086495,6700000.0,2320000.0
6098,38.524467281710166,39.85771860150749,6710000.0,2320000.0
6099,38.63486620076733,39.8241279112017,6720000.0,2320000.0
6100,38.74516745345553,39.79041331343505,6730000.0,2320000.0
6101,38.85537090747349,39.756574977550514,6740000.0,2320000.0
6102,38.96547643293725,39.72261307296294,6750000.0,2320000.0
6103,39.07548390237425,39.688527769154014,6760000.0,2320000.0
6104,39.18539319071761,39.65431923566699,6770000.0,2320000.0
6105,39.29520417530005,39.619987642101826,6780000.0,2320000.0
6106,39.40491673584791,39.585533158109925,6790000.0,2320000.0
6107,39.514530754475054,39.550955953389156,6800000.0,2320000.0
6108,39.62404611567668,39.5162561976789,6810000.0,2320000.0
6109,39.73346270632306,39.48143406075491,6820000.0,2320000.0
6110,39.84278041565324,39.44648971242442,6830000.0,2320000.0
6111,39.95199913526859,39.4114233225212,6840000.0,2320000.0
6112,40.0611187591264,39.37623506090051,6850000.0,2320000.0
6113,40.17013918353328,39.34092509743431,6860000.0,2320000.0
6114,40.279060307138614,39.30549360200621,6870000.0,2320000.0
6115,40.387882030927834,39.26994074450675,6880000.0,2320000.0
6116,40.496604258215676,39.23426669482845,6890000.0,2320000.0
6117,40.60522689463946,39.19847162286095,6900000.0,2320000.0
6118,40.71374984815213,39.162555698486294,6910000.0,2320000.0
6119,40.82217302901534,39.12651909157406,6920000.0,2320000.0
6120,40.930496349792485,39.09036197197662,6930000.0,2320000.0
6121,41.03871972534166,39.05408450952438,6940000.0,2320000.0
6122,41.14684307280849,39.017686874021074,6950000.0,2320000.0
6123,41.254866311619,38.98116923523906,6960000.0,2320000.0
6124,41.36278936347238,38.94453176291459,6970000.0,2320000.0
6125,41.470612152333715,38.90777462674323,6980000.0,2320000.0
6126,41.57833460442656,38.87089799637517,6990000.0,2320000.0
6127,41.68595664822572,38.83390204141066,7000000.0,2320000.0
6128,41.79347821444956,38.79678693139534,7010000.0,2320000.0
6129,41.900899236052744,38.75955283581574,7020000.0,2320000.0
6130,42.0082196482185,38.72219992409475,7030000.0,2320000.0
6131,42.115439388351156,38.68472836558704,7040000.0,2320000.0
6132,42.22255839606837,38.647138329574595,7050000.0,2320000.0
6133,42.32957661319353,38.60942998526222,7060000.0,2320000.0
6134,42.43649398374795,38.57160350177314,7070000.0,2320000.0
6135,42.5433104539431,38.533659048144514,7080000.0,2320000.0
6136,42.65002597217278,38.49559679332307,7090000.0,2320000.0
6137,42.75664048900519,38.45741690616066,7100000.0,2320000.0
6138,42.863153957175115,38.41911955541004,7110000.0,2320000.0
6139,42.96956633157584,38.38070490972037,7120000.0,2320000.0
6140,43.0758775692512,38.342173137633004,7130000.0,2320000.0
6141,43.182087629387546,38.3035244075772,7140000.0,2320000.0
6142,43.28819647330569,38.264758887865796,7150000.0,2320000.0
6143,43.39420406445269,38.225876746691064,7160000.0,2320000.0
6144,43.500110368393756,38.18687815212039,7170000.0,2320000.0
6145,43.60591535280409,38.147763272092185,7180000.0,2320000.0
6146,43.71161898746058,38.10853227441163,7190000.0,2320000.0
6147,43.81722124423361,38.0691853267466,7200000.0,2320000.0
6148,43.9227220970787,38.02972259662347,7210000.0,2320000.0
6149,44.028121522028265,37.99014425142314,7220000.0,2320000.0
6150,44.133419497183155,37.95045045837683,7230000.0,2320000.0
6151,32.22375136923184,41.62184484906721,6150000.0,2330000.0
6152,32.33947378463992,41.59541548148137,6160000.0,2330000.0
6153,32.455109443713546,41.56885283586141,6170000.0,2330000.0
6154,32.57065807151697,41.54215706973896,6180000.0,2330000.0
6155,32.686119395715394,41.51532834103072,6190000.0,2330000.0
6156,32.8014931465754,41.48836680803242,6200000.0,2330000.0
6157,32.91677905696504,41.46127262941297,6210000.0,2330000.0
6158,33.03197686235396,41.434045964208536,6220000.0,2330000.0
6159,33.147086300813335,41.4066869718167,6230000.0,2330000.0
6160,33.262107113015645,41.37919581199043,6240000.0,2330000.0
6161,33.37703904223434,41.35157264483231,6250000.0,2330000.0
6162,33.49188183434334,41.32381763078864,6260000.0,2330000.0
6163,33.60663523781645,41.29593093064347,6270000.0,2330000.0
6164,33.72129900372657,41.26791270551287,6280000.0,2330000.0
6165,33.8358728857449,41.239763116838965,6290000.0,2330000.0
6166,33.95035664013981,41.21148232638413,6300000.0,2330000.0
6167,34.064750025775815,41.18307049622516,6310000.0,2330000.0
6168,34.179052804112224,41.15452778874743,6320000.0,2330000.0
6169,34.293264739201774,41.12585436663904,6330000.0,2330000.0
6170,34.407385597689114,41.097050392885045,6340000.0,2330000.0
6171,34.52141514880913,41.06811603076166,6350000.0,2330000.0
6172,34.63535316438517,41.03905144383044,6360000.0,2330000.0
6173,34.74919941882716,41.00985679593249,6370000.0,2330000.0
6174,34.86295368912957,40.980532251182744,6380000.0,2330000.0
6175,34.97661575486925,40.951077973964196,6390000.0,2330000.0
6176,35.090185398203225,40.92149412892211,6400000.0,2330000.0
6177,35.20366240386619,40.89178088095835,6410000.0,2330000.0
6178,35.317046559168126,40.86193839522558,6420000.0,2330000.0
6179,35.43033765399159,40.831966837121655,6430000.0,2330000.0
6180,35.54353548078904,40.801866372283854,6440000.0,2330000.0
6181,35.656639834579906,40.77163716658323,6450000.0,2330000.0
6182,35.76965051294766,40.74127938611892,6460000.0,2330000.0
6183,35.88256731603675,40.71079319721249,6470000.0,2330000.0
6184,35.99539004654933,40.680178766402335,6480000.0,2330000.0
6185,36.10811850974203,40.64943626043799,6490000.0,2330000.0
6186,36.22075251342248,40.61856584627458,6500000.0,2330000.0
6187,36.3332918679458,40.58756769106718,6510000.0,2330000.0
6188,36.44573638621098,40.55644196216523,6520000.0,2330000.0
6189,36.55808588365709,40.52518882710702,6530000.0,2330000.0
6190,36.67034017825947,40.49380845361406,6540000.0,2330000.0
6191,36.782499090525725,40.462301009585595,6550000.0,2330000.0
6192,36.89456244349176,40.430666663093106,6560000.0,2330000.0
6193,37.0065300627175,40.39890558237474,6570000.0,2330000.0
6194,37.11840177628272,40.36701793582987,6580000.0,2330000.0
6195,37.2301774147826,40.33500389201361,6590000.0,2330000.0
6196,37.34185681132335,40.30286361963137,6600000.0,2330000.0
6197,37.45343980151758,40.27059728753341,6610000.0,2330000.0
6198,37.56492622347967,40.2382050647094,6620000.0,2330000.0
6199,37.67631591782099,40.205687120283066,6630000.0,2330000.0
6200,37.78760872764511,40.173043623506786,6640000.0,2330000.0
6201,37.89880449854278,40.1402747437562,6650000.0,2330000.0
6202,38.00990307858696,40.10738065052485,6660000.0,2330000.0
6203,38.12090431832763,40.074361513418964,6670000.0,2330000.0
6204,38.23180807078667,40.04121750215197,6680000.0,2330000.0
6205,38.34261419145243,40.007948786539345,6690000.0,2330000.0
6206,38.45332253827443,39.974555536493256,6700000.0,2330000.0
6207,38.563932971657856,39.94103792201736,6710000.0,2330000.0
6208,38.67444535445799,39.90739611320155,6720000.0,2330000.0
6209,38.78485955197452,39.87363028021672,6730000.0,2330000.0
6210,38.895175431945894,39.83974059330961,6740000.0,2330000.0
6211,39.00539286454343,39.80572722279754,6750000.0,2330000.0
6212,39.11551172236544,39.77159033906341,6760000.0,2330000.0
6213,39.22553188043127,39.73733011255039,6770000.0,2330000.0
6214,39.335453216175225,39.70294671375691,6780000.0,2330000.0
6215,39.44527560944043,39.66844031323156,6790000.0,2330000.0
6216,39.55499894247262,39.63381108156796,6800000.0,2330000.0
6217,39.66462309991394,39.59905918939977,6810000.0,2330000.0
6218,39.77414796879639,39.56418480739558,6820000.0,2330000.0
6219,39.88357343853565,39.529188106254004,6830000.0,2330000.0
6220,39.99289940092432,39.49406925669855,6840000.0,2330000.0
6221,40.10212575012554,39.458828429472796,6850000.0,2330000.0
6222,40.21125238266623,39.42346579533533,6860000.0,2330000.0
6223,40.32027919743042,39.38798152505489,6870000.0,2330000.0
6224,40.42920609565251,39.3523757894054,6880000.0,2330000.0
6225,40.538032980910295,39.31664875916117,6890000.0,2330000.0
6226,40.646759759118204,39.280800605091926,6900000.0,2330000.0
6227,40.75538633852019,39.24483149795806,6910000.0,2330000.0
6228,40.8639126296828,39.20874160850581,6920000.0,2330000.0
6229,40.97233854548801,39.17253110746235,6930000.0,2330000.0
6230,41.08066400112606,39.13620016553123,6940000.0,2330000.0
6231,41.188888914088245,39.09974895338737,6950000.0,2330000.0
6232,41.29701320415968,39.06317764167256,6960000.0,2330000.0
6233,41.40503679341187,39.02648640099059,6970000.0,2330000.0
6234,41.51295960619536,38.98967540190271,6980000.0,2330000.0
6235,41.620781569132305,38.95274481492282,6990000.0,2330000.0
6236,41.72850261110895,38.91569481051295,7000000.0,2330000.0
6237,41.83612266326806,38.87852555907861,7010000.0,2330000.0
6238,41.943641659001266,38.84123723096419,7020000.0,2330000.0
6239,42.051059533941554,38.80382999644841,7030000.0,2330000.0
6240,42.15837622595535,38.766304025739764,7040000.0,2330000.0
6241,42.26559167513492,38.72865948897199,7050000.0,2330000.0
6242,42.372705823790504,38.69089655619963,7060000.0,2330000.0
6243,42.47971861644242,38.65301539739349,7070000.0,2330000.0
6244,42.58662999981324,38.61501618243621,7080000.0,2330000.0
6246,42.800148336565165,38.538664263131515,7100000.0,2330000.0
6247,42.90675519433073,38.5003118980689,7110000.0,2330000.0
6248,43.01326045156804,38.461842155416036,7120000.0,2330000.0
6249,43.119664065890625,38.42325520454886,7130000.0,2330000.0
6250,43.225965997066034,38.38455121472898,7140000.0,2330000.0
6251,43.332166207007454,38.34573035509937,7150000.0,2330000.0
6252,43.43826465976557,38.30679279468009,7160000.0,2330000.0
6253,43.54426132152029,38.26773870236411,7170000.0,2330000.0
6254,43.650156160572436,38.228568246913056,7180000.0,2330000.0
6255,43.75594914733538,38.18928159695299,7190000.0,2330000.0
6256,43.86164025432673,38.149878920970345,7200000.0,2330000.0
6257,43.96722945615986,38.1103603873077,7210000.0,2330000.0
6258,44.07271672953555,38.07072616415972,7220000.0,2330000.0
6259,44.178102053233445,38.030976419569036,7230000.0,2330000.0
6260,32.372029233571595,41.68131626437359,6160000.0,2340000.0
6261,32.48780688176443,41.654710169850496,6170000.0,2340000.0
6262,32.60349700114474,41.62797078708791,6180000.0,2340000.0
6263,32.71909931841859,41.60109827492607,6190000.0,2340000.0
6264,32.834613562913724,41.57409279258515,6200000.0,2340000.0
6265,32.95003946657967,41.54695449965923,6210000.0,2340000.0
6266,33.06537676398779,41.51968355611047,6220000.0,2340000.0
6267,33.18062519233114,41.49228012226304,6230000.0,2340000.0
6268,33.29578449142419,41.4647443587973,6240000.0,2340000.0
6269,33.41085440370247,41.43707642674373,6250000.0,2340000.0
6270,33.52583467422192,41.4092764874771,6260000.0,2340000.0
6271,33.640725050658354,41.38134470271054,6270000.0,2340000.0
6272,33.755525283306504,41.35328123448961,6280000.0,2340000.0
6273,33.87023512507923,41.325086245186384,6290000.0,2340000.0
6274,33.98485433150629,41.29675989749361,6300000.0,2340000.0
6275,34.099382660733255,41.26830235441876,6310000.0,2340000.0
6276,34.213819873520066,41.2397137792782,6320000.0,2340000.0
6277,34.328165733239636,41.21099433569136,6330000.0,2340000.0
6278,34.44242000587625,41.1821441875748,6340000.0,2340000.0
6279,34.556582460023805,41.15316349913638,6350000.0,2340000.0
6280,34.67065286688397,41.12405243486952,6360000.0,2340000.0
6281,34.784631000264234,41.09481115954725,6370000.0,2340000.0
6282,34.898516636575756,41.065439838216484,6380000.0,2340000.0
6283,35.01230955483121,41.035938636192235,6390000.0,2340000.0
6284,35.12600953664238,41.00630771905172,6400000.0,2340000.0
6285,35.2396163662177,40.97654725262873,6410000.0,2340000.0
6286,35.353129830359705,40.94665740300777,6420000.0,2340000.0
6287,35.46654971846228,40.91663833651832,6430000.0,2340000.0
6288,35.57987582250789,40.8864902197292,6440000.0,2340000.0
6289,35.69310793706453,40.856213219442644,6450000.0,2340000.0
6290,35.80624585928282,40.82580750268881,6460000.0,2340000.0
6291,35.91928938889271,40.79527323671998,6470000.0,2340000.0
6292,36.03223832820025,40.76461058900485,6480000.0,2340000.0
6293,36.1450924820842,40.73381972722297,6490000.0,2340000.0
6294,36.257851657992504,40.702900819258986,6500000.0,2340000.0
6295,36.37051566593864,40.67185403319705,6510000.0,2340000.0
6296,36.48308431849796,40.640679537315215,6520000.0,2340000.0
6297,36.595557430803794,40.609377500079816,6530000.0,2340000.0
6298,36.707934820543564,40.577948090139856,6540000.0,2340000.0
6299,36.82021630795468,40.54639147632151,6550000.0,2340000.0
6300,36.932401715820426,40.51470782762243,6560000.0,2340000.0
6301,37.044490869465676,40.48289731320638,6570000.0,2340000.0
6302,37.15648359675255,40.45096010239755,6580000.0,2340000.0
6303,37.26837972807599,40.41889636467517,6590000.0,2340000.0
6304,37.38017909635914,40.38670626966795,6600000.0,2340000.0
6305,37.49188153704872,40.354389987148615,6610000.0,2340000.0
6306,37.60348688811024,40.321947687028505,6620000.0,2340000.0
6307,37.714994990023214,40.28937953935206,6630000.0,2340000.0
6308,37.82640568577618,40.25668571429146,6640000.0,2340000.0
6309,37.93771882086157,40.22386638214119,6650000.0,2340000.0
6310,38.04893424327075,40.19092171331268,6660000.0,2340000.0
6311,38.16005180348865,40.15785187832894,6670000.0,2340000.0
6312,38.27107135448851,40.12465704781922,6680000.0,2340000.0
6313,38.381992751726436,40.09133739251361,6690000.0,2340000.0
6314,38.49281585313596,40.057893083237865,6700000.0,2340000.0
6315,38.6035405191224,40.02432429090801,6710000.0,2340000.0
6316,38.71416661255723,39.990631186525164,6720000.0,2340000.0
6317,38.824693998772304,39.95681394117015,6730000.0,2340000.0
6318,38.93512254555403,39.922872725998445,6740000.0,2340000.0
6319,39.04545212313745,39.888807712234815,6750000.0,2340000.0
6320,39.15568260420023,39.85461907116826,6760000.0,2340000.0
6321,39.26581386385656,39.82030697414674,6770000.0,2340000.0
6322,39.37584577965105,39.78587159257208,6780000.0,2340000.0
6323,39.485778231552445,39.75131309789484,6790000.0,2340000.0
6324,39.595611101947306,39.71663166160922,6800000.0,2340000.0
6325,39.70534427563364,39.68182745524793,6810000.0,2340000.0
6326,39.81497763981443,39.64690065037719,6820000.0,2340000.0
6327,39.92451108409108,39.61185141859165,6830000.0,2340000.0
6328,40.03394450045679,39.57667993150935,6840000.0,2340000.0
6329,40.14327778328995,39.54138636076679,6850000.0,2340000.0
6330,40.25251082934728,39.505970878013905,6860000.0,2340000.0
6331,40.361643537757075,39.4704336549091,6870000.0,2340000.0
6332,40.47067581001228,39.43477486311437,6880000.0,2340000.0
6333,40.57960754996358,39.398994674290314,6890000.0,2340000.0
6334,40.68843866381234,39.36309326009131,6900000.0,2340000.0
6335,40.79716906010349,39.32707079216064,6910000.0,2340000.0
6336,40.90579864971845,39.29092744212564,6920000.0,2340000.0
6337,41.01432734586785,39.25466338159282,6930000.0,2340000.0
6338,41.12275506408429,39.21827878214318,6940000.0,2340000.0
6339,41.231081722215016,39.181773815327354,6950000.0,2340000.0
6340,41.33930724041449,39.14514865266086,6960000.0,2340000.0
6341,41.447431541136964,39.10840346561943,6970000.0,2340000.0
6342,41.55545454912898,39.07153842563424,6980000.0,2340000.0
6343,41.66337619142179,39.034553704087216,6990000.0,2340000.0
6344,41.771196397323756,38.9974494723065,7000000.0,2340000.0
6345,41.87891509841267,38.960225901561635,7010000.0,2340000.0
6346,41.98653222852802,38.922883163059076,7020000.0,2340000.0
6347,42.09404772376324,38.88542142793757,7030000.0,2340000.0
6348,42.20146152245789,38.84784086726358,7040000.0,2340000.0
6349,42.30877356518975,38.81014165202672,7050000.0,2340000.0
6350,42.41598379476693,38.772323953135334,7060000.0,2340000.0
6351,42.523092156219874,38.73438794141189,7070000.0,2340000.0
6352,42.630098596793424,38.69633378758852,7080000.0,2340000.0
6356,43.05710417223884,38.54293916253044,7120000.0,2340000.0
6358,43.26999422444286,38.46553742905813,7140000.0,2340000.0
6359,43.3762859260165,38.426661052523045,7150000.0,2340000.0
6360,43.4824753634095,38.38766789596602,7160000.0,2340000.0
6361,43.58856250342809,38.34855812910929,7170000.0,2340000.0
6362,43.69454731501044,38.30933192154145,7180000.0,2340000.0
6363,43.80042976921814,38.2699894427132,7190000.0,2340000.0
6364,43.90620983922782,38.23053086193317,7200000.0,2340000.0
6365,44.01188750032256,38.1909563483638,7210000.0,2340000.0
6366,44.117462729883364,38.15126607101717,7220000.0,2340000.0
6367,44.22293550738059,38.11146019875089,7230000.0,2340000.0
6368,32.52062880100809,41.74054378875889,6170000.0,2350000.0
6369,32.636460831931615,41.713760624638525,6180000.0,2350000.0
6370,32.752204558951014,41.68684416391111,6190000.0,2350000.0
6371,32.867859710455654,41.659794566727264,6200000.0,2350000.0
6372,32.98342601747718,41.6326119936123,6210000.0,2350000.0
6373,33.09890321368947,41.60529660546029,6220000.0,2350000.0
6374,33.21429103540847,41.57784856352804,6230000.0,2350000.0
6375,33.329589221591824,41.550268029429226,6240000.0,2350000.0
6376,33.44479751383846,41.52255516512818,6250000.0,2350000.0
6377,33.559915656387936,41.49471013293415,6260000.0,2350000.0
6378,33.67494339611972,41.466733095495215,6270000.0,2350000.0
6379,33.78988048255232,41.43862421579237,6280000.0,2350000.0
6380,33.90472666784226,41.41038365713357,6290000.0,2350000.0
6381,34.01948170678295,41.38201158314778,6300000.0,2350000.0
6382,34.13414535680337,41.353508157779046,6310000.0,2350000.0
6383,34.24871737796673,41.32487354528065,6320000.0,2350000.0
6384,34.36319753296882,41.296107910209116,6330000.0,2350000.0
6385,34.47758558713647,41.267211417418345,6340000.0,2350000.0
6386,34.59188130842567,41.23818423205373,6350000.0,2350000.0
6387,34.706084467419636,41.2090265195463,6360000.0,2350000.0
6388,34.82019483732682,41.179738445606816,6370000.0,2350000.0
6389,34.93421219397863,41.150320176219964,6380000.0,2350000.0
6390,35.04813631582729,41.12077187763846,6390000.0,2350000.0
6391,35.161966983943216,41.0910937163773,6400000.0,2350000.0
6392,35.27570398201263,41.06128585920788,6410000.0,2350000.0
6393,35.38934709633481,41.031348473152235,6420000.0,2350000.0
6394,35.502896115819304,41.00128172547718,6430000.0,2350000.0
6395,35.61635083198306,40.97108578368865,6440000.0,2350000.0
6396,35.72971103894738,40.94076081552584,6450000.0,2350000.0
6397,35.84297653343475,40.91030698895551,6460000.0,2350000.0
6398,35.95614711476563,40.8797244721662,6470000.0,2350000.0
6399,36.06922258485505,40.8490134335626,6480000.0,2350000.0
6400,36.18220274820915,40.81817404175972,6490000.0,2350000.0
6401,36.29508741192154,40.78720646557735,6500000.0,2350000.0
6402,36.407876385669645,40.756110874034256,6510000.0,2350000.0
6403,36.520569481710844,40.72488743634256,6520000.0,2350000.0
6404,36.633166514878546,40.693536321902194,6530000.0,2350000.0
6405,36.74566730257822,40.662057700295094,6540000.0,2350000.0
6406,36.858071664783104,40.63045174127974,6550000.0,2350000.0
6407,36.97037942403018,40.59871861478549,6560000.0,2350000.0
6408,37.08259040541561,40.56685849090702,6570000.0,2350000.0
6409,37.194704436590385,40.5348715398988,6580000.0,2350000.0
6410,37.30672134775579,40.502757932169466,6590000.0,2350000.0
6411,37.418640971658675,40.47051783827637,6600000.0,2350000.0
6412,37.53046314358676,40.43815142892008,6610000.0,2350000.0
6413,37.642187701363746,40.4056588749388,6620000.0,2350000.0
6414,37.75381448534439,40.373040347302975,6630000.0,2350000.0
6415,37.86534333840946,40.34029601710985,6640000.0,2350000.0
6416,37.976774105960516,40.30742605557797,6650000.0,2350000.0
6417,38.0881066359148,40.27443063404182,6660000.0,2350000.0
6418,38.199340778699806,40.241309923946396,6670000.0,2350000.0
6419,38.310476387247924,40.20806409684183,6680000.0,2350000.0
6420,38.42151331699088,40.174693324378055,6690000.0,2350000.0
6421,38.53245142585419,40.14119777829944,6700000.0,2350000.0
6422,38.64329057425142,40.107577630439486,6710000.0,2350000.0
6423,38.754030625078414,40.07383305271551,6720000.0,2350000.0
6424,38.864671443707536,40.03996421712336,6730000.0,2350000.0
6425,38.97521289798159,40.005971295732216,6740000.0,2350000.0
6426,39.08565485820786,39.97185446067926,6750000.0,2350000.0
6427,39.195997197152,39.937613884164534,6760000.0,2350000.0
6428,39.30623979003185,39.9032497384457,6770000.0,2350000.0
6429,39.41638251451118,39.86876219583284,6780000.0,2350000.0
6430,39.526425250693265,39.834151428683406,6790000.0,2350000.0
6431,39.636367881114545,39.79941760939695,6800000.0,2350000.0
6432,39.74621029073811,39.76456091041009,6810000.0,2350000.0
6433,39.85595236694711,39.72958150419143,6820000.0,2350000.0
6434,39.96559399953808,39.694479563236435,6830000.0,2350000.0
6435,40.075135080714276,39.6592552600624,6840000.0,2350000.0
6436,40.18457550507881,39.62390876720348,6850000.0,2350000.0
6437,40.29391516962789,39.58844025720556,6860000.0,2350000.0
6438,40.40315397374376,39.552849902621425,6870000.0,2350000.0
6439,40.5122918191878,39.51713787600571,6880000.0,2350000.0
6440,40.62132861009342,39.481304349909934,6890000.0,2350000.0
6441,40.73026425295892,39.4453494968777,6900000.0,2350000.0
6442,40.83909865664027,39.40927348943967,6910000.0,2350000.0
6443,40.94783173234393,39.37307650010878,6920000.0,2350000.0
6444,41.056463393619424,39.336758701375416,6930000.0,2350000.0
6445,41.164993556352044,39.30032026570245,6940000.0,2350000.0
6446,41.27342213875534,39.26376136552066,6950000.0,2350000.0
6447,41.38174906136364,39.227082173223685,6960000.0,2350000.0
6448,41.4899742470245,39.19028286116355,6970000.0,2350000.0
6449,41.59809762089104,39.15336360164571,6980000.0,2350000.0
6450,41.70611911041434,39.11632456692447,6990000.0,2350000.0
6451,41.81403864533564,39.079165929198275,7000000.0,2350000.0
6452,41.921856157678626,39.04188786060501,7010000.0,2350000.0
6453,42.0295715817415,39.00449053321741,7020000.0,2350000.0
6454,42.13718485408921,38.96697411903843,7030000.0,2350000.0
6455,42.24469591354541,38.92933878999667,7040000.0,2350000.0
6456,42.352104701184544,38.891584717941804,7050000.0,2350000.0
6457,42.45941116032379,38.85371207464002,7060000.0,2350000.0
6458,42.56661523651494,38.81572103176951,7070000.0,2350000.0
6459,42.67371687753638,38.77761176091604,7080000.0,2350000.0
6460,42.78071603338476,38.73938443356836,7090000.0,2350000.0
6461,42.88761265626697,38.70103922111391,7100000.0,2350000.0
6463,43.101098122961226,38.62399582590082,7120000.0,2350000.0
6464,43.207686882163145,38.58529798537042,7130000.0,2350000.0
6465,43.31417293916182,38.546482944180966,7140000.0,2350000.0
6466,43.420556257090176,38.50755087314714,7150000.0,2350000.0
6467,43.52683680124099,38.4685019429561,7160000.0,2350000.0
6468,43.63301453905865,38.42933632416318,7170000.0,2350000.0
6469,43.73908944013048,38.39005418718769,7180000.0,2350000.0
6470,43.84506147617821,38.35065570230865,7190000.0,2350000.0
6471,43.950930621049395,38.31114103966062,7200000.0,2350000.0
6472,44.056696850708796,38.271510369229524,7210000.0,2350000.0
6473,44.16236014322969,38.23176386084852,7220000.0,2350000.0
6474,44.26792047878521,38.19190168419381,7230000.0,2350000.0
6475,32.66955019293088,41.79952654407539,6180000.0,2360000.0
6476,32.78543574748195,41.772565968887726,6190000.0,2360000.0
6477,32.901232220460095,41.74547209057811,6200000.0,2360000.0
6478,33.016939341979814,41.718245070609086,6210000.0,2360000.0
6479,33.132556844818374,41.69088507081273,6220000.0,2360000.0
6480,33.248084464415676,41.663392253384536,6230000.0,2360000.0
6481,33.363521938873824,41.63576678087741,6240000.0,2360000.0
6482,33.478869008956565,41.60800881619566,6250000.0,2360000.0
6483,33.59412541808867,41.58011852258893,6260000.0,2360000.0
6484,33.709290912355115,41.55209606364625,6270000.0,2360000.0
6485,33.82436524050008,41.52394160329002,6280000.0,2360000.0
6486,33.93934815392595,41.49565530576996,6290000.0,2360000.0
6487,34.05423940669206,41.46723733565726,6300000.0,2360000.0
6488,34.16903875551337,41.43868785783846,6310000.0,2360000.0
6489,34.28374595975891,41.41000703750963,6320000.0,2360000.0
6490,34.39836078145028,41.3811950401703,6330000.0,2360000.0
6491,34.51288298525982,41.35225203161759,6340000.0,2360000.0
6492,34.62731233850876,41.32317817794027,6350000.0,2360000.0
6493,34.74164861116522,41.29397364551285,6360000.0,2360000.0
6494,34.85589157584209,41.264638600989606,6370000.0,2360000.0
6495,34.97004100779474,41.235173211298815,6380000.0,2360000.0
6496,35.08409668491869,41.20557764363676,6390000.0,2360000.0
6497,35.19805838774706,41.175852065461896,6400000.0,2360000.0
6498,35.31192589944793,41.145996644489045,6410000.0,2360000.0
6499,35.425699005821635,41.11601154868345,6420000.0,2360000.0
6500,35.53937749529787,41.08589694625505,6430000.0,2360000.0
6501,35.65296115893269,41.05565300565258,6440000.0,2360000.0
6502,35.76644979040541,41.025279895557844,6450000.0,2360000.0
6503,35.87984318601532,40.99477778487988,6460000.0,2360000.0
6504,35.993141144678475,40.964146842749166,6470000.0,2360000.0
6505,36.106343467924084,40.93338723851196,6480000.0,2360000.0
6506,36.219449959891016,40.9024991417244,6490000.0,2360000.0
6507,36.332460427324094,40.87148272214696,6500000.0,2360000.0
6508,36.4453746795703,40.84033814973858,6510000.0,2360000.0
6509,36.55819252857485,40.80906559465104,6520000.0,2360000.0
6510,36.670913788877186,40.7776652272233,6530000.0,2360000.0
6511,36.783538277606866,40.7461372179758,6540000.0,2360000.0
6512,36.89606581447926,40.7144817376048,6550000.0,2360000.0
6513,37.00849622179129,40.68269895697678,6560000.0,2360000.0
6514,37.12082932441693,40.65078904712283,6570000.0,2360000.0
6515,37.233064949802696,40.61875217923302,6580000.0,2360000.0
6516,37.34520292796294,40.58658852465086,6590000.0,2360000.0
6517,37.45724309147513,40.554298254867696,6600000.0,2360000.0
6518,37.569185275474986,40.52188154151721,6610000.0,2360000.0
6519,37.68102931765156,40.48933855636986,6620000.0,2360000.0
6520,37.7927750582421,40.456669471327416,6630000.0,2360000.0
6521,37.904422340027004,40.42387445841738,6640000.0,2360000.0
6522,38.015971008324506,40.39095368978765,6650000.0,2360000.0
6523,38.12742091098534,40.357907337700986,6660000.0,2360000.0
6524,38.23877189838738,40.324735574529555,6670000.0,2360000.0
6525,38.350023823429986,40.29143857274958,6680000.0,2360000.0
6526,38.46117654152854,40.25801650493593,6690000.0,2360000.0
6527,38.57222991060861,40.22446954375676,6700000.0,2360000.0
6528,38.68318379110029,40.19079786196809,6710000.0,2360000.0
6529,38.794038045932176,40.15700163240857,6720000.0,2360000.0
6530,38.904792540525506,40.123081027994104,6730000.0,2360000.0
6531,39.0154471427881,40.08903622171258,6740000.0,2360000.0
6532,39.12600172310815,40.054867386618604,6750000.0,2360000.0
6533,39.23645615434813,40.02057469582821,6760000.0,2360000.0
6534,39.34681031183836,39.98615832251372,6770000.0,2360000.0
6535,39.45706407337074,39.9516184398984,6780000.0,2360000.0
6536,39.56721731919222,39.91695522125146,6790000.0,2360000.0
6537,39.677269931998325,39.8821688398827,6800000.0,2360000.0
6538,39.7872217969265,39.84725946913748,6810000.0,2360000.0
6539,39.897072801549456,39.812227282391554,6820000.0,2360000.0
6540,40.00682283586838,39.77707245304602,6830000.0,2360000.0
6541,40.116471792306115,39.741795154522165,6840000.0,2360000.0
6542,40.22601956570026,39.7063955602565,6850000.0,2360000.0
6543,40.335466053296216,39.67087384369566,6860000.0,2360000.0
6544,40.44481115474008,39.63523017829137,6870000.0,2360000.0
6545,40.5540547720716,39.5994647374956,6880000.0,2360000.0
6546,40.66319680971695,39.56357769475543,6890000.0,2360000.0
6547,40.7722371744815,39.527569223508195,6900000.0,2360000.0
6548,40.881175775542516,39.49143949717657,6910000.0,2360000.0
6549,40.99001252444174,39.45518868916365,6920000.0,2360000.0
6550,41.098747335078016,39.41881697284807,6930000.0,2360000.0
6551,41.20738012369974,39.38232452157918,6940000.0,2360000.0
6552,41.31591080889735,39.34571150867224,6950000.0,2360000.0
6553,41.42433931159564,39.30897810740352,6960000.0,2360000.0
6554,41.532665555046144,39.27212449100565,6970000.0,2360000.0
6555,41.640889464819395,39.23515083266281,6980000.0,2360000.0
6556,41.74901096879708,39.19805730550591,6990000.0,2360000.0
6557,41.85702999716428,39.160844082608065,7000000.0,2360000.0
6558,41.96494648240152,39.12351133697975,7010000.0,2360000.0
6559,42.07276035927683,39.08605924156426,7020000.0,2360000.0
6560,42.180471564837724,39.04848796923293,7030000.0,2360000.0
6561,42.2880800384032,39.01079769278072,7040000.0,2360000.0
6562,42.39558572155561,38.97298858492143,7050000.0,2360000.0
6563,42.50298855813251,38.93506081828328,7060000.0,2360000.0
6564,42.610288494218445,38.89701456540435,7070000.0,2360000.0
6565,42.71748547813675,38.858849998727955,7080000.0,2360000.0
6566,42.82457946044124,38.820567290598326,7090000.0,2360000.0
6567,42.93157039390792,38.782166613256,7100000.0,2360000.0
6568,43.038458233526526,38.74364813883348,7110000.0,2360000.0
6569,43.1452429364922,38.70501203935078,7120000.0,2360000.0
6570,43.251924462196975,38.666258486711016,7130000.0,2360000.0
6571,43.35850277222133,38.62738765269609,7140000.0,2360000.0
6572,43.464977830325644,38.58839970896231,7150000.0,2360000.0
6573,43.57134960244161,38.54929482703611,7160000.0,2360000.0
6574,43.677618056663604,38.510073178309675,7170000.0,2360000.0
6575,43.78378316324015,38.47073493403685,7180000.0,2360000.0
6576,43.8898448945651,38.43128026532869,7190000.0,2360000.0
6577,43.99580322516907,38.3917093431494,7200000.0,2360000.0
6578,44.10165813171058,38.35202233831206,7210000.0,2360000.0
6579,44.20740959296735,38.31221942147453,7220000.0,2360000.0
6580,44.31305758982749,38.272300763135235,7230000.0,2360000.0
6581,32.81879351843037,41.85826365005898,6190000.0,2370000.0
6582,32.93473172843484,41.83112532355347,6200000.0,2370000.0
6583,33.050580076657596,41.80385368927835,6210000.0,2370000.0
6584,33.16633829498032,41.77644891000977,6220000.0,2370000.0
6585,33.282006117968045,41.74891114888794,6230000.0,2370000.0
6586,33.39758328286862,41.72124056941115,6240000.0,2370000.0
6587,33.51306952961216,41.693437335429635,6250000.0,2370000.0
6588,33.628464600810354,41.66550161113952,6260000.0,2370000.0
6589,33.74376824175552,41.63743356107678,6270000.0,2370000.0
6590,33.85898020041961,41.60923335011121,6280000.0,2370000.0
6591,33.974100227453114,41.58090114344039,6290000.0,2370000.0
6592,34.0891280761837,41.55243710658362,6300000.0,2370000.0
6593,34.20406350261482,41.52384140537592,6310000.0,2370000.0
6594,34.31890626542421,41.49511420596208,6320000.0,2370000.0
6595,34.433656125962095,41.466255674790595,6330000.0,2370000.0
6596,34.548312848249445,41.43726597860773,6340000.0,2370000.0
6597,34.66287619897604,41.408145284451514,6350000.0,2370000.0
6598,34.77734594749831,41.378893759645806,6360000.0,2370000.0
6599,34.89172186583719,41.34951157179434,6370000.0,2370000.0
6600,35.00600372867575,41.319998888774755,6380000.0,2370000.0
6601,35.120191313356784,41.29035587873273,6390000.0,2370000.0
6602,35.234284399880146,41.260582710076065,6400000.0,2370000.0
6603,35.34828277090006,41.23067955146873,6410000.0,2370000.0
6604,35.46218621172234,41.20064657182504,6420000.0,2370000.0
6605,35.57599451030135,41.170483940303725,6430000.0,2370000.0
6606,35.68970745723699,41.14019182630214,6440000.0,2370000.0
6607,35.803324845771456,41.109770399450376,6450000.0,2370000.0
6608,35.91684647178592,41.079219829605464,6460000.0,2370000.0
6609,36.03027213379713,41.048540286845494,6470000.0,2370000.0
6610,36.14360163295387,41.01773194146394,6480000.0,2370000.0
6611,36.256834773033184,40.986794963963774,6490000.0,2370000.0
6612,36.36997136043675,40.9557295250517,6500000.0,2370000.0
6613,36.483011204186866,40.924535795632465,6510000.0,2370000.0
6614,36.59595411592252,40.89321394680306,6520000.0,2370000.0
6615,36.70879990989522,40.861764149847104,6530000.0,2370000.0
6616,36.82154840296483,40.83018657622898,6540000.0,2370000.0
6617,36.934199414595156,40.798481397588326,6550000.0,2370000.0
6618,37.046752766849586,40.76664878573416,6560000.0,2370000.0
6619,37.15920828438652,40.734688912639484,6570000.0,2370000.0
6620,37.271565794454695,40.70260195043545,6580000.0,2370000.0
6621,37.383825126888446,40.67038807140583,6590000.0,2370000.0
6622,37.49598611410287,40.63804744798134,6600000.0,2370000.0
6623,37.60804859108886,40.60558025273421,6610000.0,2370000.0
6624,37.72001239540804,40.572986658372464,6620000.0,2370000.0
6625,37.831877367187595,40.54026683773448,6630000.0,2370000.0
6626,37.943643349115085,40.50742096378344,6640000.0,2370000.0
6627,38.055310186433,40.47444920960178,6650000.0,2370000.0
6628,38.166877726933436,40.4413517483858,6660000.0,2370000.0
6629,38.27834582095244,40.40812875344008,6670000.0,2370000.0
6630,38.38971432136446,40.37478039817216,6680000.0,2370000.0
6631,38.5009830835766,40.34130685608701,6690000.0,2370000.0
6632,38.612151965522806,40.3077083007817,6700000.0,2370000.0
6633,38.72322082765799,40.27398490593995,6710000.0,2370000.0
6634,38.834189532952,40.2401368453268,6720000.0,2370000.0
6635,38.94505794688359,40.20616429278329,6730000.0,2370000.0
6636,39.05582593743425,40.17206742222106,6740000.0,2370000.0
6637,39.166493375081934,40.13784640761719,6750000.0,2370000.0
6638,39.27706013279479,40.10350142300871,6760000.0,2370000.0
6639,39.38752608602471,40.069032642487535,6770000.0,2370000.0
6640,39.49789111270084,40.03444024019513,6780000.0,2370000.0
6641,39.60815509322307,39.9997243903173,6790000.0,2370000.0
6642,39.71831791045529,39.964885267079,6800000.0,2370000.0
6643,39.82837944971878,39.92992304473919,6810000.0,2370000.0
6644,39.93833959878533,39.89483789758567,6820000.0,2370000.0
6645,40.04819824787043,39.85962999992992,6830000.0,2370000.0
6646,40.15795528962623,39.824299526102024,6840000.0,2370000.0
6647,40.26761061913464,39.78884665044559,6850000.0,2370000.0
6648,40.37716413390018,39.75327154731269,6860000.0,2370000.0
6649,40.48661573384282,39.71757439105879,6870000.0,2370000.0
6650,40.59596532129073,39.68175535603776,6880000.0,2370000.0
6651,40.70521280097309,39.645814616596894,6890000.0,2370000.0
6652,40.814358080012596,39.60975234707192,6900000.0,2370000.0
6653,40.92340106791812,39.57356872178208,6910000.0,2370000.0
6654,41.032341676577225,39.53726391502515,6920000.0,2370000.0
6655,41.14117982024851,39.500838101072596,6930000.0,2370000.0
6656,41.24991541555414,39.46429145416472,6940000.0,2370000.0
6657,41.35854838147211,39.42762414850572,6950000.0,2370000.0
6658,41.46707863932844,39.390836358258944,6960000.0,2370000.0
6659,41.57550611278951,39.35392825754206,6970000.0,2370000.0
6660,41.68383072785413,39.316900020422246,6980000.0,2370000.0
6661,41.792052412845635,39.27975182091152,6990000.0,2370000.0
6662,41.90017109840398,39.2424838329619,7000000.0,2370000.0
6663,42.008186717477685,39.20509623046077,7010000.0,2370000.0
6664,42.11609920531577,39.16758918722615,7020000.0,2370000.0
6665,42.223908499459654,39.12996287700214,7030000.0,2370000.0
6666,42.33161453973497,39.09221747345415,7040000.0,2370000.0
6667,42.439217268243404,39.05435315016434,7050000.0,2370000.0
6668,42.54671662935433,39.016370080627134,7060000.0,2370000.0
6669,42.654112569696586,38.978268438244456,7070000.0,2370000.0
6670,42.761405038150095,38.940048396321444,7080000.0,2370000.0
6671,42.868593985837435,38.90171012806171,7090000.0,2370000.0
6672,42.97567936611546,38.86325380656302,7100000.0,2370000.0
6673,43.082661134566706,38.82467960481275,7110000.0,2370000.0
6674,43.18953924899096,38.78598769568347,7120000.0,2370000.0
6675,43.29631366939667,38.74717825192855,7130000.0,2370000.0
6676,43.402984357992295,38.70825144617777,7140000.0,2370000.0
6677,43.50955127917771,38.66920745093292,7150000.0,2370000.0
6678,43.61601439953544,38.63004643856356,7160000.0,2370000.0
6679,43.722373687822056,38.5907685813026,7170000.0,2370000.0
6680,43.828629114959334,38.55137405124209,7180000.0,2370000.0
6681,43.93478065402549,38.51186302032895,7190000.0,2370000.0
6682,44.040828280246345,38.47223566036071,7200000.0,2370000.0
6683,44.14677197098651,38.43249214298133,7210000.0,2370000.0
6684,44.25261170574043,38.39263263967701,7220000.0,2370000.0
6685,44.35834746612354,38.35265732177204,7230000.0,2370000.0
6686,33.08434886236153,41.889437807535174,6210000.0,2380000.0
6687,33.20024820606073,41.861988080175,6220000.0,2380000.0
6688,33.31605663895875,41.834405206370725,6230000.0,2380000.0
6689,33.43177389745063,41.80668935057208,6240000.0,2380000.0
6690,33.54739972063451,41.77884067758132,6250000.0,2380000.0
6691,33.66293385031072,41.75085935254714,6260000.0,2380000.0
6692,33.77837603098092,41.72274554095854,6270000.0,2380000.0
6693,33.89372600984697,41.6944994086388,6280000.0,2380000.0
6694,34.00898353680978,41.666121121739266,6290000.0,2380000.0
6695,34.12414836446785,41.63761084673349,6300000.0,2380000.0
6696,34.239220248115856,41.60896875041094,6310000.0,2380000.0
6697,34.354198945743015,41.58019499987112,6320000.0,2380000.0
6698,34.46908421803124,41.55128976251747,6330000.0,2380000.0
6699,34.58387582835336,41.52225320605134,6340000.0,2380000.0
6700,34.69857354277101,41.49308549846598,6350000.0,2380000.0
6701,34.81317713003249,41.46378680804052,6360000.0,2380000.0
6702,34.927686361570494,41.434357303334025,6370000.0,2380000.0
6703,35.04210101149966,41.404797153179466,6380000.0,2380000.0
6704,35.15642085661407,41.375106526677754,6390000.0,2380000.0
6705,35.27064567638452,41.34528559319185,6400000.0,2380000.0
6706,35.384775252955755,41.31533452234079,6410000.0,2380000.0
6707,35.498809371143544,41.285253483993685,6420000.0,2380000.0
6708,35.61274781843162,41.255042648263924,6430000.0,2380000.0
6709,35.72659038496856,41.22470218550324,6440000.0,2380000.0
6710,35.84033686356445,41.19423226629578,6450000.0,2380000.0
6711,35.953987049687434,41.16363306145229,6460000.0,2380000.0
6712,36.06754074146033,41.13290474200423,6470000.0,2380000.0
6713,36.18099773965683,41.10204747919797,6480000.0,2380000.0
6714,36.29435784769787,41.07106144448894,6490000.0,2380000.0
6715,36.40762087164765,41.03994680953581,6500000.0,2380000.0
6716,36.52078662020971,41.00870374619473,6510000.0,2380000.0
6717,36.633854904722824,40.977332426513584,6520000.0,2380000.0
6718,36.74682553915676,40.94583302272614,6530000.0,2380000.0
6719,36.85969834010801,40.91420570724637,6540000.0,2380000.0
6720,36.972473126795286,40.88245065266276,6550000.0,2380000.0
6721,37.085149721055046,40.85056803173252,6560000.0,2380000.0
6722,37.19772794733683,40.81855801737597,6570000.0,2380000.0
6723,37.310207632698486,40.78642078267082,6580000.0,2380000.0
6724,37.42258860680137,40.75415650084657,6590000.0,2380000.0
6725,37.534870701905334,40.7217653452788,6600000.0,2380000.0
6726,37.64705375286369,40.6892474894836,6610000.0,2380000.0
6727,37.75913759711807,40.65660310711202,6620000.0,2380000.0
6728,37.871122074693126,40.6238323719444,6630000.0,2380000.0
6729,37.983007028191224,40.59093545788489,6640000.0,2380000.0
6730,38.094792302786956,40.557912538955804,6650000.0,2380000.0
6731,38.2064777462216,40.52476378929227,6660000.0,2380000.0
6732,38.31806320879749,40.491489383136575,6670000.0,2380000.0
6733,38.42954854337226,40.45808949483275,6680000.0,2380000.0
6734,38.54093360535304,40.4245642988211,6690000.0,2380000.0
6735,38.65221825269051,40.3909139696328,6700000.0,2380000.0
6736,38.76340234587295,40.3571386818844,6710000.0,2380000.0
6737,38.87448574792003,40.32323861027252,6720000.0,2380000.0
6738,38.9854683243768,40.28921392956839,6730000.0,2380000.0
6739,39.096349943307224,40.255064814612545,6740000.0,2380000.0
6740,39.20713047528799,40.220791440309476,6750000.0,2380000.0
6741,39.31780979340202,40.18639398162236,6760000.0,2380000.0
6742,39.42838777323188,40.151872613567626,6770000.0,2380000.0
6743,39.538864292853305,40.1172275112099,6780000.0,2380000.0
6744,39.649239232828435,40.082458849656575,6790000.0,2380000.0
6745,39.759512476199056,40.047566804052686,6800000.0,2380000.0
6746,39.869683908479864,40.01255154957565,6810000.0,2380000.0
6747,39.979753417651395,39.977413261430165,6820000.0,2380000.0
6748,40.089720894153196,39.94215211484294,6830000.0,2380000.0
6749,40.199586230876655,39.90676828505767,6840000.0,2380000.0
6750,40.30934932315792,39.87126194732984,6850000.0,2380000.0
6751,40.4190100687707,39.835633276921676,6860000.0,2380000.0
6752,40.52856836791898,39.79988244909712,6870000.0,2380000.0
6753,40.63802412322966,39.76400963911666,6880000.0,2380000.0
6754,40.747377239745184,39.72801502223244,6890000.0,2380000.0
6755,40.85662762491604,39.691898773683235,6900000.0,2380000.0
6756,40.96577518859322,39.655661068689405,6910000.0,2380000.0
6757,41.07481984302061,39.619302082448066,6920000.0,2380000.0
6758,41.183761502827366,39.58282199012801,6930000.0,2380000.0
6759,41.29260008502011,39.546220966864986,6940000.0,2380000.0
6760,41.40133550897521,39.50949918775669,6950000.0,2380000.0
6761,41.509967696430856,39.47265682785794,6960000.0,2380000.0
6762,41.61849657147925,39.43569406217588,6970000.0,2380000.0
6763,41.72692206055855,39.398611065665165,6980000.0,2380000.0
6764,41.83524409244489,39.36140801322316,6990000.0,2380000.0
6765,41.94346259824429,39.324085079685226,7000000.0,2380000.0
6766,42.05157751138455,39.28664243981992,7010000.0,2380000.0
6767,42.159588767607055,39.24908026832435,7020000.0,2380000.0
6768,42.26749630495852,39.2113987398195,7030000.0,2380000.0
6769,42.37530006378272,39.17359802884554,7040000.0,2380000.0
6770,42.48299998671219,39.13567830985716,7050000.0,2380000.0
6771,42.590596018659795,39.09763975721907,7060000.0,2380000.0
6772,42.69808810681032,39.05948254520135,7070000.0,2380000.0
6773,42.805476200611984,39.02120684797488,7080000.0,2380000.0
6774,42.912760251767985,38.98281283960683,7090000.0,2380000.0
6775,43.01994021422782,38.944300694056174,7100000.0,2380000.0
6776,43.12701604417882,38.90567058516918,7110000.0,2380000.0
6777,43.233987700037375,38.866922686675,7120000.0,2380000.0
6778,43.340855142440304,38.828057172181154,7130000.0,2380000.0
6779,43.44761833423616,38.78907421516922,7140000.0,2380000.0
6780,43.55427724047644,38.7499739889904,7150000.0,2380000.0
6781,43.66083182840675,38.71075666686119,7160000.0,2380000.0
6782,43.767282067457984,38.67142242185903,7170000.0,2380000.0
6783,43.873627929237514,38.631971426918035,7180000.0,2380000.0
6784,43.979869387520196,38.59240385482472,7190000.0,2380000.0
6785,44.086006418239485,38.55271987821366,7200000.0,2380000.0
6786,44.19203899947844,38.512919669563416,7210000.0,2380000.0
6787,33.2342872242579,41.94750253770807,6220000.0,2390000.0
6788,33.35023667459212,41.91987438143669,6230000.0,2390000.0
6789,33.46609443080351,41.892113079168546,6240000.0,2390000.0
6790,33.58186023115985,41.86421879666405,6250000.0,2390000.0
6791,33.697533816652026,41.836191700030575,6260000.0,2390000.0
6792,33.8131149309931,41.80803195571627,6270000.0,2390000.0
6793,33.9286033206171,41.77973973050392,6280000.0,2390000.0
6794,34.043998734677714,41.75131519150487,6290000.0,2390000.0
6795,34.15930092504693,41.72275850615284,6300000.0,2390000.0
6796,34.27450964631339,41.694069842197884,6310000.0,2390000.0
6797,34.38962465578073,41.66524936770022,6320000.0,2390000.0
6798,34.50464571346572,41.63629725102426,6330000.0,2390000.0
6799,34.619572582096296,41.60721366083244,6340000.0,2390000.0
6800,34.73440502710946,41.57799876607921,6350000.0,2390000.0
6801,34.849142816649,41.54865273600497,6360000.0,2390000.0
6802,34.96378572156318,41.519175740130045,6370000.0,2390000.0
6803,35.07833351540217,41.48956794824864,6380000.0,2390000.0
6804,35.19278597441549,41.45982953042286,6390000.0,2390000.0
6805,35.30714287754919,41.42996065697673,6400000.0,2390000.0
6806,35.42140400644297,41.39996149849016,6410000.0,2390000.0
6807,35.53556914542723,41.36983222579298,6420000.0,2390000.0
6808,35.64963808151985,41.339573009959075,6430000.0,2390000.0
6809,35.76361060442302,41.30918402230033,6440000.0,2390000.0
6810,35.877486506519794,41.27866543436079,6450000.0,2390000.0
6811,35.991265582870604,41.24801741791069,6460000.0,2390000.0
6812,36.1049476312097,41.217240144940604,6470000.0,2390000.0
6813,36.2185324519413,41.18633378765553,6480000.0,2390000.0
6814,36.33201984813589,41.15529851846911,6490000.0,2390000.0
6815,36.4454096255261,41.12413450999763,6500000.0,2390000.0
6816,36.55870159250273,41.09284193505439,6510000.0,2390000.0
6817,36.67189556011048,41.06142096664369,6520000.0,2390000.0
6818,36.784991342043696,41.02987177795516,6530000.0,2390000.0
6819,36.89798875464194,40.99819454235799,6540000.0,2390000.0
6820,37.010887616885405,40.96638943339508,6550000.0,2390000.0
6821,37.12368775039037,40.93445662477734,6560000.0,2390000.0
6822,37.23638897940438,40.902396290378,6570000.0,2390000.0
6823,37.34899113080142,40.870208604226846,6580000.0,2390000.0
6824,37.46149403407697,40.837893740504555,6590000.0,2390000.0
6825,37.57389752134292,40.805451873537045,6600000.0,2390000.0
6826,37.68620142732244,40.77288317778978,6610000.0,2390000.0
6827,37.798405589344675,40.74018782786217,6620000.0,2390000.0
6828,37.91050984733943,40.70736599848195,6630000.0,2390000.0
6829,38.02251404383169,40.67441786449956,6640000.0,2390000.0
6830,38.134418023936,40.64134360088263,6650000.0,2390000.0
6831,38.24622163535095,40.60814338271033,6660000.0,2390000.0
6832,38.357924728353275,40.57481738516798,6670000.0,2390000.0
6833,38.4695271557921,40.54136578354139,6680000.0,2390000.0
6834,38.58102877308301,40.507788753211436,6690000.0,2390000.0
6835,38.69242943820194,40.47408646964859,6700000.0,2390000.0
6836,38.80372901167915,40.440259108407474,6710000.0,2390000.0
6837,38.91492735659296,40.40630684512138,6720000.0,2390000.0
6838,39.02602433856351,40.37222985549689,6730000.0,2390000.0
6839,39.13701982574631,40.338028315308534,6740000.0,2390000.0
6840,39.247913688825825,40.30370240039337,6750000.0,2390000.0
6841,39.358705801008924,40.26925228664563,6760000.0,2390000.0
6842,39.46939603801824,40.23467815001143,6770000.0,2390000.0
6843,39.57998427808546,40.19998016648347,6780000.0,2390000.0
6844,39.69047040194452,40.16515851209572,6790000.0,2390000.0
6845,39.80085429282475,40.13021336291824,6800000.0,2390000.0
6846,39.91113583644391,40.095144895051845,6810000.0,2390000.0
6847,40.021314921001185,40.05995328462297,6820000.0,2390000.0
6848,40.1313914371701,40.024638707778465,6830000.0,2390000.0
6849,40.24136527809125,39.989201340680395,6840000.0,2390000.0
6850,40.35123633936519,39.95364135950099,6850000.0,2390000.0
6851,40.46100451904502,39.917958940417414,6860000.0,2390000.0
6852,40.57066971762902,39.88215425960674,6870000.0,2390000.0
6853,40.680231838053224,39.846227493240875,6880000.0,2390000.0
6854,40.78969078568383,39.810178817481486,6890000.0,2390000.0
6855,40.89904646830967,39.774008408475005,6900000.0,2390000.0
6856,41.008298796134504,39.737716442347605,6910000.0,2390000.0
6857,41.11744768176934,39.70130309520025,6920000.0,2390000.0
6858,41.22649304022463,39.66476854310372,6930000.0,2390000.0
6859,41.335434788902404,39.628112962093724,6940000.0,2390000.0
6860,41.44427284758838,39.59133652816592,6950000.0,2390000.0
6861,41.553007138444,39.55443941727112,6960000.0,2390000.0
6862,41.66163758599839,39.517421805310406,6970000.0,2390000.0
6863,41.77016411714029,39.480283868130286,6980000.0,2390000.0
6864,41.8785866611099,39.443025781517925,6990000.0,2390000.0
6865,41.9869051494907,39.40564772119631,7000000.0,2390000.0
6866,42.09511951620121,39.36814986281952,7010000.0,2390000.0
6867,42.203229697486634,39.330532381968084,7020000.0,2390000.0
6868,42.31123563191058,39.29279545414412,7030000.0,2390000.0
6869,42.419137260346595,39.25493925476678,7040000.0,2390000.0
6870,42.5269345259698,39.216963959167536,7050000.0,2390000.0
6871,42.63462737424828,39.17886974258557,7060000.0,2390000.0
6872,42.74221575293459,39.140656780163184,7070000.0,2390000.0
6873,42.849699612057194,39.10232524694117,7080000.0,2390000.0
6874,42.95707890391178,39.06387531785435,7090000.0,2390000.0
6875,43.064353583052586,39.02530716772695,7100000.0,2390000.0
6876,43.1715236062837,38.98662097126816,7110000.0,2390000.0
6877,43.27858893265029,38.94781690306767,7120000.0,2390000.0
6878,43.38554952342974,38.90889513759115,7130000.0,2390000.0
6879,43.492405342122915,38.86985584917592,7140000.0,2390000.0
6880,43.5991563544452,38.83069921202644,7150000.0,2390000.0
6881,43.705802528317584,38.79142540021007,7160000.0,2390000.0
6882,43.81234383385774,38.752034587652616,7170000.0,2390000.0
6883,43.91878024337101,38.71252694813405,7180000.0,2390000.0
6884,44.02511173134137,38.67290265528422,7190000.0,2390000.0
6885,44.13133827442242,38.63316188257856,7200000.0,2390000.0
6886,44.23745985142824,38.59330480333391,7210000.0,2390000.0
6887,33.38454687641727,42.0053186289553,6230000.0,2400000.0
6888,33.5005455354535,41.977511709269876,6240000.0,2400000.0
6889,33.61645171466469,41.94957164594746,6250000.0,2400000.0
6890,33.73226515423427,41.92149860606025,6260000.0,2400000.0
6891,33.8479855970888,41.893292757021676,6270000.0,2400000.0
6892,33.96361278889681,41.86495426658026,6280000.0,2400000.0
6893,34.07914647806733,41.83648330281335,6290000.0,2400000.0
6894,34.19458641574848,41.807880034121006,6300000.0,2400000.0
6895,34.30993235582577,41.779144629219914,6310000.0,2400000.0
6896,34.4251840549203,41.75027725713717,6320000.0,2400000.0
6897,34.5403412723869,41.72127808720416,6330000.0,2400000.0
6898,34.655403770312034,41.69214728905049,6340000.0,2400000.0
6899,34.770371313511625,41.66288503259779,6350000.0,2400000.0
6900,34.885243669528705,41.63349148805374,6360000.0,2400000.0
6901,35.00002060863102,41.60396682590596,6370000.0,2400000.0
6902,35.11470190380837,41.574311216915845,6380000.0,2400000.0
6903,35.22928733076995,41.54452483211265,6390000.0,2400000.0
6904,35.34377666794146,41.51460784278737,6400000.0,2400000.0
6905,35.45816969646218,41.484560420486744,6410000.0,2400000.0
6906,35.572466200181836,41.45438273700726,6420000.0,2400000.0
6907,35.68666596565739,41.42407496438909,6430000.0,2400000.0
6908,35.800768782149696,41.39363727491019,6440000.0,2400000.0
6909,35.91477444162001,41.3630698410803,6450000.0,2400000.0
6910,36.028682738726424,41.332372835635,6460000.0,2400000.0
6911,36.142493470820135,41.30154643152974,6470000.0,2400000.0
6912,36.25620643794163,41.27059080193398,6480000.0,2400000.0
6913,36.36982144281673,41.23950612022522,6490000.0,2400000.0
6914,36.4833382908525,41.20829255998325,6500000.0,2400000.0
6915,36.59675679013312,41.17695029498405,6510000.0,2400000.0
6916,36.71007675141553,41.14547949919419,6520000.0,2400000.0
6917,36.82329798812508,41.113880346764766,6530000.0,2400000.0
6918,36.936420316350976,41.082153012025785,6540000.0,2400000.0
6919,37.04944355484162,41.050297669480194,6550000.0,2400000.0
6920,37.162367524999965,41.01831449379826,6560000.0,2400000.0
6921,37.27519205087855,40.986203659811636,6570000.0,2400000.0
6922,37.387916959174646,40.95396534250775,6580000.0,2400000.0
6923,37.50054207922513,40.92159971702402,6590000.0,2400000.0
6924,37.61306724300133,40.88910695864216,6600000.0,2400000.0
6925,37.72549228510382,40.856487242782485,6610000.0,2400000.0
6926,37.83781704275696,40.82374074499821,6620000.0,2400000.0
6927,37.950041355803464,40.790867640969886,6630000.0,2400000.0
6928,38.062165066698874,40.7578681064997,6640000.0,2400000.0
6929,38.17418802050581,40.72474231750588,6650000.0,2400000.0
6930,38.286110064888284,40.691490450017106,6660000.0,2400000.0
6931,38.397931050105775,40.658112680166965,6670000.0,2400000.0
6932,38.509650829007356,40.624609184188365,6680000.0,2400000.0
6933,38.62126925702554,40.590980138408035,6690000.0,2400000.0
6934,38.73278619217024,40.557225719241,6700000.0,2400000.0
6935,38.84420149502249,40.52334610318512,6710000.0,2400000.0
6936,38.955515028728136,40.48934146681559,6720000.0,2400000.0
6937,39.06672665899144,40.45521198677953,6730000.0,2400000.0
6938,39.17783625406859,40.42095783979058,6740000.0,2400000.0
6939,39.28884368476105,40.38657920262343,6750000.0,2400000.0
6940,39.399748824409045,40.35207625210854,6760000.0,2400000.0
6941,39.51055154888466,40.31744916512668,6770000.0,2400000.0
6942,39.621251736585144,40.2826981186037,6780000.0,2400000.0
6943,39.731849268425876,40.247823289505156,6790000.0,2400000.0
6944,39.8423440278335,40.21282485483106,6800000.0,2400000.0
6945,39.95273590073875,40.17770299161056,6810000.0,2400000.0
6946,40.063024775569396,40.14245787689681,6820000.0,2400000.0
6947,40.17321054324301,40.107089687761615,6830000.0,2400000.0
6948,40.28329309715963,40.07159860129033,6840000.0,2400000.0
6949,40.3932723331944,40.0359847945767,6850000.0,2400000.0
6950,40.50314814969022,40.000248444717634,6860000.0,2400000.0
6951,40.612920447450115,39.96438972880816,6870000.0,2400000.0
6952,40.72258912972975,39.928408823936266,6880000.0,2400000.0
6953,40.83215410222975,39.892305907177885,6890000.0,2400000.0
6954,40.941615273088,39.85608115559181,6900000.0,2400000.0
6955,41.050972552871855,39.81973474621465,6910000.0,2400000.0
6956,41.160225854570314,39.78326685605586,6920000.0,2400000.0
6957,41.2693750935861,39.74667766209278,6930000.0,2400000.0
6958,41.37842018772769,39.709967341265596,6940000.0,2400000.0
6959,41.48736105720131,39.673136070472566,6950000.0,2400000.0
6960,41.596197624602844,39.63618402656493,6960000.0,2400000.0
6961,41.704929814909676,39.59911138634218,6970000.0,2400000.0
6962,41.81355755547246,39.56191832654712,6980000.0,2400000.0
6963,41.922080776006915,39.52460502386112,6990000.0,2400000.0
6964,42.0304994085855,39.487171654899186,7000000.0,2400000.0
6965,42.138813387628986,39.449618396205324,7010000.0,2400000.0
6966,42.24702264989812,39.41194542424768,7020000.0,2400000.0
6967,42.3551271344851,39.37415291541389,7030000.0,2400000.0
6968,42.46312678280506,39.33624104600633,7040000.0,2400000.0
6969,42.5710215385875,39.29820999223743,7050000.0,2400000.0
6970,42.67881134786769,39.26005993022507,7060000.0,2400000.0
6971,42.78649615897794,39.22179103598794,7070000.0,2400000.0
6972,42.89407592253896,39.183403485440905,7080000.0,2400000.0
6973,43.00155059145107,39.1448974543905,7090000.0,2400000.0
6974,43.10892012088539,39.10627311853028,7100000.0,2400000.0
6975,43.216184468275,39.06753065343643,7110000.0,2400000.0
6976,43.32334359330609,39.02867023456316,7120000.0,2400000.0
6977,43.43039745790899,38.989692037238285,7130000.0,2400000.0
6978,43.53734602624919,38.95059623665878,7140000.0,2400000.0
6979,43.64418926471844,38.911383007886336,7150000.0,2400000.0
6980,43.75092714192558,38.87205252584299,7160000.0,2400000.0
6981,43.857559628687575,38.8326049653068,7170000.0,2400000.0
6982,43.96408669802033,38.79304050090742,7180000.0,2400000.0
6983,44.07050832512958,38.753359307121855,7190000.0,2400000.0
6984,44.176824487401724,38.713561558270115,7200000.0,2400000.0
6985,33.88298868893303,41.97852789578774,6270000.0,2410000.0
6986,33.998755075218085,41.95014296697801,6280000.0,2410000.0
6987,34.114427428350815,41.92162540497278,6290000.0,2410000.0
6988,34.23000549875824,41.89297537914469,6300000.0,2410000.0
6989,34.34548903962568,41.864193059183116,6310000.0,2410000.0
6990,34.46087780689491,41.835278615088136,6320000.0,2410000.0
6991,34.57617155926212,41.80623221716425,6330000.0,2410000.0
6992,34.691370058175806,41.77705403601427,6340000.0,2410000.0
6993,34.80647306783449,41.74774424253316,6350000.0,2410000.0
6994,34.921480355184315,41.71830300790191,6360000.0,2410000.0
6995,35.0363916899165,41.68873050358142,6370000.0,2410000.0
6996,35.151206844464674,41.65902690130635,6380000.0,2410000.0
6997,35.26592559400208,41.629192373079064,6390000.0,2410000.0
6998,35.38054771643863,41.599227091163534,6400000.0,2410000.0
6999,35.49507299241781,41.569131228079264,6410000.0,2410000.0
7000,35.6095012053136,41.53890495659532,6420000.0,2410000.0
7001,35.72383214122701,41.508548449724124,6430000.0,2410000.0
7002,35.83806558898275,41.478061880715586,6440000.0,2410000.0
7003,35.952201340125654,41.44744542305102,6450000.0,2410000.0
7004,36.066239188916924,41.41669925043719,6460000.0,2410000.0
7005,36.18017893233041,41.38582353680028,6470000.0,2410000.0
7006,36.63495288640126,41.261028757893676,6510000.0,2410000.0
7007,36.748399152193095,41.22950795529918,6520000.0,2410000.0
7008,36.86174615118674,41.19785865951481,6530000.0,2410000.0
7009,36.974993699227774,41.16608104583703,6540000.0,2410000.0
7010,37.08814161483966,41.13417528973454,6550000.0,2410000.0
7011,37.20118971921899,41.10214156684251,6560000.0,2410000.0
7012,37.31413783623045,41.069980052956716,6570000.0,2410000.0
7013,37.426985792401865,41.03769092402776,6580000.0,2410000.0
7014,37.5397334169189,41.00527435615538,6590000.0,2410000.0
7015,37.65238054161993,40.9727305255826,6600000.0,2410000.0
7016,37.76492700099053,40.94005960869007,6610000.0,2410000.0
7017,37.877372632158114,40.907261781990385,6620000.0,2410000.0
7018,37.98971727488627,40.874337222122335,6630000.0,2410000.0
7019,38.101960771569146,40.841286105845235,6640000.0,2410000.0
7020,38.214102967225614,40.808108610033386,6650000.0,2410000.0
7021,38.32614370949348,40.77480491167031,6660000.0,2410000.0
7022,38.43808284862341,40.74137518784324,6670000.0,2410000.0
7023,38.549920237472946,40.707819615737506,6680000.0,2410000.0
7024,38.66165573150028,40.67413837263099,6690000.0,2410000.0
7025,38.7732891887581,40.64033163588856,6700000.0,2410000.0
7026,38.884820469887146,40.60639958295653,6710000.0,2410000.0
7027,38.99624943810983,40.57234239135728,6720000.0,2410000.0
7028,39.10757595922371,40.538160238683595,6730000.0,2410000.0
7029,39.21879990159488,40.503853302593406,6740000.0,2410000.0
7030,39.329921136151256,40.469421760804224,6750000.0,2410000.0
7031,39.44093953637587,40.434865791087766,6760000.0,2410000.0
7032,39.551854978299914,40.400185571264615,6770000.0,2410000.0
7033,39.66266734049586,40.365381279198786,6780000.0,2410000.0
7034,39.77337650407038,40.33045309279244,6790000.0,2410000.0
7035,39.88398235265732,40.29540118998056,6800000.0,2410000.0
7036,39.99448477241046,40.26022574872561,6810000.0,2410000.0
7037,40.10488365199626,40.22492694701236,6820000.0,2410000.0
7038,40.21517888258657,40.18950496284249,6830000.0,2410000.0
7039,40.325370357851135,40.15395997422955,6840000.0,2410000.0
7040,40.435457973950165,40.118292159193636,6850000.0,2410000.0
7041,40.545441629526835,40.08250169575624,6860000.0,2410000.0
7042,40.655321225699545,40.046588761935105,6870000.0,2410000.0
7043,40.76509666605429,40.010553535739106,6880000.0,2410000.0
7044,40.8747678566369,39.97439619516315,6890000.0,2410000.0
7045,40.98433470594516,39.93811691818308,6900000.0,2410000.0
7046,41.09379712492099,39.90171588275064,6910000.0,2410000.0
7047,41.20315502694242,39.86519326678843,6920000.0,2410000.0
7048,41.31240832781557,39.82854924818491,6930000.0,2410000.0
7049,41.421556945766596,39.79178400478945,6940000.0,2410000.0
7050,41.530600801433515,39.7548977144073,6950000.0,2410000.0
7051,41.639539817858,39.71789055479474,6960000.0,2410000.0
7052,41.74837392047712,39.680762703654146,6970000.0,2410000.0
7053,41.857103037115,39.6435143386291,6980000.0,2410000.0
7054,41.96572709797448,39.606145637299555,6990000.0,2410000.0
7055,42.07424603562862,39.56865677717701,7000000.0,2410000.0
7056,42.182659785012234,39.53104793569969,7010000.0,2410000.0
7057,42.290968283413385,39.493319290227774,7020000.0,2410000.0
7058,42.399171470464736,39.455471018038644,7030000.0,2410000.0
7059,42.50726928813494,39.41750329632221,7040000.0,2410000.0
7060,42.61526168071994,39.37941630217611,7050000.0,2410000.0
7061,42.7231485948342,39.34121021260116,7060000.0,2410000.0
7062,42.83092997940196,39.302885204496576,7070000.0,2410000.0
7063,42.93860578564836,39.264441454655476,7080000.0,2410000.0
7064,43.04617596709061,39.22587913976018,7090000.0,2410000.0
7065,43.15364047952903,39.18719843637773,7100000.0,2410000.0
7066,43.26099928103806,39.148399520955294,7110000.0,2410000.0
7067,43.368252331957336,39.10948256981569,7120000.0,2410000.0
7068,43.47539959488258,39.070447759152806,7130000.0,2410000.0
7069,43.58244103465651,39.03129526502729,7140000.0,2410000.0
7070,43.68937661835978,38.99202526336195,7150000.0,2410000.0
7071,43.79620631530173,38.95263792993748,7160000.0,2410000.0
7072,43.9029300970113,38.913133440387966,7170000.0,2410000.0
7073,44.009547937227666,38.87351197019662,7180000.0,2410000.0
7074,44.11605981189111,38.83377369469136,7190000.0,2410000.0
7075,44.222465699133636,38.79391878904062,7200000.0,2410000.0
7076,34.38118036507332,41.949215079010315,6310000.0,2420000.0
7077,34.49670657982107,41.92025338767148,6320000.0,2420000.0
7078,34.612137242937614,41.89115958621926,6330000.0,2420000.0
7079,34.7274721152371,41.86193384623583,6340000.0,2420000.0
7080,34.842710960304444,41.83257633959557,6350000.0,2420000.0
7081,34.957853544492814,41.803087238458865,6360000.0,2420000.0
7082,35.07289963692109,41.773466715266,6370000.0,2420000.0
7083,35.18784900947102,41.743714942730904,6380000.0,2420000.0
7084,35.30270143678436,41.71383209383515,6390000.0,2420000.0
7085,35.41745669625986,41.68381834182168,6400000.0,2420000.0
7086,35.64667483505814,41.6233988226841,6420000.0,2420000.0
7087,35.761137282934314,41.59299340329821,6430000.0,2420000.0
7088,35.87550170007248,41.562457776258924,6440000.0,2420000.0
7089,35.98976787760644,41.53179211602508,6450000.0,2420000.0
7090,36.103935609406186,41.5009965972805,6460000.0,2420000.0
7091,36.67329055887093,41.34507725482399,6510000.0,2420000.0
7092,36.786863440253384,41.31350626521956,6520000.0,2420000.0
7093,36.900336509261145,41.281806645687965,6530000.0,2420000.0
7094,37.57906872602343,41.08891758274858,6590000.0,2420000.0
7095,37.691838096120385,41.0563224984426,6600000.0,2420000.0
7096,37.80450625393771,41.02360019883305,6610000.0,2420000.0
7097,37.91707303651375,40.990750861397366,6620000.0,2420000.0
7098,38.02953828354108,40.95777466373808,6630000.0,2420000.0
7099,38.14190183736067,40.92467178357717,6640000.0,2420000.0
7100,38.25416354295601,40.891442398750364,6650000.0,2420000.0
7101,38.366323247947086,40.858086687201485,6660000.0,2420000.0
7102,38.4783808025844,40.8246048269768,6670000.0,2420000.0
7103,38.59033605974266,40.79099699621943,6680000.0,2420000.0
7104,38.70218887491463,40.7572633731637,6690000.0,2420000.0
7105,38.81393910620465,40.723404136129645,6700000.0,2420000.0
7106,38.92558661432228,40.68941946351737,6710000.0,2420000.0
7107,39.03713126257569,40.65530953380157,6720000.0,2420000.0
7108,39.14857291686506,40.62107452552605,6730000.0,2420000.0
7109,39.259911445675804,40.586714617298156,6740000.0,2420000.0
7110,39.37114672007183,40.55222998778336,6750000.0,2420000.0
7111,39.48227861368861,40.51762081569988,6760000.0,2420000.0
7112,39.59330700272617,40.482887279813106,6770000.0,2420000.0
7113,39.70423176594211,40.448029558930386,6780000.0,2420000.0
7114,39.81505278464437,40.413047831895476,6790000.0,2420000.0
7115,39.92576994268406,40.377942277583394,6800000.0,2420000.0
7116,40.036383126448165,40.34271307489491,6810000.0,2420000.0
7117,40.146892224852124,40.307360402751335,6820000.0,2420000.0
7118,40.25729712933241,40.271884440089245,6830000.0,2420000.0
7119,40.367597733839,40.236285365855224,6840000.0,2420000.0
7120,40.47779393482772,40.20056335900062,6850000.0,2420000.0
7121,40.58788563125268,40.16471859847633,6860000.0,2420000.0
7122,40.6978727245584,40.12875126322767,6870000.0,2420000.0
7123,40.807755118672056,40.09266153218915,6880000.0,2420000.0
7124,40.917532719995606,40.05644958427945,6890000.0,2420000.0
7125,41.02720543739782,40.02011559839616,6900000.0,2420000.0
7126,41.136773182206234,39.98365975341086,6910000.0,2420000.0
7127,41.24623586819913,39.94708222816398,6920000.0,2420000.0
7128,41.35559341159732,39.91038320145973,6930000.0,2420000.0
7129,41.46484573105597,39.873562852061205,6940000.0,2420000.0
7130,41.57399274765635,39.83662135868532,6950000.0,2420000.0
7131,41.68303438489744,39.7995588999979,6960000.0,2420000.0
7132,41.79197056868761,39.7623756546087,6970000.0,2420000.0
7133,41.900801227336125,39.725071801066576,6980000.0,2420000.0
7134,42.00952629154465,39.68764751785454,6990000.0,2420000.0
7135,42.11814569439873,39.650102983384954,7000000.0,2420000.0
7136,42.22665937135909,39.61243837599466,7010000.0,2420000.0
7137,42.33506726025308,39.57465387394025,7020000.0,2420000.0
7138,42.44336930126587,39.53674965539319,7030000.0,2420000.0
7139,42.5515654369317,39.49872589843518,7040000.0,2420000.0
7140,42.65965561212514,39.46058278105337,7050000.0,2420000.0
7141,42.7676397740521,39.42232048113566,7060000.0,2420000.0
7142,42.87551787224098,39.3839391764661,7070000.0,2420000.0
7143,42.98328985853376,39.34543904472013,7080000.0,2420000.0
7144,43.09095568707692,39.30682026346009,7090000.0,2420000.0
7145,43.198515314312445,39.26808301013054,7100000.0,2420000.0
7146,43.30596869896871,39.22922746205373,7110000.0,2420000.0
7147,43.41331580205133,39.19025379642508,7120000.0,2420000.0
7148,43.52055658683406,39.15116219030866,7130000.0,2420000.0
7149,43.62769101884955,39.111952820632666,7140000.0,2420000.0
7150,43.73471906588007,39.07262586418504,7150000.0,2420000.0
7151,43.84164069794829,39.03318149760898,7160000.0,2420000.0
7152,43.94845588730791,38.99361989739855,7170000.0,2420000.0
7153,44.05516460843431,38.953941239894306,7180000.0,2420000.0
7154,44.16176683801521,38.91414570127898,7190000.0,2420000.0
7155,34.76371061545272,41.94678666342424,6340000.0,2430000.0
7156,34.87908566555015,41.917381266687755,6350000.0,2430000.0
7157,34.99436391272831,41.887844121822,6360000.0,2430000.0
7158,35.10954512553794,41.8581754022528,6370000.0,2430000.0
7159,35.79858206983952,41.67740976160285,6430000.0,2430000.0
7160,35.9130777949168,41.646824897235874,6440000.0,2430000.0
7161,36.02747473397264,41.61610985490362,6450000.0,2430000.0
7162,38.518825594804326,40.90780151541114,6670000.0,2430000.0
7163,38.63089897849652,40.87414124272467,6680000.0,2430000.0
7164,38.7428693697908,40.840355056346006,6690000.0,2430000.0
7165,38.854736626852386,40.80644313555566,6700000.0,2430000.0
7166,38.96650061046883,40.77240565971282,6710000.0,2430000.0
7167,39.07816118404341,40.73824280824982,6720000.0,2430000.0
7168,39.18971821358836,40.70395476066668,6730000.0,2430000.0
7169,39.30117156771803,40.66954169652545,6740000.0,2430000.0
7170,39.41252111764197,40.63500379544474,6750000.0,2430000.0
7171,39.523766737157914,40.60034123709437,6760000.0,2430000.0
7172,39.634908302644654,40.56555420118978,6770000.0,2430000.0
7173,39.74594569305488,40.530642867486655,6780000.0,2430000.0
7174,39.85687878990794,40.49560741577555,6790000.0,2430000.0
7175,39.96770747728243,40.46044802587647,6800000.0,2430000.0
7176,40.07843164180887,40.42516487763352,6810000.0,2430000.0
7177,40.18905117266209,40.389758150909636,6820000.0,2430000.0
7178,40.29956596155378,40.354228025581136,6830000.0,2430000.0
7179,40.4099759027247,40.31857468153263,6840000.0,2430000.0
7180,40.520280892937066,40.282798298651606,6850000.0,2430000.0
7181,40.6304808314667,40.24689905682326,6860000.0,2430000.0
7182,40.740575620095186,40.21087713592529,6870000.0,2430000.0
7183,40.85056516310188,40.17473271582269,6880000.0,2430000.0
7184,40.960449367255954,40.138465976362646,6890000.0,2430000.0
7185,41.070228141808336,40.10207709736931,6900000.0,2430000.0
7186,41.17990139848347,40.065566258638796,6910000.0,2430000.0
7187,41.289469051471244,40.028933639933975,6920000.0,2430000.0
7188,41.398931017418576,39.99217942097957,6930000.0,2430000.0
7189,41.50828721542117,39.955303781457,6940000.0,2430000.0
7190,41.617537567015155,39.91830690099941,6950000.0,2430000.0
7191,41.7266819961685,39.88118895918675,6960000.0,2430000.0
7192,41.83572042927263,39.84395013554072,6970000.0,2430000.0
7193,41.94465279513378,39.8065906095199,6980000.0,2430000.0
7194,42.05347902496436,39.76911056051487,6990000.0,2430000.0
7195,42.16219905237435,39.731510167843254,7000000.0,2430000.0
7196,42.27081281336248,39.693789610744986,7010000.0,2430000.0
7197,42.37932024630748,39.65594906837737,7020000.0,2430000.0
7198,42.487721291959204,39.617988719810334,7030000.0,2430000.0
7199,42.5960158934298,39.5799087440217,7040000.0,2430000.0
7200,42.70420399618471,39.54170931989238,7050000.0,2430000.0
7201,42.81228554803371,39.50339062620164,7060000.0,2430000.0
7202,42.92026049912182,39.464952841622534,7070000.0,2430000.0
7203,43.02812880192035,39.42639614471707,7080000.0,2430000.0
7204,43.13589041121765,39.38772071393168,7090000.0,2430000.0
7205,43.243545284109956,39.34892672759262,7100000.0,2430000.0
7206,43.351093379992236,39.3100143639013,7110000.0,2430000.0
7207,43.45853466054891,39.27098380092983,7120000.0,2430000.0
7208,43.56586908974451,39.23183521661641,7130000.0,2430000.0
7209,43.673096633814446,39.19256878876085,7140000.0,2430000.0
7210,43.780217261255544,39.15318469502013,7150000.0,2430000.0
7211,43.8872309428167,39.11368311290391,7160000.0,2430000.0
7212,43.99413765148939,39.07406421977011,7170000.0,2430000.0
7213,44.10093736249824,39.034328192820524,7180000.0,2430000.0
7214,34.915597862635764,42.00215896589871,6350000.0,2440000.0
7215,35.03101213959499,41.97257359927055,6360000.0,2440000.0
7216,38.67160968056826,40.95725227139686,6680000.0,2440000.0
7217,38.783697902793335,40.92341333756735,6690000.0,2440000.0
7218,38.89568243717443,40.889448548804104,6700000.0,2440000.0
7219,39.00756314458653,40.85535808543076,6710000.0,2440000.0
7220,39.11933988853747,40.821142127842656,6720000.0,2440000.0
7221,39.231012535161206,40.78680085650123,6730000.0,2440000.0
7222,39.34258095321072,40.75233445192847,6740000.0,2440000.0
7223,39.45404501405103,40.71774309470145,6750000.0,2440000.0
7224,39.5654045916521,40.68302696544674,6760000.0,2440000.0
7225,39.6766595625815,40.64818624483497,6770000.0,2440000.0
7226,39.78780980599727,40.61322111357538,6780000.0,2440000.0
7227,39.89885520364035,40.57813175241032,6790000.0,2440000.0
7228,40.009795639827274,40.542918342109935,6800000.0,2440000.0
7229,40.12063100144254,40.50758106346672,6810000.0,2440000.0
7230,40.231361177930985,40.472120097290194,6820000.0,2440000.0
7231,40.34198606129014,40.436535624401486,6830000.0,2440000.0
7232,40.4525055460624,40.40082782562812,6840000.0,2440000.0
7233,40.562919529327196,40.364996881798696,6850000.0,2440000.0
7234,40.673227910693086,40.32904297373759,6860000.0,2440000.0
7235,40.783430592289754,40.29296628225975,6870000.0,2440000.0
7236,40.893527478759914,40.2567669881655,6880000.0,2440000.0
7237,41.00351847725122,40.22044527223532,6890000.0,2440000.0
7238,41.11340349740806,40.1840013152247,6900000.0,2440000.0
7239,41.223182451363236,40.14743529785899,6910000.0,2440000.0
7240,41.33285525372972,40.110747400828345,6920000.0,2440000.0
7241,41.44242182159218,40.07393780478256,6930000.0,2440000.0
7242,41.55188207449854,40.03700669032606,6940000.0,2440000.0
7243,41.6612359344515,39.99995423801287,6950000.0,2440000.0
7244,41.7704833258999,39.962780628341605,6960000.0,2440000.0
7245,41.879624175730115,39.92548604175046,6970000.0,2440000.0
7246,41.98865841325733,39.888070658612314,6980000.0,2440000.0
7247,42.09758597021681,39.85053465922975,6990000.0,2440000.0
7248,42.2064067807551,39.81287822383018,7000000.0,2440000.0
7249,42.31512078142112,39.77510153256099,7010000.0,2440000.0
7250,42.42372791115725,39.73720476548463,7020000.0,2440000.0
7251,42.532228111290436,39.699188102573835,7030000.0,2440000.0
7252,42.64062132552308,39.66105172370689,7040000.0,2440000.0
7253,42.74890749992403,39.62279580866274,7050000.0,2440000.0
7254,42.85708658291944,39.58442053711635,7060000.0,2440000.0
7255,42.96515852528361,39.54592608863393,7070000.0,2440000.0
7256,43.0731232801298,39.50731264266828,7080000.0,2440000.0
7257,43.18098080290093,39.468580378554165,7090000.0,2440000.0
7258,43.28873105136036,39.42972947550357,7100000.0,2440000.0
7259,43.39637398558244,39.39076011260127,7110000.0,2440000.0
7260,43.50390956794328,39.35167246880003,7120000.0,2440000.0
7261,43.61133776311119,39.312466722916305,7130000.0,2440000.0
7262,43.71865853803729,39.27314305362549,7140000.0,2440000.0
7263,43.825871861946034,39.233701639457564,7150000.0,2440000.0
7264,43.932977706325644,39.19414265879262,7160000.0,2440000.0
7265,44.039976044918554,39.15446628985634,7170000.0,2440000.0
7266,44.1468668537118,39.11467271071562,7180000.0,2440000.0
7267,38.82467516475654,41.00643813125974,6690000.0,2450000.0
7268,38.93677722780186,40.972420289551586,6700000.0,2450000.0
7269,39.04877490708105,40.93827665359476,6710000.0,2450000.0
7270,39.16066806621621,40.904007404752896,6720000.0,2450000.0
7271,39.27245657147272,40.86961272445421,6730000.0,2450000.0
7272,39.38414029175208,40.835092794185954,6740000.0,2450000.0
7273,39.49571909858482,40.800447795488836,6750000.0,2450000.0
7274,39.607192866123185,40.76567790995143,6760000.0,2450000.0
7275,39.7185614711338,40.730783319204775,6770000.0,2450000.0
7276,39.829824792990294,40.69576420491677,6780000.0,2450000.0
7277,39.940982713665726,40.66062074878678,6790000.0,2450000.0
7278,40.05203511772501,40.62535313254017,6800000.0,2450000.0
7279,40.16298189231732,40.589961537922875,6810000.0,2450000.0
7280,40.27382292716823,40.55444614669605,6820000.0,2450000.0
7281,40.38455811457198,40.51880714063063,6830000.0,2450000.0
7282,40.49518734938351,40.4830447015021,6840000.0,2450000.0
7283,40.60571052901054,40.44715901108505,6850000.0,2450000.0
7284,40.71612755340546,40.411150251148,6860000.0,2450000.0
7285,40.82643832505729,40.37501860344807,6870000.0,2450000.0
7286,40.936642748983445,40.33876424972571,6880000.0,2450000.0
7287,41.04674073272144,40.30238737169955,6890000.0,2450000.0
7288,41.156732186320646,40.26588815106122,6900000.0,2450000.0
7289,41.266617022333826,40.22926676947013,6910000.0,2450000.0
7290,41.376395155808694,40.192523408548325,6920000.0,2450000.0
7291,41.486066504279414,40.155658249875444,6930000.0,2450000.0
7292,41.59563098775797,40.11867147498363,6940000.0,2450000.0
7293,41.70508852872559,40.081563265352365,6950000.0,2450000.0
7294,41.81443905212394,40.04433380240354,6960000.0,2450000.0
7295,41.92368248534643,40.00698326749649,6970000.0,2450000.0
7296,42.032818758229396,39.969511841922845,6980000.0,2450000.0
7297,42.141847803043134,39.93191970690177,6990000.0,2450000.0
7298,42.250769554483064,39.894207043574895,7000000.0,2450000.0
7299,42.35958394966065,39.856374033001515,7010000.0,2450000.0
7300,42.46829092809445,39.818420856153665,7020000.0,2450000.0
7301,42.57689043170091,39.780347693911274,7030000.0,2450000.0
7302,42.68538240478534,39.74215472705739,7040000.0,2450000.0
7303,42.7937667940326,39.70384213627337,7050000.0,2450000.0
7304,42.90204354849795,39.66541010213408,7060000.0,2450000.0
7305,43.01021261959769,39.62685880510323,7070000.0,2450000.0
7306,43.1182739610999,39.5881884255286,7080000.0,2450000.0
7307,43.22622752911499,39.5493991436374,7090000.0,2450000.0
7308,43.33407328208632,39.51049113953164,7100000.0,2450000.0
7309,43.4418111807807,39.471464593183406,7110000.0,2450000.0
7310,43.54944118827892,39.43231968443037,7120000.0,2450000.0
7311,43.65696326996619,39.39305659297116,7130000.0,2450000.0
7312,43.76437739352255,39.35367549836087,7140000.0,2450000.0
7313,43.87168352891325,39.31417658000649,7150000.0,2450000.0
7314,43.97888164837914,39.27456001716239,7160000.0,2450000.0
7315,39.090136592531444,41.02116127615699,6710000.0,2460000.0
7316,39.20214641139893,40.986838550178625,6720000.0,2460000.0
7317,39.3140510165605,40.95239027497206,6730000.0,2460000.0
7318,39.42585027707622,40.9178166329951,6740000.0,2460000.0
7319,39.53754406465224,40.883117806757376,6750000.0,2460000.0
7320,39.64913225363338,40.848293978814766,6760000.0,2460000.0
7321,39.7606147209957,40.813345331763884,6770000.0,2460000.0
7322,39.87199134633889,40.77827204823652,6780000.0,2460000.0
7323,39.98326201187869,40.743074310894194,6790000.0,2460000.0
7324,40.09442660243918,40.70775230242262,6800000.0,2460000.0
7325,40.205485005444906,40.672306205526304,6810000.0,2460000.0
7326,40.31643711091315,40.63673620292307,6820000.0,2460000.0
7327,40.42728281144583,40.601042477338765,6830000.0,2460000.0
7328,40.53802200222154,40.565225211501776,6840000.0,2460000.0
7329,40.64865458098746,40.52928458813773,6850000.0,2460000.0
7330,40.75918044805119,40.493220789964184,6860000.0,2460000.0
7331,40.86959950627244,40.45703399968533,6870000.0,2460000.0
7332,40.97991166105477,40.42072439998667,6880000.0,2460000.0
7333,41.090116820337194,40.384292173529865,6890000.0,2460000.0
7334,41.20021489458566,40.34773750294743,6900000.0,2460000.0
7335,41.310205796784686,40.311060570837654,6910000.0,2460000.0
7336,41.420089442428555,40.27426155975927,6920000.0,2460000.0
7337,41.52986574951285,40.23734065222648,6930000.0,2460000.0
7338,41.63953463852562,40.200298030703756,6940000.0,2460000.0
7339,41.749096032438686,40.16313387760076,6950000.0,2460000.0
7340,41.85854985669872,40.125848375267346,6960000.0,2460000.0
7341,41.96789603921845,40.088441705988444,6970000.0,2460000.0
7342,42.07713451036759,40.05091405197914,6980000.0,2460000.0
7343,42.18626520296392,40.0132655953796,6990000.0,2460000.0
7344,42.295288052264176,39.97549651825025,7000000.0,2460000.0
7345,42.404202995954954,39.93760700256675,7010000.0,2460000.0
7346,42.51300997414351,39.89959723021511,7020000.0,2460000.0
7347,42.62170892934855,39.86146738298687,7030000.0,2460000.0
7348,42.73029980649094,39.82321764257424,7040000.0,2460000.0
7349,42.83878255288446,39.78484819056528,7050000.0,2460000.0
7350,42.94715711822628,39.74635920843909,7060000.0,2460000.0
7351,43.05542345458767,39.70775087756114,7070000.0,2460000.0
7352,43.1635815164045,39.6690233791784,7080000.0,2460000.0
7353,43.27163126046771,39.630176894414795,7090000.0,2460000.0
7354,43.37957264591379,39.5912116042664,7100000.0,2460000.0
7355,43.48740563421516,39.5521276895969,7110000.0,2460000.0
7356,43.59513018917054,39.512925331132884,7120000.0,2460000.0
7357,43.7027462768953,39.4736047094593,7130000.0,2460000.0
7358,43.8102538658117,39.434166005014866,7140000.0,2460000.0
7359,43.917652926639214,39.39460939808763,7150000.0,2460000.0
7360,44.02494343238469,39.354935068810285,7160000.0,2460000.0
7361,39.24377562259327,41.06963547433597,6720000.0,2470000.0
7362,39.355796568637786,41.03513341751582,6730000.0,2470000.0
7363,39.46771160707999,41.000505877064406,6740000.0,2470000.0
7364,39.579520609811986,40.96575303646556,6750000.0,2470000.0
7365,39.69122345138159,40.930875079247734,6760000.0,2470000.0
7366,39.802820008984774,40.89587218897843,6770000.0,2470000.0
7367,39.91431016245801,40.8607445492585,6780000.0,2470000.0
7368,40.02569379427045,40.82549234371682,6790000.0,2470000.0
7369,40.136970789516134,40.79011575600462,6800000.0,2470000.0
7370,40.24814103590606,40.75461496979009,6810000.0,2470000.0
7371,40.359204423760154,40.71899016875289,6820000.0,2470000.0
7372,40.47016084599926,40.68324153657875,6830000.0,2470000.0
7373,40.58101019813689,40.64736925695404,6840000.0,2470000.0
7374,40.691752378271055,40.61137351356044,6850000.0,2470000.0
7375,40.80238728707595,40.57525449006951,6860000.0,2470000.0
7376,40.9129148277936,40.539012370137435,6870000.0,2470000.0
7377,41.023334906225344,40.50264733739972,6880000.0,2470000.0
7378,41.1336474307234,40.46615957546589,6890000.0,2470000.0
7379,41.243852312182206,40.42954926791425,6900000.0,2470000.0
7380,41.35394946402983,40.39281659828668,6910000.0,2470000.0
7381,41.46393880221922,40.35596175008346,6920000.0,2470000.0
7382,41.57382024521942,40.31898490675806,6930000.0,2470000.0
7383,41.68359371400672,40.28188625171206,6940000.0,2470000.0
7384,41.793259132055795,40.24466596828994,6950000.0,2470000.0
7385,41.902816425330656,40.20732423977413,6960000.0,2470000.0
7386,42.01226552227571,40.16986124937988,6970000.0,2470000.0
7387,42.12160635380659,40.132277180250185,6980000.0,2470000.0
7388,42.23083885330108,40.09457221545089,6990000.0,2470000.0
7389,42.339962956589886,40.05674653796564,7000000.0,2470000.0
7390,42.44897860194742,40.01880033069096,7010000.0,2470000.0
7391,42.557885730082425,39.980733776431336,7020000.0,2470000.0
7392,42.66668428412868,39.9425470578943,7030000.0,2470000.0
7393,42.77537420963559,39.90424035768561,7040000.0,2470000.0
7394,42.8839554545587,39.86581385830439,7050000.0,2470000.0
7395,42.992427969250215,39.82726774213832,7060000.0,2470000.0
7396,43.100791706449456,39.78860219145885,7070000.0,2470000.0
7397,43.209046621273245,39.74981738841647,7080000.0,2470000.0
7398,43.31719267120626,39.710913515035976,7090000.0,2470000.0
7399,43.4252298160914,39.671890753211756,7100000.0,2470000.0
7400,43.533158018120005,39.63274928470318,7110000.0,2470000.0
7401,43.64097724182215,39.59348929112989,7120000.0,2470000.0
7402,43.748687454056764,39.55411095396723,7130000.0,2470000.0
7403,43.85628862400185,39.51461445454168,7140000.0,2470000.0
7404,43.963780723144616,39.47499997402623,7150000.0,2470000.0
7405,44.07116372527148,39.43526769343597,7160000.0,2470000.0
7406,39.956781941898974,40.94318161269757,6780000.0,2480000.0
7407,40.068278760954776,40.90787475122671,6790000.0,2480000.0
7408,40.179668378611005,40.872443396518136,6800000.0,2480000.0
7409,40.290950682876236,40.83688773320887,6810000.0,2480000.0
7410,40.40212556438431,40.80120794594552,6820000.0,2480000.0
7411,40.513192916386274,40.76540421937882,6830000.0,2480000.0
7412,40.624152634741996,40.72947673815819,6840000.0,2480000.0
7413,40.735004617911855,40.693425686926325,6850000.0,2480000.0
7414,40.845748766948304,40.65725125031384,6860000.0,2480000.0
7415,40.95638498548733,40.62095361293391,6870000.0,2480000.0
7416,41.06691317973994,40.58453295937691,6880000.0,2480000.0
7417,41.1773332584834,40.54798947420516,6890000.0,2480000.0
7418,41.28764513305265,40.5113233419476,6900000.0,2480000.0
7419,41.397848717331435,40.47453474709462,6910000.0,2480000.0
7420,41.507943927743476,40.437623874092765,6920000.0,2480000.0
7421,41.61793068324356,40.40059090733957,6930000.0,2480000.0
7422,41.72780890530854,40.363436031178445,6940000.0,2480000.0
7423,41.83757851792837,40.326159429893416,6950000.0,2480000.0
7424,41.94723944759689,40.288761287704176,6960000.0,2480000.0
7425,42.05679162330276,40.251241788760865,6970000.0,2480000.0
7426,42.1662349765202,40.21360111713906,6980000.0,2480000.0
7427,42.27556944119972,40.175839456834815,6990000.0,2480000.0
7428,42.3847949537588,40.137956991759566,7000000.0,2480000.0
7429,42.493911453072485,40.099953905735205,7010000.0,2480000.0
7430,42.602918880464,40.061830382489134,7020000.0,2480000.0
7431,42.711817179695196,40.023586605649335,7030000.0,2480000.0
7432,42.82060629695705,39.985222758739546,7040000.0,2480000.0
7433,42.92928618086009,39.94673902517427,7050000.0,2480000.0
7434,43.03785678242471,39.908135588254105,7060000.0,2480000.0
7435,43.146318055071525,39.86941263116085,7070000.0,2480000.0
7436,43.25466995461166,39.83057033695272,7080000.0,2480000.0
7437,43.362912439236915,39.79160888855962,7090000.0,2480000.0
7438,43.47104546951006,39.752528468778515,7100000.0,2480000.0
7439,43.57906900835485,39.713329260268566,7110000.0,2480000.0
7440,43.68698302104619,39.67401144554663,7120000.0,2480000.0
7441,43.794787475200266,39.63457520698254,7130000.0,2480000.0
7442,43.90248234076444,39.59502072679457,7140000.0,2480000.0
7443,44.01006759000734,39.55534818704477,7150000.0,2480000.0
7444,44.11754319750879,39.515557769634505,7160000.0,2480000.0
7445,44.224909140149684,39.475649656299915,7170000.0,2480000.0
7446,44.332165397101974,39.4356240286074,7180000.0,2480000.0
7447,40.22252007351372,40.95473512617247,6800000.0,2490000.0
7448,40.333914649651526,40.919124397251466,6810000.0,2490000.0
7449,40.44520123556691,40.88338943523212,6820000.0,2490000.0
7450,40.55637972485263,40.84753042573528,6830000.0,2490000.0
7451,40.66745001372649,40.81154755437849,6840000.0,2490000.0
7452,40.77841200102295,40.77544100677056,6850000.0,2490000.0
7453,40.88926558818448,40.73921096850618,6860000.0,2490000.0
7454,41.000010679252966,40.702857625160455,6870000.0,2490000.0
7455,41.11064718086101,40.66638116228363,6880000.0,2490000.0
7456,41.221175002223056,40.629781765395705,6890000.0,2490000.0
7457,41.33159405512667,40.59305961998122,6900000.0,2490000.0
7458,41.44190425392353,40.556214911483856,6910000.0,2490000.0
7459,41.55210551552048,40.519247825301285,6920000.0,2490000.0
7460,41.662197759370464,40.482158546779935,6930000.0,2490000.0
7461,41.77218090746343,40.444947261209734,6940000.0,2490000.0
7462,41.88205488431714,40.40761415381904,6950000.0,2490000.0
7463,41.99181961696798,40.37015940976946,6960000.0,2490000.0
7464,42.1014750349616,40.33258321415069,6970000.0,2490000.0
7465,42.211021070343605,40.294885751975556,6980000.0,2490000.0
7466,42.32045765765011,40.257067208174874,6990000.0,2490000.0
7467,42.42978473389837,40.21912776759243,7000000.0,2490000.0
7468,42.53900223857714,40.18106761498,7010000.0,2490000.0
7469,42.64811011363717,40.14288693499241,7020000.0,2490000.0
7470,42.75710830348158,40.10458591218258,7030000.0,2490000.0
7471,42.865996754956186,40.06616473099656,7040000.0,2490000.0
7472,42.97477541733976,40.02762357576873,7050000.0,2490000.0
7473,43.083444242334295,39.988962630716905,7060000.0,2490000.0
7474,43.19200318405513,39.95018207993751,7070000.0,2490000.0
7475,43.30045219902119,39.91128210740083,7080000.0,2490000.0
7476,43.40879124614494,39.872262896946175,7090000.0,2490000.0
7477,43.51702028672262,39.83312463227716,7100000.0,2490000.0
7478,43.62513928442406,39.793867496957056,7110000.0,2490000.0
7479,43.733148205282795,39.75449167440402,7120000.0,2490000.0
7480,43.84104701768592,39.71499734788652,7130000.0,2490000.0
7481,43.94883569236405,39.67538470051867,7140000.0,2490000.0
7482,44.05651420238112,39.635653915255645,7150000.0,2490000.0
7483,44.16408252312421,39.595805174889136,7160000.0,2490000.0
7484,44.271540632293366,39.555838662042774,7170000.0,2490000.0
7485,44.378888509891325,39.515754559167675,7180000.0,2490000.0
7486,40.488432144221306,40.96553453630753,6820000.0,2500000.0
7487,40.59972197776144,40.92962005460506,6830000.0,2500000.0
7488,40.710903040882556,40.893581603836886,6840000.0,2500000.0
7489,40.821975232805016,40.85741937058302,6850000.0,2500000.0
7490,40.932938455373304,40.8211335414072,6860000.0,2500000.0
7491,41.04379261304726,40.784724302851565,6870000.0,2500000.0
7492,41.1545376128932,40.748191841431165,6880000.0,2500000.0
7493,41.265173364575,40.711536343628694,6890000.0,2500000.0
7494,41.37569978034522,40.6747579958891,6900000.0,2500000.0
7495,41.48611677503586,40.637856984614345,6910000.0,2500000.0
7496,41.596424266049404,40.600833496158,6920000.0,2500000.0
7497,41.706622173349544,40.563687716820205,6930000.0,2500000.0
7498,41.816710419451994,40.526419832842265,6940000.0,2500000.0
7499,41.926688929415135,40.48903003040152,6950000.0,2500000.0
7500,42.03655763083066,40.45151849560625,6960000.0,2500000.0
7501,42.14631645381416,40.413885414490444,6970000.0,2500000.0
7502,42.2559653309956,40.376130973008735,6980000.0,2500000.0
7503,42.365504197509836,40.338255357031336,6990000.0,2500000.0
7504,42.47493299098694,40.30025875233898,7000000.0,2500000.0
7505,42.58425165154264,40.26214134461789,7010000.0,2500000.0
7506,42.69346012176849,40.22390331945479,7020000.0,2500000.0
7507,42.80255834672223,40.185544862331966,7030000.0,2500000.0
7508,42.91154627391789,40.147066158622316,7040000.0,2500000.0
7509,43.02042385331604,40.108467393584434,7050000.0,2500000.0
7510,43.129191037313745,40.06974875235777,7060000.0,2500000.0
7511,43.237847780734725,40.030910419957735,7070000.0,2500000.0
7512,43.34639404081934,39.991952581270915,7080000.0,2500000.0
7513,43.454829777214464,39.9528754210503,7090000.0,2500000.0
7514,43.563154951963554,39.91367912391044,7100000.0,2500000.0
7515,43.67136952949639,39.87436387432288,7110000.0,2500000.0
7516,43.77947347661899,39.83492985661126,7120000.0,2500000.0
7517,43.88746676250335,39.79537725494679,7130000.0,2500000.0
7518,43.995349358677295,39.75570625334354,7140000.0,2500000.0
7519,44.10312123901409,39.71591703565387,7150000.0,2500000.0
7520,44.21078237972219,39.676009785563785,7160000.0,2500000.0
7521,44.31833275933492,39.63598468658845,7170000.0,2500000.0
7522,44.42577235870004,39.595841922067606,7180000.0,2500000.0
7523,40.531819001418754,41.047643147822846,6820000.0,2510000.0
7524,40.64322038561892,41.01167300389831,6830000.0,2510000.0
7525,40.75451242613045,40.97557878370549,6840000.0,2510000.0
7526,40.8656950225717,40.93936067480068,6850000.0,2510000.0
7527,40.976768077201285,40.90301886472182,6860000.0,2510000.0
7528,41.08773149490922,40.86655354098305,6870000.0,2510000.0
7529,41.19858518320792,40.82996489106929,6880000.0,2510000.0
7530,41.30932905222309,40.79325310243084,6890000.0,2510000.0
7531,41.41996301468473,40.756418362478065,6900000.0,2510000.0
7532,41.530486985917825,40.719460858576014,6910000.0,2510000.0
7533,41.64090088383314,40.68238077803916,6920000.0,2510000.0
7534,41.75120462891793,40.6451783081261,6930000.0,2510000.0
7535,41.86139814422646,40.60785363603433,6940000.0,2510000.0
7536,41.9714813553707,40.570406948894984,6950000.0,2510000.0
7537,42.08145419051066,40.532838433767715,6960000.0,2510000.0
7538,42.19131658034496,40.4951482776355,6970000.0,2510000.0
7539,42.30106845810113,40.45733666739945,6980000.0,2510000.0
7540,42.410709759525915,40.419403789873854,6990000.0,2510000.0
7541,42.520240422875624,40.38134983178093,7000000.0,2510000.0
7542,42.62966038890624,40.343174979745925,7010000.0,2510000.0
7543,42.73896960086365,40.304879420292,7020000.0,2510000.0
7544,42.84816800447369,40.26646333983534,7030000.0,2510000.0
7545,42.95725554793227,40.227926924680084,7040000.0,2510000.0
7546,43.06623218189531,40.18927036101351,7050000.0,2510000.0
7547,43.17509785946874,40.150493834901056,7060000.0,2510000.0
7548,43.283852536198395,40.111597532281465,7070000.0,2510000.0
7549,43.392496170059914,40.072581638962,7080000.0,2510000.0
7550,43.501028721448506,40.03344634061356,7090000.0,2510000.0
7551,43.60945015316877,39.99419182276595,7100000.0,2510000.0
7552,43.71776043042447,39.95481827080312,7110000.0,2510000.0
7553,43.825959520808134,39.91532586995841,7120000.0,2510000.0
7554,43.93404739429082,39.875714805309926,7130000.0,2510000.0
7555,44.04202402321166,39.835985261775804,7140000.0,2510000.0
7556,44.14988938226753,39.796137424109624,7150000.0,2510000.0
7557,44.257643448502506,39.756171476895794,7160000.0,2510000.0
7558,44.365286201297465,39.71608760454499,7170000.0,2510000.0
7559,40.68687566310017,41.09368917047083,6830000.0,2520000.0
7560,40.7982788835441,41.05753899009901,6840000.0,2520000.0
7561,40.909572083774954,41.02126481480022,6850000.0,2520000.0
7562,41.02075516647779,40.98486683309166,6860000.0,2520000.0
7563,41.13182803698522,40.94834523346454,6870000.0,2520000.0
7564,41.242790603268205,40.91170020437865,6880000.0,2520000.0
7565,41.35364277592692,40.87493193425698,6890000.0,2520000.0
7566,41.464384468181485,40.83804061148016,6900000.0,2520000.0
7567,41.57501559586261,40.80102642438137,6910000.0,2520000.0
7568,41.68553607740224,40.7638895612408,6920000.0,2520000.0
7569,41.79594583382409,40.72663021028041,6930000.0,2520000.0
7570,41.90624478873408,40.68924855965868,6940000.0,2520000.0
7571,42.016432868310794,40.651744797465355,6950000.0,2520000.0
7572,42.126510001295784,40.614119111716235,6960000.0,2520000.0
7573,42.23647611898398,40.57637169034794,6970000.0,2520000.0
7574,42.34633115521375,40.53850272121283,6980000.0,2520000.0
7575,42.456075046357235,40.500512392073844,6990000.0,2520000.0
7576,42.5657077313104,40.462400890599355,7000000.0,2520000.0
7577,42.67522915148311,40.42416840435819,7010000.0,2520000.0
7578,42.784639250789155,40.38581512081453,7020000.0,2520000.0
7579,42.89393797563621,40.34734122732291,7030000.0,2520000.0
7580,43.003125274915774,40.30874691112325,7040000.0,2520000.0
7581,43.112201099993015,40.27003235933591,7050000.0,2520000.0
7582,43.22116540469658,40.23119775895673,7060000.0,2520000.0
7583,43.33001814530839,40.1922432968522,7070000.0,2520000.0
7584,43.43875928055336,40.15316915975453,7080000.0,2520000.0
7585,43.547388771589105,40.113975534256916,7090000.0,2520000.0
7586,43.65590658199553,40.07466260680858,7100000.0,2520000.0
7587,43.764312677764515,40.03523056371016,7110000.0,2520000.0
7588,43.87260702728937,39.99567959110892,7120000.0,2520000.0
7589,43.98078960135445,39.956009874993946,7130000.0,2520000.0
7590,44.08886037312462,39.91622160119162,7140000.0,2520000.0
7591,44.19681931813468,39.87631495536083,7150000.0,2520000.0
7592,44.304666414278785,39.83629012298844,7160000.0,2520000.0
7593,44.41240164179986,39.79614728938463,7170000.0,2520000.0
7594,44.52002498327892,39.75588663967839,7180000.0,2520000.0
7595,40.84220313137701,41.13946211806724,6840000.0,2530000.0
7596,40.953607134030705,41.10313168489035,6850000.0,2530000.0
7597,41.06490044016045,41.066677340087395,6860000.0,2530000.0
7598,41.17608295555399,41.03009927313178,6870000.0,2530000.0
7599,41.28715458865355,40.99339767346321,6880000.0,2530000.0
7600,41.3981152505465,40.956572730482314,6890000.0,2530000.0
7601,41.508964854956005,40.91962463354512,6900000.0,2530000.0
7602,41.619703318231416,40.882553571957786,6910000.0,2530000.0
7603,41.73033055933889,40.84535973497113,6920000.0,2530000.0
7604,41.84084649985172,40.80804331177541,6930000.0,2530000.0
7605,41.95125106394067,40.770604491494936,6940000.0,2530000.0
7606,42.061544178364244,40.73304346318285,6950000.0,2530000.0
7607,42.17172577245895,40.69536041581585,6960000.0,2530000.0
7608,42.281795778129364,40.657555538289024,6970000.0,2530000.0
7609,42.39175412983833,40.61962901941062,6980000.0,2530000.0
7610,42.501600764596894,40.581581047896904,6990000.0,2530000.0
7611,42.61133562195438,40.543411812367104,7000000.0,2530000.0
7612,42.72095864398827,40.50512150133816,7010000.0,2530000.0
7613,42.83046977529407,40.46671030321986,7020000.0,2530000.0
7614,42.93986896297517,40.42817840630965,7030000.0,2530000.0
7615,43.04915615663259,40.38952599878768,7040000.0,2530000.0
7616,43.15833130835475,40.35075326871188,7050000.0,2530000.0
7617,43.2673943727071,40.311860404012926,7060000.0,2530000.0
7618,43.37634530672177,40.2728475924894,7070000.0,2530000.0
7619,43.485184069887154,40.233715021802865,7080000.0,2530000.0
7620,43.59391062413751,40.19446287947306,7090000.0,2530000.0
7621,44.13585909924264,39.99641514582924,7140000.0,2530000.0
7622,44.24391173625957,39.95644950300564,7150000.0,2530000.0
7623,44.35185196549721,39.91636559680339,7160000.0,2530000.0
7624,44.45967976807519,39.876163613436205,7170000.0,2530000.0
7625,44.56739512746309,39.83584373893372,7180000.0,2530000.0
7626,40.99780089514452,41.184961178304114,6850000.0,2540000.0
7627,41.109204619380584,41.148450278201125,6860000.0,2540000.0
7628,41.22049697105194,41.11181555173901,6870000.0,2540000.0
7629,41.33167785908496,41.07505718934249,6880000.0,2540000.0
7630,41.442747195067156,41.03817538139491,6890000.0,2540000.0
7631,41.55370489323769,41.00117031823263,6900000.0,2540000.0
7632,41.6645508704778,40.964042190139814,6910000.0,2540000.0
7633,41.775285046301015,40.92679118734286,6920000.0,2540000.0
7634,41.88590734284352,40.889417500005194,6930000.0,2540000.0
7635,41.99641768485431,40.851921318221834,6940000.0,2540000.0
7636,42.10681599968529,40.814302832014164,6950000.0,2540000.0
7637,42.2171022172814,40.77656223132459,6960000.0,2540000.0
7638,42.32727627017059,40.73869970601142,6970000.0,2540000.0
7639,42.43733809345379,40.700715445843514,6980000.0,2540000.0
7640,42.547287624794784,40.66260964049519,6990000.0,2540000.0
7641,42.65712480441009,40.6243824795411,7000000.0,2540000.0
7642,42.766849575058714,40.58603415245105,7010000.0,2540000.0
7643,42.876461882031876,40.54756484858492,7020000.0,2540000.0
7644,42.98596167314272,40.50897475718762,7030000.0,2540000.0
7645,43.09534889871596,40.470264067384115,7040000.0,2540000.0
7646,43.20462351157742,40.43143296817431,7050000.0,2540000.0
7647,43.313785467043594,40.392481648428195,7060000.0,2540000.0
7648,43.42283472291113,40.35341029688085,7070000.0,2540000.0
7649,43.53177123944631,40.314219102127566,7080000.0,2540000.0
7650,43.6405949793744,40.27490825261891,7090000.0,2540000.0
7651,44.29116732995593,40.03654093949481,7150000.0,2540000.0
7652,41.15366842946892,41.2301855388386,6860000.0,2550000.0
7653,41.26507080809864,41.19349395995123,6870000.0,2550000.0
7654,41.37636113845018,41.15667864194393,6880000.0,2550000.0
7655,41.48753933262434,41.11973977618778,6890000.0,2550000.0
7656,41.59860530538957,41.08267755400458,6900000.0,2550000.0
7657,41.709558974172204,41.04549216666145,6910000.0,2550000.0
7658,41.8204002590466,41.008183805365384,6920000.0,2550000.0
7659,41.931129082725334,40.970752661257855,6930000.0,2550000.0
7660,42.04174537054914,40.93319892540951,6940000.0,2550000.0
7661,42.15224905047703,40.8955227888148,6950000.0,2550000.0
7662,42.2626400530761,40.85772444238672,6960000.0,2550000.0
7663,42.37291831151144,40.819804076951506,6970000.0,2550000.0
7664,42.483083761536,40.78176188324342,6980000.0,2550000.0
7665,42.593136341480225,40.74359805189958,6990000.0,2550000.0
7666,42.703075992241864,40.7053127734547,7000000.0,2550000.0
7667,42.812902657275565,40.66690623833603,7010000.0,2550000.0
7668,42.92261628258242,40.62837863685826,7020000.0,2550000.0
7669,43.03221681669959,40.5897301592183,7030000.0,2550000.0
7670,43.14170421068974,40.55096099549041,7040000.0,2550000.0
7671,43.2510784181305,40.512071335621016,7050000.0,2550000.0
7672,43.360339395103836,40.47306136942385,7060000.0,2550000.0
7673,43.46948710018542,40.433931286574946,7070000.0,2550000.0
7674,43.578521494433936,40.394681276607656,7080000.0,2550000.0
7675,41.198292599981386,41.31188301231145,6860000.0,2560000.0
7676,41.30980519552229,41.27513438733636,6870000.0,2560000.0
7677,41.42120515482897,41.23826192009495,6880000.0,2560000.0
7678,41.53249239052886,41.20126580295116,6890000.0,2560000.0
7679,41.64366681793307,41.164146228217284,6900000.0,2560000.0
7680,41.75472835502656,41.126903388148385,6910000.0,2560000.0
7681,41.865676922458064,41.08953747493702,6920000.0,2560000.0
7682,41.97651244353023,41.05204868070775,6930000.0,2560000.0
7683,42.087234844189325,41.0144371975117,6940000.0,2560000.0
7684,42.197844053015224,40.97670321732129,6950000.0,2560000.0
7685,42.308340001211135,40.93884693202491,6960000.0,2560000.0
7686,42.41872262259332,40.900868533421566,6970000.0,2560000.0
7687,42.52899185358075,40.8627682132157,6980000.0,2560000.0
7688,42.63914763318472,40.824546163011924,6990000.0,2560000.0
7689,42.74918990299842,40.78620257430975,7000000.0,2560000.0
7690,42.85911860718638,40.74773763849854,7010000.0,2560000.0
7691,42.968933692473996,40.70915154685234,7020000.0,2560000.0
7692,43.078635108136815,40.67044449052472,7030000.0,2560000.0
7693,43.18822280598995,40.63161666054377,7040000.0,2560000.0
7694,43.29769674037741,40.592668247806955,7050000.0,2560000.0
7695,43.40705686816124,40.553599443076216,7060000.0,2560000.0
7696,43.5163031487108,40.514410436972945,7070000.0,2560000.0
7697,41.35470086638544,41.35673672235737,6870000.0,2570000.0
7698,41.466210640518625,41.319806911515194,6880000.0,2570000.0
7699,41.57760710029205,41.28275334866465,6890000.0,2570000.0
7700,41.688890161573106,41.245576227113524,6900000.0,2570000.0
7701,41.800059742919025,41.20827574010999,6910000.0,2570000.0
7702,41.91111576556676,41.17085208083716,6920000.0,2570000.0
7703,42.02205815342283,41.133305442407554,6930000.0,2570000.0
7704,42.132886833053,41.095636017857814,6940000.0,2570000.0
7705,42.243601733672044,41.057844000143206,6950000.0,2570000.0
7706,42.35420278713337,41.01992958213237,6960000.0,2570000.0
7707,42.46468992791855,40.981892956601925,6970000.0,2570000.0
7708,42.57506309312688,40.94373431623125,6980000.0,2570000.0
7709,42.68532222246483,40.90545385359719,6990000.0,2570000.0
7710,42.79546725823541,40.86705176116882,7000000.0,2570000.0
7711,42.90549814532758,40.82852823130229,7010000.0,2570000.0
7712,43.01541483120546,40.78988345623564,7020000.0,2570000.0
7713,43.12521726589768,40.7511176280837,7030000.0,2570000.0
7714,43.23490540198648,40.712230938832924,7040000.0,2570000.0
7715,43.34447919459696,40.673223580336376,7050000.0,2570000.0
7716,43.453938601386035,40.63409574430872,7060000.0,2570000.0
7717,43.56328358253164,40.59484762232114,7070000.0,2570000.0
7718,41.51137833205955,41.4013135028085,6880000.0,2580000.0
7719,41.62288419765113,41.36420229918913,6890000.0,2580000.0
7720,41.73427607122313,41.3269674358147,6900000.0,2580000.0
7721,41.84555387191896,41.28960910693151,6910000.0,2580000.0
7722,41.95671752157767,41.25212750671821,6920000.0,2580000.0
7723,42.06776694472376,41.21452282928038,6930000.0,2580000.0
7724,42.17870206855657,41.17679526864505,6940000.0,2580000.0
7725,42.28952282294003,41.13894501875531,6950000.0,2580000.0
7726,42.400229140392014,41.100972273464905,6960000.0,2580000.0
7727,42.5108209560738,41.062877226532926,6970000.0,2580000.0
7728,42.62129820777947,41.024660071618506,6980000.0,2580000.0
7729,42.731660835925126,40.98632100227549,6990000.0,2580000.0
7730,42.841908783538244,40.947860211947265,7000000.0,2580000.0
7731,42.95204199624683,40.90927789396145,7010000.0,2580000.0
7732,43.06206042226852,40.87057424152474,7020000.0,2580000.0
7733,43.17196401239979,40.831749447717826,7030000.0,2580000.0
7734,43.281752720004874,40.79280370549015,7040000.0,2580000.0
7735,43.391426501004865,40.753737207654936,7050000.0,2580000.0
7736,43.50098531386662,40.71455014688404,7060000.0,2580000.0
7737,43.610429119591615,40.675242715702936,7070000.0,2580000.0
7738,41.55670897026099,41.48278157945488,6880000.0,2590000.0
7739,41.66832442259475,41.44561253925893,6890000.0,2590000.0
7740,41.779825286030466,41.40831973831276,6900000.0,2590000.0
7741,41.891211480311796,41.37090337186591,6910000.0,2590000.0
7742,42.002482927894114,41.33336363509769,6920000.0,2590000.0
7743,42.11363955393404,41.2957007231117,6930000.0,2590000.0
7744,42.224681286278894,41.25791483093035,6940000.0,2590000.0
7745,42.33560805545612,41.22000615348949,6950000.0,2590000.0
7746,42.446419794662546,41.18197488563291,6960000.0,2590000.0
7747,42.55711643975374,41.14382122210702,6970000.0,2590000.0
7748,42.66769792923315,41.10554535755555,6980000.0,2590000.0
7749,42.778164204241286,41.06714748651415,6990000.0,2590000.0
7750,42.88851520854486,41.028627803405215,7000000.0,2590000.0
7751,42.99875088852575,40.98998650253257,7010000.0,2590000.0
7752,43.10887119317009,40.951223778076304,7020000.0,2590000.0
7753,43.218876074057114,40.91233982408755,7030000.0,2590000.0
7754,43.32876548534817,40.873334834483416,7040000.0,2590000.0
7755,43.438539383775456,40.83420900304175,7050000.0,2590000.0
7756,43.548197728630875,40.79496252339616,7060000.0,2590000.0
7757,43.6577404817548,40.755595589030946,7070000.0,2590000.0
7758,41.937033310624365,41.452158417025885,6910000.0,2600000.0
7759,42.0484127261427,41.41456034735005,6920000.0,2600000.0
7760,42.15967672175991,41.37683900454125,6930000.0,2600000.0
7761,42.27082522598576,41.338994584622306,6940000.0,2600000.0
7762,42.381858170025815,41.30102728352674,6950000.0,2600000.0
7763,42.49277548777057,41.26293729709331,6960000.0,2600000.0
7764,42.603577115784596,41.224724821060676,6970000.0,2600000.0
7765,42.714262993295556,41.186390051061984,6980000.0,2600000.0
7766,42.82483306218329,41.14793318261952,6990000.0,2600000.0
7767,42.935287266968686,41.10935441113947,7000000.0,2600000.0
7768,43.045625554802584,41.0706539319066,7010000.0,2600000.0
7769,43.15584787545468,41.031831940079066,7020000.0,2600000.0
7770,43.26595418130224,40.99288863068317,7030000.0,2600000.0
7771,43.37594442731887,40.95382419860817,7040000.0,2600000.0
7772,43.48581857106326,40.91463883860125,7050000.0,2600000.0
7773,43.59557657266774,40.8753327452623,7060000.0,2600000.0
7774,42.20587919313751,41.457937553054954,6930000.0,2610000.0
7775,42.317134631654405,41.420034408473,6940000.0,2610000.0
7776,42.42827390964751,41.382008286888905,6950000.0,2610000.0
7777,42.53929696171588,41.34385938514137,6960000.0,2610000.0
7778,42.65020372514801,41.30558789996619,6970000.0,2610000.0
7779,42.76099413991088,41.26719402799079,6980000.0,2610000.0
7780,42.87166814863867,41.22867796572895,6990000.0,2610000.0
7781,42.98222569662169,41.19003990957543,7000000.0,2610000.0
7782,43.09266673179496,41.15128005580073,7010000.0,2610000.0
7783,43.202991204727056,41.11239860054572,7020000.0,2610000.0
7784,43.31319906860865,41.07339573981656,7030000.0,2610000.0
7785,43.42329027924107,41.034271669479395,7040000.0,2610000.0
7786,43.53326479502497,40.995026585255246,7050000.0,2610000.0
7787,42.58598496269658,41.4247410259025,6960000.0,2620000.0
7788,42.69699701300497,41.38641033422347,6970000.0,2620000.0
7789,42.80789211318346,41.34795716302013,6980000.0,2620000.0
7790,42.91867020663596,41.309381709802565,6990000.0,2620000.0
7791,43.029331239437525,41.27068417195891,7000000.0,2620000.0
7792,43.13987516032283,41.231864746750155,7010000.0,2620000.0
7793,43.36061147451311,41.153861022613185,7030000.0,2620000.0
7794,42.63284024113342,41.50558209432396,6960000.0,2630000.0
7795,42.74395772871976,41.467191998051845,6970000.0,2630000.0
7796,42.85495766140164,41.42867932964508,6980000.0,2630000.0
7797,42.965839983368205,41.390044287614906,6990000.0,2630000.0
7798,42.79108662588411,41.547932764481594,6970000.0,2640000.0
