location_id,longitude,latitude,easting_m,northing_m
1,27.69836368910687,36.72096109074584,5900000.0,1700000.0
2,29.219352315419773,36.417191513385696,6040000.0,1700000.0
3,29.435717386047425,36.37179313674507,6060000.0,1700000.0
4,29.651846979451506,36.325896593947036,6080000.0,1700000.0
5,29.867739251599964,36.27950273785293,6100000.0,1700000.0
6,28.180481980929358,36.812778166161735,5940000.0,1720000.0
7,28.83383397052426,36.68220746960079,6000000.0,1720000.0
8,29.268243574844124,36.59264935767198,6040000.0,1720000.0
9,29.485095047916403,36.54711954207101,6060000.0,1720000.0
10,29.701708444928247,36.501090360535215,6080000.0,1720000.0
11,29.91808190571509,36.45456267568672,6100000.0,1720000.0
12,30.13421359609482,36.40753735580809,6120000.0,1720000.0
13,30.350101707955858,36.36001527472258,6140000.0,1720000.0
14,27.57032760776377,37.11519768140355,5880000.0,1740000.0
15,27.789523470531773,37.07357073840816,5900000.0,1740000.0
16,28.00849457438754,37.031436462820096,5920000.0,1740000.0
17,28.22723883579452,36.98879567715674,5940000.0,1740000.0
18,28.44575419669056,36.945649210603236,5960000.0,1740000.0
19,28.66403862461807,36.90199789889339,5980000.0,1740000.0
20,28.88209011284875,36.8578425841903,6000000.0,1740000.0
21,29.099906680503015,36.81318411496639,6020000.0,1740000.0
22,29.317486372664064,36.76802334588332,6040000.0,1740000.0
23,29.534827260486637,36.722361137671335,6060000.0,1740000.0
24,29.7519274413005,36.67619835700851,6080000.0,1740000.0
25,29.968785038708628,36.62953587639955,6100000.0,1740000.0
26,30.185398202680236,36.58237457405441,6120000.0,1740000.0
27,30.401765109638546,36.53471533376674,6140000.0,1740000.0
28,27.395957680602272,37.33275060519027,5860000.0,1760000.0
29,27.615891812868817,37.291509817212145,5880000.0,1760000.0
30,27.83560079611834,37.249759579890274,5900000.0,1760000.0
31,28.055082501628146,37.207500718476226,5920000.0,1760000.0
32,28.274334826403585,37.16473406506914,5940000.0,1760000.0
33,28.493355693314186,37.12146045849537,5960000.0,1760000.0
34,28.7121430512243,37.07768074418756,5980000.0,1760000.0
35,28.930694875118274,37.0333957740634,6000000.0,1760000.0
36,29.149009166220107,36.98860640640396,6020000.0,1760000.0
37,29.36708395210768,36.94331350573155,6040000.0,1760000.0
38,29.584917286821582,36.89751794268751,6060000.0,1760000.0
39,29.802507250968524,36.85122059390943,6080000.0,1760000.0
40,30.019851951819366,36.804422341908214,6100000.0,1760000.0
41,30.23694952340187,36.75712407494494,6120000.0,1760000.0
42,30.453798126588048,36.70932668690744,6140000.0,1760000.0
43,32.39394190600924,36.25683986364875,6320000.0,1760000.0
44,32.608205630981665,36.204101578044884,6340000.0,1760000.0
45,32.8222019486659,36.150874340066636,6360000.0,1760000.0
46,27.220656792268496,37.549961438045116,5840000.0,1780000.0
47,27.44133539370733,37.50910933878911,5860000.0,1780000.0
48,27.661788489963506,37.467745653388846,5880000.0,1780000.0
49,27.8820139063209,37.42587120970863,5900000.0,1780000.0
50,28.1020094940455,37.38348684264381,5920000.0,1780000.0
51,28.32177313052782,37.34059339399904,5940000.0,1780000.0
52,28.541302719419615,37.29719171236591,5960000.0,1780000.0
53,28.76059619076499,37.25328265300026,5980000.0,1780000.0
54,28.979651501125915,37.20886707769907,6000000.0,1780000.0
55,29.198466633702182,37.16394585467681,6020000.0,1780000.0
56,29.417039598445704,37.11851985844161,6040000.0,1780000.0
57,29.635368432169425,37.0725899696711,6060000.0,1780000.0
58,29.85345119865057,37.02615707508775,6080000.0,1780000.0
59,30.071285988728555,36.97922206733419,6100000.0,1780000.0
60,30.288870920397333,36.931785844848164,6120000.0,1780000.0
61,30.506204138892407,36.88384931173726,6140000.0,1780000.0
62,32.23559469029164,36.48245612885767,6300000.0,1780000.0
63,32.45058355687311,36.43005835830706,6320000.0,1780000.0
64,32.66530367625988,36.3771696024007,6340000.0,1780000.0
65,32.87975349757471,36.323790819315875,6360000.0,1780000.0
66,33.0939314978176,36.26992297139023,6380000.0,1780000.0
67,33.30783618188619,36.21556702499643,6400000.0,1780000.0
68,33.52146608259121,36.16072395041664,6420000.0,1780000.0
69,27.265841880490992,37.72636735156866,5840000.0,1800000.0
70,27.48704535792401,37.685392768940616,5860000.0,1800000.0
71,27.708020787457276,37.643905273565125,5880000.0,1800000.0
72,27.928765973795194,37.601905703011674,5900000.0,1800000.0
73,28.1492787480275,37.559394901944735,5920000.0,1800000.0
74,28.369556967772358,37.516373722000075,5940000.0,1800000.0
75,28.589598517313622,37.47284302166057,5960000.0,1800000.0
76,28.809401307732443,37.42880366613154,5980000.0,1800000.0
77,29.02896327703308,37.38425652721572,6000000.0,1800000.0
78,29.248282390263093,37.33920248318786,6020000.0,1800000.0
79,29.467356639627766,37.29364241866886,6040000.0,1800000.0
80,29.686184044598946,37.247577224499736,6060000.0,1800000.0
81,29.904762652018224,37.20100779761518,6080000.0,1800000.0
82,30.123090536194542,37.15393504091692,6100000.0,1800000.0
83,30.34116579899628,37.10635986314674,6120000.0,1800000.0
84,30.558986569937684,37.0582831787595,6140000.0,1800000.0
85,30.776551006259982,37.00970590779576,6160000.0,1800000.0
86,30.99385729300692,36.96062897575434,6180000.0,1800000.0
87,31.21090364309496,36.911053313464876,6200000.0,1800000.0
88,31.427688297378037,36.860979856960014,6220000.0,1800000.0
89,31.644209524707083,36.810409547347874,6240000.0,1800000.0
90,31.86046562198417,36.75934333068417,6260000.0,1800000.0
91,32.076454914211475,36.70778215784453,6280000.0,1800000.0
92,32.29217575453506,36.655726984396765,6300000.0,1800000.0
93,32.50762652428348,36.60317877047308,6320000.0,1800000.0
94,32.7228056330013,36.5501384806426,6340000.0,1800000.0
95,32.93771151847763,36.49660708378374,6360000.0,1800000.0
96,33.15234264676957,36.44258555295679,6380000.0,1800000.0
97,33.3666975122209,36.3880748652767,6400000.0,1800000.0
98,33.58077463747566,36.333076001786004,6420000.0,1800000.0
99,33.79457257348715,36.27758994732781,6440000.0,1800000.0
100,27.311358958073384,37.902698960976565,5840000.0,1820000.0
101,27.533090738537283,37.86160098201426,5860000.0,1820000.0
102,27.754591895620326,37.819988755567046,5880000.0,1820000.0
103,27.97586021327398,37.77786312903646,5900000.0,1820000.0
104,28.196893502245825,37.73522495698334,5920000.0,1820000.0
105,28.417689600223373,37.69207510100223,5940000.0,1820000.0
106,28.63824637197186,37.64841442959521,5960000.0,1820000.0
107,28.858561709466297,37.60424381804533,5980000.0,1820000.0
108,29.078633532017594,37.55956414828963,6000000.0,1820000.0
109,29.298459786392918,37.514376308791824,6020000.0,1820000.0
110,29.518038446930202,37.46868119441452,6040000.0,1820000.0
111,29.73736751564691,37.42247970629121,6060000.0,1820000.0
112,29.95644502234311,37.375772751697994,6080000.0,1820000.0
113,30.175269024698746,37.32856124392496,6100000.0,1820000.0
114,30.393837608365295,37.28084610214737,6120000.0,1820000.0
115,30.61214888705181,37.23262825129668,6140000.0,1820000.0
116,30.83020100260529,37.18390862193136,6160000.0,1820000.0
117,31.04799212508556,37.13468815010759,6180000.0,1820000.0
118,31.265520452834593,37.084967777249794,6200000.0,1820000.0
119,31.482784212540363,37.03474845002119,6220000.0,1820000.0
120,31.699781659295276,36.984031120194174,6240000.0,1820000.0
121,31.9165110766492,36.93281674452075,6260000.0,1820000.0
122,32.13297077665716,36.88110628460294,6280000.0,1820000.0
123,32.349159099921756,36.82890070676327,6300000.0,1820000.0
124,32.56507441563034,36.77620098191515,6320000.0,1820000.0
125,32.78071512158697,36.723008085433555,6340000.0,1820000.0
126,32.996079644239344,36.669322997025645,6360000.0,1820000.0
127,33.21116643870045,36.61514670060163,6380000.0,1820000.0
128,33.42597398876547,36.5604801841457,6400000.0,1820000.0
129,33.64050080692341,36.505324439587206,6420000.0,1820000.0
130,33.85474543436418,36.449680462671985,6440000.0,1820000.0
131,34.06870644098047,36.39354925283403,6460000.0,1820000.0
132,26.465870423617304,38.23867275156919,5760000.0,1840000.0
133,26.689043979858653,38.19952124103068,5780000.0,1840000.0
134,26.911993520894757,38.15985078541257,5800000.0,1840000.0
135,27.134716702455528,38.11966221191549,5820000.0,1840000.0
136,27.357211206847527,38.07895635546921,5840000.0,1840000.0
137,27.579474743122603,38.03773405860727,5860000.0,1840000.0
138,27.801505047240376,37.99599617134094,5880000.0,1840000.0
139,28.023299882224773,37.953743551032694,5900000.0,1840000.0
140,28.244857038314468,37.910977062269,5920000.0,1840000.0
141,28.46617433310727,37.867697576732795,5940000.0,1840000.0
142,28.68724961169849,37.82390597307529,5960000.0,1840000.0
143,28.908080746813397,37.77960313678756,5980000.0,1840000.0
144,29.128665638933644,37.7347899600714,6000000.0,1840000.0
145,29.3490022164177,37.68946734171024,6020000.0,1840000.0
146,29.569088435615473,37.64363618693926,6040000.0,1840000.0
147,29.788922280977005,37.59729740731551,6060000.0,1840000.0
148,30.008501765155213,37.550451920587655,6080000.0,1840000.0
149,30.227824929102965,37.50310065056537,6100000.0,1840000.0
150,30.44688984216426,37.455244526988686,6120000.0,1840000.0
151,30.665694602159682,37.406884485396986,6140000.0,1840000.0
152,30.884237335466146,37.35802146699796,6160000.0,1840000.0
153,31.10251619709097,37.30865641853633,6180000.0,1840000.0
154,31.32052937074031,37.25879029216251,6200000.0,1840000.0
155,31.53827506888201,37.208424045301314,6220000.0,1840000.0
156,31.755751532802954,37.157558640520314,6240000.0,1840000.0
157,31.972957032660844,37.10619504539854,6260000.0,1840000.0
158,32.18988986753062,37.05433423239497,6280000.0,1840000.0
159,32.406548365445424,37.00197717871704,6300000.0,1840000.0
160,32.62293088343228,36.949124866189415,6320000.0,1840000.0
161,32.839035807542466,36.895778281122645,6340000.0,1840000.0
162,33.05486155287663,36.84193841418205,6360000.0,1840000.0
163,33.2704065636048,36.78760626025678,6380000.0,1840000.0
164,33.48566931298123,36.73278281832892,6400000.0,1840000.0
165,33.70064830335417,36.67746909134289,6420000.0,1840000.0
166,33.91534206617074,36.62166608607511,6440000.0,1840000.0
167,34.12974916197677,36.56537481300372,6460000.0,1840000.0
168,36.04628988814197,36.03694969888044,6640000.0,1840000.0
169,36.257757535949914,35.97583204602361,6660000.0,1840000.0
170,26.509894140655756,38.41534329637798,5760000.0,1860000.0
171,26.733613282390447,38.3760720418057,5780000.0,1860000.0
172,26.957105854967303,38.33628045132845,5800000.0,1860000.0
173,27.180369491315965,38.295969361958136,5820000.0,1860000.0
174,27.403401851365395,38.25513961850895,5840000.0,1860000.0
175,27.626200622213666,38.21379207346999,5860000.0,1860000.0
176,27.84876351829153,38.17192758687727,5880000.0,1860000.0
177,28.071088281519785,38.129547026185065,5900000.0,1860000.0
178,28.293172681460486,38.08665126613683,5920000.0,1860000.0
179,28.515014515462006,38.043241188635555,5940000.0,1860000.0
180,28.73661160879791,37.999317682613594,5960000.0,1860000.0
181,28.95796181479973,37.95488164390224,5980000.0,1860000.0
182,29.179063014983665,37.90993397510068,6000000.0,1860000.0
183,29.399913119171195,37.86447558544469,6020000.0,1860000.0
184,29.620510065603604,37.81850739067495,6040000.0,1860000.0
185,29.84085182105059,37.77203031290516,6060000.0,1860000.0
186,30.06093638091282,37.725045280489645,6080000.0,1860000.0
187,30.280761769318534,37.677553227890996,6100000.0,1860000.0
188,30.500326039214297,37.62955509554718,6120000.0,1860000.0
189,30.71962727244983,37.581051829738854,6140000.0,1860000.0
190,30.938663579857067,37.53204438245612,6160000.0,1860000.0
191,31.15743310132335,37.48253371126544,6180000.0,1860000.0
192,31.375934005858948,37.43252077917636,6200000.0,1860000.0
193,31.594164491658834,37.382006554508166,6220000.0,1860000.0
194,31.812122786158863,37.3309920107565,6240000.0,1860000.0
195,32.029807146086306,37.27947812645998,6260000.0,1860000.0
196,32.247215857504855,37.2274658850669,6280000.0,1860000.0
197,32.464347235854135,37.17495627480183,6300000.0,1860000.0
198,32.68119962598379,37.121950288532474,6320000.0,1860000.0
199,32.89777140218212,37.06844892363656,6340000.0,1860000.0
200,33.114060968199546,37.01445318186877,6360000.0,1860000.0
201,33.330066757266565,36.95996406922799,6380000.0,1860000.0
202,33.545787232106775,36.904982595824656,6400000.0,1860000.0
203,33.76122088494449,36.84950977574833,6420000.0,1860000.0
204,33.97636623750749,36.79354662693549,6440000.0,1860000.0
205,34.19122184102464,36.73709417103758,6460000.0,1860000.0
206,34.40578627621856,36.680153433289476,6480000.0,1860000.0
207,35.89947157607335,36.26798318896862,6620000.0,1860000.0
208,36.11165910372533,36.20717349170374,6640000.0,1860000.0
209,36.323544013204994,36.14588487940543,6660000.0,1860000.0
210,27.00255274035073,38.51263791627737,5800000.0,1880000.0
211,27.226360404684474,38.47220338888701,5820000.0,1880000.0
212,27.44993415957801,38.43124882774549,5840000.0,1880000.0
213,27.67327166998277,38.389775095429606,5860000.0,1880000.0
214,27.89637062861588,38.347783062132656,5880000.0,1880000.0
215,28.119228756118375,38.305273605533756,5900000.0,1880000.0
216,28.341843801207215,38.2622476106667,5920000.0,1880000.0
217,28.564213540820923,38.21870596978826,5940000.0,1880000.0
218,28.78633578025892,38.17464958224603,5960000.0,1880000.0
219,29.008208353314675,38.13007935434586,5980000.0,1880000.0
220,29.229829122402634,38.084996199218835,6000000.0,1880000.0
221,29.45119597867886,38.03940103668794,6020000.0,1880000.0
222,29.672306842155596,37.99329479313434,6040000.0,1880000.0
223,29.893159661809648,37.94667840136338,6060000.0,1880000.0
224,30.113752415684655,37.8995528004703,6080000.0,1880000.0
225,30.334083110987308,37.851918935705775,6100000.0,1880000.0
226,30.554149784177564,37.80377775834109,6120000.0,1880000.0
227,30.773950501052806,37.75513022553336,6140000.0,1880000.0
228,30.993483356826097,37.70597730019038,6160000.0,1880000.0
229,31.212746476198554,37.65631995083552,6180000.0,1880000.0
230,31.43173801342579,37.60615915147246,6200000.0,1880000.0
231,31.650456152378663,37.555495881449914,6220000.0,1880000.0
232,31.86889910659811,37.50433112532629,6240000.0,1880000.0
233,32.08706511934444,37.45266587273436,6260000.0,1880000.0
234,32.30495246364083,37.40050111824601,6280000.0,1880000.0
235,32.522559442311334,37.34783786123702,6300000.0,1880000.0
236,32.73988438801327,37.29467710575184,6320000.0,1880000.0
237,32.95692566326416,37.24101986036877,6340000.0,1880000.0
238,33.17368166046321,37.1868671380649,6360000.0,1880000.0
239,33.39015080190749,37.13221995608154,6380000.0,1880000.0
240,33.60633153980275,37.07707933578973,6400000.0,1880000.0
241,33.822222356268995,37.02144630255592,6420000.0,1880000.0
242,34.03782176334096,36.965321885608006,6440000.0,1880000.0
243,34.25312830296338,36.9087071179016,6460000.0,1880000.0
244,34.468140546981274,36.85160303598658,6480000.0,1880000.0
245,35.11139767201939,36.67736532161035,6540000.0,1880000.0
246,35.3252190494582,36.61831441559451,6560000.0,1880000.0
247,35.96487228318893,36.438261428409085,6620000.0,1880000.0
248,36.17748232974261,36.37728053618602,6640000.0,1880000.0
249,36.38978656879935,36.31581979861172,6660000.0,1880000.0
250,36.60178386961322,36.253880280924164,6680000.0,1880000.0
251,26.823747949663712,38.72895987912718,5780000.0,1900000.0
252,27.04833743448201,38.68892326973638,5800000.0,1900000.0
253,27.272692727580182,38.64836437334714,5820000.0,1900000.0
254,27.496811443527324,38.60728405493949,5840000.0,1900000.0
255,27.720691224934,38.565683187312125,5860000.0,1900000.0
256,27.944329742617775,38.52356265095031,5880000.0,1900000.0
257,28.167724695762367,38.48092333389313,5900000.0,1900000.0
258,28.390873812070303,38.437766131600235,5920000.0,1900000.0
259,28.61377484790918,38.394091946818044,5940000.0,1900000.0
260,28.83642558845147,38.349901689445524,5960000.0,1900000.0
261,29.058823847807925,38.30519627639957,5980000.0,1900000.0
262,29.280967469154763,38.259976631479816,6000000.0,1900000.0
263,29.502854324854294,38.21424368523334,6020000.0,1900000.0
264,29.724482316569446,38.16799837481877,6040000.0,1900000.0
265,29.945849375371907,38.12124164387032,6060000.0,1900000.0
266,30.166953461844084,38.073974442361376,6080000.0,1900000.0
267,30.38779256617486,38.026197726468006,6100000.0,1900000.0
268,30.608364708249198,37.977912458432115,6120000.0,1900000.0
269,30.828667937731602,37.929119606424585,6140000.0,1900000.0
270,31.04870033414355,37.87982014440815,6160000.0,1900000.0
271,31.268460006934944,37.83001505200025,6180000.0,1900000.0
272,31.487945095549406,37.77970531433576,6200000.0,1900000.0
273,31.70715376948395,37.72889192192971,6220000.0,1900000.0
274,31.926084228342418,37.67757587053997,6240000.0,1900000.0
275,32.14473470188348,37.62575816102994,6260000.0,1900000.0
276,32.36310345006248,37.57343979923139,6280000.0,1900000.0
277,32.58118876306798,37.52062179580714,6300000.0,1900000.0
278,32.79898896135226,37.46730516611416,6320000.0,1900000.0
279,33.01650239565651,37.4134909300665,6340000.0,1900000.0
280,33.233727447030404,37.359180111998654,6360000.0,1900000.0
281,33.45066252684618,37.304373740528845,6380000.0,1900000.0
282,33.66730607680735,37.24907284842277,6400000.0,1900000.0
283,33.883656568952055,37.1932784724574,6420000.0,1900000.0
284,34.09971250565121,37.13699165328519,6440000.0,1900000.0
285,34.31547241960139,37.080213435298475,6460000.0,1900000.0
286,34.53093487381255,37.02294486649423,6480000.0,1900000.0
287,34.74609846159083,36.965186998339206,6500000.0,1900000.0
288,34.96096180651622,36.90694088563541,6520000.0,1900000.0
289,35.17552356241539,36.84820758638591,6540000.0,1900000.0
290,35.38978241332964,36.788988161661216,6560000.0,1900000.0
291,35.603737073478165,36.729283675465915,6580000.0,1900000.0
292,36.24376350328522,36.5472705293286,6640000.0,1900000.0
293,36.45648914457096,36.48563649134122,6660000.0,1900000.0
294,27.09446323907773,38.86513659544227,5800000.0,1920000.0
295,27.31936978956531,38.82445239012989,5820000.0,1920000.0
296,27.544037060051203,38.783245365884255,5840000.0,1920000.0
297,27.76846267060953,38.74151640586237,5860000.0,1920000.0
298,27.992644269971308,38.69926640097836,5880000.0,1920000.0
299,28.216579535684343,38.656496249768544,5900000.0,1920000.0
300,28.440266174266657,38.61320685825607,5920000.0,1920000.0
301,28.663701921353255,38.569399139815026,5940000.0,1920000.0
302,28.886884541836356,38.52507401503409,5960000.0,1920000.0
303,29.10981182999917,38.48023241157971,5980000.0,1920000.0
304,29.33248160964306,38.43487526405896,6000000.0,1920000.0
305,29.554891734208354,38.38900351388194,6020000.0,1920000.0
306,29.77704008688861,38.34261810912394,6040000.0,1920000.0
307,29.998924580738624,38.29572000438727,6060000.0,1920000.0
308,30.22054315877593,38.248310160662825,6080000.0,1920000.0
309,30.441893794076023,38.20038954519148,6100000.0,1920000.0
310,30.662974489861398,38.15195913132511,6120000.0,1920000.0
311,30.883783279584225,38.103019898387785,6140000.0,1920000.0
312,31.104318227002878,38.05357283153644,6160000.0,1920000.0
313,31.324577426252315,38.003618921621815,6180000.0,1920000.0
314,31.544559001908418,37.95315916504902,6200000.0,1920000.0
315,31.764261109046213,37.90219456363831,6220000.0,1920000.0
316,31.98368193329213,37.85072612448573,6240000.0,1920000.0
317,32.20281969087034,37.798754859823795,6260000.0,1920000.0
318,32.421672628643215,37.746281786882285,6280000.0,1920000.0
319,32.640239024145984,37.69330792774905,6300000.0,1920000.0
320,32.858517185615575,37.63983430923105,6320000.0,1920000.0
321,33.07650545201383,37.585861962715406,6340000.0,1920000.0
322,33.29420219304506,37.53139192403072,6360000.0,1920000.0
323,33.51160580916802,37.47642523330858,6380000.0,1920000.0
324,33.728714731602416,37.42096293484525,6400000.0,1920000.0
325,33.94552742232994,37.3650060769637,6420000.0,1920000.0
326,34.162042374090014,37.30855571187587,6440000.0,1920000.0
327,34.37825811037013,37.2516128955452,6460000.0,1920000.0
328,34.594173185391114,37.19417868754963,6480000.0,1920000.0
329,34.80978618408707,37.13625415094485,6500000.0,1920000.0
330,35.02509572208042,37.07784035212793,6520000.0,1920000.0
331,35.24010044565185,37.018938360701455,6540000.0,1920000.0
332,35.45479903170528,36.959549249338025,6560000.0,1920000.0
333,35.6691901877282,36.89967409364526,6580000.0,1920000.0
334,35.883272651746985,36.83931397203119,6600000.0,1920000.0
335,36.31050660827201,36.717143157869906,6640000.0,1920000.0
336,36.523655729059236,36.6553346349374,6660000.0,1920000.0
337,26.91523244927025,39.081563324297576,5780000.0,1940000.0
338,27.140933500849265,39.04127797131497,5800000.0,1940000.0
339,27.366394965462113,39.00046750809452,5820000.0,1940000.0
340,27.591614411501872,38.95913282032566,5840000.0,1940000.0
341,27.816589436309442,38.91727480166231,5860000.0,1940000.0
342,28.04131766634112,38.8748943535865,5880000.0,1940000.0
343,28.265796757329344,38.83199238527124,5900000.0,1940000.0
344,28.490024394436766,38.78856981344307,5920000.0,1940000.0
345,28.713998292403577,38.74462756224393,5940000.0,1940000.0
346,28.937716195688132,38.70016656309268,5960000.0,1940000.0
347,29.161175878600925,38.65518775454612,5980000.0,1940000.0
348,29.384375145431907,38.609692082159675,6000000.0,1940000.0
349,29.607311830571266,38.563680498347665,6020000.0,1940000.0
350,29.829983798623505,38.51715396224338,6040000.0,1940000.0
351,30.052388944515172,38.4701134395586,6060000.0,1940000.0
352,30.27452519359589,38.42255990244325,6080000.0,1940000.0
353,30.496390501733078,38.37449432934443,6100000.0,1940000.0
354,30.717982855400226,38.325917704865596,6120000.0,1940000.0
355,30.939300271758796,38.27683101962539,6140000.0,1940000.0
356,31.160340798733777,38.22723527011642,6160000.0,1940000.0
357,31.381102515083025,38.177131458563906,6180000.0,1940000.0
358,31.60158353046037,38.12652059278438,6200000.0,1940000.0
359,31.82178198547254,38.07540368604428,6220000.0,1940000.0
360,32.04169605172998,38.023781756918524,6240000.0,1940000.0
361,32.26132393189169,37.971655829149206,6260000.0,1940000.0
362,32.48066385970395,37.91902693150434,6280000.0,1940000.0
363,32.69971410003323,37.8658960976367,6300000.0,1940000.0
364,32.91847294889318,37.81226436594273,6320000.0,1940000.0
365,33.13693873346579,37.75813277942176,6340000.0,1940000.0
366,33.355109812116936,37.70350238553527,6360000.0,1940000.0
367,33.57298457440604,37.64837423606647,6380000.0,1940000.0
368,33.7905614410904,37.592749386980074,6400000.0,1940000.0
369,34.007838864123734,37.53662889828233,6420000.0,1940000.0
370,34.22481532664948,37.480013833881415,6440000.0,1940000.0
371,34.44148934298852,37.422905261448186,6460000.0,1940000.0
372,34.657859458621736,37.365304252277156,6480000.0,1940000.0
373,34.873924250167285,37.3072118811479,6500000.0,1940000.0
374,35.08968232535267,37.24862922618704,6520000.0,1940000.0
375,35.305132322981756,37.18955736873034,6540000.0,1940000.0
376,35.520272912896836,37.12999739318555,6560000.0,1940000.0
377,35.73510279593568,37.06995038689554,6580000.0,1940000.0
378,35.94962070388378,37.00941744000206,6600000.0,1940000.0
379,36.163825399421846,36.94839964530993,6620000.0,1940000.0
380,36.377715676068576,36.88689809815186,6640000.0,1940000.0
381,36.59129035811889,36.82491389625372,6660000.0,1940000.0
382,37.01748838908842,36.69950193030313,6700000.0,1940000.0
383,26.734986953414374,39.29764233437251,5760000.0,1960000.0
384,26.96148920992751,39.25775861349957,5780000.0,1960000.0
385,27.187751612231757,39.21734746937899,5800000.0,1960000.0
386,27.413771676083538,39.17640979008805,5820000.0,1960000.0
387,27.63954694647813,39.13494647188031,5840000.0,1960000.0
388,27.865074997825126,39.09295841904743,5860000.0,1960000.0
389,28.090353434116878,39.05044654378064,5880000.0,1960000.0
390,28.315379889090096,39.007411766031375,5900000.0,1960000.0
391,28.54015202638053,38.96385501337164,5920000.0,1960000.0
392,28.764667539670786,38.91977722085367,5940000.0,1960000.0
393,28.988924152831345,38.87517933086923,5960000.0,1960000.0
394,29.212919620054738,38.83006229300842,5980000.0,1960000.0
395,29.43665172598293,38.784427063918216,6000000.0,1960000.0
396,29.660118285828005,38.738274607160555,6020000.0,1960000.0
397,29.88331714548609,38.691605893070104,6040000.0,1960000.0
398,30.10624618164464,38.64442189861183,6060000.0,1960000.0
399,30.328903301883095,38.596723607238225,6080000.0,1960000.0
400,30.551286444766905,38.54851200874642,6100000.0,1960000.0
401,30.773393579935096,38.499788099134996,6120000.0,1960000.0
402,30.995222708181235,38.45055288046082,6140000.0,1960000.0
403,31.216771861528052,38.40080736069562,6160000.0,1960000.0
404,31.438039103295566,38.35055255358258,6180000.0,1960000.0
405,31.659022528162982,38.29978947849281,6200000.0,1960000.0
406,31.87972026222421,38.248519160281944,6220000.0,1960000.0
407,32.10013046303718,38.19674262914657,6240000.0,1960000.0
408,32.32025131966706,38.14446092048091,6260000.0,1960000.0
409,32.54008105272324,38.091675074733416,6280000.0,1960000.0
410,32.759617914390375,38.03838613726363,6300000.0,1960000.0
411,32.978860188453446,37.98459515819907,6320000.0,1960000.0
412,33.197806190316825,37.93030319229237,6340000.0,1960000.0
413,33.416454267017606,37.87551129877858,6360000.0,1960000.0
414,33.63480279723304,37.820220541232764,6380000.0,1960000.0
415,33.852850191282435,37.76443198742776,6400000.0,1960000.0
416,34.07059489112322,37.70814670919236,6420000.0,1960000.0
417,34.288035370341625,37.65136578226969,6440000.0,1960000.0
418,34.50517013413782,37.594090286176005,6460000.0,1960000.0
419,34.72199771930557,37.53632130405986,6480000.0,1960000.0
420,34.93851669420672,37.47805992256167,6500000.0,1960000.0
421,35.154725658740276,37.41930723167363,6520000.0,1960000.0
422,35.37062324430641,37.36006432460021,6540000.0,1960000.0
423,35.58620811376535,37.30033229761905,6560000.0,1960000.0
424,35.80147896139128,37.24011224994233,6580000.0,1960000.0
425,36.01643451282128,37.17940528357873,6600000.0,1960000.0
426,36.2310735249994,37.11821250319588,6620000.0,1960000.0
427,36.4453947861161,37.05653501598343,6640000.0,1960000.0
428,36.65939711554286,36.994373931516634,6660000.0,1960000.0
429,36.87307936376233,36.93173036162065,6680000.0,1960000.0
430,37.0864404122939,36.8686054202354,6700000.0,1960000.0
431,37.29947917361488,36.80500022328105,6720000.0,1960000.0
432,37.512194591077346,36.74091588852426,6740000.0,1960000.0
433,26.326165468960248,39.55231997146891,5720000.0,1980000.0
434,27.008093508629944,39.433883049451325,5780000.0,1980000.0
435,27.234921012127167,39.39334515568316,5800000.0,1980000.0
436,27.461503388978,39.352279292863166,5820000.0,1980000.0
437,27.68783816057154,39.310686367951625,5840000.0,1980000.0
438,27.913922878186725,39.268567296021104,5860000.0,1980000.0
439,28.13975512316171,39.22592300011557,5880000.0,1980000.0
440,28.36533250705624,39.18275441110894,5900000.0,1980000.0
441,28.59065267180693,39.139062467563,5920000.0,1980000.0
442,28.81571328987561,39.09484811558499,5940000.0,1980000.0
443,29.040512064390597,39.05011230868453,5960000.0,1980000.0
444,29.265046729281057,39.00485600763029,5980000.0,1980000.0
445,29.48931504940448,38.959080180306216,6000000.0,1980000.0
446,29.71331482066713,38.91278580156744,6020000.0,1980000.0
447,29.93704387013784,38.865973853095795,6040000.0,1980000.0
448,30.160500056154792,38.81864532325514,6060000.0,1980000.0
449,30.383681268425704,38.7708012069465,6080000.0,1980000.0
450,30.60658542812115,38.72244250546278,6100000.0,1980000.0
451,30.829210487961294,38.67357022634364,6120000.0,1980000.0
452,31.051554432295962,38.62418538322986,6140000.0,1980000.0
453,31.273615277178134,38.57428899571802,6160000.0,1980000.0
454,31.4953910704309,38.52388208921472,6180000.0,1980000.0
455,31.716879891708025,38.47296569479104,6200000.0,1980000.0
456,31.938079852547972,38.42154084903692,6220000.0,1980000.0
457,32.158989096421706,38.36960859391554,6240000.0,1980000.0
458,32.37960579877412,38.31716997661776,6260000.0,1980000.0
459,32.599928167059275,38.26422604941686,6280000.0,1980000.0
460,32.81995444076949,38.210777869523014,6300000.0,1980000.0
461,33.039682891458334,38.15682649893836,6320000.0,1980000.0
462,33.259111822757525,38.10237300431195,6340000.0,1980000.0
463,33.47823957038802,38.04741845679511,6360000.0,1980000.0
464,33.69706450216506,37.99196393189691,6380000.0,1980000.0
465,33.915585017997586,37.936010509340036,6400000.0,1980000.0
466,34.133799549881715,37.87955927291692,6420000.0,1980000.0
467,34.35170656188874,37.82261131034616,6440000.0,1980000.0
468,34.569304550147486,37.76516771312942,6460000.0,1980000.0
469,34.7865920428211,37.70722957640862,6480000.0,1980000.0
470,35.00356760007856,37.6487979988236,6500000.0,1980000.0
471,35.22022981406068,37.58987408237021,6520000.0,1980000.0
472,35.43657730884103,37.530458932258796,6540000.0,1980000.0
473,35.65260874038153,37.47055365677345,6560000.0,1980000.0
474,35.86832279648305,37.41015936713137,6580000.0,1980000.0
475,36.08371819673096,37.34927717734313,6600000.0,1980000.0
476,36.29879369243582,37.287908204073304,6620000.0,1980000.0
477,36.513548066569115,37.22605356650179,6640000.0,1980000.0
478,36.727980133694366,37.16371438618566,6660000.0,1980000.0
479,36.94208873989357,37.100891786921714,6680000.0,1980000.0
480,37.155872762688986,37.03758689460965,6700000.0,1980000.0
481,37.369331110960516,36.973800837115924,6720000.0,1980000.0
482,37.58246272485869,36.909534744138334,6740000.0,1980000.0
483,37.79526657571332,36.84478974707125,6760000.0,1980000.0
484,26.371397411049482,39.7287480114116,5720000.0,2000000.0
485,26.599522336620936,39.689676058805894,5740000.0,2000000.0
486,26.827406997747772,39.650071991370936,5760000.0,2000000.0
487,27.05504880197344,39.60993670150482,5780000.0,2000000.0
488,27.28244518666169,39.569271090218436,5800000.0,2000000.0
489,27.509593619188504,39.52807606699424,5820000.0,2000000.0
490,27.736491597126996,39.486352549644124,5840000.0,2000000.0
491,27.96313664842488,39.44410146416706,5860000.0,2000000.0
492,28.189526331574847,39.4013237446057,5880000.0,2000000.0
493,28.415658235777624,39.3580203329027,5900000.0,2000000.0
494,28.641529981097882,39.314192178756365,5920000.0,2000000.0
495,28.86713921861299,39.26984023947586,5940000.0,2000000.0
496,29.092483630554565,39.22496547983603,5960000.0,2000000.0
497,29.317560930443012,39.17956887193157,5980000.0,2000000.0
498,29.5423688632149,39.13365139503115,6000000.0,2000000.0
499,29.766905205343367,39.08721403543095,6020000.0,2000000.0
500,29.991167764951474,39.04025778630794,6040000.0,2000000.0
501,30.215154381918655,38.99278364757302,6060000.0,2000000.0
502,30.438862927980185,38.94479262572374,6080000.0,2000000.0
503,30.66229130681988,38.89628573369699,6100000.0,2000000.0
504,30.88543745415588,38.847263990721466,6120000.0,2000000.0
505,31.108299337819723,38.79772842216993,6140000.0,2000000.0
506,31.330874957828748,38.74768005941157,6160000.0,2000000.0
507,31.553162346451714,38.697119939664155,6180000.0,2000000.0
508,31.77515956826793,38.64604910584627,6200000.0,2000000.0
509,31.99686472021987,38.594468606429366,6220000.0,2000000.0
510,32.21827593165918,38.54237949529023,6240000.0,2000000.0
511,32.439391364386424,38.489782831563176,6260000.0,2000000.0
512,32.66020921268436,38.43667967949253,6280000.0,2000000.0
513,32.88072770334502,38.383071108285215,6300000.0,2000000.0
514,33.10094509569058,38.328958191963494,6320000.0,2000000.0
515,33.32085968158801,38.27434200921808,6340000.0,2000000.0
516,33.54046978545779,38.219223643261174,6360000.0,2000000.0
517,33.75977376427651,38.163604181680086,6380000.0,2000000.0
518,33.97877000757362,38.107484716290976,6400000.0,2000000.0
519,34.197456937422366,38.050866342993,6420000.0,2000000.0
520,34.41583300842492,37.99375016162271,6440000.0,2000000.0
521,34.63389670769182,37.936137275809045,6460000.0,2000000.0
522,34.85164655481589,37.87802879282846,6480000.0,2000000.0
523,35.069081101840574,37.819425823460776,6500000.0,2000000.0
524,35.28619893322289,37.760329481845204,6520000.0,2000000.0
525,35.502998665790955,37.70074088533718,6540000.0,2000000.0
526,35.71947894869635,37.64066115436542,6560000.0,2000000.0
527,35.93563846336129,37.5800914122897,6580000.0,2000000.0
528,36.15147592342067,37.51903278525915,6600000.0,2000000.0
529,36.36699007465907,37.457486402071154,6620000.0,2000000.0
530,36.582179694943015,37.395453394030824,6640000.0,2000000.0
531,36.79704359414823,37.33293489481109,6660000.0,2000000.0
532,37.0115806140823,37.26993204031359,6680000.0,2000000.0
533,37.225789628402644,37.20644596853004,6700000.0,2000000.0
534,37.43966954252987,37.14247781940447,6720000.0,2000000.0
535,37.653219293556866,37.07802873469606,6740000.0,2000000.0
536,37.86643785015329,37.013099857842796,6760000.0,2000000.0
537,38.07932421246603,36.94769233382587,6780000.0,2000000.0
538,38.71598060511923,36.748609348926415,6840000.0,2000000.0
539,26.188025734557687,39.94376993983445,5700000.0,2020000.0
540,26.416972197227274,39.905108207022195,5720000.0,2020000.0
541,26.645678255096783,39.865911980591456,5740000.0,2020000.0
542,26.87414126009642,39.82618215486217,5760000.0,2020000.0
543,27.102358594266406,39.78591963299204,5780000.0,2020000.0
544,27.33032766995791,39.74512532683375,5800000.0,2020000.0
545,27.55804593002644,39.70380015679129,5820000.0,2020000.0
546,27.785510848017875,39.66194505167563,5840000.0,2020000.0
547,28.012719928347025,39.61956094855988,5860000.0,2020000.0
548,28.239670706468836,39.576648792633705,5880000.0,2020000.0
549,28.466360749042224,39.533209537057125,5900000.0,2020000.0
550,28.69278765408647,39.48924414281402,5920000.0,2020000.0
551,28.918949051130436,39.444753578564914,5940000.0,2020000.0
552,29.14484260135434,39.39973882049937,5960000.0,2020000.0
553,29.370465997724388,39.354200852188065,5980000.0,2020000.0
554,29.595816965120044,39.3081406644344,6000000.0,2020000.0
555,29.82089326045431,39.26155925512579,6020000.0,2020000.0
556,30.045692672786632,39.21445762908467,6040000.0,2020000.0
557,30.270213023428898,39.1668367979193,6060000.0,2020000.0
558,30.494452166044216,39.11869777987419,6080000.0,2020000.0
559,30.718407986738836,39.07004159968054,6100000.0,2020000.0
560,30.942078404147004,39.020869288406395,6120000.0,2020000.0
561,31.16546136950891,38.971181883306734,6140000.0,2020000.0
562,31.38855486674192,38.92098042767344,6160000.0,2020000.0
563,31.611356912504846,38.870265970685374,6180000.0,2020000.0
564,31.833865556255574,38.81903956725823,6200000.0,2020000.0
565,32.056078880302074,38.767302277894586,6220000.0,2020000.0
566,32.27799499984665,38.715055168533915,6240000.0,2020000.0
567,32.49961206302386,38.6622993104028,6260000.0,2020000.0
568,32.72092825093177,38.609035779865174,6280000.0,2020000.0
569,32.94194177765696,38.555265658272745,6300000.0,2020000.0
570,33.16265089029307,38.50099003181567,6320000.0,2020000.0
571,33.383053868953276,38.446209991373436,6340000.0,2020000.0
572,33.60314902677638,38.39092663236592,6360000.0,2020000.0
573,33.82293470992692,38.33514105460484,6380000.0,2020000.0
574,34.04240929758928,38.27885436214549,6400000.0,2020000.0
575,34.26157120195577,38.22206766313877,6420000.0,2020000.0
576,34.48041886820889,38.16478206968369,6440000.0,2020000.0
577,34.69895077449786,38.10699869768017,6460000.0,2020000.0
578,34.917165431909325,38.048718666682355,6480000.0,2020000.0
579,35.13506138443266,37.989943099752395,6500000.0,2020000.0
580,35.352637208919504,37.930673123314605,6520000.0,2020000.0
581,35.569891515038044,37.870909867010276,6540000.0,2020000.0
582,35.7868229452219,37.81065446355296,6560000.0,2020000.0
583,36.00343017461371,37.74990804858424,6580000.0,2020000.0
584,36.219711911003635,37.688671760530276,6600000.0,2020000.0
585,36.43566689476263,37.62694674045878,6620000.0,2020000.0
586,36.65129389877096,37.56473413193674,6640000.0,2020000.0
587,36.86659172834155,37.50203508088878,6660000.0,2020000.0
588,37.08155922113883,37.438850735456136,6680000.0,2020000.0
589,37.29619524709261,37.3751822458564,6700000.0,2020000.0
590,37.51049870830752,37.311030764244016,6720000.0,2020000.0
591,37.724468538967834,37.246397444571436,6740000.0,2020000.0
592,37.93810370523792,37.1812834424511,6760000.0,2020000.0
593,38.15140320515836,37.11568991501814,6780000.0,2020000.0
594,38.36436606853779,37.04961802079403,6800000.0,2020000.0
595,38.57699135684072,36.9830689195508,6820000.0,2020000.0
596,38.78927816307116,36.916043772176415,6840000.0,2020000.0
597,39.00122561165241,36.84854374054069,6860000.0,2020000.0
598,39.21283285830299,36.78056998736233,6880000.0,2020000.0
599,39.4240990899088,36.71212367607664,6900000.0,2020000.0
601,26.233358936863212,40.1201861044921,5700000.0,2040000.0
602,26.462893286191683,40.08140064398977,5720000.0,2040000.0
603,26.692184430650823,40.042079185015,5740000.0,2040000.0
604,26.921229695926893,40.00222263271022,5760000.0,2040000.0
605,27.15002643831508,39.961831901140826,5780000.0,2040000.0
606,27.37857204492198,39.9209079131499,5800000.0,2040000.0
607,27.606863933860325,39.879451600212164,5820000.0,2040000.0
608,27.834899554436195,39.837463902287475,5840000.0,2040000.0
609,28.062676387328622,39.794945767673326,5860000.0,2040000.0
610,28.290191944761638,39.751898152856995,5880000.0,2040000.0
611,28.51744377066874,39.70832202236707,5900000.0,2040000.0
612,28.744429440849917,39.66421834862438,5920000.0,2040000.0
613,28.97114656312113,39.619588111792524,5940000.0,2040000.0
614,29.19759277745635,39.57443229962788,5960000.0,2040000.0
615,29.42376575612218,39.528751907329294,5980000.0,2040000.0
616,29.64966320380511,39.48254793738729,6000000.0,2040000.0
617,29.87528285773141,39.4358213994331,6020000.0,2040000.0
618,30.10062248777972,39.38857331008729,6040000.0,2040000.0
619,30.325679896586415,39.34080469280809,6060000.0,2040000.0
620,30.550452919643725,39.29251657773977,6080000.0,2040000.0
621,30.7749394253907,39.24371000156047,6100000.0,2040000.0
622,30.99913731529718,39.19438600733022,6120000.0,2040000.0
623,31.2230445239405,39.14454564433868,6140000.0,2040000.0
624,31.44665901907549,39.09418996795281,6160000.0,2040000.0
625,31.66997880169726,39.04332003946468,6180000.0,2040000.0
626,31.893001906097325,38.991936925939086,6200000.0,2040000.0
627,32.11572639991289,38.94004170006132,6220000.0,2040000.0
628,32.338150384169296,38.88763543998496,6240000.0,2040000.0
629,32.56027199331595,38.83471922917987,6260000.0,2040000.0
630,32.78208939525553,38.781294156280225,6280000.0,2040000.0
631,33.0036007913668,38.72736131493278,6300000.0,2040000.0
632,33.22480441652082,38.67292180364538,6320000.0,2040000.0
633,33.445698539090955,38.61797672563558,6340000.0,2040000.0
634,33.66628146095647,38.56252718867975,6360000.0,2040000.0
635,33.88655151749992,38.506574304962264,6380000.0,2040000.0
636,34.10650707759851,38.45011919092519,6400000.0,2040000.0
637,34.32614654360927,38.39316296711828,6420000.0,2040000.0
638,34.54546835134839,38.335706758049334,6440000.0,2040000.0
639,34.76447097006454,38.277751692035075,6460000.0,2040000.0
640,34.983152902406516,38.219298901052355,6480000.0,2040000.0
641,35.20151268438517,38.160349520589904,6500000.0,2040000.0
642,35.41954888532958,38.10090468950075,6520000.0,2040000.0
643,35.63726010783792,38.04096554985477,6540000.0,2040000.0
644,35.854644987722665,37.98053324679221,6560000.0,2040000.0
645,36.07170219395067,37.91960892837763,6580000.0,2040000.0
646,36.28843042857781,37.85819374545437,6600000.0,2040000.0
647,36.504828426678564,37.796288851499845,6620000.0,2040000.0
648,36.72089495627054,37.733895402481295,6640000.0,2040000.0
649,36.936628818233956,37.67101455671245,6660000.0,2040000.0
650,37.15202884622636,37.60764747471062,6680000.0,2040000.0
651,37.36709390659246,37.543795319054794,6700000.0,2040000.0
652,37.58182289826938,37.479459254244276,6720000.0,2040000.0
653,37.79621475268723,37.41464044655823,6740000.0,2040000.0
654,38.01026843366529,37.34934006391592,6760000.0,2040000.0
655,38.22398293730375,37.28355927573778,6780000.0,2040000.0
656,38.43735729187118,37.217299252807365,6800000.0,2040000.0
657,38.650390557687786,37.1505611671341,6820000.0,2040000.0
658,38.86308182700466,37.08334619181691,6840000.0,2040000.0
659,39.07543022387888,37.015655500908686,6860000.0,2040000.0
660,39.28743490404493,36.947490269281786,6880000.0,2040000.0
661,39.49909505478208,36.878851672494214,6900000.0,2040000.0
662,39.710409894778365,36.80974088665697,6920000.0,2040000.0
663,26.279037924116928,40.29653554887456,5700000.0,2060000.0
664,26.739044402669453,40.21817774240142,5740000.0,2060000.0
665,26.968675876308076,40.178193485626814,5760000.0,2060000.0
666,27.198055936224232,40.13767355698863,5780000.0,2060000.0
667,27.427181944046144,40.096618890471426,5800000.0,2060000.0
668,27.656051292919926,40.05503042877249,5820000.0,2060000.0
669,27.884661407698005,40.01290912315264,5840000.0,2060000.0
670,28.113009745119623,39.97025593328653,5860000.0,2060000.0
671,28.3410937939838,39.92707182711223,5880000.0,2060000.0
672,28.568911075314393,39.883357780680356,5900000.0,2060000.0
673,28.796459142517637,39.83911477800261,5920000.0,2060000.0
674,29.023735581531948,39.79434381089984,5940000.0,2060000.0
675,29.250738010970114,39.74904587884967,5960000.0,2060000.0
676,29.477464082253924,39.70322198883376,5980000.0,2060000.0
677,29.70391147974124,39.656873155184655,6000000.0,2060000.0
678,29.930077920845623,39.61000039943228,6020000.0,2060000.0
679,30.15596115614837,39.562604750150335,6040000.0,2060000.0
680,30.381558969503313,39.51468724280222,6060000.0,2060000.0
681,30.606869178134144,39.466248919586896,6080000.0,2060000.0
682,30.831889632724433,39.41729082928454,6100000.0,2060000.0
683,31.05661821750052,39.36781402710211,6120000.0,2060000.0
684,31.281052850307052,39.31781957451871,6140000.0,2060000.0
685,31.505191482675514,39.267308539131086,6160000.0,2060000.0
686,31.729032099885593,39.21628199449896,6180000.0,2060000.0
687,31.952572721019667,39.16474101999038,6200000.0,2060000.0
688,32.175811399010236,39.11268670062728,6220000.0,2060000.0
689,32.398746220680515,39.06012012693099,6240000.0,2060000.0
690,32.621375306778305,39.00704239476782,6260000.0,2060000.0
691,32.84369681200303,38.95345460519509,6280000.0,2060000.0
692,33.065708925026236,38.89935786430698,6300000.0,2060000.0
693,33.287409868505435,38.84475328308093,6320000.0,2060000.0
694,33.508797899091505,38.78964197722406,6340000.0,2060000.0
695,33.72987130742968,38.734025067020085,6360000.0,2060000.0
696,33.95062841815417,38.67790367717638,6380000.0,2060000.0
697,34.171067589876586,38.621278936671544,6400000.0,2060000.0
698,34.3911872151682,38.56415197860323,6420000.0,2060000.0
699,34.61098572053609,38.5065239400365,6440000.0,2060000.0
700,34.830461566393375,38.44839596185253,6460000.0,2060000.0
701,35.04961324702345,38.38976918859791,6480000.0,2060000.0
702,35.268439290538545,38.33064476833425,6500000.0,2060000.0
703,35.486938258832474,38.2710238524886,6520000.0,2060000.0
704,35.705108747527774,38.21090759570411,6540000.0,2060000.0
705,35.922949385917406,38.15029715569154,6560000.0,2060000.0
706,36.140458836900876,38.0891936930813,6580000.0,2060000.0
707,36.3576357969152,38.02759837127591,6600000.0,2060000.0
708,36.57447899586045,37.965512356303535,6620000.0,2060000.0
709,36.79098719702031,37.9029368166719,6640000.0,2060000.0
710,37.007159196977476,37.8398729232229,6660000.0,2060000.0
711,37.22299382552418,37.77632184898816,6680000.0,2060000.0
712,37.438489945567845,37.712284769045155,6700000.0,2060000.0
713,37.65364645303202,37.64776286037421,6720000.0,2060000.0
714,37.86846227675258,37.58275730171614,6740000.0,2060000.0
715,38.08293637836952,37.51726927343102,6760000.0,2060000.0
716,38.29706775221419,37.45129995735741,6780000.0,2060000.0
717,38.5108554251922,37.38485053667271,6800000.0,2060000.0
718,38.724298456662176,37.31792219575423,6820000.0,2060000.0
719,38.93739593831027,37.2505161200413,6840000.0,2060000.0
720,39.15014699402062,37.18263349589814,6860000.0,2060000.0
721,39.36255077974204,37.1142755104777,6880000.0,2060000.0
722,39.574606483350586,37.04544335158653,6900000.0,2060000.0
723,39.78631332450876,36.976138207550484,6920000.0,2060000.0
724,39.99767055452064,36.90636126708145,6940000.0,2060000.0
725,26.55578844988763,40.43378255559751,5720000.0,2080000.0
726,26.78626176003704,40.39420771705187,5740000.0,2080000.0
727,27.016483422121702,40.354094768172516,5760000.0,2080000.0
728,27.246450740213557,40.31344464529415,5780000.0,2080000.0
729,27.47616105022693,40.27225829369649,5800000.0,2080000.0
730,27.705611720116046,40.2305366674535,5820000.0,2080000.0
731,27.93480015006441,40.188280729281765,5840000.0,2080000.0
732,28.16372377266648,40.14549145038825,5860000.0,2080000.0
733,28.39238005310126,40.10216981031748,5880000.0,2080000.0
734,28.6207664892981,40.05831679679816,5900000.0,2080000.0
735,28.848880612094618,40.013933405589206,5920000.0,2080000.0
736,29.076719985386802,39.96902064032539,5940000.0,2080000.0
737,29.30428220627132,39.92357951236253,5960000.0,2080000.0
738,29.53156490518009,39.877611040622156,5980000.0,2080000.0
739,29.75856574600717,39.8311162514361,6000000.0,2080000.0
740,29.98528242622794,39.784096178390456,6020000.0,2080000.0
741,30.211712677010667,39.736551862169485,6040000.0,2080000.0
742,30.43785426332059,39.68848435039919,6060000.0,2080000.0
743,30.663704984016384,39.63989469749078,6080000.0,2080000.0
744,30.889262671939225,39.59078396448383,6100000.0,2080000.0
745,31.11452519399443,39.54115321888954,6120000.0,2080000.0
746,31.339490451225817,39.49100353453368,6140000.0,2080000.0
747,31.56415637888271,39.440335991399714,6160000.0,2080000.0
748,31.78852094647976,39.389151675471766,6180000.0,2080000.0
749,32.01258215784965,39.337451678577715,6200000.0,2080000.0
750,32.2363380511887,39.28523709823231,6220000.0,2080000.0
751,32.45978669909549,39.23250903748041,6240000.0,2080000.0
752,32.68292620860249,39.1792686047404,6260000.0,2080000.0
753,32.90575472120095,39.125516913647694,6280000.0,2080000.0
754,33.12827041285893,39.07125508289855,6300000.0,2080000.0
755,33.35047149403265,39.01648423609411,6320000.0,2080000.0
756,33.57235620967121,38.96120550158467,6340000.0,2080000.0
757,33.79392283921489,38.90542001231434,6360000.0,2080000.0
758,34.01516969658687,38.84912890566591,6380000.0,2080000.0
759,34.236095130178605,38.792333323306295,6400000.0,2080000.0
760,34.456697522829046,38.73503441103226,6420000.0,2080000.0
761,34.676975291797554,38.67723331861654,6440000.0,2080000.0
762,34.89692688873084,38.61893119965454,6460000.0,2080000.0
763,35.11655079962372,38.56012921141152,6480000.0,2080000.0
764,35.33584554477423,38.500828514670175,6500000.0,2080000.0
765,35.55480967873274,38.44103027357895,6520000.0,2080000.0
766,35.773441790245336,38.38073565550083,6540000.0,2080000.0
767,35.991740502191774,38.319945830862736,6560000.0,2080000.0
768,36.20970447151774,38.25866197300559,6580000.0,2080000.0
769,36.42733238916173,38.19688525803506,6600000.0,2080000.0
770,36.64462297997667,38.13461686467288,6620000.0,2080000.0
771,36.86157500264625,38.07185797410908,6640000.0,2080000.0
772,37.07818724959617,38.00860976985472,6660000.0,2080000.0
773,37.294458546900344,37.944873437595554,6680000.0,2080000.0
774,37.51038775418221,37.880650165046355,6700000.0,2080000.0
775,37.72597376451125,37.81594114180616,6720000.0,2080000.0
776,37.94121550429471,37.75074755921419,6740000.0,2080000.0
777,38.156111933164816,37.6850706102068,6760000.0,2080000.0
778,38.3706620438614,37.61891148917504,6780000.0,2080000.0
779,38.58486486211021,37.5522713918234,6800000.0,2080000.0
780,38.79871944649685,37.485151515029195,6820000.0,2080000.0
781,39.01222488833654,37.41755305670296,6840000.0,2080000.0
782,39.225380311539865,37.349477215649856,6860000.0,2080000.0
783,39.43818487247439,37.280925191431955,6880000.0,2080000.0
784,39.650637759822565,37.211898184231465,6900000.0,2080000.0
785,39.86273819443573,37.142397394715,6920000.0,2080000.0
786,40.07448542918451,37.072424023898826,6940000.0,2080000.0
787,40.2858787488056,37.00197927301514,6960000.0,2080000.0
788,26.13987605167033,40.6876555372791,5680000.0,2100000.0
789,26.371447394800388,40.64903460531436,5700000.0,2100000.0
790,26.833840141964107,40.570169167157275,5740000.0,2100000.0
791,27.98531957557854,40.36357872892689,5840000.0,2100000.0
792,28.214822292950004,40.32065231707862,5860000.0,2100000.0
793,28.44405457335386,40.277192090372225,5880000.0,2100000.0
794,28.67301389143943,40.23319904837306,5900000.0,2100000.0
795,28.9016977553005,40.188674198746156,5920000.0,2100000.0
796,29.130103706625572,40.143618557099444,5940000.0,2100000.0
797,29.35822932084032,40.09803314682628,5960000.0,2100000.0
798,29.58607220724202,40.05191899894782,5980000.0,2100000.0
799,29.81363000912615,40.00527715195487,6000000.0,2100000.0
800,30.040900403905187,39.95810865164955,6020000.0,2100000.0
801,30.26788110321954,39.91041455098667,6040000.0,2100000.0
802,30.494569853040865,39.86219590991478,6060000.0,2100000.0
803,30.720964433767634,39.8134537952172,6080000.0,2100000.0
804,30.947062660313126,39.764189280352795,6100000.0,2100000.0
805,31.172862382185865,39.714403445296725,6120000.0,2100000.0
806,31.398361483562496,39.66409737638097,6140000.0,2100000.0
807,31.623557883353396,39.613272166135104,6160000.0,2100000.0
808,31.84844953526074,39.5619289131268,6180000.0,2100000.0
809,32.073034427829406,39.51006872180259,6200000.0,2100000.0
810,32.29731058449064,39.45769270232854,6220000.0,2100000.0
811,32.52127606359852,39.404801970431265,6240000.0,2100000.0
812,32.744928958459475,39.35139764723887,6260000.0,2100000.0
813,32.96826739735466,39.29748085912228,6280000.0,2100000.0
814,33.191289543555584,39.24305273753665,6300000.0,2100000.0
815,33.41399359533284,39.188114418863194,6320000.0,2100000.0
816,33.636377785958054,39.132667044251114,6340000.0,2100000.0
817,33.85844038369927,39.07671175946011,6360000.0,2100000.0
818,34.08017969180974,39.02024971470303,6380000.0,2100000.0
819,34.30159404851024,38.963282064489015,6400000.0,2100000.0
820,34.52268182696493,38.90580996746716,6420000.0,2100000.0
821,34.74344143525111,38.8478345862704,6440000.0,2100000.0
822,34.963871316322546,38.78935708736016,6460000.0,2100000.0
823,35.18396994796691,38.73037864087134,6480000.0,2100000.0
824,35.40373584275703,38.67090042045789,6500000.0,2100000.0
825,35.6231675479964,38.61092360313902,6520000.0,2100000.0
826,35.84226364565873,38.55044936914594,6540000.0,2100000.0
827,36.06102275232191,38.48947890176932,6560000.0,2100000.0
828,36.27944351909629,38.42801338720726,6580000.0,2100000.0
829,36.49752463154751,38.36605401441414,6600000.0,2100000.0
830,36.71526480961385,38.303601974950055,6620000.0,2100000.0
831,36.93266280751835,38.240658462831,6640000.0,2100000.0
832,37.14971741367571,38.1772246743798,6660000.0,2100000.0
833,37.36642745059409,38.11330180807792,6680000.0,2100000.0
834,37.58279177477195,38.048891064417994,6700000.0,2100000.0
835,37.79880927658994,37.9839936457571,6720000.0,2100000.0
836,38.01447888019808,37.91861075617121,6740000.0,2100000.0
837,38.22979954339825,37.85274360131001,6760000.0,2100000.0
838,38.444770257522144,37.78639338825309,6780000.0,2100000.0
839,38.659390047304676,37.719561325366726,6800000.0,2100000.0
840,38.873657970753115,37.65224862216177,6820000.0,2100000.0
841,39.08757311901203,37.58445648915238,6840000.0,2100000.0
842,39.30113461622388,37.51618613771574,6860000.0,2100000.0
843,39.51434161938587,37.44743877995284,6880000.0,2100000.0
844,39.72719331820263,37.37821562855012,6900000.0,2100000.0
845,39.93968893493527,37.30851789664222,6920000.0,2100000.0
846,40.15182772424652,37.23834679767572,6940000.0,2100000.0
847,40.36360897304251,37.16770354527398,6960000.0,2100000.0
848,40.575032000310856,37.09658935310295,6980000.0,2100000.0
849,26.41818507386657,40.82518436690618,5700000.0,2120000.0
850,26.65011155362564,40.78589431396208,5720000.0,2120000.0
851,26.881783238831815,40.74606214470998,5740000.0,2120000.0
852,27.113197347636383,40.705688809105915,5760000.0,2120000.0
853,28.954914531424674,40.36333711745083,5920000.0,2120000.0
854,29.183890730959,40.31813751073594,5940000.0,2120000.0
855,29.41258336611655,40.27240672125306,5960000.0,2120000.0
856,29.640990024915514,40.22614579228509,5980000.0,2120000.0
857,29.869108329918603,40.17935577464417,6000000.0,2120000.0
858,30.096935938351386,40.132037726510866,6020000.0,2120000.0
859,30.32447054221254,40.08419271327292,6040000.0,2120000.0
860,30.551709868376363,40.03582180736394,6060000.0,2120000.0
861,30.778651678687293,39.98692608810174,6080000.0,2120000.0
862,31.005293770046816,39.9375066415268,6100000.0,2120000.0
863,31.23163397449254,39.88756456024038,6120000.0,2120000.0
864,31.45767015926966,39.83710094324274,6140000.0,2120000.0
865,31.683400226894904,39.7861168957713,6160000.0,2120000.0
866,31.908822115212896,39.734613529138805,6180000.0,2120000.0
867,32.13393379744508,39.68259196057166,6200000.0,2120000.0
868,32.358733282231384,39.63005331304819,6220000.0,2120000.0
869,32.583218613664485,39.576998715137194,6240000.0,2120000.0
870,32.80738787131697,39.523429300836646,6260000.0,2120000.0
871,33.031239170261244,39.46934620941253,6280000.0,2120000.0
872,33.25477066108259,39.41475058523807,6300000.0,2120000.0
873,33.477980529885116,39.35964357763306,6320000.0,2120000.0
874,33.70086699829089,39.3040263407037,6340000.0,2120000.0
875,33.92342832343237,39.24790003318267,6360000.0,2120000.0
876,34.145662797937966,39.191265818269564,6380000.0,2120000.0
877,34.36756874991127,39.1341248634719,6400000.0,2120000.0
878,34.58914454290356,39.07647834044639,6420000.0,2120000.0
879,34.81038857588003,39.01832742484087,6440000.0,2120000.0
880,35.031299283179656,38.959673296136565,6460000.0,2120000.0
881,35.251875134468875,38.90051713749105,6480000.0,2120000.0
882,35.472114634689184,38.840860135581735,6500000.0,2120000.0
883,35.6920163239987,38.78070348044988,6520000.0,2120000.0
884,35.91157877770779,38.72004836534536,6540000.0,2120000.0
885,36.13080060620898,38.658895986572034,6560000.0,2120000.0
886,36.34968045490111,38.59724754333373,6580000.0,2120000.0
887,36.56821700410786,38.535104237581095,6600000.0,2120000.0
888,36.78640896899087,38.47246727385904,6620000.0,2120000.0
889,37.00425509945745,38.40933785915501,6640000.0,2120000.0
890,37.22175418006298,38.34571720274807,6660000.0,2120000.0
891,37.438905029908156,38.2816065160587,6680000.0,2120000.0
892,37.65570650253123,38.21700701249956,6700000.0,2120000.0
893,37.87215748579524,38.15191990732698,6720000.0,2120000.0
894,38.088256901770386,38.0863464174934,6740000.0,2120000.0
895,38.304003706611724,38.02028776150073,6760000.0,2120000.0
896,38.51939689043222,37.95374515925458,6780000.0,2120000.0
897,38.73443547717128,37.886719831919365,6800000.0,2120000.0
898,38.949118524458854,37.819213001774564,6820000.0,2120000.0
899,39.163445123475306,37.75122589207173,6840000.0,2120000.0
900,39.377414398807005,37.68275972689266,6860000.0,2120000.0
901,39.59102550829798,37.6138157310085,6880000.0,2120000.0
902,39.80427764289744,37.54439512973986,6900000.0,2120000.0
903,40.0171700265036,37.474499148818026,6920000.0,2120000.0
904,40.229701915803616,37.404129014247204,6940000.0,2120000.0
905,40.441872600109996,37.33328595216781,6960000.0,2120000.0
906,40.653681401193445,37.261971188720935,6980000.0,2120000.0
907,40.865127673112234,37.19018594991375,7000000.0,2120000.0
908,41.07621080203833,37.117931461486194,7020000.0,2120000.0
909,26.465282930848815,41.00126770712103,5700000.0,2140000.0
910,26.69781775830148,40.96184903662014,5720000.0,2140000.0
911,26.930094793053428,40.921886695413235,5740000.0,2140000.0
912,27.162111225721592,40.88138164505358,5760000.0,2140000.0
913,27.393864280180818,40.840334856453204,5780000.0,2140000.0
914,29.00853495419776,40.53792211418743,5920000.0,2140000.0
915,29.238085098739816,40.492577443122045,5940000.0,2140000.0
916,29.467348408369062,40.446700166894765,5960000.0,2140000.0
917,29.696322449680537,40.400291341214974,5980000.0,2140000.0
918,29.925004824370646,40.35335202938108,6000000.0,2140000.0
919,30.153393169354896,40.30588330211703,6020000.0,2140000.0
920,30.381485156877424,40.25788623740855,6040000.0,2140000.0
921,30.609278494612607,40.20936192033923,6060000.0,2140000.0
922,30.836770925758533,40.16031144292639,6080000.0,2140000.0
923,31.063960229122635,40.11073590395689,6100000.0,2140000.0
924,31.290844219199393,40.06063640882284,6120000.0,2140000.0
925,31.517420746240315,40.01001406935718,6140000.0,2140000.0
926,31.74368769631606,39.95887000366946,6160000.0,2140000.0
927,31.969642991371032,39.90720533598149,6180000.0,2140000.0
928,32.19528458927028,39.855021196463156,6200000.0,2140000.0
929,32.420610483839,39.802318721068296,6220000.0,2140000.0
930,32.6456187048945,39.749099051370806,6240000.0,2140000.0
931,32.87030731827091,39.69536333440093,6260000.0,2140000.0
932,33.09467442583659,39.64111272248173,6280000.0,2140000.0
933,33.31871816550437,39.586348373065825,6300000.0,2140000.0
934,33.542436711234735,39.53107144857254,6320000.0,2140000.0
935,33.76582827303196,39.47528311622526,6340000.0,2140000.0
936,33.98889109693342,39.418984547889316,6360000.0,2140000.0
937,34.21162346499202,39.36217691991001,6380000.0,2140000.0
938,34.43402369525195,39.30486141295146,6400000.0,2140000.0
939,34.656090141717826,39.24703921183559,6420000.0,2140000.0
940,34.87782119431732,39.18871150538178,6440000.0,2140000.0
941,35.09921527885738,39.129879486247034,6460000.0,2140000.0
942,35.320270856974076,39.07054435076672,6480000.0,2140000.0
943,35.54098642607631,39.01070729879586,6500000.0,2140000.0
944,35.76136051928343,38.95036953355112,6520000.0,2140000.0
945,35.98139170535671,38.88953226145343,6540000.0,2140000.0
946,36.20107858862511,38.82819669197127,6560000.0,2140000.0
947,36.42041980890513,38.76636403746463,6580000.0,2140000.0
948,36.63941404141504,38.704035513029815,6600000.0,2140000.0
949,36.858059996683444,38.64121233634496,6620000.0,2140000.0
950,37.07635642045254,38.577895727516285,6640000.0,2140000.0
951,37.29430209357586,38.51408690892523,6660000.0,2140000.0
952,37.51189583191091,38.449787105076446,6680000.0,2140000.0
953,37.72913648620655,38.384997542446534,6700000.0,2140000.0
954,37.946022941985426,38.31971944933379,6720000.0,2140000.0
955,38.16255411942152,38.25395405570886,6740000.0,2140000.0
956,38.37872897321283,38.18770259306613,6760000.0,2140000.0
957,38.594546492449396,38.120966294276364,6780000.0,2140000.0
958,38.810005700476765,38.053746393440065,6800000.0,2140000.0
959,39.02510565475501,37.98604412574191,6820000.0,2140000.0
960,39.239845446713346,37.91786072730619,6840000.0,2140000.0
961,39.454224201600574,37.84919743505332,6860000.0,2140000.0
962,39.668241078331405,37.780055486557266,6880000.0,2140000.0
963,39.88189526932867,37.71043611990419,6900000.0,2140000.0
964,40.09518600036181,37.640340573551995,6920000.0,2140000.0
965,40.3081125303814,37.56977008619112,6940000.0,2140000.0
966,40.52067415135018,37.4987258966063,6960000.0,2140000.0
967,40.732870188070336,37.42720924353953,6980000.0,2140000.0
968,40.944699998007515,37.355221365554165,7000000.0,2140000.0
969,41.15616297111135,37.28276350090003,7020000.0,2140000.0
970,41.36725852963286,37.209836887379936,7040000.0,2140000.0
971,41.57798612793869,37.13644276221704,7060000.0,2140000.0
972,26.512744692379666,41.177284685622645,5700000.0,2160000.0
973,26.74589206243481,41.13773638971278,5720000.0,2160000.0
974,26.978778599952943,41.097642858588465,5740000.0,2160000.0
975,27.21140146775214,41.05700506556307,5760000.0,2160000.0
976,27.44375786247069,41.01582399339792,5780000.0,2160000.0
977,29.29269090585052,40.666938288405184,5940000.0,2160000.0
978,29.522528569583603,40.62091340712823,5960000.0,2160000.0
979,29.75207362890736,40.574355558308355,5980000.0,2160000.0
980,29.98132366451902,40.527265817897785,6000000.0,2160000.0
981,30.210276292901824,40.479645269331435,6020000.0,2160000.0
982,30.438929166433716,40.43149500336061,6040000.0,2160000.0
983,30.667279973487975,40.382816117886534,6060000.0,2160000.0
984,30.895326438525533,40.33360971779346,6080000.0,2160000.0
985,31.123066322179334,40.28387691478205,6100000.0,2160000.0
986,31.350497421330545,40.23361882720243,6120000.0,2160000.0
987,31.577617569176844,40.18283657988728,6140000.0,2160000.0
988,31.804424635292822,40.131531303985,6160000.0,2160000.0
989,32.03091652568258,40.079704136792905,6180000.0,2160000.0
990,32.25709118282454,40.02735622159046,6200000.0,2160000.0
991,32.48294658570869,39.974488707472744,6220000.0,2160000.0
992,32.70848074986613,39.92110274918406,6240000.0,2160000.0
993,32.9336917273913,39.86719950695171,6260000.0,2160000.0
994,33.158577606956584,39.8127801463201,6280000.0,2160000.0
995,33.383136513819856,39.7578458379851,6300000.0,2160000.0
996,33.60736660982461,39.702397757628695,6320000.0,2160000.0
997,33.831266093393054,39.64643708575406,6340000.0,2160000.0
998,34.05483319951221,39.58996500752097,6360000.0,2160000.0
999,34.27806619971294,39.532982712581756,6380000.0,2160000.0
1000,34.50096340204232,39.475491394917526,6400000.0,2160000.0
1001,34.72352315102914,39.417492252675096,6420000.0,2160000.0
1002,34.94574382764287,39.35898648800433,6440000.0,2160000.0
1003,35.16762384924602,39.299975306896044,6460000.0,2160000.0
1004,35.389161669540115,39.240459919020545,6480000.0,2160000.0
1005,35.61035577850539,39.180441537566836,6500000.0,2160000.0
1006,35.8312047023342,39.11992137908233,6520000.0,2160000.0
1007,36.05170700335836,39.05890066331335,6540000.0,2160000.0
1008,36.27186127997058,38.997380613046424,6560000.0,2160000.0
1009,36.49166616653981,38.93536245395008,6580000.0,2160000.0
1010,36.711120333321084,38.872847414417606,6600000.0,2160000.0
1011,36.93022248635942,38.80983672541063,6620000.0,2160000.0
1012,37.14897136738843,38.74633162030326,6640000.0,2160000.0
1013,37.367365753723334,38.68233333472738,6660000.0,2160000.0
1014,37.58540445814873,38.617843106418626,6680000.0,2160000.0
1015,37.80308632880109,38.55286217506327,6700000.0,2160000.0
1016,38.020410249046265,38.48739178214609,6720000.0,2160000.0
1017,38.2373751373519,38.421433170799084,6740000.0,2160000.0
1018,38.453979947155105,38.35498758565127,6760000.0,2160000.0
1019,38.67022366672531,38.28805627267926,6780000.0,2160000.0
1020,38.88610531902245,38.22064047905911,6800000.0,2160000.0
1021,39.101623961550786,38.152741453018834,6820000.0,2160000.0
1022,39.316778686208146,38.08436044369233,6840000.0,2160000.0
1023,39.531568619131015,38.0154987009741,6860000.0,2160000.0
1024,39.74599292053546,37.94615747537511,6880000.0,2160000.0
1025,39.960050784553836,37.87633801787977,6900000.0,2160000.0
1026,40.173741439067825,37.806041579804,6920000.0,2160000.0
1027,40.38706414553741,37.73526941265442,6940000.0,2160000.0
1028,40.60001819882631,37.66402276798857,6960000.0,2160000.0
1029,40.812602927023725,37.59230289727653,6980000.0,2160000.0
1030,41.0248176912626,37.5201110517634,7000000.0,2160000.0
1031,41.236661885534645,37.44744848233318,7020000.0,2160000.0
1032,41.44813493650201,37.374316439373686,7040000.0,2160000.0
1033,41.659236303305754,37.300716172642765,7060000.0,2160000.0
1034,41.86996547737142,37.22664893113567,7080000.0,2160000.0
1035,26.794338280825,41.31355641642708,5720000.0,2180000.0
1036,27.02783850866139,41.27333066708045,5740000.0,2180000.0
1037,27.261071956465102,41.23255909307168,5760000.0,2180000.0
1038,27.49403579338267,41.19124268917771,5780000.0,2180000.0
1039,27.72672722316726,41.149382459549955,5800000.0,2180000.0
1040,27.95914348438236,41.106979417550214,5820000.0,2180000.0
1041,29.347712304608077,40.841219972877525,5940000.0,2180000.0
1042,29.578128028366553,40.795046357337704,5960000.0,2180000.0
1043,30.038069079352567,40.701097033660254,6000000.0,2180000.0
1044,30.26758956207591,40.65332351061496,6020000.0,2180000.0
1045,30.496806847330724,40.6050188825579,6040000.0,2180000.0
1046,30.72571860408948,40.556184260378004,6060000.0,2180000.0
1047,30.954322537986904,40.50682076199669,6080000.0,2180000.0
1048,31.182616391402856,40.456929512198386,6100000.0,2180000.0
1049,31.410597943537056,40.40651164246102,6120000.0,2180000.0
1050,31.63826501047558,40.35556829078656,6140000.0,2180000.0
1051,31.865615445249436,40.30410060153156,6160000.0,2180000.0
1052,32.09264713788504,40.25210972523779,6180000.0,2180000.0
1053,32.319358015446845,40.1995968184629,6200000.0,2180000.0
1054,32.54574604207224,40.1465630436114,6220000.0,2180000.0
1055,32.771809218998584,40.09300956876572,6240000.0,2180000.0
1056,32.99754558458271,40.038937567517486,6260000.0,2180000.0
1057,33.22295321431285,39.98434821879921,6280000.0,2180000.0
1058,33.448030220813145,39.92924270671607,6300000.0,2180000.0
1059,33.67277475384072,39.87362222037828,6320000.0,2180000.0
1060,33.8971850002756,39.81748795373366,6340000.0,2180000.0
1061,34.12125918410338,39.76084110540073,6360000.0,2180000.0
1062,34.34499556639091,39.70368287850216,6380000.0,2180000.0
1063,34.56839244525497,39.64601448049884,6400000.0,2180000.0
1064,34.79144815582412,39.58783712302439,6420000.0,2180000.0
1065,35.014161070193765,39.52915202172019,6440000.0,2180000.0
1066,35.23652959737468,39.4699603960711,6460000.0,2180000.0
1067,35.4585521832348,39.41026346924174,6480000.0,2180000.0
1068,35.6802273104349,39.35006246791335,6500000.0,2180000.0
1069,35.901553498357586,39.289358622121554,6520000.0,2180000.0
1070,36.122529303030404,39.22815316509452,6540000.0,2180000.0
1071,36.34315331704269,39.166447333092194,6560000.0,2180000.0
1072,36.5634241694565,39.104242365245966,6580000.0,2180000.0
1073,36.783340525711644,39.04153950339943,6600000.0,2180000.0
1074,37.00290108752501,38.978339991949774,6620000.0,2180000.0
1075,37.22210459278428,38.914645077690075,6640000.0,2180000.0
1076,37.44094981543599,38.85045600965252,6660000.0,2180000.0
1077,37.65943556536848,38.78577403895235,6680000.0,2180000.0
1078,37.87756068828921,38.72060041863298,6700000.0,2180000.0
1079,38.09532406559719,38.65493640351188,6720000.0,2180000.0
1080,38.312724614250264,38.58878325002744,6740000.0,2180000.0
1081,38.52976128662741,38.52214221608687,6760000.0,2180000.0
1082,38.746433070386416,38.4550145609151,6780000.0,2180000.0
1083,38.962738988316644,38.387401544904726,6800000.0,2180000.0
1084,39.178678098187376,38.31930442946692,6820000.0,2180000.0
1085,39.39424949259173,38.25072447688347,6840000.0,2180000.0
1086,39.60945229878608,38.181662950159975,6860000.0,2180000.0
1087,39.82428567852547,38.112121112879954,6880000.0,2180000.0
1088,40.03874882789477,38.0421002290603,6900000.0,2180000.0
1089,40.25284097713598,37.97160156300766,6920000.0,2180000.0
1090,40.466561390471604,37.9006263791761,6940000.0,2180000.0
1091,40.67990936592429,37.82917594202594,6960000.0,2180000.0
1092,40.89288423513287,37.757251515883624,6980000.0,2180000.0
1093,41.10548536316492,37.68485436480295,7000000.0,2180000.0
1094,41.31771214832585,37.61198575242743,7020000.0,2180000.0
1095,41.52956402196483,37.53864694185384,7040000.0,2180000.0
1096,41.741040448277445,37.464839195497085,7060000.0,2180000.0
1097,41.95214092410537,37.39056377495617,7080000.0,2180000.0
1098,42.16286497873317,37.315821940881555,7100000.0,2180000.0
1099,42.37321217368211,37.240614952843686,7120000.0,2180000.0
1100,26.608775102084884,41.52911976503656,5700000.0,2200000.0
1101,26.84316028264974,41.489309153515826,5720000.0,2200000.0
1102,27.077278423031096,41.448950147160225,5740000.0,2200000.0
1103,27.311126629647298,41.40804374330325,5760000.0,2200000.0
1104,27.54470204389609,41.36659094890665,5780000.0,2200000.0
1105,27.778001842368646,41.324592780394276,5800000.0,2200000.0
1106,28.01102323705447,41.282050263485395,5820000.0,2200000.0
1107,28.243763475537147,41.23896443302711,5840000.0,2200000.0
1108,28.476219841181145,41.1953363328262,5860000.0,2200000.0
1109,28.70838965330941,41.15116701548044,5880000.0,2200000.0
1110,28.94027026737205,41.10645754220926,5900000.0,2200000.0
1111,29.171859075106045,41.06120898268406,5920000.0,2200000.0
1112,29.40315350468601,41.01542241485788,5940000.0,2200000.0
1113,29.63415102086612,40.96909892479484,5960000.0,2200000.0
1114,29.864849125113142,40.922239606499254,5980000.0,2200000.0
1115,30.09524535573078,40.87484556174417,6000000.0,2200000.0
1116,30.325337287975252,40.826917899900074,6020000.0,2200000.0
1117,30.555122534162244,40.77845773776293,6040000.0,2200000.0
1118,30.784598743765283,40.72946619938237,6060000.0,2200000.0
1119,31.01376360350555,40.679944415889736,6080000.0,2200000.0
1120,31.242614837433287,40.62989352532581,6100000.0,2200000.0
1121,31.47115020700086,40.57931467246879,6120000.0,2200000.0
1122,31.699367511127406,40.528209008662095,6140000.0,2200000.0
1123,31.927264586255443,40.47657769164228,6160000.0,2200000.0
1124,32.154839306399154,40.424421885367074,6180000.0,2200000.0
1125,32.38208958318474,40.3717427598435,6200000.0,2200000.0
1126,32.609013365882795,40.31854149095619,6220000.0,2200000.0
1127,32.83560864143277,40.264819260295916,6240000.0,2200000.0
1128,33.061873434459706,40.21057725498836,6260000.0,2200000.0
1129,33.28780580728317,40.15581666752324,6280000.0,2200000.0
1130,33.513403859918775,40.100538695583694,6300000.0,2200000.0
1131,33.738665730072015,40.04474454187603,6320000.0,2200000.0
1132,33.96358959312485,39.988435413959934,6340000.0,2200000.0
1133,34.18817366211496,39.93161252407919,6360000.0,2200000.0
1134,34.412416187707706,39.87427708899262,6380000.0,2200000.0
1135,34.636315458161214,39.81643032980587,6400000.0,2200000.0
1136,34.85986979928427,39.75807347180348,6420000.0,2200000.0
1137,35.0830775743875,39.69920774428168,6440000.0,2200000.0
1138,35.30593718422777,39.639834380381735,6460000.0,2200000.0
1139,35.52844706694582,39.579954616923985,6480000.0,2200000.0
1140,35.75060569799752,39.51956969424252,6500000.0,2200000.0
1141,35.97241159007865,39.45868085602059,6520000.0,2200000.0
1142,36.193863293043336,39.39728934912672,6540000.0,2200000.0
1143,36.41495939381635,39.335396423451684,6560000.0,2200000.0
1144,36.635698516299364,39.27300333174609,6580000.0,2200000.0
1145,36.85607932127117,39.210111329459,6600000.0,2200000.0
1146,37.07610050628209,39.146721674577286,6620000.0,2200000.0
1147,37.29576080554275,39.08283562746588,6640000.0,2200000.0
1148,37.515058989807166,39.01845445070892,6660000.0,2200000.0
1149,37.733993866250415,38.95357940895187,6680000.0,2200000.0
1150,37.95256427834091,38.88821176874445,6700000.0,2200000.0
1151,38.170769105707464,38.82235279838476,6720000.0,2200000.0
1152,38.38860726400129,38.756003767764284,6740000.0,2200000.0
1153,38.60607770475288,38.68916594821382,6760000.0,2200000.0
1154,38.823179415224175,38.62184061235061,6780000.0,2200000.0
1155,39.03991141825594,38.5540290339265,6800000.0,2200000.0
1156,39.25627277211042,38.485732487677026,6820000.0,2200000.0
1157,39.47226257030967,38.41695224917186,6840000.0,2200000.0
1158,39.68787994146928,38.347689594666114,6860000.0,2200000.0
1159,39.90312404912816,38.27794580095298,6880000.0,2200000.0
1160,40.11799409157384,38.20772214521736,6900000.0,2200000.0
1161,40.33248930166403,38.13701990489081,6920000.0,2200000.0
1162,40.54660894664414,38.06584035750758,6940000.0,2200000.0
1163,40.76035232796108,37.994184780561824,6960000.0,2200000.0
1164,40.973718781073394,37.92205445136606,6980000.0,2200000.0
1165,41.18670767525789,37.84945064691097,7000000.0,2200000.0
1166,41.39931841341283,37.77637464372617,7020000.0,2200000.0
1167,41.611550431857786,37.70282771774251,7040000.0,2200000.0
1168,41.823403200130464,37.628811144155435,7060000.0,2200000.0
1169,42.03487622078027,37.55432619728969,7080000.0,2200000.0
1170,42.245969029159056,37.47937415046538,7100000.0,2200000.0
1171,42.456681193209114,37.40395627586515,7120000.0,2200000.0
1172,42.667012313248186,37.328073844402795,7140000.0,2200000.0
1173,26.42207370113284,41.74433028678728,5680000.0,2220000.0
1174,26.65735147273713,41.70493795389135,5700000.0,2220000.0
1175,26.89236199239522,41.6649946312003,5720000.0,2220000.0
1176,27.127102302568453,41.62450131842567,5740000.0,2220000.0
1177,27.361569481070223,41.583459025166604,5760000.0,2220000.0
1178,27.595760641290653,41.5418687707416,5780000.0,2220000.0
1179,27.829672932412052,41.4997315840197,5800000.0,2220000.0
1180,28.06330353961492,41.45704850325075,5820000.0,2220000.0
1181,28.296649684274687,41.413820575895116,5840000.0,2220000.0
1182,28.529708624149134,41.37004885845261,5860000.0,2220000.0
1183,29.459018774054154,41.18954552457093,5940000.0,2220000.0
1184,29.69060184171104,41.14307100853579,5960000.0,2220000.0
1185,29.92188202449578,41.096059221599624,5980000.0,2220000.0
1186,30.15285683931958,41.04851127870822,6000000.0,2220000.0
1187,30.38352384064632,41.000428302461934,6020000.0,2220000.0
1188,30.613880620598394,40.951811422941304,6040000.0,2220000.0
1189,30.843924809053956,40.902661777532266,6060000.0,2220000.0
1190,31.073654073735256,40.85298051075155,6080000.0,2220000.0
1191,31.3030661202885,40.802768774071644,6100000.0,2220000.0
1192,31.53215869235514,40.75202772574605,6120000.0,2220000.0
1193,31.7609295716346,40.70075853063448,6140000.0,2220000.0
1194,31.989376577938746,40.648962360027994,6160000.0,2220000.0
1195,32.21749756923797,40.59664039147443,6180000.0,2220000.0
1196,32.445290441699086,40.54379380860385,6200000.0,2220000.0
1197,32.67275312971512,40.49042380095428,6220000.0,2220000.0
1198,32.899883605927,40.43653156379761,6240000.0,2220000.0
1199,33.126679881237465,40.38211829796578,6260000.0,2220000.0
1200,33.3531400048169,40.327185209677396,6280000.0,2220000.0
1201,33.57926206410169,40.27173351036447,6300000.0,2220000.0
1202,33.805044184784734,40.21576441649981,6320000.0,2220000.0
1203,34.03048453079854,40.15927914942464,6340000.0,2220000.0
1204,34.25558130429088,40.10227893517683,6360000.0,2220000.0
1205,34.480332745593024,40.04476500431951,6380000.0,2220000.0
1206,34.704737133181006,39.9867385917703,6400000.0,2220000.0
1207,34.92879278362941,39.92820093663113,6420000.0,2220000.0
1208,35.152498051558595,39.86915328201858,6440000.0,2220000.0
1209,35.375851329574736,39.80959687489496,6460000.0,2220000.0
1210,35.59885104820317,39.74953296589999,6480000.0,2220000.0
1211,35.8214956758153,39.68896280918319,6500000.0,2220000.0
1212,36.04378371854862,39.62788766223711,6520000.0,2220000.0
1213,36.26571372022067,39.56630878573117,6540000.0,2220000.0
1214,36.4872842622365,39.50422744334639,6560000.0,2220000.0
1215,36.708493963490056,39.44164490161099,6580000.0,2220000.0
1216,36.9293414802595,39.3785624297367,6600000.0,2220000.0
1217,37.149825506096604,39.31498129945609,6620000.0,2220000.0
1218,37.36994477171034,39.25090278486075,6640000.0,2220000.0
1219,37.589698044844766,39.18632816224038,6660000.0,2220000.0
1220,37.80908413015151,39.12125870992289,6680000.0,2220000.0
1221,38.02810186905659,39.05569570811545,6700000.0,2220000.0
1222,38.24675013962213,38.98964043874655,6720000.0,2220000.0
1223,38.465027856402806,38.9230941853091,6740000.0,2220000.0
1224,38.68293397029721,38.856058232704555,6760000.0,2220000.0
1225,38.90046746839443,38.788533867088205,6780000.0,2220000.0
1226,39.117627373815665,38.720522375715355,6800000.0,2220000.0
1227,39.33441274555123,38.652025046788886,6820000.0,2220000.0
1228,39.550822678293066,38.583043169307686,6840000.0,2220000.0
1229,39.766856302262724,38.51357803291648,6860000.0,2220000.0
1230,39.9825127830351,38.443630927756615,6880000.0,2220000.0
1231,40.19779132135803,38.373203144318076,6900000.0,2220000.0
1232,40.412691152967774,38.30229597329287,6920000.0,2220000.0
1233,40.62721154840057,38.23091070542942,6940000.0,2220000.0
1234,40.84135181280044,38.159048631388245,6960000.0,2220000.0
1235,41.055111285723285,38.08671104159898,6980000.0,2220000.0
1236,41.26848934093741,38.01389922611849,7000000.0,2220000.0
1237,41.48148538622063,37.9406144744904,7020000.0,2220000.0
1238,41.69409886315407,37.866858075605876,7040000.0,2220000.0
1239,41.906329246912726,37.79263131756561,7060000.0,2220000.0
1240,42.11817604605302,37.717935487543194,7080000.0,2220000.0
1241,42.32963880229733,37.64277187164978,7100000.0,2220000.0
1242,42.54071709031576,37.56714175480013,7120000.0,2220000.0
1243,42.7514105175051,37.491046420579806,7140000.0,2220000.0
1244,42.96171872376527,37.41448715111394,7160000.0,2220000.0
1245,26.70630719476749,41.880689956725654,5700000.0,2240000.0
1246,26.941947390805286,41.84061287307084,5720000.0,2240000.0
1247,27.177314163385493,41.799984193699714,5740000.0,2240000.0
1248,27.412404561443708,41.75880494065132,5760000.0,2240000.0
1249,27.647215670101907,41.71707614577598,5780000.0,2240000.0
1250,27.881744610885153,41.67479885056337,5800000.0,2240000.0
1251,28.11598854192874,41.63197410597008,5820000.0,2240000.0
1252,30.9037012766311,41.07577082838877,6060000.0,2240000.0
1253,31.133998447564426,41.025928868649025,6080000.0,2240000.0
1254,31.363974760304735,40.97555506899123,6100000.0,2240000.0
1255,31.59362794062147,40.92465060132202,6120000.0,2240000.0
1256,31.822955752944253,40.87321664419485,6140000.0,2240000.0
1257,32.051956000415096,40.82125438263247,6160000.0,2240000.0
1258,32.280626524932146,40.76876500794959,6180000.0,2240000.0
1259,32.50896520718499,40.71574971757566,6200000.0,2240000.0
1260,32.73696996668181,40.66220971487799,6220000.0,2240000.0
1261,32.964638761768164,40.60814620898485,6240000.0,2240000.0
1262,33.19196958963787,40.55356041460927,6260000.0,2240000.0
1263,33.4189604863357,40.49845355187284,6280000.0,2240000.0
1264,33.64560952675239,40.44282684612998,6300000.0,2240000.0
1265,33.87191482461172,40.38668152779278,6320000.0,2240000.0
1266,34.097874532449985,40.330018832156064,6340000.0,2240000.0
1267,34.32348684158789,40.27283999922307,6360000.0,2240000.0
1268,34.548749982095,40.21514627353172,6380000.0,2240000.0
1269,34.773662222746836,40.15693890398125,6400000.0,2240000.0
1270,34.998221870974724,40.0982191436597,6420000.0,2240000.0
1271,35.2224272728086,40.03898824967183,6440000.0,2240000.0
1272,35.446276812812776,39.979247482967786,6460000.0,2240000.0
1273,35.66976891401481,39.918998108172524,6480000.0,2240000.0
1274,35.89290203782768,39.858241393415874,6500000.0,2240000.0
1275,36.11567468396531,39.796978610163386,6520000.0,2240000.0
1276,36.338085390351516,39.73521103304803,6540000.0,2240000.0
1277,36.56013273302268,39.6729399397027,6560000.0,2240000.0
1278,36.78181532602407,39.610166610593524,6580000.0,2240000.0
1279,37.0031318213001,39.54689232885413,6600000.0,2240000.0
1280,37.22408090857849,39.48311838012078,6620000.0,2240000.0
1281,37.4446613152486,39.41884605236843,6640000.0,2240000.0
1282,37.66487180623401,39.35407663574785,6660000.0,2240000.0
1283,37.88471118385945,39.2888114224236,6680000.0,2240000.0
1284,38.10417828771223,39.223051706413116,6700000.0,2240000.0
1285,38.32327199449825,39.1567987834268,6720000.0,2240000.0
1286,38.541991217892935,39.09005395070917,6740000.0,2240000.0
1287,38.76033490838679,39.02281850688113,6760000.0,2240000.0
1288,38.9783020531262,38.95509375178331,6780000.0,2240000.0
1289,39.19589167574925,38.88688098632047,6800000.0,2240000.0
1290,39.41310283621687,38.81818151230727,6820000.0,2240000.0
1291,39.629934630639305,38.748996632314885,6840000.0,2240000.0
1292,39.84638619109818,38.679327649519124,6860000.0,2240000.0
1293,40.062456685464284,38.60917586754947,6880000.0,2240000.0
1294,40.2781453172109,38.53854259033957,6900000.0,2240000.0
1295,40.493451325223354,38.467429121978824,6920000.0,2240000.0
1296,40.70837398360435,38.39583676656522,6940000.0,2240000.0
1297,40.92291260147566,38.323766828059505,6960000.0,2240000.0
1298,41.1370665227759,38.25122061014065,6980000.0,2240000.0
1299,41.35083512605497,38.17819941606245,7000000.0,2240000.0
1300,41.5642178242648,38.1047045485116,7020000.0,2240000.0
1301,41.77721406454695,38.03073730946701,7040000.0,2240000.0
1302,41.989823328016875,37.95629900006046,7060000.0,2240000.0
1303,42.20204512954512,37.88139092043858,7080000.0,2240000.0
1304,42.41387901753566,37.8060143696262,7100000.0,2240000.0
1305,42.62532457370124,37.73017064539102,7120000.0,2240000.0
1306,42.83638141283606,37.65386104410968,7140000.0,2240000.0
1307,43.04704918258588,37.5770868606352,7160000.0,2240000.0
1308,43.257327563215604,37.499849388165764,7180000.0,2240000.0
1309,43.46721626737446,37.42214991811491,7200000.0,2240000.0
1310,43.67671503985905,37.34398973998318,7220000.0,2240000.0
1311,43.88582365737404,37.26537014123099,7240000.0,2240000.0
1312,44.30286969240555,37.10675782075429,7280000.0,2240000.0
1313,26.991920515849888,42.01616389598485,5720000.0,2260000.0
1314,27.227918079170696,41.97539877892615,5740000.0,2260000.0
1315,27.463635979388858,41.93408148472153,5760000.0,2260000.0
1316,27.69907127309588,41.892213057931045,5780000.0,2260000.0
1317,27.934221053909788,41.84979455284358,5800000.0,2260000.0
1318,31.425345339094463,41.14825221114573,6100000.0,2260000.0
1319,31.655562554164103,41.097183088590675,6120000.0,2260000.0
1320,31.885450677398754,41.04558312705884,6140000.0,2260000.0
1321,32.11500749523443,40.99345352548454,6160000.0,2260000.0
1322,32.34423083347182,40.94079548912883,6180000.0,2260000.0
1323,32.57311855730898,40.88761022939958,6200000.0,2260000.0
1324,32.80166857136562,40.833898963671764,6220000.0,2260000.0
1325,33.029878819698936,40.77966291510812,6240000.0,2260000.0
1326,33.2577472858113,40.72490331248001,6260000.0,2260000.0
1327,33.4852719926497,40.66962138998877,6280000.0,2260000.0
1328,33.71245100259726,40.61381838708725,6300000.0,2260000.0
1329,33.939282417456745,40.5574955483021,6320000.0,2260000.0
1330,34.16576437842625,40.50065412305626,6340000.0,2260000.0
1331,34.39189506606731,40.44329536549212,6360000.0,2260000.0
1332,34.61767270026516,40.3854205342952,6380000.0,2260000.0
1333,34.843095540181864,40.327030892518394,6400000.0,2260000.0
1334,35.068161884201764,40.268127707406904,6420000.0,2260000.0
1335,35.29287006986992,40.20871225022378,6440000.0,2260000.0
1336,35.51721847382336,40.14878579607616,6460000.0,2260000.0
1337,35.7412055117153,40.088349623742296,6480000.0,2260000.0
1338,35.964829638132564,40.02740501549934,6500000.0,2260000.0
1339,36.18808934650621,39.96595325695178,6520000.0,2260000.0
1340,36.410983169015594,39.90399563686097,6540000.0,2260000.0
1341,36.63350967648587,39.84153344697527,6560000.0,2260000.0
1342,36.85566747827927,39.778567981861165,6580000.0,2260000.0
1343,37.077455222179935,39.71510053873542,6600000.0,2260000.0
1344,37.29887159427287,39.65113241729793,6620000.0,2260000.0
1345,37.519915318816764,39.586664919565784,6640000.0,2260000.0
1346,37.74058515811107,39.52169934970814,6660000.0,2260000.0
1347,37.9608799123573,39.456237013882316,6680000.0,2260000.0
1348,38.180798419514865,39.3902792200707,6700000.0,2260000.0
1349,38.40033955515127,39.32382727791892,6720000.0,2260000.0
1350,38.6195022322872,39.25688249857508,6740000.0,2260000.0
1351,38.83828540123629,39.189446194529964,6760000.0,2260000.0
1352,39.05668804943991,39.12151967945859,6780000.0,2260000.0
1353,39.27470920129703,39.05310426806284,6800000.0,2260000.0
1354,39.49234791798926,38.98420127591513,6820000.0,2260000.0
1355,39.7096032973013,38.9148120193036,6840000.0,2260000.0
1356,39.9264744734368,38.84493781507812,6860000.0,2260000.0
1357,40.14296061682989,38.774579980497926,6880000.0,2260000.0
1358,40.359060933952456,38.70373983308022,6900000.0,2260000.0
1359,40.57477466711722,38.63241869045015,6920000.0,2260000.0
1360,40.79010109427695,38.560617870192125,6940000.0,2260000.0
1361,41.0050395288196,38.488338689702346,6960000.0,2260000.0
1362,41.21958931935998,38.41558246604259,6980000.0,2260000.0
1363,41.433749849527594,38.3423505157956,7000000.0,2260000.0
1364,41.647520537751134,38.26864415492142,7020000.0,2260000.0
1365,41.860900837039516,38.19446469861537,7040000.0,2260000.0
1366,42.07389023475983,38.11981346116731,7060000.0,2260000.0
1367,42.286488252412,38.04469175582226,7080000.0,2260000.0
1368,42.49869444540071,37.96910089464231,7100000.0,2260000.0
1369,42.71050840280422,37.89304218837012,7120000.0,2260000.0
1370,42.921929747140645,37.81651694629364,7140000.0,2260000.0
1371,43.132958134131535,37.73952647611234,7160000.0,2260000.0
1372,43.343593252463,37.662072083804766,7180000.0,2260000.0
1373,43.55383482354444,37.58415507349764,7200000.0,2260000.0
1374,43.76368260126507,37.505776747336256,7220000.0,2260000.0
1375,43.973136371748254,37.426938405356346,7240000.0,2260000.0
1376,44.18219595310385,37.34764134535746,7260000.0,2260000.0
1377,44.390861195178694,37.26788686277764,7280000.0,2260000.0
1378,44.59913197930523,37.18767625056966,7300000.0,2260000.0
1379,31.487182500521826,41.32085999195667,6100000.0,2280000.0
1380,31.717967197661622,41.269624967163416,6120000.0,2280000.0
1381,31.948419029703384,41.217857747017376,6140000.0,2280000.0
1382,32.17853576634415,41.165559544547065,6160000.0,2280000.0
1383,32.40831521726539,41.11273157914205,6180000.0,2280000.0
1384,32.63775523216294,41.05937507637032,6200000.0,2280000.0
1385,32.86685370076827,41.00549126779576,6220000.0,2280000.0
1386,33.09560855286125,40.95108139079611,6240000.0,2280000.0
1387,33.324017758274536,40.89614668838107,6260000.0,2280000.0
1388,33.5520793268896,40.84068840901098,6280000.0,2280000.0
1389,33.77979130862461,40.784707806415746,6300000.0,2280000.0
1390,34.007151793414224,40.728206139414404,6320000.0,2280000.0
1391,34.234158911181396,40.67118467173504,6340000.0,2280000.0
1392,34.46081083180141,40.61364467183538,6360000.0,2280000.0
1393,34.687105765058064,40.55558741272389,6380000.0,2280000.0
1394,34.91304196059237,40.49701417178148,6400000.0,2280000.0
1395,35.138617707843686,40.43792623058401,6420000.0,2280000.0
1396,35.363831335983555,40.37832487472523,6440000.0,2280000.0
1397,35.588681213842236,40.318211393640695,6460000.0,2280000.0
1398,35.813165749828165,40.25758708043235,6480000.0,2280000.0
1399,36.037283391840454,40.19645323169387,6500000.0,2280000.0
1400,36.261032627174515,40.13481114733686,6520000.0,2280000.0
1401,36.484411982420916,40.07266213041797,6540000.0,2280000.0
1402,36.707420023357756,40.01000748696678,6560000.0,2280000.0
1403,36.93005535483646,39.946848525814744,6580000.0,2280000.0
1404,37.152316620661416,39.88318655842495,6600000.0,2280000.0
1405,37.37420250346312,39.81902289872296,6620000.0,2280000.0
1406,37.59571172456563,39.75435886292864,6640000.0,2280000.0
1407,37.81684304384785,39.68919576938891,6660000.0,2280000.0
1408,38.037595259599065,39.623534938411744,6680000.0,2280000.0
1409,38.25796720836893,39.55737769210108,6700000.0,2280000.0
1410,38.47795776481179,39.490725354192925,6720000.0,2280000.0
1411,38.69756584152571,39.42357924989265,6740000.0,2280000.0
1412,38.91679038888629,39.35594070571317,6760000.0,2280000.0
1413,39.135630394875236,39.28781104931469,6780000.0,2280000.0
1414,39.35408488490415,39.219191609345344,6800000.0,2280000.0
1415,39.57215292163329,39.15008371528316,6820000.0,2280000.0
1416,39.78983360478578,39.080488697279286,6840000.0,2280000.0
1417,40.00712607095711,39.010407886002376,6860000.0,2280000.0
1418,40.224029493420396,38.939842612484355,6880000.0,2280000.0
1419,40.44054308192713,38.86879420796747,6900000.0,2280000.0
1420,40.656666082503946,38.79726400375241,6920000.0,2280000.0
1421,40.872397777245226,38.7252533310482,6940000.0,2280000.0
1422,41.08773748410193,38.65276352082299,6960000.0,2280000.0
1423,41.30268455666654,38.579795903656354,6980000.0,2280000.0
1424,41.517238383954485,38.506351809593106,7000000.0,2280000.0
1425,41.731398390181965,38.43243256799821,7020000.0,2280000.0
1426,41.94516403454054,38.3580395074133,7040000.0,2280000.0
1427,42.15853481096834,38.28317395541445,7060000.0,2280000.0
1428,42.371510247918174,38.207837238471434,7080000.0,2280000.0
1429,42.5840899081228,38.13203068180844,7100000.0,2280000.0
1430,42.796273388357235,38.055755609266036,7120000.0,2280000.0
1431,43.00806031919822,37.97901334316479,7140000.0,2280000.0
1432,43.219450364781345,37.9018052041701,7160000.0,2280000.0
1433,43.430443222555425,37.82413251115876,7180000.0,2280000.0
1434,43.641038623034675,37.74599658108665,7200000.0,2280000.0
1435,43.85123632954861,37.66739872885816,7220000.0,2280000.0
1436,44.06103613798978,37.588340267196855,7240000.0,2280000.0
1437,44.27043787655949,37.50882250651787,7260000.0,2280000.0
1438,44.47944140551178,37.428846754801484,7280000.0,2280000.0
1439,44.68804661689543,37.34841431746838,7300000.0,2280000.0
1440,31.78084659909648,41.44197600671858,6120000.0,2300000.0
1441,32.01186555791156,41.390040261784314,6140000.0,2300000.0
1442,32.242545581069855,41.33757218556265,6160000.0,2300000.0
1443,32.47288446211543,41.2845730117567,6180000.0,2300000.0
1444,32.702880035234976,41.23104398027898,6200000.0,2300000.0
1445,32.93253017527599,41.17698633706624,6220000.0,2300000.0
1446,33.161832797756304,41.122401333894466,6240000.0,2300000.0
1447,33.39078585886497,41.067290228194366,6260000.0,2300000.0
1448,33.619387355454826,41.01165428286719,6280000.0,2300000.0
1449,33.84763532502656,40.95549476610112,6300000.0,2300000.0
1450,34.075527845704634,40.89881295118795,6320000.0,2300000.0
1451,34.30306303620505,40.84161011634053,6340000.0,2300000.0
1452,34.53023905579522,40.783887544510605,6360000.0,2300000.0
1453,34.7570541042458,40.72564652320737,6380000.0,2300000.0
1454,34.98350642177497,40.66688834431663,6400000.0,2300000.0
1455,35.20959428898491,40.60761430392069,6420000.0,2300000.0
1456,35.43531602679098,40.54782570211886,6440000.0,2300000.0
1457,35.66066999634339,40.487523842848866,6460000.0,2300000.0
1458,35.88565459894168,40.42671003370899,6480000.0,2300000.0
1459,36.11026827594216,40.365385585780984,6500000.0,2300000.0
1460,36.33450950865833,40.30355181345388,6520000.0,2300000.0
1461,36.55837681825444,40.24121003424877,6540000.0,2300000.0
1462,36.78186876563247,40.17836156864442,6560000.0,2300000.0
1463,37.004983951312404,40.11500773990382,6580000.0,2300000.0
1464,37.22772101530625,40.05114987390177,6600000.0,2300000.0
1465,37.45007863698559,39.98678929895354,6620000.0,2300000.0
1466,37.672055534943134,39.92192734564437,6640000.0,2300000.0
1467,37.89365046684819,39.85656534666028,6660000.0,2300000.0
1468,38.114862229296314,39.790704636619786,6680000.0,2300000.0
1469,38.335689657653134,39.72434655190679,6700000.0,2300000.0
1470,38.55613162589277,39.6574924305047,6720000.0,2300000.0
1471,38.77618704643057,39.590143611831586,6740000.0,2300000.0
1472,38.99585486995069,39.52230143657657,6760000.0,2300000.0
1473,39.21513408522852,39.453967246537445,6780000.0,2300000.0
1474,39.43402371894799,39.3851423844596,6800000.0,2300000.0
1475,39.652522835514006,39.315828193875966,6820000.0,2300000.0
1476,39.87063053686016,39.24602601894851,6840000.0,2300000.0
1477,40.08834596225185,39.17573720431083,6860000.0,2300000.0
1478,40.30566828808488,39.10496309491208,6880000.0,2300000.0
1479,40.52259672767971,39.03370503586241,6900000.0,2300000.0
1480,40.739130531071616,38.96196437227942,6920000.0,2300000.0
1481,40.95526898479662,38.88974244913625,6940000.0,2300000.0
1482,41.17101141167367,38.8170406111109,6960000.0,2300000.0
1483,41.38635717058292,38.74386020243699,6980000.0,2300000.0
1484,41.601305656240356,38.67020256675588,7000000.0,2300000.0
1485,41.815856298969045,38.596069046970285,7020000.0,2300000.0
1486,42.03000856446675,38.521460985099125,7040000.0,2300000.0
1487,42.24376195357054,38.44637972213406,7060000.0,2300000.0
1488,42.457116002018125,38.37082659789723,7080000.0,2300000.0
1489,42.67007028020627,38.294802950900646,7100000.0,2300000.0
1490,42.8826243929463,38.218310118206894,7120000.0,2300000.0
1491,43.0947779792169,38.1413494352914,7140000.0,2300000.0
1492,43.30653071191435,38.06392223590611,7160000.0,2300000.0
1493,43.51788229760016,37.98602985194464,7180000.0,2300000.0
1494,43.72883247624649,37.907673613309065,7200000.0,2300000.0
1495,43.939381020979255,37.82885484777798,7220000.0,2300000.0
1496,44.149527737819064,37.749574880876246,7240000.0,2300000.0
1497,44.35927246542037,37.66983503574606,7260000.0,2300000.0
1498,44.56861507480852,37.589636633019765,7280000.0,2300000.0
1499,32.07579507442807,41.56213041884072,6140000.0,2320000.0
1500,32.30704177111383,41.509491183896124,6160000.0,2320000.0
1501,32.537943418212144,41.456319510218336,6180000.0,2320000.0
1502,32.76849783439764,41.40261665225172,6200000.0,2320000.0
1503,32.998702879642266,41.3483838704925,6220000.0,2320000.0
1504,33.22855645522144,41.29362243130095,6240000.0,2320000.0
1505,33.45805650371143,41.23833360671413,6260000.0,2320000.0
1506,33.68720100897807,41.182518674258866,6280000.0,2320000.0
1507,33.91598799615705,41.126178916765355,6300000.0,2320000.0
1508,34.144415531625725,41.069315622181264,6320000.0,2320000.0
1509,34.37248172296677,41.01193008338628,6340000.0,2320000.0
1510,34.600184718923586,40.954023598007446,6360000.0,2320000.0
1511,34.82752270934777,40.89559746823501,6380000.0,2320000.0
1512,35.054493925138715,40.83665300063894,6400000.0,2320000.0
1513,35.28109663817536,40.777191505986316,6420000.0,2320000.0
1514,35.507329161240435,40.71721429905922,6440000.0,2320000.0
1515,35.73318984793718,40.6567226984737,6460000.0,2320000.0
1516,35.958677092598656,40.595718026499306,6480000.0,2320000.0
1517,36.18378933018994,40.53420160887967,6500000.0,2320000.0
1518,36.408525036203166,40.4721747746539,6520000.0,2320000.0
1519,36.632882726545674,40.409638855978905,6540000.0,2320000.0
1520,36.85686095742133,40.34659518795265,6560000.0,2320000.0
1521,37.0804583252052,40.28304510843848,6580000.0,2320000.0
1522,37.303673466311714,40.21898995789039,6600000.0,2320000.0
1523,37.5265050570564,40.15443107917937,6620000.0,2320000.0
1524,37.74895181351148,40.089369817420796,6640000.0,2320000.0
1525,37.97101249135529,40.02380751980297,6660000.0,2320000.0
1526,38.1926858857158,39.95774553541679,6680000.0,2320000.0
1527,38.413970831008264,39.891185215086495,6700000.0,2320000.0
1528,38.63486620076733,39.8241279112017,6720000.0,2320000.0
1529,38.85537090747349,39.756574977550514,6740000.0,2320000.0
1530,39.07548390237425,39.688527769154014,6760000.0,2320000.0
1531,39.29520417530005,39.619987642101826,6780000.0,2320000.0
1532,39.514530754475054,39.550955953389156,6800000.0,2320000.0
1533,39.73346270632306,39.48143406075491,6820000.0,2320000.0
1534,39.95199913526859,39.4114233225212,6840000.0,2320000.0
1535,40.17013918353328,39.34092509743431,6860000.0,2320000.0
1536,40.387882030927834,39.26994074450675,6880000.0,2320000.0
1537,40.60522689463946,39.19847162286095,6900000.0,2320000.0
1538,40.82217302901534,39.12651909157406,6920000.0,2320000.0
1539,41.03871972534166,39.05408450952438,6940000.0,2320000.0
1540,41.254866311619,38.98116923523906,6960000.0,2320000.0
1541,41.470612152333715,38.90777462674323,6980000.0,2320000.0
1542,41.68595664822572,38.83390204141066,7000000.0,2320000.0
1543,41.900899236052744,38.75955283581574,7020000.0,2320000.0
1544,42.115439388351156,38.68472836558704,7040000.0,2320000.0
1545,42.32957661319353,38.60942998526222,7060000.0,2320000.0
1546,42.5433104539431,38.533659048144514,7080000.0,2320000.0
1547,42.75664048900519,38.45741690616066,7100000.0,2320000.0
1548,42.96956633157584,38.38070490972037,7120000.0,2320000.0
1549,43.182087629387546,38.3035244075772,7140000.0,2320000.0
1550,43.39420406445269,38.225876746691064,7160000.0,2320000.0
1551,43.60591535280409,38.147763272092185,7180000.0,2320000.0
1552,43.81722124423361,38.0691853267466,7200000.0,2320000.0
1553,44.028121522028265,37.99014425142314,7220000.0,2320000.0
1554,32.372029233571595,41.68131626437359,6160000.0,2340000.0
1555,32.60349700114474,41.62797078708791,6180000.0,2340000.0
1556,32.834613562913724,41.57409279258515,6200000.0,2340000.0
1557,33.06537676398779,41.51968355611047,6220000.0,2340000.0
1558,33.29578449142419,41.4647443587973,6240000.0,2340000.0
1559,33.52583467422192,41.4092764874771,6260000.0,2340000.0
1560,33.755525283306504,41.35328123448961,6280000.0,2340000.0
1561,33.98485433150629,41.29675989749361,6300000.0,2340000.0
1562,34.213819873520066,41.2397137792782,6320000.0,2340000.0
1563,34.44242000587625,41.1821441875748,6340000.0,2340000.0
1564,34.67065286688397,41.12405243486952,6360000.0,2340000.0
1565,34.898516636575756,41.065439838216484,6380000.0,2340000.0
1566,35.12600953664238,41.00630771905172,6400000.0,2340000.0
1567,35.353129830359705,40.94665740300777,6420000.0,2340000.0
1568,35.57987582250789,40.8864902197292,6440000.0,2340000.0
1569,35.80624585928282,40.82580750268881,6460000.0,2340000.0
1570,36.03223832820025,40.76461058900485,6480000.0,2340000.0
1571,36.257851657992504,40.702900819258986,6500000.0,2340000.0
1572,36.48308431849796,40.640679537315215,6520000.0,2340000.0
1573,36.707934820543564,40.577948090139856,6540000.0,2340000.0
1574,36.932401715820426,40.51470782762243,6560000.0,2340000.0
1575,37.15648359675255,40.45096010239755,6580000.0,2340000.0
1576,37.38017909635914,40.38670626966795,6600000.0,2340000.0
1577,37.60348688811024,40.321947687028505,6620000.0,2340000.0
1578,37.82640568577618,40.25668571429146,6640000.0,2340000.0
1579,38.04893424327075,40.19092171331268,6660000.0,2340000.0
1580,38.27107135448851,40.12465704781922,6680000.0,2340000.0
1581,38.49281585313596,40.057893083237865,6700000.0,2340000.0
1582,38.71416661255723,39.990631186525164,6720000.0,2340000.0
1583,38.93512254555403,39.922872725998445,6740000.0,2340000.0
1584,39.15568260420023,39.85461907116826,6760000.0,2340000.0
1585,39.37584577965105,39.78587159257208,6780000.0,2340000.0
1586,39.595611101947306,39.71663166160922,6800000.0,2340000.0
1587,39.81497763981443,39.64690065037719,6820000.0,2340000.0
1588,40.03394450045679,39.57667993150935,6840000.0,2340000.0
1589,40.25251082934728,39.505970878013905,6860000.0,2340000.0
1590,40.47067581001228,39.43477486311437,6880000.0,2340000.0
1591,40.68843866381234,39.36309326009131,6900000.0,2340000.0
1592,40.90579864971845,39.29092744212564,6920000.0,2340000.0
1593,41.12275506408429,39.21827878214318,6940000.0,2340000.0
1594,41.33930724041449,39.14514865266086,6960000.0,2340000.0
1595,41.55545454912898,39.07153842563424,6980000.0,2340000.0
1596,41.771196397323756,38.9974494723065,7000000.0,2340000.0
1597,41.98653222852802,38.922883163059076,7020000.0,2340000.0
1598,42.20146152245789,38.84784086726358,7040000.0,2340000.0
1599,42.41598379476693,38.772323953135334,7060000.0,2340000.0
1600,42.630098596793424,38.69633378758852,7080000.0,2340000.0
1602,43.05710417223884,38.54293916253044,7120000.0,2340000.0
1603,43.26999422444286,38.46553742905813,7140000.0,2340000.0
1604,43.4824753634095,38.38766789596602,7160000.0,2340000.0
1605,43.69454731501044,38.30933192154145,7180000.0,2340000.0
1606,43.90620983922782,38.23053086193317,7200000.0,2340000.0
1607,44.117462729883364,38.15126607101717,7220000.0,2340000.0
1608,32.66955019293088,41.79952654407539,6180000.0,2360000.0
1609,32.901232220460095,41.74547209057811,6200000.0,2360000.0
1610,33.132556844818374,41.69088507081273,6220000.0,2360000.0
1611,33.363521938873824,41.63576678087741,6240000.0,2360000.0
1612,33.59412541808867,41.58011852258893,6260000.0,2360000.0
1613,33.82436524050008,41.52394160329002,6280000.0,2360000.0
1614,34.05423940669206,41.46723733565726,6300000.0,2360000.0
1615,34.28374595975891,41.41000703750963,6320000.0,2360000.0
1616,34.51288298525982,41.35225203161759,6340000.0,2360000.0
1617,34.74164861116522,41.29397364551285,6360000.0,2360000.0
1618,34.97004100779474,41.235173211298815,6380000.0,2360000.0
1619,35.19805838774706,41.175852065461896,6400000.0,2360000.0
1620,35.425699005821635,41.11601154868345,6420000.0,2360000.0
1621,35.65296115893269,41.05565300565258,6440000.0,2360000.0
1622,35.87984318601532,40.99477778487988,6460000.0,2360000.0
1623,36.106343467924084,40.93338723851196,6480000.0,2360000.0
1624,36.332460427324094,40.87148272214696,6500000.0,2360000.0
1625,36.55819252857485,40.80906559465104,6520000.0,2360000.0
1626,36.783538277606866,40.7461372179758,6540000.0,2360000.0
1627,37.00849622179129,40.68269895697678,6560000.0,2360000.0
1628,37.233064949802696,40.61875217923302,6580000.0,2360000.0
1629,37.45724309147513,40.554298254867696,6600000.0,2360000.0
1630,37.68102931765156,40.48933855636986,6620000.0,2360000.0
1631,37.904422340027004,40.42387445841738,6640000.0,2360000.0
1632,38.12742091098534,40.357907337700986,6660000.0,2360000.0
1633,38.350023823429986,40.29143857274958,6680000.0,2360000.0
1634,38.57222991060861,40.22446954375676,6700000.0,2360000.0
1635,38.794038045932176,40.15700163240857,6720000.0,2360000.0
1636,39.0154471427881,40.08903622171258,6740000.0,2360000.0
1637,39.23645615434813,40.02057469582821,6760000.0,2360000.0
1638,39.45706407337074,39.9516184398984,6780000.0,2360000.0
1639,39.677269931998325,39.8821688398827,6800000.0,2360000.0
1640,39.897072801549456,39.812227282391554,6820000.0,2360000.0
1641,40.116471792306115,39.741795154522165,6840000.0,2360000.0
1642,40.335466053296216,39.67087384369566,6860000.0,2360000.0
1643,40.5540547720716,39.5994647374956,6880000.0,2360000.0
1644,40.7722371744815,39.527569223508195,6900000.0,2360000.0
1645,40.99001252444174,39.45518868916365,6920000.0,2360000.0
1646,41.20738012369974,39.38232452157918,6940000.0,2360000.0
1647,41.42433931159564,39.30897810740352,6960000.0,2360000.0
1648,41.640889464819395,39.23515083266281,6980000.0,2360000.0
1649,41.85702999716428,39.160844082608065,7000000.0,2360000.0
1650,42.07276035927683,39.08605924156426,7020000.0,2360000.0
1651,42.2880800384032,39.01079769278072,7040000.0,2360000.0
1652,42.50298855813251,38.93506081828328,7060000.0,2360000.0
1653,42.71748547813675,38.858849998727955,7080000.0,2360000.0
1654,42.93157039390792,38.782166613256,7100000.0,2360000.0
1655,43.1452429364922,38.70501203935078,7120000.0,2360000.0
1656,43.35850277222133,38.62738765269609,7140000.0,2360000.0
1657,43.57134960244161,38.54929482703611,7160000.0,2360000.0
1658,43.78378316324015,38.47073493403685,7180000.0,2360000.0
1659,43.99580322516907,38.3917093431494,7200000.0,2360000.0
1660,44.20740959296735,38.31221942147453,7220000.0,2360000.0
1661,33.20024820606073,41.861988080175,6220000.0,2380000.0
1662,33.43177389745063,41.80668935057208,6240000.0,2380000.0
1663,33.66293385031072,41.75085935254714,6260000.0,2380000.0
1664,33.89372600984697,41.6944994086388,6280000.0,2380000.0
1665,34.12414836446785,41.63761084673349,6300000.0,2380000.0
1666,34.354198945743015,41.58019499987112,6320000.0,2380000.0
1667,34.58387582835336,41.52225320605134,6340000.0,2380000.0
1668,34.81317713003249,41.46378680804052,6360000.0,2380000.0
1669,35.04210101149966,41.404797153179466,6380000.0,2380000.0
1670,35.27064567638452,41.34528559319185,6400000.0,2380000.0
1671,35.498809371143544,41.285253483993685,6420000.0,2380000.0
1672,35.72659038496856,41.22470218550324,6440000.0,2380000.0
1673,35.953987049687434,41.16363306145229,6460000.0,2380000.0
1674,36.18099773965683,41.10204747919797,6480000.0,2380000.0
1675,36.40762087164765,41.03994680953581,6500000.0,2380000.0
1676,36.633854904722824,40.977332426513584,6520000.0,2380000.0
1677,36.85969834010801,40.91420570724637,6540000.0,2380000.0
1678,37.085149721055046,40.85056803173252,6560000.0,2380000.0
1679,37.310207632698486,40.78642078267082,6580000.0,2380000.0
1680,37.534870701905334,40.7217653452788,6600000.0,2380000.0
1681,37.75913759711807,40.65660310711202,6620000.0,2380000.0
1682,37.983007028191224,40.59093545788489,6640000.0,2380000.0
1683,38.2064777462216,40.52476378929227,6660000.0,2380000.0
1684,38.42954854337226,40.45808949483275,6680000.0,2380000.0
1685,38.65221825269051,40.3909139696328,6700000.0,2380000.0
1686,38.87448574792003,40.32323861027252,6720000.0,2380000.0
1687,39.096349943307224,40.255064814612545,6740000.0,2380000.0
1688,39.31780979340202,40.18639398162236,6760000.0,2380000.0
1689,39.538864292853305,40.1172275112099,6780000.0,2380000.0
1690,39.759512476199056,40.047566804052686,6800000.0,2380000.0
1691,39.979753417651395,39.977413261430165,6820000.0,2380000.0
1692,40.199586230876655,39.90676828505767,6840000.0,2380000.0
1693,40.4190100687707,39.835633276921676,6860000.0,2380000.0
1694,40.63802412322966,39.76400963911666,6880000.0,2380000.0
1695,40.85662762491604,39.691898773683235,6900000.0,2380000.0
1696,41.07481984302061,39.619302082448066,6920000.0,2380000.0
1697,41.29260008502011,39.546220966864986,6940000.0,2380000.0
1698,41.509967696430856,39.47265682785794,6960000.0,2380000.0
1699,41.72692206055855,39.398611065665165,6980000.0,2380000.0
1700,41.94346259824429,39.324085079685226,7000000.0,2380000.0
1701,42.159588767607055,39.24908026832435,7020000.0,2380000.0
1702,42.37530006378272,39.17359802884554,7040000.0,2380000.0
1703,42.590596018659795,39.09763975721907,7060000.0,2380000.0
1704,42.805476200611984,39.02120684797488,7080000.0,2380000.0
1705,43.01994021422782,38.944300694056174,7100000.0,2380000.0
1706,43.233987700037375,38.866922686675,7120000.0,2380000.0
1707,43.44761833423616,38.78907421516922,7140000.0,2380000.0
1708,43.66083182840675,38.71075666686119,7160000.0,2380000.0
1709,43.873627929237514,38.631971426918035,7180000.0,2380000.0
1710,44.086006418239485,38.55271987821366,7200000.0,2380000.0
1711,33.5005455354535,41.977511709269876,6240000.0,2400000.0
1712,33.73226515423427,41.92149860606025,6260000.0,2400000.0
1713,33.96361278889681,41.86495426658026,6280000.0,2400000.0
1714,34.19458641574848,41.807880034121006,6300000.0,2400000.0
1715,34.4251840549203,41.75027725713717,6320000.0,2400000.0
1716,34.655403770312034,41.69214728905049,6340000.0,2400000.0
1717,34.885243669528705,41.63349148805374,6360000.0,2400000.0
1718,35.11470190380837,41.574311216915845,6380000.0,2400000.0
1719,35.34377666794146,41.51460784278737,6400000.0,2400000.0
1720,35.572466200181836,41.45438273700726,6420000.0,2400000.0
1721,35.800768782149696,41.39363727491019,6440000.0,2400000.0
1722,36.028682738726424,41.332372835635,6460000.0,2400000.0
1723,36.25620643794163,41.27059080193398,6480000.0,2400000.0
1724,36.4833382908525,41.20829255998325,6500000.0,2400000.0
1725,36.71007675141553,41.14547949919419,6520000.0,2400000.0
1726,36.936420316350976,41.082153012025785,6540000.0,2400000.0
1727,37.162367524999965,41.01831449379826,6560000.0,2400000.0
1728,37.387916959174646,40.95396534250775,6580000.0,2400000.0
1729,37.61306724300133,40.88910695864216,6600000.0,2400000.0
1730,37.83781704275696,40.82374074499821,6620000.0,2400000.0
1731,38.062165066698874,40.7578681064997,6640000.0,2400000.0
1732,38.286110064888284,40.691490450017106,6660000.0,2400000.0
1733,38.509650829007356,40.624609184188365,6680000.0,2400000.0
1734,38.73278619217024,40.557225719241,6700000.0,2400000.0
1735,38.955515028728136,40.48934146681559,6720000.0,2400000.0
1736,39.17783625406859,40.42095783979058,6740000.0,2400000.0
1737,39.399748824409045,40.35207625210854,6760000.0,2400000.0
1738,39.621251736585144,40.2826981186037,6780000.0,2400000.0
1739,39.8423440278335,40.21282485483106,6800000.0,2400000.0
1740,40.063024775569396,40.14245787689681,6820000.0,2400000.0
1741,40.28329309715963,40.07159860129033,6840000.0,2400000.0
1742,40.50314814969022,40.000248444717634,6860000.0,2400000.0
1743,40.72258912972975,39.928408823936266,6880000.0,2400000.0
1744,40.941615273088,39.85608115559181,6900000.0,2400000.0
1745,41.160225854570314,39.78326685605586,6920000.0,2400000.0
1746,41.37842018772769,39.709967341265596,6940000.0,2400000.0
1747,41.596197624602844,39.63618402656493,6960000.0,2400000.0
1748,41.81355755547246,39.56191832654712,6980000.0,2400000.0
1749,42.0304994085855,39.487171654899186,7000000.0,2400000.0
1750,42.24702264989812,39.41194542424768,7020000.0,2400000.0
1751,42.46312678280506,39.33624104600633,7040000.0,2400000.0
1752,42.67881134786769,39.26005993022507,7060000.0,2400000.0
1753,42.89407592253896,39.183403485440905,7080000.0,2400000.0
1754,43.10892012088539,39.10627311853028,7100000.0,2400000.0
1755,43.32334359330609,39.02867023456316,7120000.0,2400000.0
1756,43.53734602624919,38.95059623665878,7140000.0,2400000.0
1757,43.75092714192558,38.87205252584299,7160000.0,2400000.0
1758,43.96408669802033,38.79304050090742,7180000.0,2400000.0
1759,44.176824487401724,38.713561558270115,7200000.0,2400000.0
1760,34.49670657982107,41.92025338767148,6320000.0,2420000.0
1761,34.7274721152371,41.86193384623583,6340000.0,2420000.0
1762,34.957853544492814,41.803087238458865,6360000.0,2420000.0
1763,35.18784900947102,41.743714942730904,6380000.0,2420000.0
1764,35.41745669625986,41.68381834182168,6400000.0,2420000.0
1765,35.64667483505814,41.6233988226841,6420000.0,2420000.0
1766,35.87550170007248,41.562457776258924,6440000.0,2420000.0
1767,36.103935609406186,41.5009965972805,6460000.0,2420000.0
1768,36.786863440253384,41.31350626521956,6520000.0,2420000.0
1769,37.691838096120385,41.0563224984426,6600000.0,2420000.0
1770,37.91707303651375,40.990750861397366,6620000.0,2420000.0
1771,38.14190183736067,40.92467178357717,6640000.0,2420000.0
1772,38.366323247947086,40.858086687201485,6660000.0,2420000.0
1773,38.59033605974266,40.79099699621943,6680000.0,2420000.0
1774,38.81393910620465,40.723404136129645,6700000.0,2420000.0
1775,39.03713126257569,40.65530953380157,6720000.0,2420000.0
1776,39.259911445675804,40.586714617298156,6740000.0,2420000.0
1777,39.48227861368861,40.51762081569988,6760000.0,2420000.0
1778,39.70423176594211,40.448029558930386,6780000.0,2420000.0
1779,39.92576994268406,40.377942277583394,6800000.0,2420000.0
1780,40.146892224852124,40.307360402751335,6820000.0,2420000.0
1781,40.367597733839,40.236285365855224,6840000.0,2420000.0
1782,40.58788563125268,40.16471859847633,6860000.0,2420000.0
1783,40.807755118672056,40.09266153218915,6880000.0,2420000.0
1784,41.02720543739782,40.02011559839616,6900000.0,2420000.0
1785,41.24623586819913,39.94708222816398,6920000.0,2420000.0
1786,41.46484573105597,39.873562852061205,6940000.0,2420000.0
1787,41.68303438489744,39.7995588999979,6960000.0,2420000.0
1788,41.900801227336125,39.725071801066576,6980000.0,2420000.0
1789,42.11814569439873,39.650102983384954,7000000.0,2420000.0
1790,42.33506726025308,39.57465387394025,7020000.0,2420000.0
1791,42.5515654369317,39.49872589843518,7040000.0,2420000.0
1792,42.7676397740521,39.42232048113566,7060000.0,2420000.0
1793,42.98328985853376,39.34543904472013,7080000.0,2420000.0
1794,43.198515314312445,39.26808301013054,7100000.0,2420000.0
1795,43.41331580205133,39.19025379642508,7120000.0,2420000.0
1796,43.62769101884955,39.111952820632666,7140000.0,2420000.0
1797,43.84164069794829,39.03318149760898,7160000.0,2420000.0
1798,44.05516460843431,38.953941239894306,7180000.0,2420000.0
1799,35.03101213959499,41.97257359927055,6360000.0,2440000.0
1800,38.67160968056826,40.95725227139686,6680000.0,2440000.0
1801,38.89568243717443,40.889448548804104,6700000.0,2440000.0
1802,39.11933988853747,40.821142127842656,6720000.0,2440000.0
1803,39.34258095321072,40.75233445192847,6740000.0,2440000.0
1804,39.5654045916521,40.68302696544674,6760000.0,2440000.0
1805,39.78780980599727,40.61322111357538,6780000.0,2440000.0
1806,40.009795639827274,40.542918342109935,6800000.0,2440000.0
1807,40.231361177930985,40.472120097290194,6820000.0,2440000.0
1808,40.4525055460624,40.40082782562812,6840000.0,2440000.0
1809,40.673227910693086,40.32904297373759,6860000.0,2440000.0
1810,40.893527478759914,40.2567669881655,6880000.0,2440000.0
1811,41.11340349740806,40.1840013152247,6900000.0,2440000.0
1812,41.33285525372972,40.110747400828345,6920000.0,2440000.0
1813,41.55188207449854,40.03700669032606,6940000.0,2440000.0
1814,41.7704833258999,39.962780628341605,6960000.0,2440000.0
1815,41.98865841325733,39.888070658612314,6980000.0,2440000.0
1816,42.2064067807551,39.81287822383018,7000000.0,2440000.0
1817,42.42372791115725,39.73720476548463,7020000.0,2440000.0
1818,42.64062132552308,39.66105172370689,7040000.0,2440000.0
1819,42.85708658291944,39.58442053711635,7060000.0,2440000.0
1820,43.0731232801298,39.50731264266828,7080000.0,2440000.0
1821,43.28873105136036,39.42972947550357,7100000.0,2440000.0
1822,43.50390956794328,39.35167246880003,7120000.0,2440000.0
1823,43.71865853803729,39.27314305362549,7140000.0,2440000.0
1824,43.932977706325644,39.19414265879262,7160000.0,2440000.0
1825,44.1468668537118,39.11467271071562,7180000.0,2440000.0
1826,39.20214641139893,40.986838550178625,6720000.0,2460000.0
1827,39.42585027707622,40.9178166329951,6740000.0,2460000.0
1828,39.64913225363338,40.848293978814766,6760000.0,2460000.0
1829,39.87199134633889,40.77827204823652,6780000.0,2460000.0
1830,40.09442660243918,40.70775230242262,6800000.0,2460000.0
1831,40.31643711091315,40.63673620292307,6820000.0,2460000.0
1832,40.53802200222154,40.565225211501776,6840000.0,2460000.0
1833,40.75918044805119,40.493220789964184,6860000.0,2460000.0
1834,40.97991166105477,40.42072439998667,6880000.0,2460000.0
1835,41.20021489458566,40.34773750294743,6900000.0,2460000.0
1836,41.420089442428555,40.27426155975927,6920000.0,2460000.0
1837,41.63953463852562,40.200298030703756,6940000.0,2460000.0
1838,41.85854985669872,40.125848375267346,6960000.0,2460000.0
1839,42.07713451036759,40.05091405197914,6980000.0,2460000.0
1840,42.295288052264176,39.97549651825025,7000000.0,2460000.0
1841,42.51300997414351,39.89959723021511,7020000.0,2460000.0
1842,42.73029980649094,39.82321764257424,7040000.0,2460000.0
1843,42.94715711822628,39.74635920843909,7060000.0,2460000.0
1844,43.1635815164045,39.6690233791784,7080000.0,2460000.0
1845,43.37957264591379,39.5912116042664,7100000.0,2460000.0
1846,43.59513018917054,39.512925331132884,7120000.0,2460000.0
1847,43.8102538658117,39.434166005014866,7140000.0,2460000.0
1848,44.02494343238469,39.354935068810285,7160000.0,2460000.0
1849,39.956781941898974,40.94318161269757,6780000.0,2480000.0
1850,40.179668378611005,40.872443396518136,6800000.0,2480000.0
1851,40.40212556438431,40.80120794594552,6820000.0,2480000.0
1852,40.624152634741996,40.72947673815819,6840000.0,2480000.0
1853,40.845748766948304,40.65725125031384,6860000.0,2480000.0
1854,41.06691317973994,40.58453295937691,6880000.0,2480000.0
1855,41.28764513305265,40.5113233419476,6900000.0,2480000.0
1856,41.507943927743476,40.437623874092765,6920000.0,2480000.0
1857,41.72780890530854,40.363436031178445,6940000.0,2480000.0
1858,41.94723944759689,40.288761287704176,6960000.0,2480000.0
1859,42.1662349765202,40.21360111713906,6980000.0,2480000.0
1860,42.3847949537588,40.137956991759566,7000000.0,2480000.0
1861,42.602918880464,40.061830382489134,7020000.0,2480000.0
1862,42.82060629695705,39.985222758739546,7040000.0,2480000.0
1863,43.03785678242471,39.908135588254105,7060000.0,2480000.0
1864,43.25466995461166,39.83057033695272,7080000.0,2480000.0
1865,43.47104546951006,39.752528468778515,7100000.0,2480000.0
1866,43.68698302104619,39.67401144554663,7120000.0,2480000.0
1867,43.90248234076444,39.59502072679457,7140000.0,2480000.0
1868,44.11754319750879,39.515557769634505,7160000.0,2480000.0
1869,44.332165397101974,39.4356240286074,7180000.0,2480000.0
1870,40.488432144221306,40.96553453630753,6820000.0,2500000.0
1871,40.710903040882556,40.893581603836886,6840000.0,2500000.0
1872,40.932938455373304,40.8211335414072,6860000.0,2500000.0
1873,41.1545376128932,40.748191841431165,6880000.0,2500000.0
1874,41.37569978034522,40.6747579958891,6900000.0,2500000.0
1875,41.596424266049404,40.600833496158,6920000.0,2500000.0
1876,41.816710419451994,40.526419832842265,6940000.0,2500000.0
1877,42.03655763083066,40.45151849560625,6960000.0,2500000.0
1878,42.2559653309956,40.376130973008735,6980000.0,2500000.0
1879,42.47493299098694,40.30025875233898,7000000.0,2500000.0
1880,42.69346012176849,40.22390331945479,7020000.0,2500000.0
1881,42.91154627391789,40.147066158622316,7040000.0,2500000.0
1882,43.129191037313745,40.06974875235777,7060000.0,2500000.0
1883,43.34639404081934,39.991952581270915,7080000.0,2500000.0
1884,43.563154951963554,39.91367912391044,7100000.0,2500000.0
1885,43.77947347661899,39.83492985661126,7120000.0,2500000.0
1886,43.995349358677295,39.75570625334354,7140000.0,2500000.0
1887,44.21078237972219,39.676009785563785,7160000.0,2500000.0
1888,44.42577235870004,39.595841922067606,7180000.0,2500000.0
1889,40.7982788835441,41.05753899009901,6840000.0,2520000.0
1890,41.02075516647779,40.98486683309166,6860000.0,2520000.0
1891,41.242790603268205,40.91170020437865,6880000.0,2520000.0
1892,41.464384468181485,40.83804061148016,6900000.0,2520000.0
1893,41.68553607740224,40.7638895612408,6920000.0,2520000.0
1894,41.90624478873408,40.68924855965868,6940000.0,2520000.0
1895,42.126510001295784,40.614119111716235,6960000.0,2520000.0
1896,42.34633115521375,40.53850272121283,6980000.0,2520000.0
1897,42.5657077313104,40.462400890599355,7000000.0,2520000.0
1898,42.784639250789155,40.38581512081453,7020000.0,2520000.0
1899,43.003125274915774,40.30874691112325,7040000.0,2520000.0
1900,43.22116540469658,40.23119775895673,7060000.0,2520000.0
1901,43.43875928055336,40.15316915975453,7080000.0,2520000.0
1902,43.65590658199553,40.07466260680858,7100000.0,2520000.0
1903,43.87260702728937,39.99567959110892,7120000.0,2520000.0
1904,44.08886037312462,39.91622160119162,7140000.0,2520000.0
1905,44.304666414278785,39.83629012298844,7160000.0,2520000.0
1906,44.52002498327892,39.75588663967839,7180000.0,2520000.0
1907,41.109204619380584,41.148450278201125,6860000.0,2540000.0
1908,41.33167785908496,41.07505718934249,6880000.0,2540000.0
1909,41.55370489323769,41.00117031823263,6900000.0,2540000.0
1910,41.775285046301015,40.92679118734286,6920000.0,2540000.0
1911,41.99641768485431,40.851921318221834,6940000.0,2540000.0
1912,42.2171022172814,40.77656223132459,6960000.0,2540000.0
1913,42.43733809345379,40.700715445843514,6980000.0,2540000.0
1914,42.65712480441009,40.6243824795411,7000000.0,2540000.0
1915,42.876461882031876,40.54756484858492,7020000.0,2540000.0
1916,43.09534889871596,40.470264067384115,7040000.0,2540000.0
1917,43.313785467043594,40.392481648428195,7060000.0,2540000.0
1918,43.53177123944631,40.314219102127566,7080000.0,2540000.0
1919,41.198292599981386,41.31188301231145,6860000.0,2560000.0
1920,41.42120515482897,41.23826192009495,6880000.0,2560000.0
1921,41.64366681793307,41.164146228217284,6900000.0,2560000.0
1922,41.865676922458064,41.08953747493702,6920000.0,2560000.0
1923,42.087234844189325,41.0144371975117,6940000.0,2560000.0
1924,42.308340001211135,40.93884693202491,6960000.0,2560000.0
1925,42.52899185358075,40.8627682132157,6980000.0,2560000.0
1926,42.74918990299842,40.78620257430975,7000000.0,2560000.0
1927,42.968933692473996,40.70915154685234,7020000.0,2560000.0
1928,43.18822280598995,40.63161666054377,7040000.0,2560000.0
1929,43.40705686816124,40.553599443076216,7060000.0,2560000.0
1930,41.51137833205955,41.4013135028085,6880000.0,2580000.0
1931,41.73427607122313,41.3269674358147,6900000.0,2580000.0
1932,41.95671752157767,41.25212750671821,6920000.0,2580000.0
1933,42.17870206855657,41.17679526864505,6940000.0,2580000.0
1934,42.400229140392014,41.100972273464905,6960000.0,2580000.0
1935,42.62129820777947,41.024660071618506,6980000.0,2580000.0
1936,42.841908783538244,40.947860211947265,7000000.0,2580000.0
1937,43.06206042226852,40.87057424152474,7020000.0,2580000.0
1938,43.281752720004874,40.79280370549015,7040000.0,2580000.0
1939,43.50098531386662,40.71455014688404,7060000.0,2580000.0
1940,42.0484127261427,41.41456034735005,6920000.0,2600000.0
1941,42.27082522598576,41.338994584622306,6940000.0,2600000.0
1942,42.49277548777057,41.26293729709331,6960000.0,2600000.0
1943,42.714262993295556,41.186390051061984,6980000.0,2600000.0
1944,42.935287266968686,41.10935441113947,7000000.0,2600000.0
1945,43.15584787545468,41.031831940079066,7020000.0,2600000.0
1946,43.37594442731887,40.95382419860817,7040000.0,2600000.0
1947,43.59557657266774,40.8753327452623,7060000.0,2600000.0
1948,42.58598496269658,41.4247410259025,6960000.0,2620000.0
1949,42.80789211318346,41.34795716302013,6980000.0,2620000.0
1950,43.029331239437525,41.27068417195891,7000000.0,2620000.0
