location_id,longitude,latitude,vs30_m_s,vs30_status,direct_status,raster_row,raster_column,fallback_distance_m,source_raster,source_raster_md5
1,27.69836368910687,36.72096109074584,249.61154174804688,nearest_valid,nodata,4277,1215,785.099643179562,TRVs30GeoM_9Arcsec.tif,B66C0EC63B18E8FC8DBFD4E41201F4AC
2,29.219352315419773,36.417191513385696,600.7100219726562,direct,valid,4267,1779,,TRVs30GeoM_9Arcsec.tif,B66C0EC63B18E8FC8DBFD4E41201F4AC
3,29.435717386047425,36.37179313674507,600.7100219726562,direct,valid,4266,1859,,TRVs30GeoM_9Arcsec.tif,B66C0EC63B18E8FC8DBFD4E41201F4AC
4,29.651846979451506,36.325896593947036,451.6506652832031,direct,valid,4265,1940,,TRVs30GeoM_9Arcsec.tif,B66C0EC63B18E8FC8DBFD4E41201F4AC
5,29.867739251599964,36.27950273785293,444.1215515136719,direct,valid,4264,2020,,TRVs30GeoM_9Arcsec.tif,B66C0EC63B18E8FC8DBFD4E41201F4AC
6,28.180481980929358,36.812778166161735,619.1500244140625,direct,valid,4193,1374,,TRVs30GeoM_9Arcsec.tif,B66C0EC63B18E8FC8DBFD4E41201F4AC
7,28.83383397052426,36.68220746960079,540.4151611328125,direct,valid,4190,1615,,TRVs30GeoM_9Arcsec.tif,B66C0EC63B18E8FC8DBFD4E41201F4AC
8,29.268243574844124,36.59264935767198,615.2437133789062,direct,valid,4187,1775,,TRVs30GeoM_9Arcsec.tif,B66C0EC63B18E8FC8DBFD4E41201F4AC
9,29.485095047916403,36.54711954207101,600.7100219726562,direct,valid,4186,1856,,TRVs30GeoM_9Arcsec.tif,B66C0EC63B18E8FC8DBFD4E41201F4AC
10,29.701708444928247,36.501090360535215,467.1158447265625,direct,valid,4185,1936,,TRVs30GeoM_9Arcsec.tif,B66C0EC63B18E8FC8DBFD4E41201F4AC
11,29.91808190571509,36.45456267568672,489.16888427734375,direct,valid,4184,2016,,TRVs30GeoM_9Arcsec.tif,B66C0EC63B18E8FC8DBFD4E41201F4AC
12,30.13421359609482,36.40753735580809,600.7100219726562,direct,valid,4183,2097,,TRVs30GeoM_9Arcsec.tif,B66C0EC63B18E8FC8DBFD4E41201F4AC
13,30.350101707955858,36.36001527472258,600.7100219726562,direct,valid,4181,2177,,TRVs30GeoM_9Arcsec.tif,B66C0EC63B18E8FC8DBFD4E41201F4AC
14,27.57032760776377,37.11519768140355,576.5399780273438,direct,valid,4117,1131,,TRVs30GeoM_9Arcsec.tif,B66C0EC63B18E8FC8DBFD4E41201F4AC
15,27.789523470531773,37.07357073840816,576.5399780273438,direct,valid,4116,1211,,TRVs30GeoM_9Arcsec.tif,B66C0EC63B18E8FC8DBFD4E41201F4AC
16,28.00849457438754,37.031436462820096,490.5873718261719,direct,valid,4114,1291,,TRVs30GeoM_9Arcsec.tif,B66C0EC63B18E8FC8DBFD4E41201F4AC
17,28.22723883579452,36.98879567715674,406.1094665527344,direct,valid,4113,1371,,TRVs30GeoM_9Arcsec.tif,B66C0EC63B18E8FC8DBFD4E41201F4AC
18,28.44575419669056,36.945649210603236,619.1500244140625,direct,valid,4112,1451,,TRVs30GeoM_9Arcsec.tif,B66C0EC63B18E8FC8DBFD4E41201F4AC
19,28.66403862461807,36.90199789889339,190.47036743164062,nearest_valid,nodata,4114,1531,729.1414547327621,TRVs30GeoM_9Arcsec.tif,B66C0EC63B18E8FC8DBFD4E41201F4AC
20,28.88209011284875,36.8578425841903,619.1500244140625,direct,valid,4110,1611,,TRVs30GeoM_9Arcsec.tif,B66C0EC63B18E8FC8DBFD4E41201F4AC
21,29.099906680503015,36.81318411496639,537.5999755859375,direct,valid,4109,1691,,TRVs30GeoM_9Arcsec.tif,B66C0EC63B18E8FC8DBFD4E41201F4AC
22,29.317486372664064,36.76802334588332,377.94903564453125,direct,valid,4108,1772,,TRVs30GeoM_9Arcsec.tif,B66C0EC63B18E8FC8DBFD4E41201F4AC
23,29.534827260486637,36.722361137671335,600.7100219726562,direct,valid,4106,1852,,TRVs30GeoM_9Arcsec.tif,B66C0EC63B18E8FC8DBFD4E41201F4AC
24,29.7519274413005,36.67619835700851,600.7100219726562,direct,valid,4105,1932,,TRVs30GeoM_9Arcsec.tif,B66C0EC63B18E8FC8DBFD4E41201F4AC
25,29.968785038708628,36.62953587639955,600.6574096679688,direct,valid,4104,2012,,TRVs30GeoM_9Arcsec.tif,B66C0EC63B18E8FC8DBFD4E41201F4AC
26,30.185398202680236,36.58237457405441,600.7100219726562,direct,valid,4103,2093,,TRVs30GeoM_9Arcsec.tif,B66C0EC63B18E8FC8DBFD4E41201F4AC
27,30.401765109638546,36.53471533376674,600.7100219726562,direct,valid,4102,2173,,TRVs30GeoM_9Arcsec.tif,B66C0EC63B18E8FC8DBFD4E41201F4AC
28,27.395957680602272,37.33275060519027,541.405029296875,direct,valid,4038,1048,,TRVs30GeoM_9Arcsec.tif,B66C0EC63B18E8FC8DBFD4E41201F4AC
29,27.615891812868817,37.291509817212145,576.5399780273438,direct,valid,4037,1127,,TRVs30GeoM_9Arcsec.tif,B66C0EC63B18E8FC8DBFD4E41201F4AC
30,27.83560079611834,37.249759579890274,576.5399780273438,direct,valid,4036,1207,,TRVs30GeoM_9Arcsec.tif,B66C0EC63B18E8FC8DBFD4E41201F4AC
31,28.055082501628146,37.207500718476226,576.5399780273438,direct,valid,4035,1287,,TRVs30GeoM_9Arcsec.tif,B66C0EC63B18E8FC8DBFD4E41201F4AC
32,28.274334826403585,37.16473406506914,576.5399780273438,direct,valid,4034,1367,,TRVs30GeoM_9Arcsec.tif,B66C0EC63B18E8FC8DBFD4E41201F4AC
33,28.493355693314186,37.12146045849537,575.4285278320312,direct,valid,4033,1447,,TRVs30GeoM_9Arcsec.tif,B66C0EC63B18E8FC8DBFD4E41201F4AC
34,28.7121430512243,37.07768074418756,619.1500244140625,direct,valid,4031,1528,,TRVs30GeoM_9Arcsec.tif,B66C0EC63B18E8FC8DBFD4E41201F4AC
35,28.930694875118274,37.0333957740634,619.1500244140625,direct,valid,4030,1608,,TRVs30GeoM_9Arcsec.tif,B66C0EC63B18E8FC8DBFD4E41201F4AC
36,29.149009166220107,36.98860640640396,600.4848022460938,direct,valid,4029,1688,,TRVs30GeoM_9Arcsec.tif,B66C0EC63B18E8FC8DBFD4E41201F4AC
37,29.36708395210768,36.94331350573155,412.8243103027344,direct,valid,4028,1768,,TRVs30GeoM_9Arcsec.tif,B66C0EC63B18E8FC8DBFD4E41201F4AC
38,29.584917286821582,36.89751794268751,600.7100219726562,direct,valid,4027,1848,,TRVs30GeoM_9Arcsec.tif,B66C0EC63B18E8FC8DBFD4E41201F4AC
39,29.802507250968524,36.85122059390943,600.7100219726562,direct,valid,4026,1928,,TRVs30GeoM_9Arcsec.tif,B66C0EC63B18E8FC8DBFD4E41201F4AC
40,30.019851951819366,36.804422341908214,395.17291259765625,direct,valid,4024,2009,,TRVs30GeoM_9Arcsec.tif,B66C0EC63B18E8FC8DBFD4E41201F4AC
41,30.23694952340187,36.75712407494494,600.7100219726562,direct,valid,4023,2089,,TRVs30GeoM_9Arcsec.tif,B66C0EC63B18E8FC8DBFD4E41201F4AC
42,30.453798126588048,36.70932668690744,600.7100219726562,direct,valid,4022,2169,,TRVs30GeoM_9Arcsec.tif,B66C0EC63B18E8FC8DBFD4E41201F4AC
43,32.39394190600924,36.25683986364875,600.7100219726562,direct,valid,4010,2894,,TRVs30GeoM_9Arcsec.tif,B66C0EC63B18E8FC8DBFD4E41201F4AC
44,32.608205630981665,36.204101578044884,576.5399780273438,direct,valid,4008,2975,,TRVs30GeoM_9Arcsec.tif,B66C0EC63B18E8FC8DBFD4E41201F4AC
45,32.8222019486659,36.150874340066636,576.5399780273438,direct,valid,4007,3055,,TRVs30GeoM_9Arcsec.tif,B66C0EC63B18E8FC8DBFD4E41201F4AC
46,27.220656792268496,37.549961438045116,170.2329864501953,nearest_valid,outside_model_range,3958,964,355.8816082246173,TRVs30GeoM_9Arcsec.tif,B66C0EC63B18E8FC8DBFD4E41201F4AC
47,27.44133539370733,37.50910933878911,298.4751281738281,nearest_valid,nodata,3954,1042,1249.717726481304,TRVs30GeoM_9Arcsec.tif,B66C0EC63B18E8FC8DBFD4E41201F4AC
48,27.661788489963506,37.467745653388846,576.5399780273438,direct,valid,3957,1124,,TRVs30GeoM_9Arcsec.tif,B66C0EC63B18E8FC8DBFD4E41201F4AC
49,27.8820139063209,37.42587120970863,576.5399780273438,direct,valid,3956,1204,,TRVs30GeoM_9Arcsec.tif,B66C0EC63B18E8FC8DBFD4E41201F4AC
50,28.1020094940455,37.38348684264381,433.7031555175781,direct,valid,3955,1284,,TRVs30GeoM_9Arcsec.tif,B66C0EC63B18E8FC8DBFD4E41201F4AC
51,28.32177313052782,37.34059339399904,576.5399780273438,direct,valid,3954,1364,,TRVs30GeoM_9Arcsec.tif,B66C0EC63B18E8FC8DBFD4E41201F4AC
52,28.541302719419615,37.29719171236591,576.5399780273438,direct,valid,3953,1444,,TRVs30GeoM_9Arcsec.tif,B66C0EC63B18E8FC8DBFD4E41201F4AC
53,28.76059619076499,37.25328265300026,619.1500244140625,direct,valid,3952,1524,,TRVs30GeoM_9Arcsec.tif,B66C0EC63B18E8FC8DBFD4E41201F4AC
54,28.979651501125915,37.20886707769907,619.1500244140625,direct,valid,3951,1604,,TRVs30GeoM_9Arcsec.tif,B66C0EC63B18E8FC8DBFD4E41201F4AC
55,29.198466633702182,37.16394585467681,449.03564453125,direct,valid,3950,1684,,TRVs30GeoM_9Arcsec.tif,B66C0EC63B18E8FC8DBFD4E41201F4AC
56,29.417039598445704,37.11851985844161,446.62091064453125,direct,valid,3948,1764,,TRVs30GeoM_9Arcsec.tif,B66C0EC63B18E8FC8DBFD4E41201F4AC
57,29.635368432169425,37.0725899696711,600.7100219726562,direct,valid,3947,1845,,TRVs30GeoM_9Arcsec.tif,B66C0EC63B18E8FC8DBFD4E41201F4AC
58,29.85345119865057,37.02615707508775,600.7100219726562,direct,valid,3946,1925,,TRVs30GeoM_9Arcsec.tif,B66C0EC63B18E8FC8DBFD4E41201F4AC
59,30.071285988728555,36.97922206733419,456.63250732421875,direct,valid,3945,2005,,TRVs30GeoM_9Arcsec.tif,B66C0EC63B18E8FC8DBFD4E41201F4AC
60,30.288870920397333,36.931785844848164,600.7100219726562,direct,valid,3943,2085,,TRVs30GeoM_9Arcsec.tif,B66C0EC63B18E8FC8DBFD4E41201F4AC
61,30.506204138892407,36.88384931173726,600.7100219726562,direct,valid,3942,2165,,TRVs30GeoM_9Arcsec.tif,B66C0EC63B18E8FC8DBFD4E41201F4AC
62,32.23559469029164,36.48245612885767,600.7100219726562,direct,valid,3931,2809,,TRVs30GeoM_9Arcsec.tif,B66C0EC63B18E8FC8DBFD4E41201F4AC
63,32.45058355687311,36.43005835830706,590.8509521484375,direct,valid,3930,2890,,TRVs30GeoM_9Arcsec.tif,B66C0EC63B18E8FC8DBFD4E41201F4AC
64,32.66530367625988,36.3771696024007,475.07366943359375,direct,valid,3929,2970,,TRVs30GeoM_9Arcsec.tif,B66C0EC63B18E8FC8DBFD4E41201F4AC
65,32.87975349757471,36.323790819315875,600.7100219726562,direct,valid,3927,3051,,TRVs30GeoM_9Arcsec.tif,B66C0EC63B18E8FC8DBFD4E41201F4AC
66,33.0939314978176,36.26992297139023,600.7100219726562,direct,valid,3926,3132,,TRVs30GeoM_9Arcsec.tif,B66C0EC63B18E8FC8DBFD4E41201F4AC
67,33.30783618188619,36.21556702499643,600.7100219726562,direct,valid,3924,3213,,TRVs30GeoM_9Arcsec.tif,B66C0EC63B18E8FC8DBFD4E41201F4AC
68,33.52146608259121,36.16072395041664,600.7100219726562,direct,valid,3923,3293,,TRVs30GeoM_9Arcsec.tif,B66C0EC63B18E8FC8DBFD4E41201F4AC
69,27.265841880490992,37.72636735156866,505.03619384765625,direct,valid,3880,961,,TRVs30GeoM_9Arcsec.tif,B66C0EC63B18E8FC8DBFD4E41201F4AC
70,27.48704535792401,37.685392768940616,238.9805145263672,direct,valid,3879,1041,,TRVs30GeoM_9Arcsec.tif,B66C0EC63B18E8FC8DBFD4E41201F4AC
71,27.708020787457276,37.643905273565125,440.5792236328125,direct,valid,3878,1121,,TRVs30GeoM_9Arcsec.tif,B66C0EC63B18E8FC8DBFD4E41201F4AC
72,27.928765973795194,37.601905703011674,460.6383056640625,direct,valid,3877,1201,,TRVs30GeoM_9Arcsec.tif,B66C0EC63B18E8FC8DBFD4E41201F4AC
73,28.1492787480275,37.559394901944735,576.5399780273438,direct,valid,3876,1281,,TRVs30GeoM_9Arcsec.tif,B66C0EC63B18E8FC8DBFD4E41201F4AC
74,28.369556967772358,37.516373722000075,576.5399780273438,direct,valid,3874,1361,,TRVs30GeoM_9Arcsec.tif,B66C0EC63B18E8FC8DBFD4E41201F4AC
75,28.589598517313622,37.47284302166057,451.1012878417969,direct,valid,3873,1441,,TRVs30GeoM_9Arcsec.tif,B66C0EC63B18E8FC8DBFD4E41201F4AC
76,28.809401307732443,37.42880366613154,507.3622741699219,direct,valid,3872,1521,,TRVs30GeoM_9Arcsec.tif,B66C0EC63B18E8FC8DBFD4E41201F4AC
77,29.02896327703308,37.38425652721572,420.2082214355469,direct,valid,3871,1601,,TRVs30GeoM_9Arcsec.tif,B66C0EC63B18E8FC8DBFD4E41201F4AC
78,29.248282390263093,37.33920248318786,614.323974609375,direct,valid,3870,1681,,TRVs30GeoM_9Arcsec.tif,B66C0EC63B18E8FC8DBFD4E41201F4AC
79,29.467356639627766,37.29364241866886,342.8047180175781,direct,valid,3869,1761,,TRVs30GeoM_9Arcsec.tif,B66C0EC63B18E8FC8DBFD4E41201F4AC
80,29.686184044598946,37.247577224499736,619.1500244140625,direct,valid,3868,1841,,TRVs30GeoM_9Arcsec.tif,B66C0EC63B18E8FC8DBFD4E41201F4AC
81,29.904762652018224,37.20100779761518,600.7100219726562,direct,valid,3866,1921,,TRVs30GeoM_9Arcsec.tif,B66C0EC63B18E8FC8DBFD4E41201F4AC
82,30.123090536194542,37.15393504091692,520.7107543945312,direct,valid,3865,2001,,TRVs30GeoM_9Arcsec.tif,B66C0EC63B18E8FC8DBFD4E41201F4AC
83,30.34116579899628,37.10635986314674,335.5605163574219,direct,valid,3864,2081,,TRVs30GeoM_9Arcsec.tif,B66C0EC63B18E8FC8DBFD4E41201F4AC
84,30.558986569937684,37.0582831787595,510.8279113769531,direct,valid,3863,2162,,TRVs30GeoM_9Arcsec.tif,B66C0EC63B18E8FC8DBFD4E41201F4AC
85,30.776551006259982,37.00970590779576,324.5345458984375,direct,valid,3861,2242,,TRVs30GeoM_9Arcsec.tif,B66C0EC63B18E8FC8DBFD4E41201F4AC
86,30.99385729300692,36.96062897575434,257.7676696777344,direct,valid,3860,2322,,TRVs30GeoM_9Arcsec.tif,B66C0EC63B18E8FC8DBFD4E41201F4AC
87,31.21090364309496,36.911053313464876,346.513671875,direct,valid,3859,2403,,TRVs30GeoM_9Arcsec.tif,B66C0EC63B18E8FC8DBFD4E41201F4AC
88,31.427688297378037,36.860979856960014,431.0146179199219,direct,valid,3857,2483,,TRVs30GeoM_9Arcsec.tif,B66C0EC63B18E8FC8DBFD4E41201F4AC
89,31.644209524707083,36.810409547347874,435.1188659667969,direct,valid,3856,2563,,TRVs30GeoM_9Arcsec.tif,B66C0EC63B18E8FC8DBFD4E41201F4AC
90,31.86046562198417,36.75934333068417,576.5399780273438,direct,valid,3855,2644,,TRVs30GeoM_9Arcsec.tif,B66C0EC63B18E8FC8DBFD4E41201F4AC
91,32.076454914211475,36.70778215784453,576.5399780273438,direct,valid,3853,2724,,TRVs30GeoM_9Arcsec.tif,B66C0EC63B18E8FC8DBFD4E41201F4AC
92,32.29217575453506,36.655726984396765,576.5399780273438,direct,valid,3852,2805,,TRVs30GeoM_9Arcsec.tif,B66C0EC63B18E8FC8DBFD4E41201F4AC
93,32.50762652428348,36.60317877047308,600.7100219726562,direct,valid,3850,2886,,TRVs30GeoM_9Arcsec.tif,B66C0EC63B18E8FC8DBFD4E41201F4AC
94,32.7228056330013,36.5501384806426,477.60992431640625,direct,valid,3849,2966,,TRVs30GeoM_9Arcsec.tif,B66C0EC63B18E8FC8DBFD4E41201F4AC
95,32.93771151847763,36.49660708378374,452.2033996582031,direct,valid,3848,3047,,TRVs30GeoM_9Arcsec.tif,B66C0EC63B18E8FC8DBFD4E41201F4AC
96,33.15234264676957,36.44258555295679,437.01025390625,direct,valid,3846,3127,,TRVs30GeoM_9Arcsec.tif,B66C0EC63B18E8FC8DBFD4E41201F4AC
97,33.3666975122209,36.3880748652767,445.5190734863281,direct,valid,3845,3208,,TRVs30GeoM_9Arcsec.tif,B66C0EC63B18E8FC8DBFD4E41201F4AC
98,33.58077463747566,36.333076001786004,438.61126708984375,direct,valid,3843,3289,,TRVs30GeoM_9Arcsec.tif,B66C0EC63B18E8FC8DBFD4E41201F4AC
99,33.79457257348715,36.27758994732781,600.7100219726562,direct,valid,3841,3370,,TRVs30GeoM_9Arcsec.tif,B66C0EC63B18E8FC8DBFD4E41201F4AC
100,27.311358958073384,37.902698960976565,576.5399780273438,direct,valid,3800,958,,TRVs30GeoM_9Arcsec.tif,B66C0EC63B18E8FC8DBFD4E41201F4AC
101,27.533090738537283,37.86160098201426,281.0589294433594,direct,valid,3799,1038,,TRVs30GeoM_9Arcsec.tif,B66C0EC63B18E8FC8DBFD4E41201F4AC
102,27.754591895620326,37.819988755567046,270.25408935546875,direct,valid,3798,1118,,TRVs30GeoM_9Arcsec.tif,B66C0EC63B18E8FC8DBFD4E41201F4AC
103,27.97586021327398,37.77786312903646,576.5399780273438,direct,valid,3797,1198,,TRVs30GeoM_9Arcsec.tif,B66C0EC63B18E8FC8DBFD4E41201F4AC
104,28.196893502245825,37.73522495698334,576.5399780273438,direct,valid,3796,1278,,TRVs30GeoM_9Arcsec.tif,B66C0EC63B18E8FC8DBFD4E41201F4AC
105,28.417689600223373,37.69207510100223,436.43243408203125,direct,valid,3795,1357,,TRVs30GeoM_9Arcsec.tif,B66C0EC63B18E8FC8DBFD4E41201F4AC
106,28.63824637197186,37.64841442959521,576.5399780273438,direct,valid,3794,1437,,TRVs30GeoM_9Arcsec.tif,B66C0EC63B18E8FC8DBFD4E41201F4AC
107,28.858561709466297,37.60424381804533,569.6908569335938,direct,valid,3793,1517,,TRVs30GeoM_9Arcsec.tif,B66C0EC63B18E8FC8DBFD4E41201F4AC
108,29.078633532017594,37.55956414828963,600.7100219726562,direct,valid,3792,1597,,TRVs30GeoM_9Arcsec.tif,B66C0EC63B18E8FC8DBFD4E41201F4AC
109,29.298459786392918,37.514376308791824,435.0263671875,direct,valid,3790,1677,,TRVs30GeoM_9Arcsec.tif,B66C0EC63B18E8FC8DBFD4E41201F4AC
110,29.518038446930202,37.46868119441452,600.6312255859375,direct,valid,3789,1757,,TRVs30GeoM_9Arcsec.tif,B66C0EC63B18E8FC8DBFD4E41201F4AC
111,29.73736751564691,37.42247970629121,619.1500244140625,direct,valid,3788,1837,,TRVs30GeoM_9Arcsec.tif,B66C0EC63B18E8FC8DBFD4E41201F4AC
112,29.95644502234311,37.375772751697994,343.9871520996094,direct,valid,3787,1917,,TRVs30GeoM_9Arcsec.tif,B66C0EC63B18E8FC8DBFD4E41201F4AC
113,30.175269024698746,37.32856124392496,500.4632263183594,direct,valid,3786,1998,,TRVs30GeoM_9Arcsec.tif,B66C0EC63B18E8FC8DBFD4E41201F4AC
114,30.393837608365295,37.28084610214737,360.28070068359375,direct,valid,3784,2078,,TRVs30GeoM_9Arcsec.tif,B66C0EC63B18E8FC8DBFD4E41201F4AC
115,30.61214888705181,37.23262825129668,600.7100219726562,direct,valid,3783,2158,,TRVs30GeoM_9Arcsec.tif,B66C0EC63B18E8FC8DBFD4E41201F4AC
116,30.83020100260529,37.18390862193136,438.27587890625,direct,valid,3782,2238,,TRVs30GeoM_9Arcsec.tif,B66C0EC63B18E8FC8DBFD4E41201F4AC
117,31.04799212508556,37.13468815010759,600.7100219726562,direct,valid,3781,2318,,TRVs30GeoM_9Arcsec.tif,B66C0EC63B18E8FC8DBFD4E41201F4AC
118,31.265520452834593,37.084967777249794,469.3865661621094,direct,valid,3779,2399,,TRVs30GeoM_9Arcsec.tif,B66C0EC63B18E8FC8DBFD4E41201F4AC
119,31.482784212540363,37.03474845002119,600.7100219726562,direct,valid,3778,2479,,TRVs30GeoM_9Arcsec.tif,B66C0EC63B18E8FC8DBFD4E41201F4AC
120,31.699781659295276,36.984031120194174,562.3016967773438,direct,valid,3777,2559,,TRVs30GeoM_9Arcsec.tif,B66C0EC63B18E8FC8DBFD4E41201F4AC
121,31.9165110766492,36.93281674452075,600.7100219726562,direct,valid,3775,2640,,TRVs30GeoM_9Arcsec.tif,B66C0EC63B18E8FC8DBFD4E41201F4AC
122,32.13297077665716,36.88110628460294,546.1350708007812,direct,valid,3774,2720,,TRVs30GeoM_9Arcsec.tif,B66C0EC63B18E8FC8DBFD4E41201F4AC
123,32.349159099921756,36.82890070676327,600.7100219726562,direct,valid,3772,2801,,TRVs30GeoM_9Arcsec.tif,B66C0EC63B18E8FC8DBFD4E41201F4AC
124,32.56507441563034,36.77620098191515,600.7100219726562,direct,valid,3771,2881,,TRVs30GeoM_9Arcsec.tif,B66C0EC63B18E8FC8DBFD4E41201F4AC
125,32.78071512158697,36.723008085433555,494.1689147949219,direct,valid,3770,2962,,TRVs30GeoM_9Arcsec.tif,B66C0EC63B18E8FC8DBFD4E41201F4AC
126,32.996079644239344,36.669322997025645,448.04388427734375,direct,valid,3768,3043,,TRVs30GeoM_9Arcsec.tif,B66C0EC63B18E8FC8DBFD4E41201F4AC
127,33.21116643870045,36.61514670060163,455.1630554199219,direct,valid,3767,3123,,TRVs30GeoM_9Arcsec.tif,B66C0EC63B18E8FC8DBFD4E41201F4AC
128,33.42597398876547,36.5604801841457,416.2882385253906,direct,valid,3765,3204,,TRVs30GeoM_9Arcsec.tif,B66C0EC63B18E8FC8DBFD4E41201F4AC
129,33.64050080692341,36.505324439587206,455.5842590332031,direct,valid,3764,3285,,TRVs30GeoM_9Arcsec.tif,B66C0EC63B18E8FC8DBFD4E41201F4AC
130,33.85474543436418,36.449680462671985,463.2667236328125,direct,valid,3762,3365,,TRVs30GeoM_9Arcsec.tif,B66C0EC63B18E8FC8DBFD4E41201F4AC
131,34.06870644098047,36.39354925283403,159.4217529296875,direct,valid,3760,3446,,TRVs30GeoM_9Arcsec.tif,B66C0EC63B18E8FC8DBFD4E41201F4AC
132,26.465870423617304,38.23867275156919,374.97125244140625,direct,valid,3725,637,,TRVs30GeoM_9Arcsec.tif,B66C0EC63B18E8FC8DBFD4E41201F4AC
133,26.689043979858653,38.19952124103068,183.06588745117188,nearest_valid,nodata,3722,715,551.835807560281,TRVs30GeoM_9Arcsec.tif,B66C0EC63B18E8FC8DBFD4E41201F4AC
134,26.911993520894757,38.15985078541257,600.7100219726562,direct,valid,3723,796,,TRVs30GeoM_9Arcsec.tif,B66C0EC63B18E8FC8DBFD4E41201F4AC
135,27.134716702455528,38.11966221191549,600.7100219726562,direct,valid,3722,876,,TRVs30GeoM_9Arcsec.tif,B66C0EC63B18E8FC8DBFD4E41201F4AC
136,27.357211206847527,38.07895635546921,509.70263671875,direct,valid,3721,955,,TRVs30GeoM_9Arcsec.tif,B66C0EC63B18E8FC8DBFD4E41201F4AC
137,27.579474743122603,38.03773405860727,576.5399780273438,direct,valid,3720,1035,,TRVs30GeoM_9Arcsec.tif,B66C0EC63B18E8FC8DBFD4E41201F4AC
138,27.801505047240376,37.99599617134094,576.5399780273438,direct,valid,3719,1115,,TRVs30GeoM_9Arcsec.tif,B66C0EC63B18E8FC8DBFD4E41201F4AC
139,28.023299882224773,37.953743551032694,576.5399780273438,direct,valid,3718,1195,,TRVs30GeoM_9Arcsec.tif,B66C0EC63B18E8FC8DBFD4E41201F4AC
140,28.244857038314468,37.910977062269,448.1893005371094,direct,valid,3717,1274,,TRVs30GeoM_9Arcsec.tif,B66C0EC63B18E8FC8DBFD4E41201F4AC
141,28.46617433310727,37.867697576732795,425.2621154785156,direct,valid,3716,1354,,TRVs30GeoM_9Arcsec.tif,B66C0EC63B18E8FC8DBFD4E41201F4AC
142,28.68724961169849,37.82390597307529,553.8218383789062,direct,valid,3714,1434,,TRVs30GeoM_9Arcsec.tif,B66C0EC63B18E8FC8DBFD4E41201F4AC
143,28.908080746813397,37.77960313678756,576.5399780273438,direct,valid,3713,1514,,TRVs30GeoM_9Arcsec.tif,B66C0EC63B18E8FC8DBFD4E41201F4AC
144,29.128665638933644,37.7347899600714,427.45977783203125,direct,valid,3712,1594,,TRVs30GeoM_9Arcsec.tif,B66C0EC63B18E8FC8DBFD4E41201F4AC
145,29.3490022164177,37.68946734171024,599.087646484375,direct,valid,3711,1674,,TRVs30GeoM_9Arcsec.tif,B66C0EC63B18E8FC8DBFD4E41201F4AC
146,29.569088435615473,37.64363618693926,619.1500244140625,direct,valid,3710,1754,,TRVs30GeoM_9Arcsec.tif,B66C0EC63B18E8FC8DBFD4E41201F4AC
147,29.788922280977005,37.59729740731551,479.0201721191406,direct,valid,3709,1834,,TRVs30GeoM_9Arcsec.tif,B66C0EC63B18E8FC8DBFD4E41201F4AC
148,30.008501765155213,37.550451920587655,535.82080078125,direct,valid,3708,1914,,TRVs30GeoM_9Arcsec.tif,B66C0EC63B18E8FC8DBFD4E41201F4AC
149,30.227824929102965,37.50310065056537,586.107666015625,direct,valid,3706,1994,,TRVs30GeoM_9Arcsec.tif,B66C0EC63B18E8FC8DBFD4E41201F4AC
150,30.44688984216426,37.455244526988686,600.7100219726562,direct,valid,3705,2074,,TRVs30GeoM_9Arcsec.tif,B66C0EC63B18E8FC8DBFD4E41201F4AC
151,30.665694602159682,37.406884485396986,600.7100219726562,direct,valid,3704,2154,,TRVs30GeoM_9Arcsec.tif,B66C0EC63B18E8FC8DBFD4E41201F4AC
152,30.884237335466146,37.35802146699796,600.7100219726562,direct,valid,3703,2234,,TRVs30GeoM_9Arcsec.tif,B66C0EC63B18E8FC8DBFD4E41201F4AC
153,31.10251619709097,37.30865641853633,600.7100219726562,direct,valid,3701,2315,,TRVs30GeoM_9Arcsec.tif,B66C0EC63B18E8FC8DBFD4E41201F4AC
154,31.32052937074031,37.25879029216251,600.7100219726562,direct,valid,3700,2395,,TRVs30GeoM_9Arcsec.tif,B66C0EC63B18E8FC8DBFD4E41201F4AC
155,31.53827506888201,37.208424045301314,600.7100219726562,direct,valid,3699,2475,,TRVs30GeoM_9Arcsec.tif,B66C0EC63B18E8FC8DBFD4E41201F4AC
156,31.755751532802954,37.157558640520314,519.0328369140625,direct,valid,3697,2556,,TRVs30GeoM_9Arcsec.tif,B66C0EC63B18E8FC8DBFD4E41201F4AC
157,31.972957032660844,37.10619504539854,600.7100219726562,direct,valid,3696,2636,,TRVs30GeoM_9Arcsec.tif,B66C0EC63B18E8FC8DBFD4E41201F4AC
158,32.18988986753062,37.05433423239497,611.5167846679688,direct,valid,3695,2716,,TRVs30GeoM_9Arcsec.tif,B66C0EC63B18E8FC8DBFD4E41201F4AC
159,32.406548365445424,37.00197717871704,600.7100219726562,direct,valid,3693,2797,,TRVs30GeoM_9Arcsec.tif,B66C0EC63B18E8FC8DBFD4E41201F4AC
160,32.62293088343228,36.949124866189415,556.0596313476562,direct,valid,3692,2877,,TRVs30GeoM_9Arcsec.tif,B66C0EC63B18E8FC8DBFD4E41201F4AC
161,32.839035807542466,36.895778281122645,600.411376953125,direct,valid,3690,2958,,TRVs30GeoM_9Arcsec.tif,B66C0EC63B18E8FC8DBFD4E41201F4AC
162,33.05486155287663,36.84193841418205,600.7100219726562,direct,valid,3689,3038,,TRVs30GeoM_9Arcsec.tif,B66C0EC63B18E8FC8DBFD4E41201F4AC
163,33.2704065636048,36.78760626025678,430.1268005371094,direct,valid,3687,3119,,TRVs30GeoM_9Arcsec.tif,B66C0EC63B18E8FC8DBFD4E41201F4AC
164,33.48566931298123,36.73278281832892,495.301513671875,direct,valid,3686,3200,,TRVs30GeoM_9Arcsec.tif,B66C0EC63B18E8FC8DBFD4E41201F4AC
165,33.70064830335417,36.67746909134289,453.17724609375,direct,valid,3684,3280,,TRVs30GeoM_9Arcsec.tif,B66C0EC63B18E8FC8DBFD4E41201F4AC
166,33.91534206617074,36.62166608607511,443.9002380371094,direct,valid,3683,3361,,TRVs30GeoM_9Arcsec.tif,B66C0EC63B18E8FC8DBFD4E41201F4AC
167,34.12974916197677,36.56537481300372,596.9200439453125,direct,valid,3681,3442,,TRVs30GeoM_9Arcsec.tif,B66C0EC63B18E8FC8DBFD4E41201F4AC
168,36.04628988814197,36.03694969888044,459.1009216308594,direct,valid,3666,4170,,TRVs30GeoM_9Arcsec.tif,B66C0EC63B18E8FC8DBFD4E41201F4AC
169,36.257757535949914,35.97583204602361,445.27435302734375,direct,valid,3664,4252,,TRVs30GeoM_9Arcsec.tif,B66C0EC63B18E8FC8DBFD4E41201F4AC
170,26.509894140655756,38.41534329637798,539.4915161132812,direct,valid,3645,634,,TRVs30GeoM_9Arcsec.tif,B66C0EC63B18E8FC8DBFD4E41201F4AC
171,26.733613282390447,38.3760720418057,431.47113037109375,direct,valid,3644,714,,TRVs30GeoM_9Arcsec.tif,B66C0EC63B18E8FC8DBFD4E41201F4AC
172,26.957105854967303,38.33628045132845,600.7100219726562,direct,valid,3643,793,,TRVs30GeoM_9Arcsec.tif,B66C0EC63B18E8FC8DBFD4E41201F4AC
173,27.180369491315965,38.295969361958136,373.88873291015625,direct,valid,3642,873,,TRVs30GeoM_9Arcsec.tif,B66C0EC63B18E8FC8DBFD4E41201F4AC
174,27.403401851365395,38.25513961850895,372.96038818359375,direct,valid,3641,952,,TRVs30GeoM_9Arcsec.tif,B66C0EC63B18E8FC8DBFD4E41201F4AC
175,27.626200622213666,38.21379207346999,345.911376953125,direct,valid,3640,1032,,TRVs30GeoM_9Arcsec.tif,B66C0EC63B18E8FC8DBFD4E41201F4AC
176,27.84876351829153,38.17192758687727,497.48162841796875,direct,valid,3639,1112,,TRVs30GeoM_9Arcsec.tif,B66C0EC63B18E8FC8DBFD4E41201F4AC
177,28.071088281519785,38.129547026185065,294.2674865722656,direct,valid,3638,1191,,TRVs30GeoM_9Arcsec.tif,B66C0EC63B18E8FC8DBFD4E41201F4AC
178,28.293172681460486,38.08665126613683,576.5399780273438,direct,valid,3637,1271,,TRVs30GeoM_9Arcsec.tif,B66C0EC63B18E8FC8DBFD4E41201F4AC
179,28.515014515462006,38.043241188635555,576.5399780273438,direct,valid,3636,1351,,TRVs30GeoM_9Arcsec.tif,B66C0EC63B18E8FC8DBFD4E41201F4AC
180,28.73661160879791,37.999317682613594,576.5399780273438,direct,valid,3635,1431,,TRVs30GeoM_9Arcsec.tif,B66C0EC63B18E8FC8DBFD4E41201F4AC
181,28.95796181479973,37.95488164390224,301.48040771484375,direct,valid,3634,1511,,TRVs30GeoM_9Arcsec.tif,B66C0EC63B18E8FC8DBFD4E41201F4AC
182,29.179063014983665,37.90993397510068,464.7987060546875,direct,valid,3633,1591,,TRVs30GeoM_9Arcsec.tif,B66C0EC63B18E8FC8DBFD4E41201F4AC
183,29.399913119171195,37.86447558544469,544.4557495117188,direct,valid,3632,1670,,TRVs30GeoM_9Arcsec.tif,B66C0EC63B18E8FC8DBFD4E41201F4AC
184,29.620510065603604,37.81850739067495,372.14593505859375,direct,valid,3631,1750,,TRVs30GeoM_9Arcsec.tif,B66C0EC63B18E8FC8DBFD4E41201F4AC
185,29.84085182105059,37.77203031290516,347.178466796875,direct,valid,3629,1830,,TRVs30GeoM_9Arcsec.tif,B66C0EC63B18E8FC8DBFD4E41201F4AC
186,30.06093638091282,37.725045280489645,618.978759765625,direct,valid,3628,1910,,TRVs30GeoM_9Arcsec.tif,B66C0EC63B18E8FC8DBFD4E41201F4AC
187,30.280761769318534,37.677553227890996,425.8536376953125,direct,valid,3627,1990,,TRVs30GeoM_9Arcsec.tif,B66C0EC63B18E8FC8DBFD4E41201F4AC
188,30.500326039214297,37.62955509554718,522.1947631835938,direct,valid,3626,2071,,TRVs30GeoM_9Arcsec.tif,B66C0EC63B18E8FC8DBFD4E41201F4AC
189,30.71962727244983,37.581051829738854,450.79571533203125,direct,valid,3625,2151,,TRVs30GeoM_9Arcsec.tif,B66C0EC63B18E8FC8DBFD4E41201F4AC
190,30.938663579857067,37.53204438245612,596.9200439453125,direct,valid,3623,2231,,TRVs30GeoM_9Arcsec.tif,B66C0EC63B18E8FC8DBFD4E41201F4AC
191,31.15743310132335,37.48253371126544,600.7100219726562,direct,valid,3622,2311,,TRVs30GeoM_9Arcsec.tif,B66C0EC63B18E8FC8DBFD4E41201F4AC
192,31.375934005858948,37.43252077917636,600.7100219726562,direct,valid,3621,2391,,TRVs30GeoM_9Arcsec.tif,B66C0EC63B18E8FC8DBFD4E41201F4AC
193,31.594164491658834,37.382006554508166,619.1500244140625,direct,valid,3619,2471,,TRVs30GeoM_9Arcsec.tif,B66C0EC63B18E8FC8DBFD4E41201F4AC
194,31.812122786158863,37.3309920107565,540.8329467773438,direct,valid,3618,2552,,TRVs30GeoM_9Arcsec.tif,B66C0EC63B18E8FC8DBFD4E41201F4AC
195,32.029807146086306,37.27947812645998,216.08084106445312,nearest_valid,nodata,3619,2631,657.3951467455682,TRVs30GeoM_9Arcsec.tif,B66C0EC63B18E8FC8DBFD4E41201F4AC
196,32.247215857504855,37.2274658850669,600.7100219726562,direct,valid,3615,2712,,TRVs30GeoM_9Arcsec.tif,B66C0EC63B18E8FC8DBFD4E41201F4AC
197,32.464347235854135,37.17495627480183,600.7100219726562,direct,valid,3614,2793,,TRVs30GeoM_9Arcsec.tif,B66C0EC63B18E8FC8DBFD4E41201F4AC
198,32.68119962598379,37.121950288532474,444.0985412597656,direct,valid,3612,2873,,TRVs30GeoM_9Arcsec.tif,B66C0EC63B18E8FC8DBFD4E41201F4AC
199,32.89777140218212,37.06844892363656,546.6141357421875,direct,valid,3611,2954,,TRVs30GeoM_9Arcsec.tif,B66C0EC63B18E8FC8DBFD4E41201F4AC
200,33.114060968199546,37.01445318186877,600.7100219726562,direct,valid,3610,3034,,TRVs30GeoM_9Arcsec.tif,B66C0EC63B18E8FC8DBFD4E41201F4AC
201,33.330066757266565,36.95996406922799,419.35968017578125,direct,valid,3608,3115,,TRVs30GeoM_9Arcsec.tif,B66C0EC63B18E8FC8DBFD4E41201F4AC
202,33.545787232106775,36.904982595824656,470.369384765625,direct,valid,3607,3195,,TRVs30GeoM_9Arcsec.tif,B66C0EC63B18E8FC8DBFD4E41201F4AC
203,33.76122088494449,36.84950977574833,433.4263916015625,direct,valid,3605,3276,,TRVs30GeoM_9Arcsec.tif,B66C0EC63B18E8FC8DBFD4E41201F4AC
204,33.97636623750749,36.79354662693549,447.67108154296875,direct,valid,3603,3357,,TRVs30GeoM_9Arcsec.tif,B66C0EC63B18E8FC8DBFD4E41201F4AC
205,34.19122184102464,36.73709417103758,576.5399780273438,direct,valid,3602,3437,,TRVs30GeoM_9Arcsec.tif,B66C0EC63B18E8FC8DBFD4E41201F4AC
206,34.40578627621856,36.680153433289476,401.95587158203125,direct,valid,3600,3518,,TRVs30GeoM_9Arcsec.tif,B66C0EC63B18E8FC8DBFD4E41201F4AC
207,35.89947157607335,36.26798318896862,619.1500244140625,direct,valid,3589,4085,,TRVs30GeoM_9Arcsec.tif,B66C0EC63B18E8FC8DBFD4E41201F4AC
208,36.11165910372533,36.20717349170374,416.0539855957031,direct,valid,3587,4166,,TRVs30GeoM_9Arcsec.tif,B66C0EC63B18E8FC8DBFD4E41201F4AC
209,36.323544013204994,36.14588487940543,391.4991149902344,direct,valid,3585,4247,,TRVs30GeoM_9Arcsec.tif,B66C0EC63B18E8FC8DBFD4E41201F4AC
210,27.00255274035073,38.51263791627737,241.98342895507812,direct,valid,3564,790,,TRVs30GeoM_9Arcsec.tif,B66C0EC63B18E8FC8DBFD4E41201F4AC
211,27.226360404684474,38.47220338888701,413.1696472167969,direct,valid,3563,870,,TRVs30GeoM_9Arcsec.tif,B66C0EC63B18E8FC8DBFD4E41201F4AC
212,27.44993415957801,38.43124882774549,349.58209228515625,direct,valid,3562,949,,TRVs30GeoM_9Arcsec.tif,B66C0EC63B18E8FC8DBFD4E41201F4AC
213,27.67327166998277,38.389775095429606,576.5399780273438,direct,valid,3561,1029,,TRVs30GeoM_9Arcsec.tif,B66C0EC63B18E8FC8DBFD4E41201F4AC
214,27.89637062861588,38.347783062132656,576.5399780273438,direct,valid,3560,1109,,TRVs30GeoM_9Arcsec.tif,B66C0EC63B18E8FC8DBFD4E41201F4AC
215,28.119228756118375,38.305273605533756,576.5399780273438,direct,valid,3559,1188,,TRVs30GeoM_9Arcsec.tif,B66C0EC63B18E8FC8DBFD4E41201F4AC
216,28.341843801207215,38.2622476106667,576.5399780273438,direct,valid,3558,1268,,TRVs30GeoM_9Arcsec.tif,B66C0EC63B18E8FC8DBFD4E41201F4AC
217,28.564213540820923,38.21870596978826,576.5399780273438,direct,valid,3557,1348,,TRVs30GeoM_9Arcsec.tif,B66C0EC63B18E8FC8DBFD4E41201F4AC
218,28.78633578025892,38.17464958224603,576.5399780273438,direct,valid,3556,1428,,TRVs30GeoM_9Arcsec.tif,B66C0EC63B18E8FC8DBFD4E41201F4AC
219,29.008208353314675,38.13007935434586,441.205078125,direct,valid,3555,1507,,TRVs30GeoM_9Arcsec.tif,B66C0EC63B18E8FC8DBFD4E41201F4AC
220,29.229829122402634,38.084996199218835,442.9610290527344,direct,valid,3554,1587,,TRVs30GeoM_9Arcsec.tif,B66C0EC63B18E8FC8DBFD4E41201F4AC
221,29.45119597867886,38.03940103668794,383.6279602050781,direct,valid,3552,1667,,TRVs30GeoM_9Arcsec.tif,B66C0EC63B18E8FC8DBFD4E41201F4AC
222,29.672306842155596,37.99329479313434,533.9712524414062,direct,valid,3551,1747,,TRVs30GeoM_9Arcsec.tif,B66C0EC63B18E8FC8DBFD4E41201F4AC
223,29.893159661809648,37.94667840136338,360.37860107421875,direct,valid,3550,1827,,TRVs30GeoM_9Arcsec.tif,B66C0EC63B18E8FC8DBFD4E41201F4AC
224,30.113752415684655,37.8995528004703,504.1683349609375,direct,valid,3549,1907,,TRVs30GeoM_9Arcsec.tif,B66C0EC63B18E8FC8DBFD4E41201F4AC
225,30.334083110987308,37.851918935705775,343.1310729980469,direct,valid,3548,1987,,TRVs30GeoM_9Arcsec.tif,B66C0EC63B18E8FC8DBFD4E41201F4AC
226,30.554149784177564,37.80377775834109,355.878662109375,direct,valid,3547,2067,,TRVs30GeoM_9Arcsec.tif,B66C0EC63B18E8FC8DBFD4E41201F4AC
227,30.773950501052806,37.75513022553336,600.7100219726562,direct,valid,3545,2147,,TRVs30GeoM_9Arcsec.tif,B66C0EC63B18E8FC8DBFD4E41201F4AC
228,30.993483356826097,37.70597730019038,619.1500244140625,direct,valid,3544,2227,,TRVs30GeoM_9Arcsec.tif,B66C0EC63B18E8FC8DBFD4E41201F4AC
229,31.212746476198554,37.65631995083552,600.7100219726562,direct,valid,3543,2307,,TRVs30GeoM_9Arcsec.tif,B66C0EC63B18E8FC8DBFD4E41201F4AC
230,31.43173801342579,37.60615915147246,545.5087890625,direct,valid,3541,2387,,TRVs30GeoM_9Arcsec.tif,B66C0EC63B18E8FC8DBFD4E41201F4AC
231,31.650456152378663,37.555495881449914,441.2757263183594,direct,valid,3540,2468,,TRVs30GeoM_9Arcsec.tif,B66C0EC63B18E8FC8DBFD4E41201F4AC
232,31.86889910659811,37.50433112532629,331.5849304199219,direct,valid,3539,2548,,TRVs30GeoM_9Arcsec.tif,B66C0EC63B18E8FC8DBFD4E41201F4AC
233,32.08706511934444,37.45266587273436,463.1357727050781,direct,valid,3537,2628,,TRVs30GeoM_9Arcsec.tif,B66C0EC63B18E8FC8DBFD4E41201F4AC
234,32.30495246364083,37.40050111824601,600.7100219726562,direct,valid,3536,2708,,TRVs30GeoM_9Arcsec.tif,B66C0EC63B18E8FC8DBFD4E41201F4AC
235,32.522559442311334,37.34783786123702,430.2604064941406,direct,valid,3535,2789,,TRVs30GeoM_9Arcsec.tif,B66C0EC63B18E8FC8DBFD4E41201F4AC
236,32.73988438801327,37.29467710575184,394.8770446777344,direct,valid,3533,2869,,TRVs30GeoM_9Arcsec.tif,B66C0EC63B18E8FC8DBFD4E41201F4AC
237,32.95692566326416,37.24101986036877,405.6065673828125,direct,valid,3532,2950,,TRVs30GeoM_9Arcsec.tif,B66C0EC63B18E8FC8DBFD4E41201F4AC
238,33.17368166046321,37.1868671380649,314.7706604003906,direct,valid,3530,3030,,TRVs30GeoM_9Arcsec.tif,B66C0EC63B18E8FC8DBFD4E41201F4AC
239,33.39015080190749,37.13221995608154,441.6398620605469,direct,valid,3529,3111,,TRVs30GeoM_9Arcsec.tif,B66C0EC63B18E8FC8DBFD4E41201F4AC
240,33.60633153980275,37.07707933578973,446.0128173828125,direct,valid,3527,3191,,TRVs30GeoM_9Arcsec.tif,B66C0EC63B18E8FC8DBFD4E41201F4AC
241,33.822222356268995,37.02144630255592,600.7100219726562,direct,valid,3526,3272,,TRVs30GeoM_9Arcsec.tif,B66C0EC63B18E8FC8DBFD4E41201F4AC
242,34.03782176334096,36.965321885608006,460.1051940917969,direct,valid,3524,3352,,TRVs30GeoM_9Arcsec.tif,B66C0EC63B18E8FC8DBFD4E41201F4AC
243,34.25312830296338,36.9087071179016,600.7100219726562,direct,valid,3523,3433,,TRVs30GeoM_9Arcsec.tif,B66C0EC63B18E8FC8DBFD4E41201F4AC
244,34.468140546981274,36.85160303598658,562.9928588867188,direct,valid,3521,3514,,TRVs30GeoM_9Arcsec.tif,B66C0EC63B18E8FC8DBFD4E41201F4AC
245,35.11139767201939,36.67736532161035,222.4633331298828,direct,valid,3516,3756,,TRVs30GeoM_9Arcsec.tif,B66C0EC63B18E8FC8DBFD4E41201F4AC
246,35.3252190494582,36.61831441559451,204.70474243164062,nearest_valid,nodata,3511,3837,912.5141494804866,TRVs30GeoM_9Arcsec.tif,B66C0EC63B18E8FC8DBFD4E41201F4AC
247,35.96487228318893,36.438261428409085,326.8628845214844,direct,valid,3509,4080,,TRVs30GeoM_9Arcsec.tif,B66C0EC63B18E8FC8DBFD4E41201F4AC
248,36.17748232974261,36.37728053618602,615.7271118164062,direct,valid,3508,4161,,TRVs30GeoM_9Arcsec.tif,B66C0EC63B18E8FC8DBFD4E41201F4AC
249,36.38978656879935,36.31581979861172,296.3270263671875,direct,valid,3506,4242,,TRVs30GeoM_9Arcsec.tif,B66C0EC63B18E8FC8DBFD4E41201F4AC
250,36.60178386961322,36.253880280924164,370.60247802734375,direct,valid,3504,4323,,TRVs30GeoM_9Arcsec.tif,B66C0EC63B18E8FC8DBFD4E41201F4AC
251,26.823747949663712,38.72895987912718,537.5999755859375,direct,valid,3486,708,,TRVs30GeoM_9Arcsec.tif,B66C0EC63B18E8FC8DBFD4E41201F4AC
252,27.04833743448201,38.68892326973638,537.5999755859375,direct,valid,3485,787,,TRVs30GeoM_9Arcsec.tif,B66C0EC63B18E8FC8DBFD4E41201F4AC
253,27.272692727580182,38.64836437334714,304.3382568359375,direct,valid,3484,867,,TRVs30GeoM_9Arcsec.tif,B66C0EC63B18E8FC8DBFD4E41201F4AC
254,27.496811443527324,38.60728405493949,280.1930236816406,direct,valid,3483,946,,TRVs30GeoM_9Arcsec.tif,B66C0EC63B18E8FC8DBFD4E41201F4AC
255,27.720691224934,38.565683187312125,291.9048767089844,direct,valid,3482,1026,,TRVs30GeoM_9Arcsec.tif,B66C0EC63B18E8FC8DBFD4E41201F4AC
256,27.944329742617775,38.52356265095031,291.9706115722656,direct,valid,3481,1106,,TRVs30GeoM_9Arcsec.tif,B66C0EC63B18E8FC8DBFD4E41201F4AC
257,28.167724695762367,38.48092333389313,297.76702880859375,direct,valid,3480,1185,,TRVs30GeoM_9Arcsec.tif,B66C0EC63B18E8FC8DBFD4E41201F4AC
258,28.390873812070303,38.437766131600235,295.37432861328125,direct,valid,3479,1265,,TRVs30GeoM_9Arcsec.tif,B66C0EC63B18E8FC8DBFD4E41201F4AC
259,28.61377484790918,38.394091946818044,432.41949462890625,direct,valid,3478,1345,,TRVs30GeoM_9Arcsec.tif,B66C0EC63B18E8FC8DBFD4E41201F4AC
260,28.83642558845147,38.349901689445524,576.5399780273438,direct,valid,3477,1424,,TRVs30GeoM_9Arcsec.tif,B66C0EC63B18E8FC8DBFD4E41201F4AC
261,29.058823847807925,38.30519627639957,407.7485656738281,direct,valid,3475,1504,,TRVs30GeoM_9Arcsec.tif,B66C0EC63B18E8FC8DBFD4E41201F4AC
262,29.280967469154763,38.259976631479816,453.71917724609375,direct,valid,3474,1584,,TRVs30GeoM_9Arcsec.tif,B66C0EC63B18E8FC8DBFD4E41201F4AC
263,29.502854324854294,38.21424368523334,576.5399780273438,direct,valid,3473,1664,,TRVs30GeoM_9Arcsec.tif,B66C0EC63B18E8FC8DBFD4E41201F4AC
264,29.724482316569446,38.16799837481877,335.230224609375,direct,valid,3472,1744,,TRVs30GeoM_9Arcsec.tif,B66C0EC63B18E8FC8DBFD4E41201F4AC
265,29.945849375371907,38.12124164387032,348.344482421875,direct,valid,3471,1824,,TRVs30GeoM_9Arcsec.tif,B66C0EC63B18E8FC8DBFD4E41201F4AC
266,30.166953461844084,38.073974442361376,450.3722229003906,direct,valid,3470,1903,,TRVs30GeoM_9Arcsec.tif,B66C0EC63B18E8FC8DBFD4E41201F4AC
267,30.38779256617486,38.026197726468006,511.5866394042969,direct,valid,3469,1983,,TRVs30GeoM_9Arcsec.tif,B66C0EC63B18E8FC8DBFD4E41201F4AC
268,30.608364708249198,37.977912458432115,465.7101745605469,direct,valid,3467,2063,,TRVs30GeoM_9Arcsec.tif,B66C0EC63B18E8FC8DBFD4E41201F4AC
269,30.828667937731602,37.929119606424585,174.02272033691406,nearest_valid,nodata,3470,2139,1514.7520834295724,TRVs30GeoM_9Arcsec.tif,B66C0EC63B18E8FC8DBFD4E41201F4AC
270,31.04870033414355,37.87982014440815,600.7100219726562,direct,valid,3465,2223,,TRVs30GeoM_9Arcsec.tif,B66C0EC63B18E8FC8DBFD4E41201F4AC
271,31.268460006934944,37.83001505200025,600.7100219726562,direct,valid,3464,2304,,TRVs30GeoM_9Arcsec.tif,B66C0EC63B18E8FC8DBFD4E41201F4AC
272,31.487945095549406,37.77970531433576,174.0323028564453,nearest_valid,nodata,3477,2369,5324.282571211875,TRVs30GeoM_9Arcsec.tif,B66C0EC63B18E8FC8DBFD4E41201F4AC
273,31.70715376948395,37.72889192192971,369.4266357421875,direct,valid,3461,2464,,TRVs30GeoM_9Arcsec.tif,B66C0EC63B18E8FC8DBFD4E41201F4AC
274,31.926084228342418,37.67757587053997,443.80828857421875,direct,valid,3460,2544,,TRVs30GeoM_9Arcsec.tif,B66C0EC63B18E8FC8DBFD4E41201F4AC
275,32.14473470188348,37.62575816102994,457.08770751953125,direct,valid,3458,2624,,TRVs30GeoM_9Arcsec.tif,B66C0EC63B18E8FC8DBFD4E41201F4AC
276,32.36310345006248,37.57343979923139,353.483642578125,direct,valid,3457,2705,,TRVs30GeoM_9Arcsec.tif,B66C0EC63B18E8FC8DBFD4E41201F4AC
277,32.58118876306798,37.52062179580714,600.7100219726562,direct,valid,3455,2785,,TRVs30GeoM_9Arcsec.tif,B66C0EC63B18E8FC8DBFD4E41201F4AC
278,32.79898896135226,37.46730516611416,376.3973388671875,direct,valid,3454,2865,,TRVs30GeoM_9Arcsec.tif,B66C0EC63B18E8FC8DBFD4E41201F4AC
279,33.01650239565651,37.4134909300665,383.9750671386719,direct,valid,3453,2946,,TRVs30GeoM_9Arcsec.tif,B66C0EC63B18E8FC8DBFD4E41201F4AC
280,33.233727447030404,37.359180111998654,343.6736145019531,direct,valid,3451,3026,,TRVs30GeoM_9Arcsec.tif,B66C0EC63B18E8FC8DBFD4E41201F4AC
281,33.45066252684618,37.304373740528845,348.0574951171875,direct,valid,3450,3106,,TRVs30GeoM_9Arcsec.tif,B66C0EC63B18E8FC8DBFD4E41201F4AC
282,33.66730607680735,37.24907284842277,406.625,direct,valid,3448,3187,,TRVs30GeoM_9Arcsec.tif,B66C0EC63B18E8FC8DBFD4E41201F4AC
283,33.883656568952055,37.1932784724574,490.1619567871094,direct,valid,3447,3267,,TRVs30GeoM_9Arcsec.tif,B66C0EC63B18E8FC8DBFD4E41201F4AC
284,34.09971250565121,37.13699165328519,441.125244140625,direct,valid,3445,3348,,TRVs30GeoM_9Arcsec.tif,B66C0EC63B18E8FC8DBFD4E41201F4AC
285,34.31547241960139,37.080213435298475,438.6473388671875,direct,valid,3444,3429,,TRVs30GeoM_9Arcsec.tif,B66C0EC63B18E8FC8DBFD4E41201F4AC
286,34.53093487381255,37.02294486649423,600.7100219726562,direct,valid,3442,3509,,TRVs30GeoM_9Arcsec.tif,B66C0EC63B18E8FC8DBFD4E41201F4AC
287,34.74609846159083,36.965186998339206,435.5585021972656,direct,valid,3440,3590,,TRVs30GeoM_9Arcsec.tif,B66C0EC63B18E8FC8DBFD4E41201F4AC
288,34.96096180651622,36.90694088563541,264.1488342285156,direct,valid,3439,3671,,TRVs30GeoM_9Arcsec.tif,B66C0EC63B18E8FC8DBFD4E41201F4AC
289,35.17552356241539,36.84820758638591,243.00880432128906,direct,valid,3437,3752,,TRVs30GeoM_9Arcsec.tif,B66C0EC63B18E8FC8DBFD4E41201F4AC
290,35.38978241332964,36.788988161661216,248.5292205810547,direct,valid,3435,3832,,TRVs30GeoM_9Arcsec.tif,B66C0EC63B18E8FC8DBFD4E41201F4AC
291,35.603737073478165,36.729283675465915,161.50210571289062,nearest_valid,outside_model_range,3433,3913,212.79255639982773,TRVs30GeoM_9Arcsec.tif,B66C0EC63B18E8FC8DBFD4E41201F4AC
292,36.24376350328522,36.5472705293286,466.36907958984375,direct,valid,3429,4156,,TRVs30GeoM_9Arcsec.tif,B66C0EC63B18E8FC8DBFD4E41201F4AC
293,36.45648914457096,36.48563649134122,291.1861877441406,direct,valid,3427,4237,,TRVs30GeoM_9Arcsec.tif,B66C0EC63B18E8FC8DBFD4E41201F4AC
294,27.09446323907773,38.86513659544227,420.2366027832031,direct,valid,3406,785,,TRVs30GeoM_9Arcsec.tif,B66C0EC63B18E8FC8DBFD4E41201F4AC
295,27.31936978956531,38.82445239012989,537.5999755859375,direct,valid,3405,864,,TRVs30GeoM_9Arcsec.tif,B66C0EC63B18E8FC8DBFD4E41201F4AC
296,27.544037060051203,38.783245365884255,314.7547302246094,direct,valid,3404,944,,TRVs30GeoM_9Arcsec.tif,B66C0EC63B18E8FC8DBFD4E41201F4AC
297,27.76846267060953,38.74151640586237,317.580810546875,direct,valid,3403,1023,,TRVs30GeoM_9Arcsec.tif,B66C0EC63B18E8FC8DBFD4E41201F4AC
298,27.992644269971308,38.69926640097836,576.5399780273438,direct,valid,3402,1103,,TRVs30GeoM_9Arcsec.tif,B66C0EC63B18E8FC8DBFD4E41201F4AC
299,28.216579535684343,38.656496249768544,576.5399780273438,direct,valid,3401,1182,,TRVs30GeoM_9Arcsec.tif,B66C0EC63B18E8FC8DBFD4E41201F4AC
300,28.440266174266657,38.61320685825607,540.1446533203125,direct,valid,3400,1262,,TRVs30GeoM_9Arcsec.tif,B66C0EC63B18E8FC8DBFD4E41201F4AC
301,28.663701921353255,38.569399139815026,537.5999755859375,direct,valid,3399,1342,,TRVs30GeoM_9Arcsec.tif,B66C0EC63B18E8FC8DBFD4E41201F4AC
302,28.886884541836356,38.52507401503409,576.5399780273438,direct,valid,3397,1421,,TRVs30GeoM_9Arcsec.tif,B66C0EC63B18E8FC8DBFD4E41201F4AC
303,29.10981182999917,38.48023241157971,537.5999755859375,direct,valid,3396,1501,,TRVs30GeoM_9Arcsec.tif,B66C0EC63B18E8FC8DBFD4E41201F4AC
304,29.33248160964306,38.43487526405896,426.9914245605469,direct,valid,3395,1581,,TRVs30GeoM_9Arcsec.tif,B66C0EC63B18E8FC8DBFD4E41201F4AC
305,29.554891734208354,38.38900351388194,461.97088623046875,direct,valid,3394,1661,,TRVs30GeoM_9Arcsec.tif,B66C0EC63B18E8FC8DBFD4E41201F4AC
306,29.77704008688861,38.34261810912394,440.77117919921875,direct,valid,3393,1740,,TRVs30GeoM_9Arcsec.tif,B66C0EC63B18E8FC8DBFD4E41201F4AC
307,29.998924580738624,38.29572000438727,600.7100219726562,direct,valid,3392,1820,,TRVs30GeoM_9Arcsec.tif,B66C0EC63B18E8FC8DBFD4E41201F4AC
308,30.22054315877593,38.248310160662825,374.3968811035156,direct,valid,3391,1900,,TRVs30GeoM_9Arcsec.tif,B66C0EC63B18E8FC8DBFD4E41201F4AC
309,30.441893794076023,38.20038954519148,556.8273315429688,direct,valid,3389,1980,,TRVs30GeoM_9Arcsec.tif,B66C0EC63B18E8FC8DBFD4E41201F4AC
310,30.662974489861398,38.15195913132511,372.26165771484375,direct,valid,3388,2060,,TRVs30GeoM_9Arcsec.tif,B66C0EC63B18E8FC8DBFD4E41201F4AC
311,30.883783279584225,38.103019898387785,191.86715698242188,nearest_valid,nodata,3395,2129,3466.008050035832,TRVs30GeoM_9Arcsec.tif,B66C0EC63B18E8FC8DBFD4E41201F4AC
312,31.104318227002878,38.05357283153644,600.7100219726562,direct,valid,3386,2220,,TRVs30GeoM_9Arcsec.tif,B66C0EC63B18E8FC8DBFD4E41201F4AC
313,31.324577426252315,38.003618921621815,351.708984375,direct,valid,3384,2300,,TRVs30GeoM_9Arcsec.tif,B66C0EC63B18E8FC8DBFD4E41201F4AC
314,31.544559001908418,37.95315916504902,403.5843505859375,direct,valid,3383,2380,,TRVs30GeoM_9Arcsec.tif,B66C0EC63B18E8FC8DBFD4E41201F4AC
315,31.764261109046213,37.90219456363831,413.1660461425781,direct,valid,3382,2460,,TRVs30GeoM_9Arcsec.tif,B66C0EC63B18E8FC8DBFD4E41201F4AC
316,31.98368193329213,37.85072612448573,461.4828186035156,direct,valid,3380,2540,,TRVs30GeoM_9Arcsec.tif,B66C0EC63B18E8FC8DBFD4E41201F4AC
317,32.20281969087034,37.798754859823795,600.7100219726562,direct,valid,3379,2621,,TRVs30GeoM_9Arcsec.tif,B66C0EC63B18E8FC8DBFD4E41201F4AC
318,32.421672628643215,37.746281786882285,377.872802734375,direct,valid,3378,2701,,TRVs30GeoM_9Arcsec.tif,B66C0EC63B18E8FC8DBFD4E41201F4AC
319,32.640239024145984,37.69330792774905,350.7540283203125,direct,valid,3376,2781,,TRVs30GeoM_9Arcsec.tif,B66C0EC63B18E8FC8DBFD4E41201F4AC
320,32.858517185615575,37.63983430923105,335.6313171386719,direct,valid,3375,2861,,TRVs30GeoM_9Arcsec.tif,B66C0EC63B18E8FC8DBFD4E41201F4AC
321,33.07650545201383,37.585861962715406,342.76959228515625,direct,valid,3374,2942,,TRVs30GeoM_9Arcsec.tif,B66C0EC63B18E8FC8DBFD4E41201F4AC
322,33.29420219304506,37.53139192403072,446.4217529296875,direct,valid,3372,3022,,TRVs30GeoM_9Arcsec.tif,B66C0EC63B18E8FC8DBFD4E41201F4AC
323,33.51160580916802,37.47642523330858,349.9950866699219,direct,valid,3371,3102,,TRVs30GeoM_9Arcsec.tif,B66C0EC63B18E8FC8DBFD4E41201F4AC
324,33.728714731602416,37.42096293484525,546.7691650390625,direct,valid,3369,3183,,TRVs30GeoM_9Arcsec.tif,B66C0EC63B18E8FC8DBFD4E41201F4AC
325,33.94552742232994,37.3650060769637,576.5399780273438,direct,valid,3368,3263,,TRVs30GeoM_9Arcsec.tif,B66C0EC63B18E8FC8DBFD4E41201F4AC
326,34.162042374090014,37.30855571187587,576.5399780273438,direct,valid,3366,3344,,TRVs30GeoM_9Arcsec.tif,B66C0EC63B18E8FC8DBFD4E41201F4AC
327,34.37825811037013,37.2516128955452,576.5399780273438,direct,valid,3365,3424,,TRVs30GeoM_9Arcsec.tif,B66C0EC63B18E8FC8DBFD4E41201F4AC
328,34.594173185391114,37.19417868754963,600.7100219726562,direct,valid,3363,3505,,TRVs30GeoM_9Arcsec.tif,B66C0EC63B18E8FC8DBFD4E41201F4AC
329,34.80978618408707,37.13625415094485,465.7499694824219,direct,valid,3361,3586,,TRVs30GeoM_9Arcsec.tif,B66C0EC63B18E8FC8DBFD4E41201F4AC
330,35.02509572208042,37.07784035212793,420.45062255859375,direct,valid,3360,3666,,TRVs30GeoM_9Arcsec.tif,B66C0EC63B18E8FC8DBFD4E41201F4AC
331,35.24010044565185,37.018938360701455,288.5738220214844,direct,valid,3358,3747,,TRVs30GeoM_9Arcsec.tif,B66C0EC63B18E8FC8DBFD4E41201F4AC
332,35.45479903170528,36.959549249338025,405.8648376464844,direct,valid,3356,3828,,TRVs30GeoM_9Arcsec.tif,B66C0EC63B18E8FC8DBFD4E41201F4AC
333,35.6691901877282,36.89967409364526,413.8728942871094,direct,valid,3355,3909,,TRVs30GeoM_9Arcsec.tif,B66C0EC63B18E8FC8DBFD4E41201F4AC
334,35.883272651746985,36.83931397203119,343.03729248046875,nearest_valid,outside_model_range,3353,3989,163.741480433309,TRVs30GeoM_9Arcsec.tif,B66C0EC63B18E8FC8DBFD4E41201F4AC
335,36.31050660827201,36.717143157869906,600.7100219726562,direct,valid,3350,4152,,TRVs30GeoM_9Arcsec.tif,B66C0EC63B18E8FC8DBFD4E41201F4AC
336,36.523655729059236,36.6553346349374,410.71209716796875,direct,valid,3348,4233,,TRVs30GeoM_9Arcsec.tif,B66C0EC63B18E8FC8DBFD4E41201F4AC
337,26.91523244927025,39.081563324297576,287.8082275390625,direct,valid,3327,702,,TRVs30GeoM_9Arcsec.tif,B66C0EC63B18E8FC8DBFD4E41201F4AC
338,27.140933500849265,39.04127797131497,458.0660705566406,direct,valid,3326,782,,TRVs30GeoM_9Arcsec.tif,B66C0EC63B18E8FC8DBFD4E41201F4AC
339,27.366394965462113,39.00046750809452,537.5999755859375,direct,valid,3325,861,,TRVs30GeoM_9Arcsec.tif,B66C0EC63B18E8FC8DBFD4E41201F4AC
340,27.591614411501872,38.95913282032566,464.6182861328125,direct,valid,3325,941,,TRVs30GeoM_9Arcsec.tif,B66C0EC63B18E8FC8DBFD4E41201F4AC
341,27.816589436309442,38.91727480166231,289.5910339355469,direct,valid,3324,1020,,TRVs30GeoM_9Arcsec.tif,B66C0EC63B18E8FC8DBFD4E41201F4AC
342,28.04131766634112,38.8748943535865,432.8910217285156,direct,valid,3323,1100,,TRVs30GeoM_9Arcsec.tif,B66C0EC63B18E8FC8DBFD4E41201F4AC
343,28.265796757329344,38.83199238527124,427.21490478515625,direct,valid,3322,1179,,TRVs30GeoM_9Arcsec.tif,B66C0EC63B18E8FC8DBFD4E41201F4AC
344,28.490024394436766,38.78856981344307,415.58782958984375,direct,valid,3320,1259,,TRVs30GeoM_9Arcsec.tif,B66C0EC63B18E8FC8DBFD4E41201F4AC
345,28.713998292403577,38.74462756224393,427.3359680175781,direct,valid,3319,1339,,TRVs30GeoM_9Arcsec.tif,B66C0EC63B18E8FC8DBFD4E41201F4AC
346,28.937716195688132,38.70016656309268,461.9971618652344,direct,valid,3318,1418,,TRVs30GeoM_9Arcsec.tif,B66C0EC63B18E8FC8DBFD4E41201F4AC
347,29.161175878600925,38.65518775454612,454.7698974609375,direct,valid,3317,1498,,TRVs30GeoM_9Arcsec.tif,B66C0EC63B18E8FC8DBFD4E41201F4AC
348,29.384375145431907,38.609692082159675,422.0321350097656,direct,valid,3316,1578,,TRVs30GeoM_9Arcsec.tif,B66C0EC63B18E8FC8DBFD4E41201F4AC
349,29.607311830571266,38.563680498347665,447.8089294433594,direct,valid,3315,1657,,TRVs30GeoM_9Arcsec.tif,B66C0EC63B18E8FC8DBFD4E41201F4AC
350,29.829983798623505,38.51715396224338,576.5399780273438,direct,valid,3314,1737,,TRVs30GeoM_9Arcsec.tif,B66C0EC63B18E8FC8DBFD4E41201F4AC
351,30.052388944515172,38.4701134395586,419.1860046386719,direct,valid,3313,1817,,TRVs30GeoM_9Arcsec.tif,B66C0EC63B18E8FC8DBFD4E41201F4AC
352,30.27452519359589,38.42255990244325,382.8011779785156,direct,valid,3312,1897,,TRVs30GeoM_9Arcsec.tif,B66C0EC63B18E8FC8DBFD4E41201F4AC
353,30.496390501733078,38.37449432934443,537.5999755859375,direct,valid,3310,1977,,TRVs30GeoM_9Arcsec.tif,B66C0EC63B18E8FC8DBFD4E41201F4AC
354,30.717982855400226,38.325917704865596,347.6607971191406,direct,valid,3309,2057,,TRVs30GeoM_9Arcsec.tif,B66C0EC63B18E8FC8DBFD4E41201F4AC
355,30.939300271758796,38.27683101962539,454.4824523925781,direct,valid,3308,2136,,TRVs30GeoM_9Arcsec.tif,B66C0EC63B18E8FC8DBFD4E41201F4AC
356,31.160340798733777,38.22723527011642,375.06939697265625,direct,valid,3307,2216,,TRVs30GeoM_9Arcsec.tif,B66C0EC63B18E8FC8DBFD4E41201F4AC
357,31.381102515083025,38.177131458563906,600.7100219726562,direct,valid,3305,2296,,TRVs30GeoM_9Arcsec.tif,B66C0EC63B18E8FC8DBFD4E41201F4AC
358,31.60158353046037,38.12652059278438,600.7100219726562,direct,valid,3304,2376,,TRVs30GeoM_9Arcsec.tif,B66C0EC63B18E8FC8DBFD4E41201F4AC
359,31.82178198547254,38.07540368604428,462.1939697265625,direct,valid,3303,2457,,TRVs30GeoM_9Arcsec.tif,B66C0EC63B18E8FC8DBFD4E41201F4AC
360,32.04169605172998,38.023781756918524,594.7791748046875,direct,valid,3301,2537,,TRVs30GeoM_9Arcsec.tif,B66C0EC63B18E8FC8DBFD4E41201F4AC
361,32.26132393189169,37.971655829149206,452.6789855957031,direct,valid,3300,2617,,TRVs30GeoM_9Arcsec.tif,B66C0EC63B18E8FC8DBFD4E41201F4AC
362,32.48066385970395,37.91902693150434,365.93133544921875,direct,valid,3299,2697,,TRVs30GeoM_9Arcsec.tif,B66C0EC63B18E8FC8DBFD4E41201F4AC
363,32.69971410003323,37.8658960976367,344.8872985839844,direct,valid,3297,2777,,TRVs30GeoM_9Arcsec.tif,B66C0EC63B18E8FC8DBFD4E41201F4AC
364,32.91847294889318,37.81226436594273,350.5467529296875,direct,valid,3296,2857,,TRVs30GeoM_9Arcsec.tif,B66C0EC63B18E8FC8DBFD4E41201F4AC
365,33.13693873346579,37.75813277942176,338.3281555175781,direct,valid,3295,2938,,TRVs30GeoM_9Arcsec.tif,B66C0EC63B18E8FC8DBFD4E41201F4AC
366,33.355109812116936,37.70350238553527,347.10736083984375,direct,valid,3293,3018,,TRVs30GeoM_9Arcsec.tif,B66C0EC63B18E8FC8DBFD4E41201F4AC
367,33.57298457440604,37.64837423606647,345.07525634765625,direct,valid,3292,3098,,TRVs30GeoM_9Arcsec.tif,B66C0EC63B18E8FC8DBFD4E41201F4AC
368,33.7905614410904,37.592749386980074,337.79144287109375,direct,valid,3290,3179,,TRVs30GeoM_9Arcsec.tif,B66C0EC63B18E8FC8DBFD4E41201F4AC
369,34.007838864123734,37.53662889828233,339.4825744628906,direct,valid,3289,3259,,TRVs30GeoM_9Arcsec.tif,B66C0EC63B18E8FC8DBFD4E41201F4AC
370,34.22481532664948,37.480013833881415,487.57177734375,direct,valid,3287,3340,,TRVs30GeoM_9Arcsec.tif,B66C0EC63B18E8FC8DBFD4E41201F4AC
371,34.44148934298852,37.422905261448186,553.9176635742188,direct,valid,3286,3420,,TRVs30GeoM_9Arcsec.tif,B66C0EC63B18E8FC8DBFD4E41201F4AC
372,34.657859458621736,37.365304252277156,600.7100219726562,direct,valid,3284,3501,,TRVs30GeoM_9Arcsec.tif,B66C0EC63B18E8FC8DBFD4E41201F4AC
373,34.873924250167285,37.3072118811479,600.7100219726562,direct,valid,3282,3581,,TRVs30GeoM_9Arcsec.tif,B66C0EC63B18E8FC8DBFD4E41201F4AC
374,35.08968232535267,37.24862922618704,410.8733825683594,direct,valid,3281,3662,,TRVs30GeoM_9Arcsec.tif,B66C0EC63B18E8FC8DBFD4E41201F4AC
375,35.305132322981756,37.18955736873034,418.6518859863281,direct,valid,3279,3743,,TRVs30GeoM_9Arcsec.tif,B66C0EC63B18E8FC8DBFD4E41201F4AC
376,35.520272912896836,37.12999739318555,412.67083740234375,direct,valid,3277,3824,,TRVs30GeoM_9Arcsec.tif,B66C0EC63B18E8FC8DBFD4E41201F4AC
377,35.73510279593568,37.06995038689554,283.4344482421875,direct,valid,3276,3904,,TRVs30GeoM_9Arcsec.tif,B66C0EC63B18E8FC8DBFD4E41201F4AC
378,35.94962070388378,37.00941744000206,537.5999755859375,direct,valid,3274,3985,,TRVs30GeoM_9Arcsec.tif,B66C0EC63B18E8FC8DBFD4E41201F4AC
379,36.163825399421846,36.94839964530993,372.1065673828125,direct,valid,3272,4066,,TRVs30GeoM_9Arcsec.tif,B66C0EC63B18E8FC8DBFD4E41201F4AC
380,36.377715676068576,36.88689809815186,600.7100219726562,direct,valid,3271,4147,,TRVs30GeoM_9Arcsec.tif,B66C0EC63B18E8FC8DBFD4E41201F4AC
381,36.59129035811889,36.82491389625372,334.0068359375,direct,valid,3269,4228,,TRVs30GeoM_9Arcsec.tif,B66C0EC63B18E8FC8DBFD4E41201F4AC
382,37.01748838908842,36.69950193030313,216.88853454589844,nearest_valid,nodata,3266,4391,339.33052661111407,TRVs30GeoM_9Arcsec.tif,B66C0EC63B18E8FC8DBFD4E41201F4AC
383,26.734986953414374,39.29764233437251,407.1018981933594,direct,valid,3249,620,,TRVs30GeoM_9Arcsec.tif,B66C0EC63B18E8FC8DBFD4E41201F4AC
384,26.96148920992751,39.25775861349957,607.4853515625,direct,valid,3248,700,,TRVs30GeoM_9Arcsec.tif,B66C0EC63B18E8FC8DBFD4E41201F4AC
385,27.187751612231757,39.21734746937899,618.1209716796875,direct,valid,3247,779,,TRVs30GeoM_9Arcsec.tif,B66C0EC63B18E8FC8DBFD4E41201F4AC
386,27.413771676083538,39.17640979008805,283.6298828125,direct,valid,3246,858,,TRVs30GeoM_9Arcsec.tif,B66C0EC63B18E8FC8DBFD4E41201F4AC
387,27.63954694647813,39.13494647188031,600.7100219726562,direct,valid,3245,938,,TRVs30GeoM_9Arcsec.tif,B66C0EC63B18E8FC8DBFD4E41201F4AC
388,27.865074997825126,39.09295841904743,535.904052734375,direct,valid,3244,1017,,TRVs30GeoM_9Arcsec.tif,B66C0EC63B18E8FC8DBFD4E41201F4AC
389,28.090353434116878,39.05044654378064,619.1500244140625,direct,valid,3243,1097,,TRVs30GeoM_9Arcsec.tif,B66C0EC63B18E8FC8DBFD4E41201F4AC
390,28.315379889090096,39.007411766031375,442.4542236328125,direct,valid,3242,1176,,TRVs30GeoM_9Arcsec.tif,B66C0EC63B18E8FC8DBFD4E41201F4AC
391,28.54015202638053,38.96385501337164,446.5250244140625,direct,valid,3241,1256,,TRVs30GeoM_9Arcsec.tif,B66C0EC63B18E8FC8DBFD4E41201F4AC
392,28.764667539670786,38.91977722085367,450.3252258300781,direct,valid,3240,1336,,TRVs30GeoM_9Arcsec.tif,B66C0EC63B18E8FC8DBFD4E41201F4AC
393,28.988924152831345,38.87517933086923,537.5999755859375,direct,valid,3239,1415,,TRVs30GeoM_9Arcsec.tif,B66C0EC63B18E8FC8DBFD4E41201F4AC
394,29.212919620054738,38.83006229300842,434.9136047363281,direct,valid,3238,1495,,TRVs30GeoM_9Arcsec.tif,B66C0EC63B18E8FC8DBFD4E41201F4AC
395,29.43665172598293,38.784427063918216,619.1276245117188,direct,valid,3237,1574,,TRVs30GeoM_9Arcsec.tif,B66C0EC63B18E8FC8DBFD4E41201F4AC
396,29.660118285828005,38.738274607160555,456.3089294433594,direct,valid,3236,1654,,TRVs30GeoM_9Arcsec.tif,B66C0EC63B18E8FC8DBFD4E41201F4AC
397,29.88331714548609,38.691605893070104,450.8661193847656,direct,valid,3235,1734,,TRVs30GeoM_9Arcsec.tif,B66C0EC63B18E8FC8DBFD4E41201F4AC
398,30.10624618164464,38.64442189861183,460.1924133300781,direct,valid,3234,1814,,TRVs30GeoM_9Arcsec.tif,B66C0EC63B18E8FC8DBFD4E41201F4AC
399,30.328903301883095,38.596723607238225,387.3507080078125,direct,valid,3233,1893,,TRVs30GeoM_9Arcsec.tif,B66C0EC63B18E8FC8DBFD4E41201F4AC
400,30.551286444766905,38.54851200874642,380.817626953125,direct,valid,3231,1973,,TRVs30GeoM_9Arcsec.tif,B66C0EC63B18E8FC8DBFD4E41201F4AC
401,30.773393579935096,38.499788099134996,537.5999755859375,direct,valid,3230,2053,,TRVs30GeoM_9Arcsec.tif,B66C0EC63B18E8FC8DBFD4E41201F4AC
402,30.995222708181235,38.45055288046082,600.7100219726562,direct,valid,3229,2133,,TRVs30GeoM_9Arcsec.tif,B66C0EC63B18E8FC8DBFD4E41201F4AC
403,31.216771861528052,38.40080736069562,600.7100219726562,direct,valid,3228,2213,,TRVs30GeoM_9Arcsec.tif,B66C0EC63B18E8FC8DBFD4E41201F4AC
404,31.438039103295566,38.35055255358258,348.9617614746094,direct,valid,3226,2293,,TRVs30GeoM_9Arcsec.tif,B66C0EC63B18E8FC8DBFD4E41201F4AC
405,31.659022528162982,38.29978947849281,358.1799621582031,direct,valid,3225,2373,,TRVs30GeoM_9Arcsec.tif,B66C0EC63B18E8FC8DBFD4E41201F4AC
406,31.87972026222421,38.248519160281944,477.8377685546875,direct,valid,3224,2453,,TRVs30GeoM_9Arcsec.tif,B66C0EC63B18E8FC8DBFD4E41201F4AC
407,32.10013046303718,38.19674262914657,429.1590270996094,direct,valid,3222,2533,,TRVs30GeoM_9Arcsec.tif,B66C0EC63B18E8FC8DBFD4E41201F4AC
408,32.32025131966706,38.14446092048091,576.5399780273438,direct,valid,3221,2613,,TRVs30GeoM_9Arcsec.tif,B66C0EC63B18E8FC8DBFD4E41201F4AC
409,32.54008105272324,38.091675074733416,419.36328125,direct,valid,3220,2693,,TRVs30GeoM_9Arcsec.tif,B66C0EC63B18E8FC8DBFD4E41201F4AC
410,32.759617914390375,38.03838613726363,350.3300476074219,direct,valid,3218,2773,,TRVs30GeoM_9Arcsec.tif,B66C0EC63B18E8FC8DBFD4E41201F4AC
411,32.978860188453446,37.98459515819907,576.5399780273438,direct,valid,3217,2854,,TRVs30GeoM_9Arcsec.tif,B66C0EC63B18E8FC8DBFD4E41201F4AC
412,33.197806190316825,37.93030319229237,384.9341735839844,direct,valid,3216,2934,,TRVs30GeoM_9Arcsec.tif,B66C0EC63B18E8FC8DBFD4E41201F4AC
413,33.416454267017606,37.87551129877858,416.184814453125,direct,valid,3214,3014,,TRVs30GeoM_9Arcsec.tif,B66C0EC63B18E8FC8DBFD4E41201F4AC
414,33.63480279723304,37.820220541232764,273.27978515625,nearest_valid,outside_model_range,3212,3094,209.00927069254388,TRVs30GeoM_9Arcsec.tif,B66C0EC63B18E8FC8DBFD4E41201F4AC
415,33.852850191282435,37.76443198742776,537.5999755859375,direct,valid,3211,3175,,TRVs30GeoM_9Arcsec.tif,B66C0EC63B18E8FC8DBFD4E41201F4AC
416,34.07059489112322,37.70814670919236,339.80303955078125,direct,valid,3210,3255,,TRVs30GeoM_9Arcsec.tif,B66C0EC63B18E8FC8DBFD4E41201F4AC
417,34.288035370341625,37.65136578226969,342.20294189453125,direct,valid,3208,3336,,TRVs30GeoM_9Arcsec.tif,B66C0EC63B18E8FC8DBFD4E41201F4AC
418,34.50517013413782,37.594090286176005,619.1500244140625,direct,valid,3207,3416,,TRVs30GeoM_9Arcsec.tif,B66C0EC63B18E8FC8DBFD4E41201F4AC
419,34.72199771930557,37.53632130405986,570.2979125976562,direct,valid,3205,3497,,TRVs30GeoM_9Arcsec.tif,B66C0EC63B18E8FC8DBFD4E41201F4AC
420,34.93851669420672,37.47805992256167,587.94091796875,direct,valid,3203,3577,,TRVs30GeoM_9Arcsec.tif,B66C0EC63B18E8FC8DBFD4E41201F4AC
421,35.154725658740276,37.41930723167363,600.7100219726562,direct,valid,3202,3658,,TRVs30GeoM_9Arcsec.tif,B66C0EC63B18E8FC8DBFD4E41201F4AC
422,35.37062324430641,37.36006432460021,454.3183898925781,direct,valid,3200,3738,,TRVs30GeoM_9Arcsec.tif,B66C0EC63B18E8FC8DBFD4E41201F4AC
423,35.58620811376535,37.30033229761905,424.94012451171875,direct,valid,3199,3819,,TRVs30GeoM_9Arcsec.tif,B66C0EC63B18E8FC8DBFD4E41201F4AC
424,35.80147896139128,37.24011224994233,272.97662353515625,direct,valid,3197,3900,,TRVs30GeoM_9Arcsec.tif,B66C0EC63B18E8FC8DBFD4E41201F4AC
425,36.01643451282128,37.17940528357873,271.40887451171875,direct,valid,3195,3981,,TRVs30GeoM_9Arcsec.tif,B66C0EC63B18E8FC8DBFD4E41201F4AC
426,36.2310735249994,37.11821250319588,404.9345397949219,direct,valid,3193,4061,,TRVs30GeoM_9Arcsec.tif,B66C0EC63B18E8FC8DBFD4E41201F4AC
427,36.4453947861161,37.05653501598343,462.778564453125,direct,valid,3192,4142,,TRVs30GeoM_9Arcsec.tif,B66C0EC63B18E8FC8DBFD4E41201F4AC
428,36.65939711554286,36.994373931516634,339.90020751953125,direct,valid,3190,4223,,TRVs30GeoM_9Arcsec.tif,B66C0EC63B18E8FC8DBFD4E41201F4AC
429,36.87307936376233,36.93173036162065,600.7100219726562,direct,valid,3188,4304,,TRVs30GeoM_9Arcsec.tif,B66C0EC63B18E8FC8DBFD4E41201F4AC
430,37.0864404122939,36.8686054202354,520.0565795898438,direct,valid,3186,4385,,TRVs30GeoM_9Arcsec.tif,B66C0EC63B18E8FC8DBFD4E41201F4AC
431,37.29947917361488,36.80500022328105,537.5999755859375,direct,valid,3185,4466,,TRVs30GeoM_9Arcsec.tif,B66C0EC63B18E8FC8DBFD4E41201F4AC
432,37.512194591077346,36.74091588852426,445.32220458984375,direct,valid,3183,4547,,TRVs30GeoM_9Arcsec.tif,B66C0EC63B18E8FC8DBFD4E41201F4AC
433,26.326165468960248,39.55231997146891,537.5999755859375,direct,valid,3172,459,,TRVs30GeoM_9Arcsec.tif,B66C0EC63B18E8FC8DBFD4E41201F4AC
434,27.008093508629944,39.433883049451325,449.3721923828125,direct,valid,3169,697,,TRVs30GeoM_9Arcsec.tif,B66C0EC63B18E8FC8DBFD4E41201F4AC
435,27.234921012127167,39.39334515568316,576.5399780273438,direct,valid,3168,776,,TRVs30GeoM_9Arcsec.tif,B66C0EC63B18E8FC8DBFD4E41201F4AC
436,27.461503388978,39.352279292863166,537.5999755859375,direct,valid,3167,856,,TRVs30GeoM_9Arcsec.tif,B66C0EC63B18E8FC8DBFD4E41201F4AC
437,27.68783816057154,39.310686367951625,449.36102294921875,direct,valid,3166,935,,TRVs30GeoM_9Arcsec.tif,B66C0EC63B18E8FC8DBFD4E41201F4AC
438,27.913922878186725,39.268567296021104,537.5999755859375,direct,valid,3166,1015,,TRVs30GeoM_9Arcsec.tif,B66C0EC63B18E8FC8DBFD4E41201F4AC
439,28.13975512316171,39.22592300011557,549.174560546875,direct,valid,3165,1094,,TRVs30GeoM_9Arcsec.tif,B66C0EC63B18E8FC8DBFD4E41201F4AC
440,28.36533250705624,39.18275441110894,600.7100219726562,direct,valid,3163,1174,,TRVs30GeoM_9Arcsec.tif,B66C0EC63B18E8FC8DBFD4E41201F4AC
441,28.59065267180693,39.139062467563,576.5399780273438,direct,valid,3162,1253,,TRVs30GeoM_9Arcsec.tif,B66C0EC63B18E8FC8DBFD4E41201F4AC
442,28.81571328987561,39.09484811558499,576.5399780273438,direct,valid,3161,1333,,TRVs30GeoM_9Arcsec.tif,B66C0EC63B18E8FC8DBFD4E41201F4AC
443,29.040512064390597,39.05011230868453,441.5483093261719,direct,valid,3160,1412,,TRVs30GeoM_9Arcsec.tif,B66C0EC63B18E8FC8DBFD4E41201F4AC
444,29.265046729281057,39.00485600763029,455.4874572753906,direct,valid,3159,1492,,TRVs30GeoM_9Arcsec.tif,B66C0EC63B18E8FC8DBFD4E41201F4AC
445,29.48931504940448,38.959080180306216,457.433837890625,direct,valid,3158,1571,,TRVs30GeoM_9Arcsec.tif,B66C0EC63B18E8FC8DBFD4E41201F4AC
446,29.71331482066713,38.91278580156744,584.5900268554688,direct,valid,3157,1651,,TRVs30GeoM_9Arcsec.tif,B66C0EC63B18E8FC8DBFD4E41201F4AC
447,29.93704387013784,38.865973853095795,446.93450927734375,direct,valid,3156,1731,,TRVs30GeoM_9Arcsec.tif,B66C0EC63B18E8FC8DBFD4E41201F4AC
448,30.160500056154792,38.81864532325514,437.5543518066406,direct,valid,3155,1810,,TRVs30GeoM_9Arcsec.tif,B66C0EC63B18E8FC8DBFD4E41201F4AC
449,30.383681268425704,38.7708012069465,314.5601501464844,direct,valid,3154,1890,,TRVs30GeoM_9Arcsec.tif,B66C0EC63B18E8FC8DBFD4E41201F4AC
450,30.60658542812115,38.72244250546278,341.2421875,direct,valid,3152,1970,,TRVs30GeoM_9Arcsec.tif,B66C0EC63B18E8FC8DBFD4E41201F4AC
451,30.829210487961294,38.67357022634364,339.2607116699219,direct,valid,3151,2050,,TRVs30GeoM_9Arcsec.tif,B66C0EC63B18E8FC8DBFD4E41201F4AC
452,31.051554432295962,38.62418538322986,344.93878173828125,direct,valid,3150,2130,,TRVs30GeoM_9Arcsec.tif,B66C0EC63B18E8FC8DBFD4E41201F4AC
453,31.273615277178134,38.57428899571802,342.7534484863281,direct,valid,3149,2209,,TRVs30GeoM_9Arcsec.tif,B66C0EC63B18E8FC8DBFD4E41201F4AC
454,31.4953910704309,38.52388208921472,156.11961364746094,nearest_valid,nodata,3159,2301,4174.334426692126,TRVs30GeoM_9Arcsec.tif,B66C0EC63B18E8FC8DBFD4E41201F4AC
455,31.716879891708025,38.47296569479104,397.2665710449219,direct,valid,3146,2369,,TRVs30GeoM_9Arcsec.tif,B66C0EC63B18E8FC8DBFD4E41201F4AC
456,31.938079852547972,38.42154084903692,574.7212524414062,direct,valid,3145,2449,,TRVs30GeoM_9Arcsec.tif,B66C0EC63B18E8FC8DBFD4E41201F4AC
457,32.158989096421706,38.36960859391554,384.23681640625,direct,valid,3144,2529,,TRVs30GeoM_9Arcsec.tif,B66C0EC63B18E8FC8DBFD4E41201F4AC
458,32.37960579877412,38.31716997661776,344.0691223144531,direct,valid,3142,2609,,TRVs30GeoM_9Arcsec.tif,B66C0EC63B18E8FC8DBFD4E41201F4AC
459,32.599928167059275,38.26422604941686,350.9097595214844,direct,valid,3141,2690,,TRVs30GeoM_9Arcsec.tif,B66C0EC63B18E8FC8DBFD4E41201F4AC
460,32.81995444076949,38.210777869523014,410.09918212890625,direct,valid,3140,2770,,TRVs30GeoM_9Arcsec.tif,B66C0EC63B18E8FC8DBFD4E41201F4AC
461,33.039682891458334,38.15682649893836,574.7212524414062,direct,valid,3138,2850,,TRVs30GeoM_9Arcsec.tif,B66C0EC63B18E8FC8DBFD4E41201F4AC
462,33.259111822757525,38.10237300431195,339.5064697265625,direct,valid,3137,2930,,TRVs30GeoM_9Arcsec.tif,B66C0EC63B18E8FC8DBFD4E41201F4AC
463,33.47823957038802,38.04741845679511,356.0921630859375,direct,valid,3135,3010,,TRVs30GeoM_9Arcsec.tif,B66C0EC63B18E8FC8DBFD4E41201F4AC
464,33.69706450216506,37.99196393189691,395.9196472167969,direct,valid,3134,3091,,TRVs30GeoM_9Arcsec.tif,B66C0EC63B18E8FC8DBFD4E41201F4AC
465,33.915585017997586,37.936010509340036,520.0457153320312,direct,valid,3132,3171,,TRVs30GeoM_9Arcsec.tif,B66C0EC63B18E8FC8DBFD4E41201F4AC
466,34.133799549881715,37.87955927291692,528.1782836914062,direct,valid,3131,3251,,TRVs30GeoM_9Arcsec.tif,B66C0EC63B18E8FC8DBFD4E41201F4AC
467,34.35170656188874,37.82261131034616,352.27783203125,direct,valid,3129,3332,,TRVs30GeoM_9Arcsec.tif,B66C0EC63B18E8FC8DBFD4E41201F4AC
468,34.569304550147486,37.76516771312942,404.24090576171875,direct,valid,3128,3412,,TRVs30GeoM_9Arcsec.tif,B66C0EC63B18E8FC8DBFD4E41201F4AC
469,34.7865920428211,37.70722957640862,619.1500244140625,direct,valid,3126,3493,,TRVs30GeoM_9Arcsec.tif,B66C0EC63B18E8FC8DBFD4E41201F4AC
470,35.00356760007856,37.6487979988236,462.86236572265625,direct,valid,3125,3573,,TRVs30GeoM_9Arcsec.tif,B66C0EC63B18E8FC8DBFD4E41201F4AC
471,35.22022981406068,37.58987408237021,576.5399780273438,direct,valid,3123,3654,,TRVs30GeoM_9Arcsec.tif,B66C0EC63B18E8FC8DBFD4E41201F4AC
472,35.43657730884103,37.530458932258796,617.5223999023438,direct,valid,3121,3734,,TRVs30GeoM_9Arcsec.tif,B66C0EC63B18E8FC8DBFD4E41201F4AC
473,35.65260874038153,37.47055365677345,438.9054260253906,direct,valid,3120,3815,,TRVs30GeoM_9Arcsec.tif,B66C0EC63B18E8FC8DBFD4E41201F4AC
474,35.86832279648305,37.41015936713137,600.7100219726562,direct,valid,3118,3896,,TRVs30GeoM_9Arcsec.tif,B66C0EC63B18E8FC8DBFD4E41201F4AC
475,36.08371819673096,37.34927717734313,336.0954284667969,direct,valid,3116,3976,,TRVs30GeoM_9Arcsec.tif,B66C0EC63B18E8FC8DBFD4E41201F4AC
476,36.29879369243582,37.287908204073304,383.4154968261719,direct,valid,3115,4057,,TRVs30GeoM_9Arcsec.tif,B66C0EC63B18E8FC8DBFD4E41201F4AC
477,36.513548066569115,37.22605356650179,576.5399780273438,direct,valid,3113,4138,,TRVs30GeoM_9Arcsec.tif,B66C0EC63B18E8FC8DBFD4E41201F4AC
478,36.727980133694366,37.16371438618566,329.7242126464844,direct,valid,3111,4219,,TRVs30GeoM_9Arcsec.tif,B66C0EC63B18E8FC8DBFD4E41201F4AC
479,36.94208873989357,37.100891786921714,573.0924682617188,direct,valid,3109,4300,,TRVs30GeoM_9Arcsec.tif,B66C0EC63B18E8FC8DBFD4E41201F4AC
480,37.155872762688986,37.03758689460965,596.9200439453125,direct,valid,3108,4381,,TRVs30GeoM_9Arcsec.tif,B66C0EC63B18E8FC8DBFD4E41201F4AC
481,37.369331110960516,36.973800837115924,457.05487060546875,direct,valid,3106,4462,,TRVs30GeoM_9Arcsec.tif,B66C0EC63B18E8FC8DBFD4E41201F4AC
482,37.58246272485869,36.909534744138334,436.2811584472656,direct,valid,3104,4543,,TRVs30GeoM_9Arcsec.tif,B66C0EC63B18E8FC8DBFD4E41201F4AC
483,37.79526657571332,36.84478974707125,416.71832275390625,direct,valid,3102,4624,,TRVs30GeoM_9Arcsec.tif,B66C0EC63B18E8FC8DBFD4E41201F4AC
484,26.371397411049482,39.7287480114116,415.9302062988281,direct,valid,3093,457,,TRVs30GeoM_9Arcsec.tif,B66C0EC63B18E8FC8DBFD4E41201F4AC
485,26.599522336620936,39.689676058805894,576.5399780273438,direct,valid,3092,536,,TRVs30GeoM_9Arcsec.tif,B66C0EC63B18E8FC8DBFD4E41201F4AC
486,26.827406997747772,39.650071991370936,577.7161254882812,direct,valid,3091,615,,TRVs30GeoM_9Arcsec.tif,B66C0EC63B18E8FC8DBFD4E41201F4AC
487,27.05504880197344,39.60993670150482,441.0013122558594,direct,valid,3090,694,,TRVs30GeoM_9Arcsec.tif,B66C0EC63B18E8FC8DBFD4E41201F4AC
488,27.28244518666169,39.569271090218436,537.5999755859375,direct,valid,3089,774,,TRVs30GeoM_9Arcsec.tif,B66C0EC63B18E8FC8DBFD4E41201F4AC
489,27.509593619188504,39.52807606699424,537.5999755859375,direct,valid,3089,853,,TRVs30GeoM_9Arcsec.tif,B66C0EC63B18E8FC8DBFD4E41201F4AC
490,27.736491597126996,39.486352549644124,600.7100219726562,direct,valid,3088,932,,TRVs30GeoM_9Arcsec.tif,B66C0EC63B18E8FC8DBFD4E41201F4AC
491,27.96313664842488,39.44410146416706,536.5238037109375,direct,valid,3087,1012,,TRVs30GeoM_9Arcsec.tif,B66C0EC63B18E8FC8DBFD4E41201F4AC
492,28.189526331574847,39.4013237446057,537.5999755859375,direct,valid,3086,1091,,TRVs30GeoM_9Arcsec.tif,B66C0EC63B18E8FC8DBFD4E41201F4AC
493,28.415658235777624,39.3580203329027,595.5006103515625,direct,valid,3085,1171,,TRVs30GeoM_9Arcsec.tif,B66C0EC63B18E8FC8DBFD4E41201F4AC
494,28.641529981097882,39.314192178756365,539.4528198242188,direct,valid,3084,1250,,TRVs30GeoM_9Arcsec.tif,B66C0EC63B18E8FC8DBFD4E41201F4AC
495,28.86713921861299,39.26984023947586,619.1500244140625,direct,valid,3083,1330,,TRVs30GeoM_9Arcsec.tif,B66C0EC63B18E8FC8DBFD4E41201F4AC
496,29.092483630554565,39.22496547983603,619.1500244140625,direct,valid,3081,1409,,TRVs30GeoM_9Arcsec.tif,B66C0EC63B18E8FC8DBFD4E41201F4AC
497,29.317560930443012,39.17956887193157,433.01617431640625,direct,valid,3080,1489,,TRVs30GeoM_9Arcsec.tif,B66C0EC63B18E8FC8DBFD4E41201F4AC
498,29.5423688632149,39.13365139503115,418.7412414550781,direct,valid,3079,1568,,TRVs30GeoM_9Arcsec.tif,B66C0EC63B18E8FC8DBFD4E41201F4AC
499,29.766905205343367,39.08721403543095,418.2382507324219,direct,valid,3078,1648,,TRVs30GeoM_9Arcsec.tif,B66C0EC63B18E8FC8DBFD4E41201F4AC
500,29.991167764951474,39.04025778630794,426.1927490234375,direct,valid,3077,1728,,TRVs30GeoM_9Arcsec.tif,B66C0EC63B18E8FC8DBFD4E41201F4AC
501,30.215154381918655,38.99278364757302,398.7964172363281,direct,valid,3076,1807,,TRVs30GeoM_9Arcsec.tif,B66C0EC63B18E8FC8DBFD4E41201F4AC
502,30.438862927980185,38.94479262572374,455.243896484375,direct,valid,3075,1887,,TRVs30GeoM_9Arcsec.tif,B66C0EC63B18E8FC8DBFD4E41201F4AC
503,30.66229130681988,38.89628573369699,576.5399780273438,direct,valid,3074,1967,,TRVs30GeoM_9Arcsec.tif,B66C0EC63B18E8FC8DBFD4E41201F4AC
504,30.88543745415588,38.847263990721466,572.9025268554688,direct,valid,3072,2046,,TRVs30GeoM_9Arcsec.tif,B66C0EC63B18E8FC8DBFD4E41201F4AC
505,31.108299337819723,38.79772842216993,576.5399780273438,direct,valid,3071,2126,,TRVs30GeoM_9Arcsec.tif,B66C0EC63B18E8FC8DBFD4E41201F4AC
506,31.330874957828748,38.74768005941157,576.5399780273438,direct,valid,3070,2206,,TRVs30GeoM_9Arcsec.tif,B66C0EC63B18E8FC8DBFD4E41201F4AC
507,31.553162346451714,38.697119939664155,576.5399780273438,direct,valid,3069,2286,,TRVs30GeoM_9Arcsec.tif,B66C0EC63B18E8FC8DBFD4E41201F4AC
508,31.77515956826793,38.64604910584627,574.7212524414062,direct,valid,3067,2366,,TRVs30GeoM_9Arcsec.tif,B66C0EC63B18E8FC8DBFD4E41201F4AC
509,31.99686472021987,38.594468606429366,576.5399780273438,direct,valid,3066,2446,,TRVs30GeoM_9Arcsec.tif,B66C0EC63B18E8FC8DBFD4E41201F4AC
510,32.21827593165918,38.54237949529023,344.668701171875,direct,valid,3065,2526,,TRVs30GeoM_9Arcsec.tif,B66C0EC63B18E8FC8DBFD4E41201F4AC
511,32.439391364386424,38.489782831563176,388.1328125,direct,valid,3063,2606,,TRVs30GeoM_9Arcsec.tif,B66C0EC63B18E8FC8DBFD4E41201F4AC
512,32.66020921268436,38.43667967949253,395.39227294921875,direct,valid,3062,2686,,TRVs30GeoM_9Arcsec.tif,B66C0EC63B18E8FC8DBFD4E41201F4AC
513,32.88072770334502,38.383071108285215,334.04925537109375,direct,valid,3061,2766,,TRVs30GeoM_9Arcsec.tif,B66C0EC63B18E8FC8DBFD4E41201F4AC
514,33.10094509569058,38.328958191963494,389.2554931640625,direct,valid,3059,2846,,TRVs30GeoM_9Arcsec.tif,B66C0EC63B18E8FC8DBFD4E41201F4AC
515,33.32085968158801,38.27434200921808,341.88006591796875,direct,valid,3058,2926,,TRVs30GeoM_9Arcsec.tif,B66C0EC63B18E8FC8DBFD4E41201F4AC
516,33.54046978545779,38.219223643261174,392.4358215332031,direct,valid,3056,3006,,TRVs30GeoM_9Arcsec.tif,B66C0EC63B18E8FC8DBFD4E41201F4AC
517,33.75977376427651,38.163604181680086,418.8800354003906,direct,valid,3055,3087,,TRVs30GeoM_9Arcsec.tif,B66C0EC63B18E8FC8DBFD4E41201F4AC
518,33.97877000757362,38.107484716290976,426.2925109863281,direct,valid,3054,3167,,TRVs30GeoM_9Arcsec.tif,B66C0EC63B18E8FC8DBFD4E41201F4AC
519,34.197456937422366,38.050866342993,537.5999755859375,direct,valid,3052,3247,,TRVs30GeoM_9Arcsec.tif,B66C0EC63B18E8FC8DBFD4E41201F4AC
520,34.41583300842492,37.99375016162271,426.0647888183594,direct,valid,3051,3328,,TRVs30GeoM_9Arcsec.tif,B66C0EC63B18E8FC8DBFD4E41201F4AC
521,34.63389670769182,37.936137275809045,239.6114044189453,nearest_valid,outside_model_range,3048,3408,253.40514681220495,TRVs30GeoM_9Arcsec.tif,B66C0EC63B18E8FC8DBFD4E41201F4AC
522,34.85164655481589,37.87802879282846,576.4894409179688,direct,valid,3047,3488,,TRVs30GeoM_9Arcsec.tif,B66C0EC63B18E8FC8DBFD4E41201F4AC
523,35.069081101840574,37.819425823460776,519.6965942382812,direct,valid,3046,3569,,TRVs30GeoM_9Arcsec.tif,B66C0EC63B18E8FC8DBFD4E41201F4AC
524,35.28619893322289,37.760329481845204,600.7100219726562,direct,valid,3044,3649,,TRVs30GeoM_9Arcsec.tif,B66C0EC63B18E8FC8DBFD4E41201F4AC
525,35.502998665790955,37.70074088533718,600.7100219726562,direct,valid,3043,3730,,TRVs30GeoM_9Arcsec.tif,B66C0EC63B18E8FC8DBFD4E41201F4AC
526,35.71947894869635,37.64066115436542,576.5399780273438,direct,valid,3041,3811,,TRVs30GeoM_9Arcsec.tif,B66C0EC63B18E8FC8DBFD4E41201F4AC
527,35.93563846336129,37.5800914122897,451.1891784667969,direct,valid,3039,3891,,TRVs30GeoM_9Arcsec.tif,B66C0EC63B18E8FC8DBFD4E41201F4AC
528,36.15147592342067,37.51903278525915,463.2667541503906,direct,valid,3038,3972,,TRVs30GeoM_9Arcsec.tif,B66C0EC63B18E8FC8DBFD4E41201F4AC
529,36.36699007465907,37.457486402071154,600.7100219726562,direct,valid,3036,4053,,TRVs30GeoM_9Arcsec.tif,B66C0EC63B18E8FC8DBFD4E41201F4AC
530,36.582179694943015,37.395453394030824,598.0202026367188,direct,valid,3034,4133,,TRVs30GeoM_9Arcsec.tif,B66C0EC63B18E8FC8DBFD4E41201F4AC
531,36.79704359414823,37.33293489481109,503.3404541015625,direct,valid,3032,4214,,TRVs30GeoM_9Arcsec.tif,B66C0EC63B18E8FC8DBFD4E41201F4AC
532,37.0115806140823,37.26993204031359,376.9697265625,direct,valid,3031,4295,,TRVs30GeoM_9Arcsec.tif,B66C0EC63B18E8FC8DBFD4E41201F4AC
533,37.225789628402644,37.20644596853004,488.2951354980469,direct,valid,3029,4376,,TRVs30GeoM_9Arcsec.tif,B66C0EC63B18E8FC8DBFD4E41201F4AC
534,37.43966954252987,37.14247781940447,503.4329528808594,direct,valid,3027,4457,,TRVs30GeoM_9Arcsec.tif,B66C0EC63B18E8FC8DBFD4E41201F4AC
535,37.653219293556866,37.07802873469606,473.0560302734375,direct,valid,3025,4538,,TRVs30GeoM_9Arcsec.tif,B66C0EC63B18E8FC8DBFD4E41201F4AC
536,37.86643785015329,37.013099857842796,431.3970947265625,direct,valid,3023,4619,,TRVs30GeoM_9Arcsec.tif,B66C0EC63B18E8FC8DBFD4E41201F4AC
537,38.07932421246603,36.94769233382587,404.6413879394531,direct,valid,3021,4700,,TRVs30GeoM_9Arcsec.tif,B66C0EC63B18E8FC8DBFD4E41201F4AC
538,38.71598060511923,36.748609348926415,362.2928771972656,direct,valid,3016,4944,,TRVs30GeoM_9Arcsec.tif,B66C0EC63B18E8FC8DBFD4E41201F4AC
539,26.188025734557687,39.94376993983445,258.3160705566406,direct,valid,3015,375,,TRVs30GeoM_9Arcsec.tif,B66C0EC63B18E8FC8DBFD4E41201F4AC
540,26.416972197227274,39.905108207022195,576.5399780273438,direct,valid,3014,454,,TRVs30GeoM_9Arcsec.tif,B66C0EC63B18E8FC8DBFD4E41201F4AC
541,26.645678255096783,39.865911980591456,336.4275207519531,direct,valid,3013,533,,TRVs30GeoM_9Arcsec.tif,B66C0EC63B18E8FC8DBFD4E41201F4AC
542,26.87414126009642,39.82618215486217,537.5999755859375,direct,valid,3012,613,,TRVs30GeoM_9Arcsec.tif,B66C0EC63B18E8FC8DBFD4E41201F4AC
543,27.102358594266406,39.78591963299204,576.5399780273438,direct,valid,3012,692,,TRVs30GeoM_9Arcsec.tif,B66C0EC63B18E8FC8DBFD4E41201F4AC
544,27.33032766995791,39.74512532683375,575.2501831054688,direct,valid,3011,771,,TRVs30GeoM_9Arcsec.tif,B66C0EC63B18E8FC8DBFD4E41201F4AC
545,27.55804593002644,39.70380015679129,578.8106689453125,direct,valid,3010,850,,TRVs30GeoM_9Arcsec.tif,B66C0EC63B18E8FC8DBFD4E41201F4AC
546,27.785510848017875,39.66194505167563,555.744384765625,direct,valid,3009,930,,TRVs30GeoM_9Arcsec.tif,B66C0EC63B18E8FC8DBFD4E41201F4AC
547,28.012719928347025,39.61956094855988,298.847900390625,direct,valid,3008,1009,,TRVs30GeoM_9Arcsec.tif,B66C0EC63B18E8FC8DBFD4E41201F4AC
548,28.239670706468836,39.576648792633705,576.5399780273438,direct,valid,3007,1088,,TRVs30GeoM_9Arcsec.tif,B66C0EC63B18E8FC8DBFD4E41201F4AC
549,28.466360749042224,39.533209537057125,537.5999755859375,direct,valid,3006,1168,,TRVs30GeoM_9Arcsec.tif,B66C0EC63B18E8FC8DBFD4E41201F4AC
550,28.69278765408647,39.48924414281402,600.7100219726562,direct,valid,3005,1247,,TRVs30GeoM_9Arcsec.tif,B66C0EC63B18E8FC8DBFD4E41201F4AC
551,28.918949051130436,39.444753578564914,469.9068603515625,direct,valid,3004,1327,,TRVs30GeoM_9Arcsec.tif,B66C0EC63B18E8FC8DBFD4E41201F4AC
552,29.14484260135434,39.39973882049937,619.1500244140625,direct,valid,3003,1406,,TRVs30GeoM_9Arcsec.tif,B66C0EC63B18E8FC8DBFD4E41201F4AC
553,29.370465997724388,39.354200852188065,451.1230163574219,direct,valid,3002,1486,,TRVs30GeoM_9Arcsec.tif,B66C0EC63B18E8FC8DBFD4E41201F4AC
554,29.595816965120044,39.3081406644344,399.8580627441406,direct,valid,3000,1565,,TRVs30GeoM_9Arcsec.tif,B66C0EC63B18E8FC8DBFD4E41201F4AC
555,29.82089326045431,39.26155925512579,345.66046142578125,direct,valid,2999,1645,,TRVs30GeoM_9Arcsec.tif,B66C0EC63B18E8FC8DBFD4E41201F4AC
556,30.045692672786632,39.21445762908467,576.5399780273438,direct,valid,2998,1724,,TRVs30GeoM_9Arcsec.tif,B66C0EC63B18E8FC8DBFD4E41201F4AC
557,30.270213023428898,39.1668367979193,432.2929992675781,direct,valid,2997,1804,,TRVs30GeoM_9Arcsec.tif,B66C0EC63B18E8FC8DBFD4E41201F4AC
558,30.494452166044216,39.11869777987419,537.5999755859375,direct,valid,2996,1884,,TRVs30GeoM_9Arcsec.tif,B66C0EC63B18E8FC8DBFD4E41201F4AC
559,30.718407986738836,39.07004159968054,576.5399780273438,direct,valid,2995,1963,,TRVs30GeoM_9Arcsec.tif,B66C0EC63B18E8FC8DBFD4E41201F4AC
560,30.942078404147004,39.020869288406395,576.5399780273438,direct,valid,2994,2043,,TRVs30GeoM_9Arcsec.tif,B66C0EC63B18E8FC8DBFD4E41201F4AC
561,31.16546136950891,38.971181883306734,440.8846435546875,direct,valid,2992,2123,,TRVs30GeoM_9Arcsec.tif,B66C0EC63B18E8FC8DBFD4E41201F4AC
562,31.38855486674192,38.92098042767344,576.5399780273438,direct,valid,2991,2203,,TRVs30GeoM_9Arcsec.tif,B66C0EC63B18E8FC8DBFD4E41201F4AC
563,31.611356912504846,38.870265970685374,409.87200927734375,direct,valid,2990,2283,,TRVs30GeoM_9Arcsec.tif,B66C0EC63B18E8FC8DBFD4E41201F4AC
564,31.833865556255574,38.81903956725823,544.7633056640625,direct,valid,2989,2362,,TRVs30GeoM_9Arcsec.tif,B66C0EC63B18E8FC8DBFD4E41201F4AC
565,32.056078880302074,38.767302277894586,423.1514587402344,direct,valid,2987,2442,,TRVs30GeoM_9Arcsec.tif,B66C0EC63B18E8FC8DBFD4E41201F4AC
566,32.27799499984665,38.715055168533915,600.7100219726562,direct,valid,2986,2522,,TRVs30GeoM_9Arcsec.tif,B66C0EC63B18E8FC8DBFD4E41201F4AC
567,32.49961206302386,38.6622993104028,411.5512390136719,direct,valid,2985,2602,,TRVs30GeoM_9Arcsec.tif,B66C0EC63B18E8FC8DBFD4E41201F4AC
568,32.72092825093177,38.609035779865174,408.2174377441406,direct,valid,2983,2682,,TRVs30GeoM_9Arcsec.tif,B66C0EC63B18E8FC8DBFD4E41201F4AC
569,32.94194177765696,38.555265658272745,334.79119873046875,direct,valid,2982,2762,,TRVs30GeoM_9Arcsec.tif,B66C0EC63B18E8FC8DBFD4E41201F4AC
570,33.16265089029307,38.50099003181567,330.24639892578125,direct,valid,2981,2842,,TRVs30GeoM_9Arcsec.tif,B66C0EC63B18E8FC8DBFD4E41201F4AC
571,33.383053868953276,38.446209991373436,344.50341796875,direct,valid,2979,2923,,TRVs30GeoM_9Arcsec.tif,B66C0EC63B18E8FC8DBFD4E41201F4AC
572,33.60314902677638,38.39092663236592,349.0178527832031,direct,valid,2978,3003,,TRVs30GeoM_9Arcsec.tif,B66C0EC63B18E8FC8DBFD4E41201F4AC
573,33.82293470992692,38.33514105460484,343.6750793457031,direct,valid,2976,3083,,TRVs30GeoM_9Arcsec.tif,B66C0EC63B18E8FC8DBFD4E41201F4AC
574,34.04240929758928,38.27885436214549,336.37066650390625,direct,valid,2975,3163,,TRVs30GeoM_9Arcsec.tif,B66C0EC63B18E8FC8DBFD4E41201F4AC
575,34.26157120195577,38.22206766313877,537.5999755859375,direct,valid,2973,3243,,TRVs30GeoM_9Arcsec.tif,B66C0EC63B18E8FC8DBFD4E41201F4AC
576,34.48041886820889,38.16478206968369,401.8995666503906,direct,valid,2972,3324,,TRVs30GeoM_9Arcsec.tif,B66C0EC63B18E8FC8DBFD4E41201F4AC
577,34.69895077449786,38.10699869768017,537.5999755859375,direct,valid,2970,3404,,TRVs30GeoM_9Arcsec.tif,B66C0EC63B18E8FC8DBFD4E41201F4AC
578,34.917165431909325,38.048718666682355,600.7349853515625,direct,valid,2969,3484,,TRVs30GeoM_9Arcsec.tif,B66C0EC63B18E8FC8DBFD4E41201F4AC
579,35.13506138443266,37.989943099752395,619.1500244140625,direct,valid,2967,3565,,TRVs30GeoM_9Arcsec.tif,B66C0EC63B18E8FC8DBFD4E41201F4AC
580,35.352637208919504,37.930673123314605,600.7100219726562,direct,valid,2966,3645,,TRVs30GeoM_9Arcsec.tif,B66C0EC63B18E8FC8DBFD4E41201F4AC
581,35.569891515038044,37.870909867010276,600.7100219726562,direct,valid,2964,3726,,TRVs30GeoM_9Arcsec.tif,B66C0EC63B18E8FC8DBFD4E41201F4AC
582,35.7868229452219,37.81065446355296,600.7100219726562,direct,valid,2962,3806,,TRVs30GeoM_9Arcsec.tif,B66C0EC63B18E8FC8DBFD4E41201F4AC
583,36.00343017461371,37.74990804858424,444.4028625488281,direct,valid,2961,3887,,TRVs30GeoM_9Arcsec.tif,B66C0EC63B18E8FC8DBFD4E41201F4AC
584,36.219711911003635,37.688671760530276,587.1876831054688,direct,valid,2959,3968,,TRVs30GeoM_9Arcsec.tif,B66C0EC63B18E8FC8DBFD4E41201F4AC
585,36.43566689476263,37.62694674045878,572.435791015625,direct,valid,2957,4048,,TRVs30GeoM_9Arcsec.tif,B66C0EC63B18E8FC8DBFD4E41201F4AC
586,36.65129389877096,37.56473413193674,452.09539794921875,direct,valid,2956,4129,,TRVs30GeoM_9Arcsec.tif,B66C0EC63B18E8FC8DBFD4E41201F4AC
587,36.86659172834155,37.50203508088878,366.60833740234375,direct,valid,2954,4210,,TRVs30GeoM_9Arcsec.tif,B66C0EC63B18E8FC8DBFD4E41201F4AC
588,37.08155922113883,37.438850735456136,576.5399780273438,direct,valid,2952,4291,,TRVs30GeoM_9Arcsec.tif,B66C0EC63B18E8FC8DBFD4E41201F4AC
589,37.29619524709261,37.3751822458564,537.5999755859375,direct,valid,2950,4371,,TRVs30GeoM_9Arcsec.tif,B66C0EC63B18E8FC8DBFD4E41201F4AC
590,37.51049870830752,37.311030764244016,525.619873046875,direct,valid,2948,4452,,TRVs30GeoM_9Arcsec.tif,B66C0EC63B18E8FC8DBFD4E41201F4AC
591,37.724468538967834,37.246397444571436,426.3832702636719,direct,valid,2947,4533,,TRVs30GeoM_9Arcsec.tif,B66C0EC63B18E8FC8DBFD4E41201F4AC
592,37.93810370523792,37.1812834424511,422.2078857421875,direct,valid,2945,4614,,TRVs30GeoM_9Arcsec.tif,B66C0EC63B18E8FC8DBFD4E41201F4AC
593,38.15140320515836,37.11568991501814,437.0646667480469,direct,valid,2943,4695,,TRVs30GeoM_9Arcsec.tif,B66C0EC63B18E8FC8DBFD4E41201F4AC
594,38.36436606853779,37.04961802079403,347.2557678222656,direct,valid,2941,4776,,TRVs30GeoM_9Arcsec.tif,B66C0EC63B18E8FC8DBFD4E41201F4AC
595,38.57699135684072,36.9830689195508,418.2270202636719,direct,valid,2939,4858,,TRVs30GeoM_9Arcsec.tif,B66C0EC63B18E8FC8DBFD4E41201F4AC
596,38.78927816307116,36.916043772176415,417.1104431152344,direct,valid,2937,4939,,TRVs30GeoM_9Arcsec.tif,B66C0EC63B18E8FC8DBFD4E41201F4AC
597,39.00122561165241,36.84854374054069,337.5805358886719,direct,valid,2935,5020,,TRVs30GeoM_9Arcsec.tif,B66C0EC63B18E8FC8DBFD4E41201F4AC
598,39.21283285830299,36.78056998736233,411.001220703125,direct,valid,2933,5101,,TRVs30GeoM_9Arcsec.tif,B66C0EC63B18E8FC8DBFD4E41201F4AC
599,39.4240990899088,36.71212367607664,351.09466552734375,direct,valid,2931,5183,,TRVs30GeoM_9Arcsec.tif,B66C0EC63B18E8FC8DBFD4E41201F4AC
601,26.233358936863212,40.1201861044921,404.21173095703125,direct,valid,2936,373,,TRVs30GeoM_9Arcsec.tif,B66C0EC63B18E8FC8DBFD4E41201F4AC
602,26.462893286191683,40.08140064398977,436.4071960449219,direct,valid,2935,452,,TRVs30GeoM_9Arcsec.tif,B66C0EC63B18E8FC8DBFD4E41201F4AC
603,26.692184430650823,40.042079185015,537.5999755859375,direct,valid,2935,531,,TRVs30GeoM_9Arcsec.tif,B66C0EC63B18E8FC8DBFD4E41201F4AC
604,26.921229695926893,40.00222263271022,413.0383605957031,direct,valid,2934,610,,TRVs30GeoM_9Arcsec.tif,B66C0EC63B18E8FC8DBFD4E41201F4AC
605,27.15002643831508,39.961831901140826,590.4168090820312,direct,valid,2933,689,,TRVs30GeoM_9Arcsec.tif,B66C0EC63B18E8FC8DBFD4E41201F4AC
606,27.37857204492198,39.9209079131499,576.5399780273438,direct,valid,2932,768,,TRVs30GeoM_9Arcsec.tif,B66C0EC63B18E8FC8DBFD4E41201F4AC
607,27.606863933860325,39.879451600212164,600.7100219726562,direct,valid,2931,848,,TRVs30GeoM_9Arcsec.tif,B66C0EC63B18E8FC8DBFD4E41201F4AC
608,27.834899554436195,39.837463902287475,437.5096740722656,direct,valid,2930,927,,TRVs30GeoM_9Arcsec.tif,B66C0EC63B18E8FC8DBFD4E41201F4AC
609,28.062676387328622,39.794945767673326,600.1593627929688,direct,valid,2929,1006,,TRVs30GeoM_9Arcsec.tif,B66C0EC63B18E8FC8DBFD4E41201F4AC
610,28.290191944761638,39.751898152856995,589.023193359375,direct,valid,2928,1086,,TRVs30GeoM_9Arcsec.tif,B66C0EC63B18E8FC8DBFD4E41201F4AC
611,28.51744377066874,39.70832202236707,446.510498046875,direct,valid,2927,1165,,TRVs30GeoM_9Arcsec.tif,B66C0EC63B18E8FC8DBFD4E41201F4AC
612,28.744429440849917,39.66421834862438,555.1537475585938,direct,valid,2926,1244,,TRVs30GeoM_9Arcsec.tif,B66C0EC63B18E8FC8DBFD4E41201F4AC
613,28.97114656312113,39.619588111792524,537.5999755859375,direct,valid,2925,1324,,TRVs30GeoM_9Arcsec.tif,B66C0EC63B18E8FC8DBFD4E41201F4AC
614,29.19759277745635,39.57443229962788,619.1500244140625,direct,valid,2924,1403,,TRVs30GeoM_9Arcsec.tif,B66C0EC63B18E8FC8DBFD4E41201F4AC
615,29.42376575612218,39.528751907329294,363.09393310546875,direct,valid,2923,1483,,TRVs30GeoM_9Arcsec.tif,B66C0EC63B18E8FC8DBFD4E41201F4AC
616,29.64966320380511,39.48254793738729,429.5267639160156,direct,valid,2922,1562,,TRVs30GeoM_9Arcsec.tif,B66C0EC63B18E8FC8DBFD4E41201F4AC
617,29.87528285773141,39.4358213994331,576.5399780273438,direct,valid,2921,1642,,TRVs30GeoM_9Arcsec.tif,B66C0EC63B18E8FC8DBFD4E41201F4AC
618,30.10062248777972,39.38857331008729,345.4609375,direct,valid,2919,1721,,TRVs30GeoM_9Arcsec.tif,B66C0EC63B18E8FC8DBFD4E41201F4AC
619,30.325679896586415,39.34080469280809,576.2727661132812,direct,valid,2918,1801,,TRVs30GeoM_9Arcsec.tif,B66C0EC63B18E8FC8DBFD4E41201F4AC
620,30.550452919643725,39.29251657773977,452.9627380371094,direct,valid,2917,1881,,TRVs30GeoM_9Arcsec.tif,B66C0EC63B18E8FC8DBFD4E41201F4AC
621,30.7749394253907,39.24371000156047,460.9385986328125,direct,valid,2916,1960,,TRVs30GeoM_9Arcsec.tif,B66C0EC63B18E8FC8DBFD4E41201F4AC
622,30.99913731529718,39.19438600733022,351.5563659667969,direct,valid,2915,2040,,TRVs30GeoM_9Arcsec.tif,B66C0EC63B18E8FC8DBFD4E41201F4AC
623,31.2230445239405,39.14454564433868,410.8538513183594,direct,valid,2914,2120,,TRVs30GeoM_9Arcsec.tif,B66C0EC63B18E8FC8DBFD4E41201F4AC
624,31.44665901907549,39.09418996795281,395.45074462890625,direct,valid,2912,2199,,TRVs30GeoM_9Arcsec.tif,B66C0EC63B18E8FC8DBFD4E41201F4AC
625,31.66997880169726,39.04332003946468,423.9314880371094,direct,valid,2911,2279,,TRVs30GeoM_9Arcsec.tif,B66C0EC63B18E8FC8DBFD4E41201F4AC
626,31.893001906097325,38.991936925939086,426.93341064453125,direct,valid,2910,2359,,TRVs30GeoM_9Arcsec.tif,B66C0EC63B18E8FC8DBFD4E41201F4AC
627,32.11572639991289,38.94004170006132,428.1019592285156,direct,valid,2909,2439,,TRVs30GeoM_9Arcsec.tif,B66C0EC63B18E8FC8DBFD4E41201F4AC
628,32.338150384169296,38.88763543998496,427.5960693359375,direct,valid,2907,2519,,TRVs30GeoM_9Arcsec.tif,B66C0EC63B18E8FC8DBFD4E41201F4AC
629,32.56027199331595,38.83471922917987,404.6144104003906,direct,valid,2906,2599,,TRVs30GeoM_9Arcsec.tif,B66C0EC63B18E8FC8DBFD4E41201F4AC
630,32.78208939525553,38.781294156280225,415.5533752441406,direct,valid,2905,2679,,TRVs30GeoM_9Arcsec.tif,B66C0EC63B18E8FC8DBFD4E41201F4AC
631,33.0036007913668,38.72736131493278,338.9478454589844,direct,valid,2903,2759,,TRVs30GeoM_9Arcsec.tif,B66C0EC63B18E8FC8DBFD4E41201F4AC
632,33.22480441652082,38.67292180364538,157.50152587890625,nearest_valid,nodata,2919,2840,4393.416763137816,TRVs30GeoM_9Arcsec.tif,B66C0EC63B18E8FC8DBFD4E41201F4AC
633,33.445698539090955,38.61797672563558,189.1549530029297,nearest_valid,nodata,2933,2909,8688.815788946242,TRVs30GeoM_9Arcsec.tif,B66C0EC63B18E8FC8DBFD4E41201F4AC
634,33.66628146095647,38.56252718867975,155.00450134277344,nearest_valid,nodata,2903,2999,1015.2774679249916,TRVs30GeoM_9Arcsec.tif,B66C0EC63B18E8FC8DBFD4E41201F4AC
635,33.88655151749992,38.506574304962264,425.17254638671875,direct,valid,2898,3079,,TRVs30GeoM_9Arcsec.tif,B66C0EC63B18E8FC8DBFD4E41201F4AC
636,34.10650707759851,38.45011919092519,396.7666931152344,direct,valid,2896,3159,,TRVs30GeoM_9Arcsec.tif,B66C0EC63B18E8FC8DBFD4E41201F4AC
637,34.32614654360927,38.39316296711828,535.951171875,direct,valid,2895,3240,,TRVs30GeoM_9Arcsec.tif,B66C0EC63B18E8FC8DBFD4E41201F4AC
638,34.54546835134839,38.335706758049334,401.0500793457031,direct,valid,2893,3320,,TRVs30GeoM_9Arcsec.tif,B66C0EC63B18E8FC8DBFD4E41201F4AC
639,34.76447097006454,38.277751692035075,327.5091552734375,direct,valid,2892,3400,,TRVs30GeoM_9Arcsec.tif,B66C0EC63B18E8FC8DBFD4E41201F4AC
640,34.983152902406516,38.219298901052355,353.5246887207031,direct,valid,2890,3480,,TRVs30GeoM_9Arcsec.tif,B66C0EC63B18E8FC8DBFD4E41201F4AC
641,35.20151268438517,38.160349520589904,515.0144653320312,direct,valid,2888,3561,,TRVs30GeoM_9Arcsec.tif,B66C0EC63B18E8FC8DBFD4E41201F4AC
642,35.41954888532958,38.10090468950075,600.7100219726562,direct,valid,2887,3641,,TRVs30GeoM_9Arcsec.tif,B66C0EC63B18E8FC8DBFD4E41201F4AC
643,35.63726010783792,38.04096554985477,475.4568786621094,direct,valid,2885,3722,,TRVs30GeoM_9Arcsec.tif,B66C0EC63B18E8FC8DBFD4E41201F4AC
644,35.854644987722665,37.98053324679221,600.7100219726562,direct,valid,2884,3802,,TRVs30GeoM_9Arcsec.tif,B66C0EC63B18E8FC8DBFD4E41201F4AC
645,36.07170219395067,37.91960892837763,600.7100219726562,direct,valid,2882,3883,,TRVs30GeoM_9Arcsec.tif,B66C0EC63B18E8FC8DBFD4E41201F4AC
646,36.28843042857781,37.85819374545437,576.5399780273438,direct,valid,2880,3963,,TRVs30GeoM_9Arcsec.tif,B66C0EC63B18E8FC8DBFD4E41201F4AC
647,36.504828426678564,37.796288851499845,600.7100219726562,direct,valid,2879,4044,,TRVs30GeoM_9Arcsec.tif,B66C0EC63B18E8FC8DBFD4E41201F4AC
648,36.72089495627054,37.733895402481295,464.7093200683594,direct,valid,2877,4125,,TRVs30GeoM_9Arcsec.tif,B66C0EC63B18E8FC8DBFD4E41201F4AC
649,36.936628818233956,37.67101455671245,490.3879089355469,direct,valid,2875,4205,,TRVs30GeoM_9Arcsec.tif,B66C0EC63B18E8FC8DBFD4E41201F4AC
650,37.15202884622636,37.60764747471062,459.0337219238281,direct,valid,2873,4286,,TRVs30GeoM_9Arcsec.tif,B66C0EC63B18E8FC8DBFD4E41201F4AC
651,37.36709390659246,37.543795319054794,595.0250854492188,direct,valid,2872,4367,,TRVs30GeoM_9Arcsec.tif,B66C0EC63B18E8FC8DBFD4E41201F4AC
652,37.58182289826938,37.479459254244276,430.9374084472656,direct,valid,2870,4448,,TRVs30GeoM_9Arcsec.tif,B66C0EC63B18E8FC8DBFD4E41201F4AC
653,37.79621475268723,37.41464044655823,427.1650695800781,direct,valid,2868,4529,,TRVs30GeoM_9Arcsec.tif,B66C0EC63B18E8FC8DBFD4E41201F4AC
654,38.01026843366529,37.34934006391592,411.79583740234375,direct,valid,2866,4610,,TRVs30GeoM_9Arcsec.tif,B66C0EC63B18E8FC8DBFD4E41201F4AC
655,38.22398293730375,37.28355927573778,423.2626037597656,direct,valid,2864,4691,,TRVs30GeoM_9Arcsec.tif,B66C0EC63B18E8FC8DBFD4E41201F4AC
656,38.43735729187118,37.217299252807365,447.7311096191406,direct,valid,2862,4772,,TRVs30GeoM_9Arcsec.tif,B66C0EC63B18E8FC8DBFD4E41201F4AC
657,38.650390557687786,37.1505611671341,488.4891052246094,direct,valid,2860,4853,,TRVs30GeoM_9Arcsec.tif,B66C0EC63B18E8FC8DBFD4E41201F4AC
658,38.86308182700466,37.08334619181691,349.0389709472656,direct,valid,2858,4934,,TRVs30GeoM_9Arcsec.tif,B66C0EC63B18E8FC8DBFD4E41201F4AC
659,39.07543022387888,37.015655500908686,319.0219421386719,direct,valid,2856,5015,,TRVs30GeoM_9Arcsec.tif,B66C0EC63B18E8FC8DBFD4E41201F4AC
660,39.28743490404493,36.947490269281786,421.03314208984375,direct,valid,2854,5096,,TRVs30GeoM_9Arcsec.tif,B66C0EC63B18E8FC8DBFD4E41201F4AC
661,39.49909505478208,36.878851672494214,408.6435546875,direct,valid,2852,5178,,TRVs30GeoM_9Arcsec.tif,B66C0EC63B18E8FC8DBFD4E41201F4AC
662,39.710409894778365,36.80974088665697,346.50946044921875,direct,valid,2850,5259,,TRVs30GeoM_9Arcsec.tif,B66C0EC63B18E8FC8DBFD4E41201F4AC
663,26.279037924116928,40.29653554887456,295.39031982421875,direct,valid,2857,370,,TRVs30GeoM_9Arcsec.tif,B66C0EC63B18E8FC8DBFD4E41201F4AC
664,26.739044402669453,40.21817774240142,537.5999755859375,direct,valid,2856,528,,TRVs30GeoM_9Arcsec.tif,B66C0EC63B18E8FC8DBFD4E41201F4AC
665,26.968675876308076,40.178193485626814,537.5999755859375,direct,valid,2855,608,,TRVs30GeoM_9Arcsec.tif,B66C0EC63B18E8FC8DBFD4E41201F4AC
666,27.198055936224232,40.13767355698863,578.6218872070312,direct,valid,2854,687,,TRVs30GeoM_9Arcsec.tif,B66C0EC63B18E8FC8DBFD4E41201F4AC
667,27.427181944046144,40.096618890471426,537.5999755859375,direct,valid,2853,766,,TRVs30GeoM_9Arcsec.tif,B66C0EC63B18E8FC8DBFD4E41201F4AC
668,27.656051292919926,40.05503042877249,424.4750061035156,direct,valid,2852,845,,TRVs30GeoM_9Arcsec.tif,B66C0EC63B18E8FC8DBFD4E41201F4AC
669,27.884661407698005,40.01290912315264,576.5399780273438,direct,valid,2851,924,,TRVs30GeoM_9Arcsec.tif,B66C0EC63B18E8FC8DBFD4E41201F4AC
670,28.113009745119623,39.97025593328653,438.24810791015625,direct,valid,2850,1004,,TRVs30GeoM_9Arcsec.tif,B66C0EC63B18E8FC8DBFD4E41201F4AC
671,28.3410937939838,39.92707182711223,619.1500244140625,direct,valid,2849,1083,,TRVs30GeoM_9Arcsec.tif,B66C0EC63B18E8FC8DBFD4E41201F4AC
672,28.568911075314393,39.883357780680356,428.8453674316406,direct,valid,2848,1162,,TRVs30GeoM_9Arcsec.tif,B66C0EC63B18E8FC8DBFD4E41201F4AC
673,28.796459142517637,39.83911477800261,537.5999755859375,direct,valid,2847,1242,,TRVs30GeoM_9Arcsec.tif,B66C0EC63B18E8FC8DBFD4E41201F4AC
674,29.023735581531948,39.79434381089984,619.1500244140625,direct,valid,2846,1321,,TRVs30GeoM_9Arcsec.tif,B66C0EC63B18E8FC8DBFD4E41201F4AC
675,29.250738010970114,39.74904587884967,454.2908935546875,direct,valid,2845,1400,,TRVs30GeoM_9Arcsec.tif,B66C0EC63B18E8FC8DBFD4E41201F4AC
676,29.477464082253924,39.70322198883376,476.7374267578125,direct,valid,2844,1480,,TRVs30GeoM_9Arcsec.tif,B66C0EC63B18E8FC8DBFD4E41201F4AC
677,29.70391147974124,39.656873155184655,618.0997314453125,direct,valid,2843,1559,,TRVs30GeoM_9Arcsec.tif,B66C0EC63B18E8FC8DBFD4E41201F4AC
678,29.930077920845623,39.61000039943228,614.0578002929688,direct,valid,2842,1639,,TRVs30GeoM_9Arcsec.tif,B66C0EC63B18E8FC8DBFD4E41201F4AC
679,30.15596115614837,39.562604750150335,537.5999755859375,direct,valid,2841,1718,,TRVs30GeoM_9Arcsec.tif,B66C0EC63B18E8FC8DBFD4E41201F4AC
680,30.381558969503313,39.51468724280222,537.5999755859375,direct,valid,2840,1798,,TRVs30GeoM_9Arcsec.tif,B66C0EC63B18E8FC8DBFD4E41201F4AC
681,30.606869178134144,39.466248919586896,576.5399780273438,direct,valid,2838,1878,,TRVs30GeoM_9Arcsec.tif,B66C0EC63B18E8FC8DBFD4E41201F4AC
682,30.831889632724433,39.41729082928454,397.4479064941406,direct,valid,2837,1957,,TRVs30GeoM_9Arcsec.tif,B66C0EC63B18E8FC8DBFD4E41201F4AC
683,31.05661821750052,39.36781402710211,345.7297668457031,direct,valid,2836,2037,,TRVs30GeoM_9Arcsec.tif,B66C0EC63B18E8FC8DBFD4E41201F4AC
684,31.281052850307052,39.31781957451871,404.895263671875,direct,valid,2835,2116,,TRVs30GeoM_9Arcsec.tif,B66C0EC63B18E8FC8DBFD4E41201F4AC
685,31.505191482675514,39.267308539131086,395.9605712890625,direct,valid,2834,2196,,TRVs30GeoM_9Arcsec.tif,B66C0EC63B18E8FC8DBFD4E41201F4AC
686,31.729032099885593,39.21628199449896,431.59649658203125,direct,valid,2832,2276,,TRVs30GeoM_9Arcsec.tif,B66C0EC63B18E8FC8DBFD4E41201F4AC
687,31.952572721019667,39.16474101999038,408.7204895019531,direct,valid,2831,2356,,TRVs30GeoM_9Arcsec.tif,B66C0EC63B18E8FC8DBFD4E41201F4AC
688,32.175811399010236,39.11268670062728,398.3029479980469,direct,valid,2830,2436,,TRVs30GeoM_9Arcsec.tif,B66C0EC63B18E8FC8DBFD4E41201F4AC
689,32.398746220680515,39.06012012693099,396.0204162597656,direct,valid,2829,2515,,TRVs30GeoM_9Arcsec.tif,B66C0EC63B18E8FC8DBFD4E41201F4AC
690,32.621375306778305,39.00704239476782,413.7052917480469,direct,valid,2827,2595,,TRVs30GeoM_9Arcsec.tif,B66C0EC63B18E8FC8DBFD4E41201F4AC
691,32.84369681200303,38.95345460519509,338.72320556640625,direct,valid,2826,2675,,TRVs30GeoM_9Arcsec.tif,B66C0EC63B18E8FC8DBFD4E41201F4AC
692,33.065708925026236,38.89935786430698,341.0854187011719,direct,valid,2825,2755,,TRVs30GeoM_9Arcsec.tif,B66C0EC63B18E8FC8DBFD4E41201F4AC
693,33.287409868505435,38.84475328308093,186.5536651611328,nearest_valid,nodata,2795,2817,8575.556075733553,TRVs30GeoM_9Arcsec.tif,B66C0EC63B18E8FC8DBFD4E41201F4AC
694,33.508797899091505,38.78964197722406,220.642333984375,direct,valid,2822,2915,,TRVs30GeoM_9Arcsec.tif,B66C0EC63B18E8FC8DBFD4E41201F4AC
695,33.72987130742968,38.734025067020085,451.34930419921875,direct,valid,2820,2995,,TRVs30GeoM_9Arcsec.tif,B66C0EC63B18E8FC8DBFD4E41201F4AC
696,33.95062841815417,38.67790367717638,425.72845458984375,direct,valid,2819,3075,,TRVs30GeoM_9Arcsec.tif,B66C0EC63B18E8FC8DBFD4E41201F4AC
697,34.171067589876586,38.621278936671544,619.1500244140625,direct,valid,2818,3156,,TRVs30GeoM_9Arcsec.tif,B66C0EC63B18E8FC8DBFD4E41201F4AC
698,34.3911872151682,38.56415197860323,537.5999755859375,direct,valid,2816,3236,,TRVs30GeoM_9Arcsec.tif,B66C0EC63B18E8FC8DBFD4E41201F4AC
699,34.61098572053609,38.5065239400365,495.2294616699219,direct,valid,2815,3316,,TRVs30GeoM_9Arcsec.tif,B66C0EC63B18E8FC8DBFD4E41201F4AC
700,34.830461566393375,38.44839596185253,526.435302734375,direct,valid,2813,3396,,TRVs30GeoM_9Arcsec.tif,B66C0EC63B18E8FC8DBFD4E41201F4AC
701,35.04961324702345,38.38976918859791,537.5999755859375,direct,valid,2811,3476,,TRVs30GeoM_9Arcsec.tif,B66C0EC63B18E8FC8DBFD4E41201F4AC
702,35.268439290538545,38.33064476833425,201.4159698486328,nearest_valid,nodata,2801,3558,2294.226734202764,TRVs30GeoM_9Arcsec.tif,B66C0EC63B18E8FC8DBFD4E41201F4AC
703,35.486938258832474,38.2710238524886,537.5999755859375,direct,valid,2808,3637,,TRVs30GeoM_9Arcsec.tif,B66C0EC63B18E8FC8DBFD4E41201F4AC
704,35.705108747527774,38.21090759570411,378.10137939453125,direct,valid,2807,3718,,TRVs30GeoM_9Arcsec.tif,B66C0EC63B18E8FC8DBFD4E41201F4AC
705,35.922949385917406,38.15029715569154,600.7100219726562,direct,valid,2805,3798,,TRVs30GeoM_9Arcsec.tif,B66C0EC63B18E8FC8DBFD4E41201F4AC
706,36.140458836900876,38.0891936930813,600.7100219726562,direct,valid,2803,3879,,TRVs30GeoM_9Arcsec.tif,B66C0EC63B18E8FC8DBFD4E41201F4AC
707,36.3576357969152,38.02759837127591,576.5399780273438,direct,valid,2802,3959,,TRVs30GeoM_9Arcsec.tif,B66C0EC63B18E8FC8DBFD4E41201F4AC
708,36.57447899586045,37.965512356303535,466.7785949707031,direct,valid,2800,4040,,TRVs30GeoM_9Arcsec.tif,B66C0EC63B18E8FC8DBFD4E41201F4AC
709,36.79098719702031,37.9029368166719,589.38330078125,direct,valid,2798,4120,,TRVs30GeoM_9Arcsec.tif,B66C0EC63B18E8FC8DBFD4E41201F4AC
710,37.007159196977476,37.8398729232229,576.5399780273438,direct,valid,2797,4201,,TRVs30GeoM_9Arcsec.tif,B66C0EC63B18E8FC8DBFD4E41201F4AC
711,37.22299382552418,37.77632184898816,594.0935668945312,direct,valid,2795,4282,,TRVs30GeoM_9Arcsec.tif,B66C0EC63B18E8FC8DBFD4E41201F4AC
712,37.438489945567845,37.712284769045155,487.2117919921875,direct,valid,2793,4363,,TRVs30GeoM_9Arcsec.tif,B66C0EC63B18E8FC8DBFD4E41201F4AC
713,37.65364645303202,37.64776286037421,505.02789306640625,direct,valid,2791,4443,,TRVs30GeoM_9Arcsec.tif,B66C0EC63B18E8FC8DBFD4E41201F4AC
714,37.86846227675258,37.58275730171614,355.85211181640625,direct,valid,2789,4524,,TRVs30GeoM_9Arcsec.tif,B66C0EC63B18E8FC8DBFD4E41201F4AC
715,38.08293637836952,37.51726927343102,437.103759765625,direct,valid,2788,4605,,TRVs30GeoM_9Arcsec.tif,B66C0EC63B18E8FC8DBFD4E41201F4AC
716,38.29706775221419,37.45129995735741,380.9849548339844,direct,valid,2786,4686,,TRVs30GeoM_9Arcsec.tif,B66C0EC63B18E8FC8DBFD4E41201F4AC
717,38.5108554251922,37.38485053667271,600.7100219726562,direct,valid,2784,4767,,TRVs30GeoM_9Arcsec.tif,B66C0EC63B18E8FC8DBFD4E41201F4AC
718,38.724298456662176,37.31792219575423,379.09783935546875,direct,valid,2782,4848,,TRVs30GeoM_9Arcsec.tif,B66C0EC63B18E8FC8DBFD4E41201F4AC
719,38.93739593831027,37.2505161200413,378.1722717285156,direct,valid,2780,4929,,TRVs30GeoM_9Arcsec.tif,B66C0EC63B18E8FC8DBFD4E41201F4AC
720,39.15014699402062,37.18263349589814,420.70440673828125,direct,valid,2778,5010,,TRVs30GeoM_9Arcsec.tif,B66C0EC63B18E8FC8DBFD4E41201F4AC
721,39.36255077974204,37.1142755104777,411.5638122558594,direct,valid,2776,5092,,TRVs30GeoM_9Arcsec.tif,B66C0EC63B18E8FC8DBFD4E41201F4AC
722,39.574606483350586,37.04544335158653,423.6756286621094,direct,valid,2774,5173,,TRVs30GeoM_9Arcsec.tif,B66C0EC63B18E8FC8DBFD4E41201F4AC
723,39.78631332450876,36.976138207550484,413.34527587890625,direct,valid,2772,5254,,TRVs30GeoM_9Arcsec.tif,B66C0EC63B18E8FC8DBFD4E41201F4AC
724,39.99767055452064,36.90636126708145,423.2158508300781,direct,valid,2770,5336,,TRVs30GeoM_9Arcsec.tif,B66C0EC63B18E8FC8DBFD4E41201F4AC
725,26.55578844988763,40.43378255559751,412.0938415527344,direct,valid,2778,447,,TRVs30GeoM_9Arcsec.tif,B66C0EC63B18E8FC8DBFD4E41201F4AC
726,26.78626176003704,40.39420771705187,267.1058349609375,direct,valid,2777,526,,TRVs30GeoM_9Arcsec.tif,B66C0EC63B18E8FC8DBFD4E41201F4AC
727,27.016483422121702,40.354094768172516,600.7100219726562,direct,valid,2776,605,,TRVs30GeoM_9Arcsec.tif,B66C0EC63B18E8FC8DBFD4E41201F4AC
728,27.246450740213557,40.31344464529415,233.63116455078125,direct,valid,2775,684,,TRVs30GeoM_9Arcsec.tif,B66C0EC63B18E8FC8DBFD4E41201F4AC
729,27.47616105022693,40.27225829369649,412.1466064453125,direct,valid,2774,763,,TRVs30GeoM_9Arcsec.tif,B66C0EC63B18E8FC8DBFD4E41201F4AC
730,27.705611720116046,40.2305366674535,534.4908447265625,direct,valid,2773,843,,TRVs30GeoM_9Arcsec.tif,B66C0EC63B18E8FC8DBFD4E41201F4AC
731,27.93480015006441,40.188280729281765,196.08837890625,nearest_valid,nodata,2762,910,4031.011197818249,TRVs30GeoM_9Arcsec.tif,B66C0EC63B18E8FC8DBFD4E41201F4AC
732,28.16372377266648,40.14549145038825,261.951171875,direct,valid,2772,1001,,TRVs30GeoM_9Arcsec.tif,B66C0EC63B18E8FC8DBFD4E41201F4AC
733,28.39238005310126,40.10216981031748,275.0943298339844,direct,valid,2771,1080,,TRVs30GeoM_9Arcsec.tif,B66C0EC63B18E8FC8DBFD4E41201F4AC
734,28.6207664892981,40.05831679679816,595.0250854492188,direct,valid,2770,1160,,TRVs30GeoM_9Arcsec.tif,B66C0EC63B18E8FC8DBFD4E41201F4AC
735,28.848880612094618,40.013933405589206,619.1500244140625,direct,valid,2769,1239,,TRVs30GeoM_9Arcsec.tif,B66C0EC63B18E8FC8DBFD4E41201F4AC
736,29.076719985386802,39.96902064032539,576.5399780273438,direct,valid,2768,1318,,TRVs30GeoM_9Arcsec.tif,B66C0EC63B18E8FC8DBFD4E41201F4AC
737,29.30428220627132,39.92357951236253,586.3710327148438,direct,valid,2766,1398,,TRVs30GeoM_9Arcsec.tif,B66C0EC63B18E8FC8DBFD4E41201F4AC
738,29.53156490518009,39.877611040622156,619.1500244140625,direct,valid,2765,1477,,TRVs30GeoM_9Arcsec.tif,B66C0EC63B18E8FC8DBFD4E41201F4AC
739,29.75856574600717,39.8311162514361,576.5399780273438,direct,valid,2764,1556,,TRVs30GeoM_9Arcsec.tif,B66C0EC63B18E8FC8DBFD4E41201F4AC
740,29.98528242622794,39.784096178390456,576.5399780273438,direct,valid,2763,1636,,TRVs30GeoM_9Arcsec.tif,B66C0EC63B18E8FC8DBFD4E41201F4AC
741,30.211712677010667,39.736551862169485,616.9255981445312,direct,valid,2762,1715,,TRVs30GeoM_9Arcsec.tif,B66C0EC63B18E8FC8DBFD4E41201F4AC
742,30.43785426332059,39.68848435039919,537.5999755859375,direct,valid,2761,1795,,TRVs30GeoM_9Arcsec.tif,B66C0EC63B18E8FC8DBFD4E41201F4AC
743,30.663704984016384,39.63989469749078,422.8445739746094,direct,valid,2760,1874,,TRVs30GeoM_9Arcsec.tif,B66C0EC63B18E8FC8DBFD4E41201F4AC
744,30.889262671939225,39.59078396448383,362.9588623046875,direct,valid,2759,1954,,TRVs30GeoM_9Arcsec.tif,B66C0EC63B18E8FC8DBFD4E41201F4AC
745,31.11452519399443,39.54115321888954,420.6815490722656,direct,valid,2758,2034,,TRVs30GeoM_9Arcsec.tif,B66C0EC63B18E8FC8DBFD4E41201F4AC
746,31.339490451225817,39.49100353453368,428.8698425292969,direct,valid,2756,2113,,TRVs30GeoM_9Arcsec.tif,B66C0EC63B18E8FC8DBFD4E41201F4AC
747,31.56415637888271,39.440335991399714,601.1829223632812,direct,valid,2755,2193,,TRVs30GeoM_9Arcsec.tif,B66C0EC63B18E8FC8DBFD4E41201F4AC
748,31.78852094647976,39.389151675471766,425.2967224121094,direct,valid,2754,2273,,TRVs30GeoM_9Arcsec.tif,B66C0EC63B18E8FC8DBFD4E41201F4AC
749,32.01258215784965,39.337451678577715,378.35858154296875,direct,valid,2753,2352,,TRVs30GeoM_9Arcsec.tif,B66C0EC63B18E8FC8DBFD4E41201F4AC
750,32.2363380511887,39.28523709823231,423.04571533203125,direct,valid,2751,2432,,TRVs30GeoM_9Arcsec.tif,B66C0EC63B18E8FC8DBFD4E41201F4AC
751,32.45978669909549,39.23250903748041,492.71124267578125,direct,valid,2750,2512,,TRVs30GeoM_9Arcsec.tif,B66C0EC63B18E8FC8DBFD4E41201F4AC
752,32.68292620860249,39.1792686047404,537.5999755859375,direct,valid,2749,2592,,TRVs30GeoM_9Arcsec.tif,B66C0EC63B18E8FC8DBFD4E41201F4AC
753,32.90575472120095,39.125516913647694,530.5337524414062,direct,valid,2747,2672,,TRVs30GeoM_9Arcsec.tif,B66C0EC63B18E8FC8DBFD4E41201F4AC
754,33.12827041285893,39.07125508289855,422.3283386230469,direct,valid,2746,2752,,TRVs30GeoM_9Arcsec.tif,B66C0EC63B18E8FC8DBFD4E41201F4AC
755,33.35047149403265,39.01648423609411,172.9326629638672,nearest_valid,nodata,2746,2828,987.6272985234114,TRVs30GeoM_9Arcsec.tif,B66C0EC63B18E8FC8DBFD4E41201F4AC
756,33.57235620967121,38.96120550158467,447.4710998535156,direct,valid,2743,2912,,TRVs30GeoM_9Arcsec.tif,B66C0EC63B18E8FC8DBFD4E41201F4AC
757,33.79392283921489,38.90542001231434,619.1500244140625,direct,valid,2742,2992,,TRVs30GeoM_9Arcsec.tif,B66C0EC63B18E8FC8DBFD4E41201F4AC
758,34.01516969658687,38.84912890566591,451.726318359375,direct,valid,2740,3072,,TRVs30GeoM_9Arcsec.tif,B66C0EC63B18E8FC8DBFD4E41201F4AC
759,34.236095130178605,38.792333323306295,569.54638671875,direct,valid,2739,3152,,TRVs30GeoM_9Arcsec.tif,B66C0EC63B18E8FC8DBFD4E41201F4AC
760,34.456697522829046,38.73503441103226,408.97467041015625,direct,valid,2737,3232,,TRVs30GeoM_9Arcsec.tif,B66C0EC63B18E8FC8DBFD4E41201F4AC
761,34.676975291797554,38.67723331861654,535.904052734375,direct,valid,2736,3312,,TRVs30GeoM_9Arcsec.tif,B66C0EC63B18E8FC8DBFD4E41201F4AC
762,34.89692688873084,38.61893119965454,537.5999755859375,direct,valid,2734,3392,,TRVs30GeoM_9Arcsec.tif,B66C0EC63B18E8FC8DBFD4E41201F4AC
763,35.11655079962372,38.56012921141152,488.9948425292969,direct,valid,2733,3473,,TRVs30GeoM_9Arcsec.tif,B66C0EC63B18E8FC8DBFD4E41201F4AC
764,35.33584554477423,38.500828514670175,537.5999755859375,direct,valid,2731,3553,,TRVs30GeoM_9Arcsec.tif,B66C0EC63B18E8FC8DBFD4E41201F4AC
765,35.55480967873274,38.44103027357895,533.7371215820312,direct,valid,2730,3633,,TRVs30GeoM_9Arcsec.tif,B66C0EC63B18E8FC8DBFD4E41201F4AC
766,35.773441790245336,38.38073565550083,535.8569946289062,direct,valid,2728,3714,,TRVs30GeoM_9Arcsec.tif,B66C0EC63B18E8FC8DBFD4E41201F4AC
767,35.991740502191774,38.319945830862736,467.9090881347656,direct,valid,2727,3794,,TRVs30GeoM_9Arcsec.tif,B66C0EC63B18E8FC8DBFD4E41201F4AC
768,36.20970447151774,38.25866197300559,490.9584045410156,direct,valid,2725,3875,,TRVs30GeoM_9Arcsec.tif,B66C0EC63B18E8FC8DBFD4E41201F4AC
769,36.42733238916173,38.19688525803506,576.5399780273438,direct,valid,2723,3955,,TRVs30GeoM_9Arcsec.tif,B66C0EC63B18E8FC8DBFD4E41201F4AC
770,36.64462297997667,38.13461686467288,473.1356201171875,direct,valid,2722,4036,,TRVs30GeoM_9Arcsec.tif,B66C0EC63B18E8FC8DBFD4E41201F4AC
771,36.86157500264625,38.07185797410908,457.8457946777344,direct,valid,2720,4116,,TRVs30GeoM_9Arcsec.tif,B66C0EC63B18E8FC8DBFD4E41201F4AC
772,37.07818724959617,38.00860976985472,619.1500244140625,direct,valid,2718,4197,,TRVs30GeoM_9Arcsec.tif,B66C0EC63B18E8FC8DBFD4E41201F4AC
773,37.294458546900344,37.944873437595554,576.5399780273438,direct,valid,2716,4278,,TRVs30GeoM_9Arcsec.tif,B66C0EC63B18E8FC8DBFD4E41201F4AC
774,37.51038775418221,37.880650165046355,572.9025268554688,direct,valid,2715,4358,,TRVs30GeoM_9Arcsec.tif,B66C0EC63B18E8FC8DBFD4E41201F4AC
775,37.72597376451125,37.81594114180616,515.1536865234375,direct,valid,2713,4439,,TRVs30GeoM_9Arcsec.tif,B66C0EC63B18E8FC8DBFD4E41201F4AC
776,37.94121550429471,37.75074755921419,475.2254333496094,direct,valid,2711,4520,,TRVs30GeoM_9Arcsec.tif,B66C0EC63B18E8FC8DBFD4E41201F4AC
777,38.156111933164816,37.6850706102068,373.5306091308594,direct,valid,2709,4601,,TRVs30GeoM_9Arcsec.tif,B66C0EC63B18E8FC8DBFD4E41201F4AC
778,38.3706620438614,37.61891148917504,203.6409912109375,nearest_valid,nodata,2699,4684,2182.819442555675,TRVs30GeoM_9Arcsec.tif,B66C0EC63B18E8FC8DBFD4E41201F4AC
779,38.58486486211021,37.5522713918234,198.97850036621094,nearest_valid,nodata,2710,4769,2039.4906485729784,TRVs30GeoM_9Arcsec.tif,B66C0EC63B18E8FC8DBFD4E41201F4AC
780,38.79871944649685,37.485151515029195,439.118408203125,direct,valid,2703,4844,,TRVs30GeoM_9Arcsec.tif,B66C0EC63B18E8FC8DBFD4E41201F4AC
781,39.01222488833654,37.41755305670296,407.0971374511719,direct,valid,2701,4925,,TRVs30GeoM_9Arcsec.tif,B66C0EC63B18E8FC8DBFD4E41201F4AC
782,39.225380311539865,37.349477215649856,430.30487060546875,direct,valid,2699,5006,,TRVs30GeoM_9Arcsec.tif,B66C0EC63B18E8FC8DBFD4E41201F4AC
783,39.43818487247439,37.280925191431955,414.9757385253906,direct,valid,2697,5087,,TRVs30GeoM_9Arcsec.tif,B66C0EC63B18E8FC8DBFD4E41201F4AC
784,39.650637759822565,37.211898184231465,510.79534912109375,direct,valid,2695,5168,,TRVs30GeoM_9Arcsec.tif,B66C0EC63B18E8FC8DBFD4E41201F4AC
785,39.86273819443573,37.142397394715,444.5321044921875,direct,valid,2693,5249,,TRVs30GeoM_9Arcsec.tif,B66C0EC63B18E8FC8DBFD4E41201F4AC
786,40.07448542918451,37.072424023898826,389.0732421875,direct,valid,2691,5331,,TRVs30GeoM_9Arcsec.tif,B66C0EC63B18E8FC8DBFD4E41201F4AC
787,40.2858787488056,37.00197927301514,391.1645202636719,direct,valid,2689,5412,,TRVs30GeoM_9Arcsec.tif,B66C0EC63B18E8FC8DBFD4E41201F4AC
788,26.13987605167033,40.6876555372791,355.90533447265625,direct,valid,2701,287,,TRVs30GeoM_9Arcsec.tif,B66C0EC63B18E8FC8DBFD4E41201F4AC
789,26.371447394800388,40.64903460531436,407.2633056640625,direct,valid,2700,366,,TRVs30GeoM_9Arcsec.tif,B66C0EC63B18E8FC8DBFD4E41201F4AC
790,26.833840141964107,40.570169167157275,378.54486083984375,direct,valid,2698,524,,TRVs30GeoM_9Arcsec.tif,B66C0EC63B18E8FC8DBFD4E41201F4AC
791,27.98531957557854,40.36357872892689,189.65396118164062,nearest_valid,outside_model_range,2694,920,200.83645236902285,TRVs30GeoM_9Arcsec.tif,B66C0EC63B18E8FC8DBFD4E41201F4AC
792,28.214822292950004,40.32065231707862,576.5399780273438,direct,valid,2693,998,,TRVs30GeoM_9Arcsec.tif,B66C0EC63B18E8FC8DBFD4E41201F4AC
793,28.44405457335386,40.277192090372225,415.3670654296875,direct,valid,2692,1078,,TRVs30GeoM_9Arcsec.tif,B66C0EC63B18E8FC8DBFD4E41201F4AC
794,28.67301389143943,40.23319904837306,434.624755859375,direct,valid,2691,1157,,TRVs30GeoM_9Arcsec.tif,B66C0EC63B18E8FC8DBFD4E41201F4AC
795,28.9016977553005,40.188674198746156,291.8953857421875,direct,valid,2690,1236,,TRVs30GeoM_9Arcsec.tif,B66C0EC63B18E8FC8DBFD4E41201F4AC
796,29.130103706625572,40.143618557099444,576.5399780273438,direct,valid,2689,1315,,TRVs30GeoM_9Arcsec.tif,B66C0EC63B18E8FC8DBFD4E41201F4AC
797,29.35822932084032,40.09803314682628,576.5399780273438,direct,valid,2688,1395,,TRVs30GeoM_9Arcsec.tif,B66C0EC63B18E8FC8DBFD4E41201F4AC
798,29.58607220724202,40.05191899894782,343.9735412597656,direct,valid,2687,1474,,TRVs30GeoM_9Arcsec.tif,B66C0EC63B18E8FC8DBFD4E41201F4AC
799,29.81363000912615,40.00527715195487,425.595458984375,direct,valid,2686,1554,,TRVs30GeoM_9Arcsec.tif,B66C0EC63B18E8FC8DBFD4E41201F4AC
800,30.040900403905187,39.95810865164955,576.5399780273438,direct,valid,2685,1633,,TRVs30GeoM_9Arcsec.tif,B66C0EC63B18E8FC8DBFD4E41201F4AC
801,30.26788110321954,39.91041455098667,389.7366027832031,direct,valid,2684,1712,,TRVs30GeoM_9Arcsec.tif,B66C0EC63B18E8FC8DBFD4E41201F4AC
802,30.494569853040865,39.86219590991478,415.6842956542969,direct,valid,2682,1792,,TRVs30GeoM_9Arcsec.tif,B66C0EC63B18E8FC8DBFD4E41201F4AC
803,30.720964433767634,39.8134537952172,339.2566223144531,direct,valid,2681,1871,,TRVs30GeoM_9Arcsec.tif,B66C0EC63B18E8FC8DBFD4E41201F4AC
804,30.947062660313126,39.764189280352795,343.2217102050781,direct,valid,2680,1951,,TRVs30GeoM_9Arcsec.tif,B66C0EC63B18E8FC8DBFD4E41201F4AC
805,31.172862382185865,39.714403445296725,412.5994873046875,direct,valid,2679,2031,,TRVs30GeoM_9Arcsec.tif,B66C0EC63B18E8FC8DBFD4E41201F4AC
806,31.398361483562496,39.66409737638097,619.1500244140625,direct,valid,2678,2110,,TRVs30GeoM_9Arcsec.tif,B66C0EC63B18E8FC8DBFD4E41201F4AC
807,31.623557883353396,39.613272166135104,415.2518310546875,direct,valid,2677,2190,,TRVs30GeoM_9Arcsec.tif,B66C0EC63B18E8FC8DBFD4E41201F4AC
808,31.84844953526074,39.5619289131268,421.3694763183594,direct,valid,2675,2269,,TRVs30GeoM_9Arcsec.tif,B66C0EC63B18E8FC8DBFD4E41201F4AC
809,32.073034427829406,39.51006872180259,428.2435302734375,direct,valid,2674,2349,,TRVs30GeoM_9Arcsec.tif,B66C0EC63B18E8FC8DBFD4E41201F4AC
810,32.29731058449064,39.45769270232854,349.651611328125,direct,valid,2673,2429,,TRVs30GeoM_9Arcsec.tif,B66C0EC63B18E8FC8DBFD4E41201F4AC
811,32.52127606359852,39.404801970431265,493.2373046875,direct,valid,2671,2509,,TRVs30GeoM_9Arcsec.tif,B66C0EC63B18E8FC8DBFD4E41201F4AC
812,32.744928958459475,39.35139764723887,368.10235595703125,direct,valid,2670,2588,,TRVs30GeoM_9Arcsec.tif,B66C0EC63B18E8FC8DBFD4E41201F4AC
813,32.96826739735466,39.29748085912228,415.5251770019531,direct,valid,2669,2668,,TRVs30GeoM_9Arcsec.tif,B66C0EC63B18E8FC8DBFD4E41201F4AC
814,33.191289543555584,39.24305273753665,442.81707763671875,direct,valid,2668,2748,,TRVs30GeoM_9Arcsec.tif,B66C0EC63B18E8FC8DBFD4E41201F4AC
815,33.41399359533284,39.188114418863194,421.531494140625,direct,valid,2666,2828,,TRVs30GeoM_9Arcsec.tif,B66C0EC63B18E8FC8DBFD4E41201F4AC
816,33.636377785958054,39.132667044251114,427.3288879394531,direct,valid,2665,2908,,TRVs30GeoM_9Arcsec.tif,B66C0EC63B18E8FC8DBFD4E41201F4AC
817,33.85844038369927,39.07671175946011,170.93942260742188,nearest_valid,nodata,2660,2987,895.2029179730882,TRVs30GeoM_9Arcsec.tif,B66C0EC63B18E8FC8DBFD4E41201F4AC
818,34.08017969180974,39.02024971470303,158.43450927734375,nearest_valid,nodata,2661,3067,362.3213705316661,TRVs30GeoM_9Arcsec.tif,B66C0EC63B18E8FC8DBFD4E41201F4AC
819,34.30159404851024,38.963282064489015,500.1455078125,direct,valid,2660,3148,,TRVs30GeoM_9Arcsec.tif,B66C0EC63B18E8FC8DBFD4E41201F4AC
820,34.52268182696493,38.90580996746716,619.1500244140625,direct,valid,2659,3228,,TRVs30GeoM_9Arcsec.tif,B66C0EC63B18E8FC8DBFD4E41201F4AC
821,34.74344143525111,38.8478345862704,469.44952392578125,direct,valid,2658,3308,,TRVs30GeoM_9Arcsec.tif,B66C0EC63B18E8FC8DBFD4E41201F4AC
822,34.963871316322546,38.78935708736016,392.6960754394531,direct,valid,2656,3389,,TRVs30GeoM_9Arcsec.tif,B66C0EC63B18E8FC8DBFD4E41201F4AC
823,35.18396994796691,38.73037864087134,537.5999755859375,direct,valid,2654,3469,,TRVs30GeoM_9Arcsec.tif,B66C0EC63B18E8FC8DBFD4E41201F4AC
824,35.40373584275703,38.67090042045789,537.5999755859375,direct,valid,2653,3549,,TRVs30GeoM_9Arcsec.tif,B66C0EC63B18E8FC8DBFD4E41201F4AC
825,35.6231675479964,38.61092360313902,537.5999755859375,direct,valid,2651,3629,,TRVs30GeoM_9Arcsec.tif,B66C0EC63B18E8FC8DBFD4E41201F4AC
826,35.84226364565873,38.55044936914594,410.9906921386719,direct,valid,2650,3710,,TRVs30GeoM_9Arcsec.tif,B66C0EC63B18E8FC8DBFD4E41201F4AC
827,36.06102275232191,38.48947890176932,473.165283203125,direct,valid,2648,3790,,TRVs30GeoM_9Arcsec.tif,B66C0EC63B18E8FC8DBFD4E41201F4AC
828,36.27944351909629,38.42801338720726,600.7100219726562,direct,valid,2646,3870,,TRVs30GeoM_9Arcsec.tif,B66C0EC63B18E8FC8DBFD4E41201F4AC
829,36.49752463154751,38.36605401441414,600.7100219726562,direct,valid,2645,3951,,TRVs30GeoM_9Arcsec.tif,B66C0EC63B18E8FC8DBFD4E41201F4AC
830,36.71526480961385,38.303601974950055,576.5399780273438,direct,valid,2643,4031,,TRVs30GeoM_9Arcsec.tif,B66C0EC63B18E8FC8DBFD4E41201F4AC
831,36.93266280751835,38.240658462831,400.6860656738281,direct,valid,2641,4112,,TRVs30GeoM_9Arcsec.tif,B66C0EC63B18E8FC8DBFD4E41201F4AC
832,37.14971741367571,38.1772246743798,600.7100219726562,direct,valid,2640,4193,,TRVs30GeoM_9Arcsec.tif,B66C0EC63B18E8FC8DBFD4E41201F4AC
833,37.36642745059409,38.11330180807792,600.7100219726562,direct,valid,2638,4273,,TRVs30GeoM_9Arcsec.tif,B66C0EC63B18E8FC8DBFD4E41201F4AC
834,37.58279177477195,38.048891064417994,576.5399780273438,direct,valid,2636,4354,,TRVs30GeoM_9Arcsec.tif,B66C0EC63B18E8FC8DBFD4E41201F4AC
835,37.79880927658994,37.9839936457571,576.5399780273438,direct,valid,2634,4435,,TRVs30GeoM_9Arcsec.tif,B66C0EC63B18E8FC8DBFD4E41201F4AC
836,38.01447888019808,37.91861075617121,460.56475830078125,direct,valid,2633,4515,,TRVs30GeoM_9Arcsec.tif,B66C0EC63B18E8FC8DBFD4E41201F4AC
837,38.22979954339825,37.85274360131001,600.7100219726562,direct,valid,2631,4596,,TRVs30GeoM_9Arcsec.tif,B66C0EC63B18E8FC8DBFD4E41201F4AC
838,38.444770257522144,37.78639338825309,407.1293029785156,direct,valid,2629,4677,,TRVs30GeoM_9Arcsec.tif,B66C0EC63B18E8FC8DBFD4E41201F4AC
839,38.659390047304676,37.719561325366726,420.077880859375,direct,valid,2627,4758,,TRVs30GeoM_9Arcsec.tif,B66C0EC63B18E8FC8DBFD4E41201F4AC
840,38.873657970753115,37.65224862216177,333.7044677734375,direct,valid,2625,4839,,TRVs30GeoM_9Arcsec.tif,B66C0EC63B18E8FC8DBFD4E41201F4AC
841,39.08757311901203,37.58445648915238,534.2553100585938,direct,valid,2623,4920,,TRVs30GeoM_9Arcsec.tif,B66C0EC63B18E8FC8DBFD4E41201F4AC
842,39.30113461622388,37.51618613771574,537.3644409179688,direct,valid,2621,5001,,TRVs30GeoM_9Arcsec.tif,B66C0EC63B18E8FC8DBFD4E41201F4AC
843,39.51434161938587,37.44743877995284,537.12890625,direct,valid,2619,5082,,TRVs30GeoM_9Arcsec.tif,B66C0EC63B18E8FC8DBFD4E41201F4AC
844,39.72719331820263,37.37821562855012,530.8634643554688,direct,valid,2617,5163,,TRVs30GeoM_9Arcsec.tif,B66C0EC63B18E8FC8DBFD4E41201F4AC
845,39.93968893493527,37.30851789664222,537.5999755859375,direct,valid,2615,5245,,TRVs30GeoM_9Arcsec.tif,B66C0EC63B18E8FC8DBFD4E41201F4AC
846,40.15182772424652,37.23834679767572,525.7286987304688,direct,valid,2613,5326,,TRVs30GeoM_9Arcsec.tif,B66C0EC63B18E8FC8DBFD4E41201F4AC
847,40.36360897304251,37.16770354527398,526.7179565429688,direct,valid,2611,5407,,TRVs30GeoM_9Arcsec.tif,B66C0EC63B18E8FC8DBFD4E41201F4AC
848,40.575032000310856,37.09658935310295,349.28338623046875,direct,valid,2609,5488,,TRVs30GeoM_9Arcsec.tif,B66C0EC63B18E8FC8DBFD4E41201F4AC
849,26.41818507386657,40.82518436690618,399.2378234863281,direct,valid,2622,363,,TRVs30GeoM_9Arcsec.tif,B66C0EC63B18E8FC8DBFD4E41201F4AC
850,26.65011155362564,40.78589431396208,392.9085693359375,direct,valid,2621,442,,TRVs30GeoM_9Arcsec.tif,B66C0EC63B18E8FC8DBFD4E41201F4AC
851,26.881783238831815,40.74606214470998,493.10968017578125,direct,valid,2620,521,,TRVs30GeoM_9Arcsec.tif,B66C0EC63B18E8FC8DBFD4E41201F4AC
852,27.113197347636383,40.705688809105915,434.027099609375,direct,valid,2619,600,,TRVs30GeoM_9Arcsec.tif,B66C0EC63B18E8FC8DBFD4E41201F4AC
853,28.954914531424674,40.36333711745083,277.62652587890625,nearest_valid,nodata,2614,1234,683.0827833987912,TRVs30GeoM_9Arcsec.tif,B66C0EC63B18E8FC8DBFD4E41201F4AC
854,29.183890730959,40.31813751073594,586.9675903320312,direct,valid,2610,1313,,TRVs30GeoM_9Arcsec.tif,B66C0EC63B18E8FC8DBFD4E41201F4AC
855,29.41258336611655,40.27240672125306,600.7100219726562,direct,valid,2609,1392,,TRVs30GeoM_9Arcsec.tif,B66C0EC63B18E8FC8DBFD4E41201F4AC
856,29.640990024915514,40.22614579228509,498.42059326171875,direct,valid,2608,1471,,TRVs30GeoM_9Arcsec.tif,B66C0EC63B18E8FC8DBFD4E41201F4AC
857,29.869108329918603,40.17935577464417,556.8614501953125,direct,valid,2607,1551,,TRVs30GeoM_9Arcsec.tif,B66C0EC63B18E8FC8DBFD4E41201F4AC
858,30.096935938351386,40.132037726510866,449.6877136230469,direct,valid,2606,1630,,TRVs30GeoM_9Arcsec.tif,B66C0EC63B18E8FC8DBFD4E41201F4AC
859,30.32447054221254,40.08419271327292,419.6826171875,direct,valid,2605,1710,,TRVs30GeoM_9Arcsec.tif,B66C0EC63B18E8FC8DBFD4E41201F4AC
860,30.551709868376363,40.03582180736394,442.56768798828125,direct,valid,2604,1789,,TRVs30GeoM_9Arcsec.tif,B66C0EC63B18E8FC8DBFD4E41201F4AC
861,30.778651678687293,39.98692608810174,619.1500244140625,direct,valid,2603,1868,,TRVs30GeoM_9Arcsec.tif,B66C0EC63B18E8FC8DBFD4E41201F4AC
862,31.005293770046816,39.9375066415268,461.96014404296875,direct,valid,2602,1948,,TRVs30GeoM_9Arcsec.tif,B66C0EC63B18E8FC8DBFD4E41201F4AC
863,31.23163397449254,39.88756456024038,560.777099609375,direct,valid,2600,2027,,TRVs30GeoM_9Arcsec.tif,B66C0EC63B18E8FC8DBFD4E41201F4AC
864,31.45767015926966,39.83710094324274,440.0048828125,direct,valid,2599,2107,,TRVs30GeoM_9Arcsec.tif,B66C0EC63B18E8FC8DBFD4E41201F4AC
865,31.683400226894904,39.7861168957713,423.4831848144531,direct,valid,2598,2187,,TRVs30GeoM_9Arcsec.tif,B66C0EC63B18E8FC8DBFD4E41201F4AC
866,31.908822115212896,39.734613529138805,445.0900573730469,direct,valid,2597,2266,,TRVs30GeoM_9Arcsec.tif,B66C0EC63B18E8FC8DBFD4E41201F4AC
867,32.13393379744508,39.68259196057166,422.5056457519531,direct,valid,2596,2346,,TRVs30GeoM_9Arcsec.tif,B66C0EC63B18E8FC8DBFD4E41201F4AC
868,32.358733282231384,39.63005331304819,600.7100219726562,direct,valid,2594,2426,,TRVs30GeoM_9Arcsec.tif,B66C0EC63B18E8FC8DBFD4E41201F4AC
869,32.583218613664485,39.576998715137194,599.3414306640625,direct,valid,2593,2505,,TRVs30GeoM_9Arcsec.tif,B66C0EC63B18E8FC8DBFD4E41201F4AC
870,32.80738787131697,39.523429300836646,424.2936096191406,direct,valid,2592,2585,,TRVs30GeoM_9Arcsec.tif,B66C0EC63B18E8FC8DBFD4E41201F4AC
871,33.031239170261244,39.46934620941253,488.39715576171875,direct,valid,2590,2665,,TRVs30GeoM_9Arcsec.tif,B66C0EC63B18E8FC8DBFD4E41201F4AC
872,33.25477066108259,39.41475058523807,434.40472412109375,direct,valid,2589,2745,,TRVs30GeoM_9Arcsec.tif,B66C0EC63B18E8FC8DBFD4E41201F4AC
873,33.477980529885116,39.35964357763306,565.4193115234375,direct,valid,2588,2825,,TRVs30GeoM_9Arcsec.tif,B66C0EC63B18E8FC8DBFD4E41201F4AC
874,33.70086699829089,39.3040263407037,619.1500244140625,direct,valid,2586,2905,,TRVs30GeoM_9Arcsec.tif,B66C0EC63B18E8FC8DBFD4E41201F4AC
875,33.92342832343237,39.24790003318267,576.5399780273438,direct,valid,2585,2985,,TRVs30GeoM_9Arcsec.tif,B66C0EC63B18E8FC8DBFD4E41201F4AC
876,34.145662797937966,39.191265818269564,399.600341796875,direct,valid,2583,3065,,TRVs30GeoM_9Arcsec.tif,B66C0EC63B18E8FC8DBFD4E41201F4AC
877,34.36756874991127,39.1341248634719,429.9466857910156,direct,valid,2582,3145,,TRVs30GeoM_9Arcsec.tif,B66C0EC63B18E8FC8DBFD4E41201F4AC
878,34.58914454290356,39.07647834044639,415.60479736328125,direct,valid,2581,3225,,TRVs30GeoM_9Arcsec.tif,B66C0EC63B18E8FC8DBFD4E41201F4AC
879,34.81038857588003,39.01832742484087,407.2837829589844,direct,valid,2579,3305,,TRVs30GeoM_9Arcsec.tif,B66C0EC63B18E8FC8DBFD4E41201F4AC
880,35.031299283179656,38.959673296136565,406.2205810546875,direct,valid,2578,3385,,TRVs30GeoM_9Arcsec.tif,B66C0EC63B18E8FC8DBFD4E41201F4AC
881,35.251875134468875,38.90051713749105,537.5999755859375,direct,valid,2576,3465,,TRVs30GeoM_9Arcsec.tif,B66C0EC63B18E8FC8DBFD4E41201F4AC
882,35.472114634689184,38.840860135581735,537.5999755859375,direct,valid,2575,3545,,TRVs30GeoM_9Arcsec.tif,B66C0EC63B18E8FC8DBFD4E41201F4AC
883,35.6920163239987,38.78070348044988,527.6600952148438,direct,valid,2573,3625,,TRVs30GeoM_9Arcsec.tif,B66C0EC63B18E8FC8DBFD4E41201F4AC
884,35.91157877770779,38.72004836534536,576.5399780273438,direct,valid,2571,3706,,TRVs30GeoM_9Arcsec.tif,B66C0EC63B18E8FC8DBFD4E41201F4AC
885,36.13080060620898,38.658895986572034,530.580810546875,direct,valid,2570,3786,,TRVs30GeoM_9Arcsec.tif,B66C0EC63B18E8FC8DBFD4E41201F4AC
886,36.34968045490111,38.59724754333373,516.0814208984375,direct,valid,2568,3866,,TRVs30GeoM_9Arcsec.tif,B66C0EC63B18E8FC8DBFD4E41201F4AC
887,36.56821700410786,38.535104237581095,600.7100219726562,direct,valid,2566,3947,,TRVs30GeoM_9Arcsec.tif,B66C0EC63B18E8FC8DBFD4E41201F4AC
888,36.78640896899087,38.47246727385904,600.7100219726562,direct,valid,2565,4027,,TRVs30GeoM_9Arcsec.tif,B66C0EC63B18E8FC8DBFD4E41201F4AC
889,37.00425509945745,38.40933785915501,415.26300048828125,direct,valid,2563,4108,,TRVs30GeoM_9Arcsec.tif,B66C0EC63B18E8FC8DBFD4E41201F4AC
890,37.22175418006298,38.34571720274807,358.20306396484375,direct,valid,2561,4188,,TRVs30GeoM_9Arcsec.tif,B66C0EC63B18E8FC8DBFD4E41201F4AC
891,37.438905029908156,38.2816065160587,600.7100219726562,direct,valid,2560,4269,,TRVs30GeoM_9Arcsec.tif,B66C0EC63B18E8FC8DBFD4E41201F4AC
892,37.65570650253123,38.21700701249956,537.5999755859375,direct,valid,2558,4350,,TRVs30GeoM_9Arcsec.tif,B66C0EC63B18E8FC8DBFD4E41201F4AC
893,37.87215748579524,38.15191990732698,576.5399780273438,direct,valid,2556,4430,,TRVs30GeoM_9Arcsec.tif,B66C0EC63B18E8FC8DBFD4E41201F4AC
894,38.088256901770386,38.0863464174934,576.5399780273438,direct,valid,2554,4511,,TRVs30GeoM_9Arcsec.tif,B66C0EC63B18E8FC8DBFD4E41201F4AC
895,38.304003706611724,38.02028776150073,576.5399780273438,direct,valid,2552,4592,,TRVs30GeoM_9Arcsec.tif,B66C0EC63B18E8FC8DBFD4E41201F4AC
896,38.51939689043222,37.95374515925458,453.4757080078125,direct,valid,2550,4673,,TRVs30GeoM_9Arcsec.tif,B66C0EC63B18E8FC8DBFD4E41201F4AC
897,38.73443547717128,37.886719831919365,472.33203125,direct,valid,2549,4754,,TRVs30GeoM_9Arcsec.tif,B66C0EC63B18E8FC8DBFD4E41201F4AC
898,38.949118524458854,37.819213001774564,260.46014404296875,nearest_valid,nodata,2548,4836,518.6603666601511,TRVs30GeoM_9Arcsec.tif,B66C0EC63B18E8FC8DBFD4E41201F4AC
899,39.163445123475306,37.75122589207173,529.3560180664062,direct,valid,2545,4915,,TRVs30GeoM_9Arcsec.tif,B66C0EC63B18E8FC8DBFD4E41201F4AC
900,39.377414398807005,37.68275972689266,537.5999755859375,direct,valid,2543,4996,,TRVs30GeoM_9Arcsec.tif,B66C0EC63B18E8FC8DBFD4E41201F4AC
901,39.59102550829798,37.6138157310085,532.0883178710938,direct,valid,2541,5078,,TRVs30GeoM_9Arcsec.tif,B66C0EC63B18E8FC8DBFD4E41201F4AC
902,39.80427764289744,37.54439512973986,537.5999755859375,direct,valid,2539,5159,,TRVs30GeoM_9Arcsec.tif,B66C0EC63B18E8FC8DBFD4E41201F4AC
903,40.0171700265036,37.474499148818026,580.4309692382812,direct,valid,2537,5240,,TRVs30GeoM_9Arcsec.tif,B66C0EC63B18E8FC8DBFD4E41201F4AC
904,40.229701915803616,37.404129014247204,600.7100219726562,direct,valid,2535,5321,,TRVs30GeoM_9Arcsec.tif,B66C0EC63B18E8FC8DBFD4E41201F4AC
905,40.441872600109996,37.33328595216781,598.7623901367188,direct,valid,2533,5402,,TRVs30GeoM_9Arcsec.tif,B66C0EC63B18E8FC8DBFD4E41201F4AC
906,40.653681401193445,37.261971188720935,348.3119812011719,direct,valid,2530,5484,,TRVs30GeoM_9Arcsec.tif,B66C0EC63B18E8FC8DBFD4E41201F4AC
907,40.865127673112234,37.19018594991375,442.11224365234375,direct,valid,2528,5565,,TRVs30GeoM_9Arcsec.tif,B66C0EC63B18E8FC8DBFD4E41201F4AC
908,41.07621080203833,37.117931461486194,343.48095703125,direct,valid,2526,5646,,TRVs30GeoM_9Arcsec.tif,B66C0EC63B18E8FC8DBFD4E41201F4AC
909,26.465282930848815,41.00126770712103,411.283447265625,direct,valid,2543,361,,TRVs30GeoM_9Arcsec.tif,B66C0EC63B18E8FC8DBFD4E41201F4AC
910,26.69781775830148,40.96184903662014,389.75628662109375,direct,valid,2542,440,,TRVs30GeoM_9Arcsec.tif,B66C0EC63B18E8FC8DBFD4E41201F4AC
911,26.930094793053428,40.921886695413235,430.74444580078125,direct,valid,2541,519,,TRVs30GeoM_9Arcsec.tif,B66C0EC63B18E8FC8DBFD4E41201F4AC
912,27.162111225721592,40.88138164505358,428.6069641113281,direct,valid,2540,598,,TRVs30GeoM_9Arcsec.tif,B66C0EC63B18E8FC8DBFD4E41201F4AC
913,27.393864280180818,40.840334856453204,480.2749938964844,direct,valid,2540,677,,TRVs30GeoM_9Arcsec.tif,B66C0EC63B18E8FC8DBFD4E41201F4AC
914,29.00853495419776,40.53792211418743,536.1867065429688,direct,valid,2533,1231,,TRVs30GeoM_9Arcsec.tif,B66C0EC63B18E8FC8DBFD4E41201F4AC
915,29.238085098739816,40.492577443122045,576.5399780273438,direct,valid,2532,1310,,TRVs30GeoM_9Arcsec.tif,B66C0EC63B18E8FC8DBFD4E41201F4AC
916,29.467348408369062,40.446700166894765,152.93927001953125,nearest_valid,nodata,2548,1380,4992.4967848815295,TRVs30GeoM_9Arcsec.tif,B66C0EC63B18E8FC8DBFD4E41201F4AC
917,29.696322449680537,40.400291341214974,290.9726867675781,direct,valid,2530,1469,,TRVs30GeoM_9Arcsec.tif,B66C0EC63B18E8FC8DBFD4E41201F4AC
918,29.925004824370646,40.35335202938108,600.7100219726562,direct,valid,2529,1548,,TRVs30GeoM_9Arcsec.tif,B66C0EC63B18E8FC8DBFD4E41201F4AC
919,30.153393169354896,40.30588330211703,468.73309326171875,direct,valid,2528,1627,,TRVs30GeoM_9Arcsec.tif,B66C0EC63B18E8FC8DBFD4E41201F4AC
920,30.381485156877424,40.25788623740855,600.7100219726562,direct,valid,2527,1707,,TRVs30GeoM_9Arcsec.tif,B66C0EC63B18E8FC8DBFD4E41201F4AC
921,30.609278494612607,40.20936192033923,496.3680114746094,direct,valid,2525,1786,,TRVs30GeoM_9Arcsec.tif,B66C0EC63B18E8FC8DBFD4E41201F4AC
922,30.836770925758533,40.16031144292639,600.60546875,direct,valid,2524,1866,,TRVs30GeoM_9Arcsec.tif,B66C0EC63B18E8FC8DBFD4E41201F4AC
923,31.063960229122635,40.11073590395689,491.5303649902344,direct,valid,2523,1945,,TRVs30GeoM_9Arcsec.tif,B66C0EC63B18E8FC8DBFD4E41201F4AC
924,31.290844219199393,40.06063640882284,346.7727355957031,direct,valid,2522,2024,,TRVs30GeoM_9Arcsec.tif,B66C0EC63B18E8FC8DBFD4E41201F4AC
925,31.517420746240315,40.01001406935718,467.7848815917969,direct,valid,2521,2104,,TRVs30GeoM_9Arcsec.tif,B66C0EC63B18E8FC8DBFD4E41201F4AC
926,31.74368769631606,39.95887000366946,487.676025390625,direct,valid,2520,2184,,TRVs30GeoM_9Arcsec.tif,B66C0EC63B18E8FC8DBFD4E41201F4AC
927,31.969642991371032,39.90720533598149,427.24285888671875,direct,valid,2518,2263,,TRVs30GeoM_9Arcsec.tif,B66C0EC63B18E8FC8DBFD4E41201F4AC
928,32.19528458927028,39.855021196463156,433.6051330566406,direct,valid,2517,2343,,TRVs30GeoM_9Arcsec.tif,B66C0EC63B18E8FC8DBFD4E41201F4AC
929,32.420610483839,39.802318721068296,375.26727294921875,direct,valid,2516,2422,,TRVs30GeoM_9Arcsec.tif,B66C0EC63B18E8FC8DBFD4E41201F4AC
930,32.6456187048945,39.749099051370806,598.5518188476562,direct,valid,2515,2502,,TRVs30GeoM_9Arcsec.tif,B66C0EC63B18E8FC8DBFD4E41201F4AC
931,32.87030731827091,39.69536333440093,537.5999755859375,direct,valid,2513,2582,,TRVs30GeoM_9Arcsec.tif,B66C0EC63B18E8FC8DBFD4E41201F4AC
932,33.09467442583659,39.64111272248173,434.60980224609375,direct,valid,2512,2662,,TRVs30GeoM_9Arcsec.tif,B66C0EC63B18E8FC8DBFD4E41201F4AC
933,33.31871816550437,39.586348373065825,426.1739807128906,direct,valid,2511,2741,,TRVs30GeoM_9Arcsec.tif,B66C0EC63B18E8FC8DBFD4E41201F4AC
934,33.542436711234735,39.53107144857254,619.1500244140625,direct,valid,2509,2821,,TRVs30GeoM_9Arcsec.tif,B66C0EC63B18E8FC8DBFD4E41201F4AC
935,33.76582827303196,39.47528311622526,400.9875183105469,direct,valid,2508,2901,,TRVs30GeoM_9Arcsec.tif,B66C0EC63B18E8FC8DBFD4E41201F4AC
936,33.98889109693342,39.418984547889316,429.9971008300781,direct,valid,2507,2981,,TRVs30GeoM_9Arcsec.tif,B66C0EC63B18E8FC8DBFD4E41201F4AC
937,34.21162346499202,39.36217691991001,576.5399780273438,direct,valid,2505,3061,,TRVs30GeoM_9Arcsec.tif,B66C0EC63B18E8FC8DBFD4E41201F4AC
938,34.43402369525195,39.30486141295146,391.71234130859375,direct,valid,2504,3141,,TRVs30GeoM_9Arcsec.tif,B66C0EC63B18E8FC8DBFD4E41201F4AC
939,34.656090141717826,39.24703921183559,430.2067565917969,direct,valid,2502,3221,,TRVs30GeoM_9Arcsec.tif,B66C0EC63B18E8FC8DBFD4E41201F4AC
940,34.87782119431732,39.18871150538178,393.5625,direct,valid,2501,3301,,TRVs30GeoM_9Arcsec.tif,B66C0EC63B18E8FC8DBFD4E41201F4AC
941,35.09921527885738,39.129879486247034,439.5096435546875,direct,valid,2499,3381,,TRVs30GeoM_9Arcsec.tif,B66C0EC63B18E8FC8DBFD4E41201F4AC
942,35.320270856974076,39.07054435076672,406.7120361328125,direct,valid,2498,3461,,TRVs30GeoM_9Arcsec.tif,B66C0EC63B18E8FC8DBFD4E41201F4AC
943,35.54098642607631,39.01070729879586,619.1500244140625,direct,valid,2496,3541,,TRVs30GeoM_9Arcsec.tif,B66C0EC63B18E8FC8DBFD4E41201F4AC
944,35.76136051928343,38.95036953355112,417.482666015625,direct,valid,2495,3622,,TRVs30GeoM_9Arcsec.tif,B66C0EC63B18E8FC8DBFD4E41201F4AC
945,35.98139170535671,38.88953226145343,461.16754150390625,direct,valid,2493,3702,,TRVs30GeoM_9Arcsec.tif,B66C0EC63B18E8FC8DBFD4E41201F4AC
946,36.20107858862511,38.82819669197127,450.7008361816406,direct,valid,2491,3782,,TRVs30GeoM_9Arcsec.tif,B66C0EC63B18E8FC8DBFD4E41201F4AC
947,36.42041980890513,38.76636403746463,448.3418884277344,direct,valid,2490,3863,,TRVs30GeoM_9Arcsec.tif,B66C0EC63B18E8FC8DBFD4E41201F4AC
948,36.63941404141504,38.704035513029815,464.07000732421875,direct,valid,2488,3943,,TRVs30GeoM_9Arcsec.tif,B66C0EC63B18E8FC8DBFD4E41201F4AC
949,36.858059996683444,38.64121233634496,600.7100219726562,direct,valid,2486,4023,,TRVs30GeoM_9Arcsec.tif,B66C0EC63B18E8FC8DBFD4E41201F4AC
950,37.07635642045254,38.577895727516285,531.0116577148438,direct,valid,2485,4104,,TRVs30GeoM_9Arcsec.tif,B66C0EC63B18E8FC8DBFD4E41201F4AC
951,37.29430209357586,38.51408690892523,583.8294067382812,direct,valid,2483,4184,,TRVs30GeoM_9Arcsec.tif,B66C0EC63B18E8FC8DBFD4E41201F4AC
952,37.51189583191091,38.449787105076446,507.2483215332031,direct,valid,2481,4265,,TRVs30GeoM_9Arcsec.tif,B66C0EC63B18E8FC8DBFD4E41201F4AC
953,37.72913648620655,38.384997542446534,531.5579833984375,direct,valid,2480,4345,,TRVs30GeoM_9Arcsec.tif,B66C0EC63B18E8FC8DBFD4E41201F4AC
954,37.946022941985426,38.31971944933379,450.0881042480469,direct,valid,2478,4426,,TRVs30GeoM_9Arcsec.tif,B66C0EC63B18E8FC8DBFD4E41201F4AC
955,38.16255411942152,38.25395405570886,576.5399780273438,direct,valid,2476,4507,,TRVs30GeoM_9Arcsec.tif,B66C0EC63B18E8FC8DBFD4E41201F4AC
956,38.37872897321283,38.18770259306613,576.5399780273438,direct,valid,2474,4588,,TRVs30GeoM_9Arcsec.tif,B66C0EC63B18E8FC8DBFD4E41201F4AC
957,38.594546492449396,38.120966294276364,604.7637329101562,direct,valid,2472,4668,,TRVs30GeoM_9Arcsec.tif,B66C0EC63B18E8FC8DBFD4E41201F4AC
958,38.810005700476765,38.053746393440065,541.3056640625,direct,valid,2470,4749,,TRVs30GeoM_9Arcsec.tif,B66C0EC63B18E8FC8DBFD4E41201F4AC
959,39.02510565475501,37.98604412574191,186.0242919921875,nearest_valid,nodata,2469,4830,150.7100185540117,TRVs30GeoM_9Arcsec.tif,B66C0EC63B18E8FC8DBFD4E41201F4AC
960,39.239845446713346,37.91786072730619,534.4437255859375,direct,valid,2466,4911,,TRVs30GeoM_9Arcsec.tif,B66C0EC63B18E8FC8DBFD4E41201F4AC
961,39.454224201600574,37.84919743505332,528.8849487304688,direct,valid,2465,4992,,TRVs30GeoM_9Arcsec.tif,B66C0EC63B18E8FC8DBFD4E41201F4AC
962,39.668241078331405,37.780055486557266,515.788818359375,direct,valid,2463,5073,,TRVs30GeoM_9Arcsec.tif,B66C0EC63B18E8FC8DBFD4E41201F4AC
963,39.88189526932867,37.71043611990419,537.5999755859375,direct,valid,2461,5154,,TRVs30GeoM_9Arcsec.tif,B66C0EC63B18E8FC8DBFD4E41201F4AC
964,40.09518600036181,37.640340573551995,534.1610717773438,direct,valid,2458,5235,,TRVs30GeoM_9Arcsec.tif,B66C0EC63B18E8FC8DBFD4E41201F4AC
965,40.3081125303814,37.56977008619112,600.7100219726562,direct,valid,2456,5316,,TRVs30GeoM_9Arcsec.tif,B66C0EC63B18E8FC8DBFD4E41201F4AC
966,40.52067415135018,37.4987258966063,498.161376953125,direct,valid,2454,5397,,TRVs30GeoM_9Arcsec.tif,B66C0EC63B18E8FC8DBFD4E41201F4AC
967,40.732870188070336,37.42720924353953,501.3423767089844,direct,valid,2452,5479,,TRVs30GeoM_9Arcsec.tif,B66C0EC63B18E8FC8DBFD4E41201F4AC
968,40.944699998007515,37.355221365554165,466.78704833984375,direct,valid,2450,5560,,TRVs30GeoM_9Arcsec.tif,B66C0EC63B18E8FC8DBFD4E41201F4AC
969,41.15616297111135,37.28276350090003,498.7856140136719,direct,valid,2448,5641,,TRVs30GeoM_9Arcsec.tif,B66C0EC63B18E8FC8DBFD4E41201F4AC
970,41.36725852963286,37.209836887379936,484.3840637207031,direct,valid,2446,5723,,TRVs30GeoM_9Arcsec.tif,B66C0EC63B18E8FC8DBFD4E41201F4AC
971,41.57798612793869,37.13644276221704,348.2696228027344,direct,valid,2443,5804,,TRVs30GeoM_9Arcsec.tif,B66C0EC63B18E8FC8DBFD4E41201F4AC
972,26.512744692379666,41.177284685622645,391.52862548828125,direct,valid,2464,359,,TRVs30GeoM_9Arcsec.tif,B66C0EC63B18E8FC8DBFD4E41201F4AC
973,26.74589206243481,41.13773638971278,429.5899963378906,direct,valid,2464,438,,TRVs30GeoM_9Arcsec.tif,B66C0EC63B18E8FC8DBFD4E41201F4AC
974,26.978778599952943,41.097642858588465,368.68719482421875,direct,valid,2463,517,,TRVs30GeoM_9Arcsec.tif,B66C0EC63B18E8FC8DBFD4E41201F4AC
975,27.21140146775214,41.05700506556307,425.26116943359375,direct,valid,2462,596,,TRVs30GeoM_9Arcsec.tif,B66C0EC63B18E8FC8DBFD4E41201F4AC
976,27.44375786247069,41.01582399339792,424.86517333984375,direct,valid,2461,675,,TRVs30GeoM_9Arcsec.tif,B66C0EC63B18E8FC8DBFD4E41201F4AC
977,29.29269090585052,40.666938288405184,151.89907836914062,nearest_valid,nodata,2455,1310,766.64083938852,TRVs30GeoM_9Arcsec.tif,B66C0EC63B18E8FC8DBFD4E41201F4AC
978,29.522528569583603,40.62091340712823,439.5121765136719,direct,valid,2452,1387,,TRVs30GeoM_9Arcsec.tif,B66C0EC63B18E8FC8DBFD4E41201F4AC
979,29.75207362890736,40.574355558308355,537.5999755859375,direct,valid,2451,1466,,TRVs30GeoM_9Arcsec.tif,B66C0EC63B18E8FC8DBFD4E41201F4AC
980,29.98132366451902,40.527265817897785,576.5399780273438,direct,valid,2450,1545,,TRVs30GeoM_9Arcsec.tif,B66C0EC63B18E8FC8DBFD4E41201F4AC
981,30.210276292901824,40.479645269331435,332.6709899902344,direct,valid,2449,1625,,TRVs30GeoM_9Arcsec.tif,B66C0EC63B18E8FC8DBFD4E41201F4AC
982,30.438929166433716,40.43149500336061,491.3463439941406,direct,valid,2448,1704,,TRVs30GeoM_9Arcsec.tif,B66C0EC63B18E8FC8DBFD4E41201F4AC
983,30.667279973487975,40.382816117886534,501.2406921386719,direct,valid,2447,1783,,TRVs30GeoM_9Arcsec.tif,B66C0EC63B18E8FC8DBFD4E41201F4AC
984,30.895326438525533,40.33360971779346,600.7100219726562,direct,valid,2446,1863,,TRVs30GeoM_9Arcsec.tif,B66C0EC63B18E8FC8DBFD4E41201F4AC
985,31.123066322179334,40.28387691478205,600.7100219726562,direct,valid,2445,1942,,TRVs30GeoM_9Arcsec.tif,B66C0EC63B18E8FC8DBFD4E41201F4AC
986,31.350497421330545,40.23361882720243,600.7100219726562,direct,valid,2444,2021,,TRVs30GeoM_9Arcsec.tif,B66C0EC63B18E8FC8DBFD4E41201F4AC
987,31.577617569176844,40.18283657988728,464.2990417480469,direct,valid,2442,2101,,TRVs30GeoM_9Arcsec.tif,B66C0EC63B18E8FC8DBFD4E41201F4AC
988,31.804424635292822,40.131531303985,420.2694396972656,direct,valid,2441,2181,,TRVs30GeoM_9Arcsec.tif,B66C0EC63B18E8FC8DBFD4E41201F4AC
989,32.03091652568258,40.079704136792905,443.0032653808594,direct,valid,2440,2260,,TRVs30GeoM_9Arcsec.tif,B66C0EC63B18E8FC8DBFD4E41201F4AC
990,32.25709118282454,40.02735622159046,433.75286865234375,direct,valid,2439,2340,,TRVs30GeoM_9Arcsec.tif,B66C0EC63B18E8FC8DBFD4E41201F4AC
991,32.48294658570869,39.974488707472744,537.5999755859375,direct,valid,2438,2419,,TRVs30GeoM_9Arcsec.tif,B66C0EC63B18E8FC8DBFD4E41201F4AC
992,32.70848074986613,39.92110274918406,600.689453125,direct,valid,2436,2499,,TRVs30GeoM_9Arcsec.tif,B66C0EC63B18E8FC8DBFD4E41201F4AC
993,32.9336917273913,39.86719950695171,600.7100219726562,direct,valid,2435,2579,,TRVs30GeoM_9Arcsec.tif,B66C0EC63B18E8FC8DBFD4E41201F4AC
994,33.158577606956584,39.8127801463201,522.8963012695312,direct,valid,2434,2658,,TRVs30GeoM_9Arcsec.tif,B66C0EC63B18E8FC8DBFD4E41201F4AC
995,33.383136513819856,39.7578458379851,503.82366943359375,direct,valid,2432,2738,,TRVs30GeoM_9Arcsec.tif,B66C0EC63B18E8FC8DBFD4E41201F4AC
996,33.60736660982461,39.702397757628695,554.1373901367188,direct,valid,2431,2818,,TRVs30GeoM_9Arcsec.tif,B66C0EC63B18E8FC8DBFD4E41201F4AC
997,33.831266093393054,39.64643708575406,436.5201110839844,direct,valid,2430,2898,,TRVs30GeoM_9Arcsec.tif,B66C0EC63B18E8FC8DBFD4E41201F4AC
998,34.05483319951221,39.58996500752097,534.8322143554688,direct,valid,2428,2978,,TRVs30GeoM_9Arcsec.tif,B66C0EC63B18E8FC8DBFD4E41201F4AC
999,34.27806619971294,39.532982712581756,488.8639221191406,direct,valid,2427,3058,,TRVs30GeoM_9Arcsec.tif,B66C0EC63B18E8FC8DBFD4E41201F4AC
1000,34.50096340204232,39.475491394917526,407.9376220703125,direct,valid,2425,3137,,TRVs30GeoM_9Arcsec.tif,B66C0EC63B18E8FC8DBFD4E41201F4AC
1001,34.72352315102914,39.417492252675096,429.4060363769531,direct,valid,2424,3217,,TRVs30GeoM_9Arcsec.tif,B66C0EC63B18E8FC8DBFD4E41201F4AC
1002,34.94574382764287,39.35898648800433,445.1325378417969,direct,valid,2422,3297,,TRVs30GeoM_9Arcsec.tif,B66C0EC63B18E8FC8DBFD4E41201F4AC
1003,35.16762384924602,39.299975306896044,576.5399780273438,direct,valid,2421,3378,,TRVs30GeoM_9Arcsec.tif,B66C0EC63B18E8FC8DBFD4E41201F4AC
1004,35.389161669540115,39.240459919020545,495.4412841796875,direct,valid,2419,3458,,TRVs30GeoM_9Arcsec.tif,B66C0EC63B18E8FC8DBFD4E41201F4AC
1005,35.61035577850539,39.180441537566836,576.5399780273438,direct,valid,2418,3538,,TRVs30GeoM_9Arcsec.tif,B66C0EC63B18E8FC8DBFD4E41201F4AC
1006,35.8312047023342,39.11992137908233,464.2733459472656,direct,valid,2416,3618,,TRVs30GeoM_9Arcsec.tif,B66C0EC63B18E8FC8DBFD4E41201F4AC
1007,36.05170700335836,39.05890066331335,472.480712890625,direct,valid,2415,3698,,TRVs30GeoM_9Arcsec.tif,B66C0EC63B18E8FC8DBFD4E41201F4AC
1008,36.27186127997058,38.997380613046424,526.1879272460938,direct,valid,2413,3778,,TRVs30GeoM_9Arcsec.tif,B66C0EC63B18E8FC8DBFD4E41201F4AC
1009,36.49166616653981,38.93536245395008,407.7222595214844,direct,valid,2412,3859,,TRVs30GeoM_9Arcsec.tif,B66C0EC63B18E8FC8DBFD4E41201F4AC
1010,36.711120333321084,38.872847414417606,364.7467346191406,direct,valid,2410,3939,,TRVs30GeoM_9Arcsec.tif,B66C0EC63B18E8FC8DBFD4E41201F4AC
1011,36.93022248635942,38.80983672541063,564.5233764648438,direct,valid,2408,4019,,TRVs30GeoM_9Arcsec.tif,B66C0EC63B18E8FC8DBFD4E41201F4AC
1012,37.14897136738843,38.74633162030326,600.5330810546875,direct,valid,2406,4100,,TRVs30GeoM_9Arcsec.tif,B66C0EC63B18E8FC8DBFD4E41201F4AC
1013,37.367365753723334,38.68233333472738,600.7100219726562,direct,valid,2405,4180,,TRVs30GeoM_9Arcsec.tif,B66C0EC63B18E8FC8DBFD4E41201F4AC
1014,37.58540445814873,38.617843106418626,538.7281494140625,direct,valid,2403,4261,,TRVs30GeoM_9Arcsec.tif,B66C0EC63B18E8FC8DBFD4E41201F4AC
1015,37.80308632880109,38.55286217506327,472.5465087890625,direct,valid,2401,4341,,TRVs30GeoM_9Arcsec.tif,B66C0EC63B18E8FC8DBFD4E41201F4AC
1016,38.020410249046265,38.48739178214609,490.4350891113281,direct,valid,2400,4422,,TRVs30GeoM_9Arcsec.tif,B66C0EC63B18E8FC8DBFD4E41201F4AC
1017,38.2373751373519,38.421433170799084,380.6894836425781,direct,valid,2398,4503,,TRVs30GeoM_9Arcsec.tif,B66C0EC63B18E8FC8DBFD4E41201F4AC
1018,38.453979947155105,38.35498758565127,418.294189453125,direct,valid,2396,4583,,TRVs30GeoM_9Arcsec.tif,B66C0EC63B18E8FC8DBFD4E41201F4AC
1019,38.67022366672531,38.28805627267926,619.1500244140625,direct,valid,2394,4664,,TRVs30GeoM_9Arcsec.tif,B66C0EC63B18E8FC8DBFD4E41201F4AC
1020,38.88610531902245,38.22064047905911,576.5399780273438,direct,valid,2392,4745,,TRVs30GeoM_9Arcsec.tif,B66C0EC63B18E8FC8DBFD4E41201F4AC
1021,39.101623961550786,38.152741453018834,588.8932495117188,direct,valid,2390,4826,,TRVs30GeoM_9Arcsec.tif,B66C0EC63B18E8FC8DBFD4E41201F4AC
1022,39.316778686208146,38.08436044369233,510.9531555175781,direct,valid,2388,4906,,TRVs30GeoM_9Arcsec.tif,B66C0EC63B18E8FC8DBFD4E41201F4AC
1023,39.531568619131015,38.0154987009741,533.7371215820312,direct,valid,2386,4987,,TRVs30GeoM_9Arcsec.tif,B66C0EC63B18E8FC8DBFD4E41201F4AC
1024,39.74599292053546,37.94615747537511,535.904052734375,direct,valid,2384,5068,,TRVs30GeoM_9Arcsec.tif,B66C0EC63B18E8FC8DBFD4E41201F4AC
1025,39.960050784553836,37.87633801787977,535.6685180664062,direct,valid,2382,5149,,TRVs30GeoM_9Arcsec.tif,B66C0EC63B18E8FC8DBFD4E41201F4AC
1026,40.173741439067825,37.806041579804,525.7286987304688,direct,valid,2380,5230,,TRVs30GeoM_9Arcsec.tif,B66C0EC63B18E8FC8DBFD4E41201F4AC
1027,40.38706414553741,37.73526941265442,408.1015930175781,direct,valid,2378,5312,,TRVs30GeoM_9Arcsec.tif,B66C0EC63B18E8FC8DBFD4E41201F4AC
1028,40.60001819882631,37.66402276798857,408.0895080566406,direct,valid,2376,5393,,TRVs30GeoM_9Arcsec.tif,B66C0EC63B18E8FC8DBFD4E41201F4AC
1029,40.812602927023725,37.59230289727653,510.60980224609375,direct,valid,2374,5474,,TRVs30GeoM_9Arcsec.tif,B66C0EC63B18E8FC8DBFD4E41201F4AC
1030,41.0248176912626,37.5201110517634,459.8531799316406,direct,valid,2372,5555,,TRVs30GeoM_9Arcsec.tif,B66C0EC63B18E8FC8DBFD4E41201F4AC
1031,41.236661885534645,37.44744848233318,486.4700012207031,direct,valid,2370,5637,,TRVs30GeoM_9Arcsec.tif,B66C0EC63B18E8FC8DBFD4E41201F4AC
1032,41.44813493650201,37.374316439373686,479.5377502441406,direct,valid,2368,5718,,TRVs30GeoM_9Arcsec.tif,B66C0EC63B18E8FC8DBFD4E41201F4AC
1033,41.659236303305754,37.300716172642765,467.8130187988281,direct,valid,2365,5799,,TRVs30GeoM_9Arcsec.tif,B66C0EC63B18E8FC8DBFD4E41201F4AC
1034,41.86996547737142,37.22664893113567,537.5999755859375,direct,valid,2363,5881,,TRVs30GeoM_9Arcsec.tif,B66C0EC63B18E8FC8DBFD4E41201F4AC
1035,26.794338280825,41.31355641642708,296.33868408203125,direct,valid,2385,436,,TRVs30GeoM_9Arcsec.tif,B66C0EC63B18E8FC8DBFD4E41201F4AC
1036,27.02783850866139,41.27333066708045,390.4892272949219,direct,valid,2384,514,,TRVs30GeoM_9Arcsec.tif,B66C0EC63B18E8FC8DBFD4E41201F4AC
1037,27.261071956465102,41.23255909307168,385.51019287109375,direct,valid,2383,593,,TRVs30GeoM_9Arcsec.tif,B66C0EC63B18E8FC8DBFD4E41201F4AC
1038,27.49403579338267,41.19124268917771,379.65545654296875,direct,valid,2383,672,,TRVs30GeoM_9Arcsec.tif,B66C0EC63B18E8FC8DBFD4E41201F4AC
1039,27.72672722316726,41.149382459549955,387.3635559082031,direct,valid,2382,751,,TRVs30GeoM_9Arcsec.tif,B66C0EC63B18E8FC8DBFD4E41201F4AC
1040,27.95914348438236,41.106979417550214,425.5209045410156,direct,valid,2381,830,,TRVs30GeoM_9Arcsec.tif,B66C0EC63B18E8FC8DBFD4E41201F4AC
1041,29.347712304608077,40.841219972877525,542.1988525390625,direct,valid,2375,1305,,TRVs30GeoM_9Arcsec.tif,B66C0EC63B18E8FC8DBFD4E41201F4AC
1042,29.578128028366553,40.795046357337704,600.7100219726562,direct,valid,2374,1384,,TRVs30GeoM_9Arcsec.tif,B66C0EC63B18E8FC8DBFD4E41201F4AC
1043,30.038069079352567,40.701097033660254,370.176025390625,direct,valid,2372,1542,,TRVs30GeoM_9Arcsec.tif,B66C0EC63B18E8FC8DBFD4E41201F4AC
1044,30.26758956207591,40.65332351061496,576.0347900390625,direct,valid,2371,1622,,TRVs30GeoM_9Arcsec.tif,B66C0EC63B18E8FC8DBFD4E41201F4AC
1045,30.496806847330724,40.6050188825579,600.7100219726562,direct,valid,2370,1701,,TRVs30GeoM_9Arcsec.tif,B66C0EC63B18E8FC8DBFD4E41201F4AC
1046,30.72571860408948,40.556184260378004,600.7100219726562,direct,valid,2369,1780,,TRVs30GeoM_9Arcsec.tif,B66C0EC63B18E8FC8DBFD4E41201F4AC
1047,30.954322537986904,40.50682076199669,604.45068359375,direct,valid,2368,1860,,TRVs30GeoM_9Arcsec.tif,B66C0EC63B18E8FC8DBFD4E41201F4AC
1048,31.182616391402856,40.456929512198386,437.4856872558594,direct,valid,2366,1939,,TRVs30GeoM_9Arcsec.tif,B66C0EC63B18E8FC8DBFD4E41201F4AC
1049,31.410597943537056,40.40651164246102,600.7100219726562,direct,valid,2365,2019,,TRVs30GeoM_9Arcsec.tif,B66C0EC63B18E8FC8DBFD4E41201F4AC
1050,31.63826501047558,40.35556829078656,537.5999755859375,direct,valid,2364,2098,,TRVs30GeoM_9Arcsec.tif,B66C0EC63B18E8FC8DBFD4E41201F4AC
1051,31.865615445249436,40.30410060153156,468.5904235839844,direct,valid,2363,2178,,TRVs30GeoM_9Arcsec.tif,B66C0EC63B18E8FC8DBFD4E41201F4AC
1052,32.09264713788504,40.25210972523779,412.8735046386719,direct,valid,2362,2257,,TRVs30GeoM_9Arcsec.tif,B66C0EC63B18E8FC8DBFD4E41201F4AC
1053,32.319358015446845,40.1995968184629,537.5999755859375,direct,valid,2360,2337,,TRVs30GeoM_9Arcsec.tif,B66C0EC63B18E8FC8DBFD4E41201F4AC
1054,32.54574604207224,40.1465630436114,377.1798400878906,direct,valid,2359,2416,,TRVs30GeoM_9Arcsec.tif,B66C0EC63B18E8FC8DBFD4E41201F4AC
1055,32.771809218998584,40.09300956876572,600.6964111328125,direct,valid,2358,2496,,TRVs30GeoM_9Arcsec.tif,B66C0EC63B18E8FC8DBFD4E41201F4AC
1056,32.99754558458271,40.038937567517486,487.2933654785156,direct,valid,2357,2575,,TRVs30GeoM_9Arcsec.tif,B66C0EC63B18E8FC8DBFD4E41201F4AC
1057,33.22295321431285,39.98434821879921,600.7100219726562,direct,valid,2355,2655,,TRVs30GeoM_9Arcsec.tif,B66C0EC63B18E8FC8DBFD4E41201F4AC
1058,33.448030220813145,39.92924270671607,478.63916015625,direct,valid,2354,2735,,TRVs30GeoM_9Arcsec.tif,B66C0EC63B18E8FC8DBFD4E41201F4AC
1059,33.67277475384072,39.87362222037828,429.90313720703125,direct,valid,2353,2815,,TRVs30GeoM_9Arcsec.tif,B66C0EC63B18E8FC8DBFD4E41201F4AC
1060,33.8971850002756,39.81748795373366,447.6956787109375,direct,valid,2351,2894,,TRVs30GeoM_9Arcsec.tif,B66C0EC63B18E8FC8DBFD4E41201F4AC
1061,34.12125918410338,39.76084110540073,477.86529541015625,direct,valid,2350,2974,,TRVs30GeoM_9Arcsec.tif,B66C0EC63B18E8FC8DBFD4E41201F4AC
1062,34.34499556639091,39.70368287850216,309.7432556152344,direct,valid,2349,3054,,TRVs30GeoM_9Arcsec.tif,B66C0EC63B18E8FC8DBFD4E41201F4AC
1063,34.56839244525497,39.64601448049884,617.4138793945312,direct,valid,2347,3134,,TRVs30GeoM_9Arcsec.tif,B66C0EC63B18E8FC8DBFD4E41201F4AC
1064,34.79144815582412,39.58783712302439,489.8956604003906,direct,valid,2346,3214,,TRVs30GeoM_9Arcsec.tif,B66C0EC63B18E8FC8DBFD4E41201F4AC
1065,35.014161070193765,39.52915202172019,430.4061279296875,direct,valid,2344,3294,,TRVs30GeoM_9Arcsec.tif,B66C0EC63B18E8FC8DBFD4E41201F4AC
1066,35.23652959737468,39.4699603960711,410.24713134765625,direct,valid,2343,3374,,TRVs30GeoM_9Arcsec.tif,B66C0EC63B18E8FC8DBFD4E41201F4AC
1067,35.4585521832348,39.41026346924174,413.0244140625,direct,valid,2341,3454,,TRVs30GeoM_9Arcsec.tif,B66C0EC63B18E8FC8DBFD4E41201F4AC
1068,35.6802273104349,39.35006246791335,456.263671875,direct,valid,2340,3534,,TRVs30GeoM_9Arcsec.tif,B66C0EC63B18E8FC8DBFD4E41201F4AC
1069,35.901553498357586,39.289358622121554,440.6872253417969,direct,valid,2338,3614,,TRVs30GeoM_9Arcsec.tif,B66C0EC63B18E8FC8DBFD4E41201F4AC
1070,36.122529303030404,39.22815316509452,415.25311279296875,direct,valid,2337,3694,,TRVs30GeoM_9Arcsec.tif,B66C0EC63B18E8FC8DBFD4E41201F4AC
1071,36.34315331704269,39.166447333092194,503.2571105957031,direct,valid,2335,3775,,TRVs30GeoM_9Arcsec.tif,B66C0EC63B18E8FC8DBFD4E41201F4AC
1072,36.5634241694565,39.104242365245966,418.5399169921875,direct,valid,2333,3855,,TRVs30GeoM_9Arcsec.tif,B66C0EC63B18E8FC8DBFD4E41201F4AC
1073,36.783340525711644,39.04153950339943,341.1193542480469,direct,valid,2332,3935,,TRVs30GeoM_9Arcsec.tif,B66C0EC63B18E8FC8DBFD4E41201F4AC
1074,37.00290108752501,38.978339991949774,434.5306091308594,direct,valid,2330,4015,,TRVs30GeoM_9Arcsec.tif,B66C0EC63B18E8FC8DBFD4E41201F4AC
1075,37.22210459278428,38.914645077690075,565.6878051757812,direct,valid,2328,4096,,TRVs30GeoM_9Arcsec.tif,B66C0EC63B18E8FC8DBFD4E41201F4AC
1076,37.44094981543599,38.85045600965252,419.61358642578125,direct,valid,2327,4176,,TRVs30GeoM_9Arcsec.tif,B66C0EC63B18E8FC8DBFD4E41201F4AC
1077,37.65943556536848,38.78577403895235,516.1915283203125,direct,valid,2325,4257,,TRVs30GeoM_9Arcsec.tif,B66C0EC63B18E8FC8DBFD4E41201F4AC
1078,37.87756068828921,38.72060041863298,600.7100219726562,direct,valid,2323,4337,,TRVs30GeoM_9Arcsec.tif,B66C0EC63B18E8FC8DBFD4E41201F4AC
1079,38.09532406559719,38.65493640351188,501.9028625488281,direct,valid,2321,4418,,TRVs30GeoM_9Arcsec.tif,B66C0EC63B18E8FC8DBFD4E41201F4AC
1080,38.312724614250264,38.58878325002744,291.1136779785156,direct,valid,2320,4498,,TRVs30GeoM_9Arcsec.tif,B66C0EC63B18E8FC8DBFD4E41201F4AC
1081,38.52976128662741,38.52214221608687,482.4631652832031,direct,valid,2318,4579,,TRVs30GeoM_9Arcsec.tif,B66C0EC63B18E8FC8DBFD4E41201F4AC
1082,38.746433070386416,38.4550145609151,582.6153564453125,direct,valid,2316,4660,,TRVs30GeoM_9Arcsec.tif,B66C0EC63B18E8FC8DBFD4E41201F4AC
1083,38.962738988316644,38.387401544904726,619.1500244140625,direct,valid,2314,4740,,TRVs30GeoM_9Arcsec.tif,B66C0EC63B18E8FC8DBFD4E41201F4AC
1084,39.178678098187376,38.31930442946692,576.5399780273438,direct,valid,2312,4821,,TRVs30GeoM_9Arcsec.tif,B66C0EC63B18E8FC8DBFD4E41201F4AC
1085,39.39424949259173,38.25072447688347,576.5399780273438,direct,valid,2310,4902,,TRVs30GeoM_9Arcsec.tif,B66C0EC63B18E8FC8DBFD4E41201F4AC
1086,39.60945229878608,38.181662950159975,597.2885131835938,direct,valid,2308,4983,,TRVs30GeoM_9Arcsec.tif,B66C0EC63B18E8FC8DBFD4E41201F4AC
1087,39.82428567852547,38.112121112879954,332.5294494628906,direct,valid,2306,5064,,TRVs30GeoM_9Arcsec.tif,B66C0EC63B18E8FC8DBFD4E41201F4AC
1088,40.03874882789477,38.0421002290603,537.5999755859375,direct,valid,2304,5145,,TRVs30GeoM_9Arcsec.tif,B66C0EC63B18E8FC8DBFD4E41201F4AC
1089,40.25284097713598,37.97160156300766,384.1309814453125,direct,valid,2302,5226,,TRVs30GeoM_9Arcsec.tif,B66C0EC63B18E8FC8DBFD4E41201F4AC
1090,40.466561390471604,37.9006263791761,337.937744140625,direct,valid,2300,5307,,TRVs30GeoM_9Arcsec.tif,B66C0EC63B18E8FC8DBFD4E41201F4AC
1091,40.67990936592429,37.82917594202594,316.62603759765625,direct,valid,2298,5388,,TRVs30GeoM_9Arcsec.tif,B66C0EC63B18E8FC8DBFD4E41201F4AC
1092,40.89288423513287,37.757251515883624,416.1329040527344,direct,valid,2296,5469,,TRVs30GeoM_9Arcsec.tif,B66C0EC63B18E8FC8DBFD4E41201F4AC
1093,41.10548536316492,37.68485436480295,497.0501403808594,direct,valid,2294,5550,,TRVs30GeoM_9Arcsec.tif,B66C0EC63B18E8FC8DBFD4E41201F4AC
1094,41.31771214832585,37.61198575242743,600.7100219726562,direct,valid,2292,5632,,TRVs30GeoM_9Arcsec.tif,B66C0EC63B18E8FC8DBFD4E41201F4AC
1095,41.52956402196483,37.53864694185384,503.27105712890625,direct,valid,2289,5713,,TRVs30GeoM_9Arcsec.tif,B66C0EC63B18E8FC8DBFD4E41201F4AC
1096,41.741040448277445,37.464839195497085,475.3900451660156,direct,valid,2287,5794,,TRVs30GeoM_9Arcsec.tif,B66C0EC63B18E8FC8DBFD4E41201F4AC
1097,41.95214092410537,37.39056377495617,525.7286987304688,direct,valid,2285,5876,,TRVs30GeoM_9Arcsec.tif,B66C0EC63B18E8FC8DBFD4E41201F4AC
1098,42.16286497873317,37.315821940881555,441.64642333984375,direct,valid,2283,5957,,TRVs30GeoM_9Arcsec.tif,B66C0EC63B18E8FC8DBFD4E41201F4AC
1099,42.37321217368211,37.240614952843686,380.4891662597656,direct,valid,2280,6039,,TRVs30GeoM_9Arcsec.tif,B66C0EC63B18E8FC8DBFD4E41201F4AC
1100,26.608775102084884,41.52911976503656,374.2494201660156,direct,valid,2308,355,,TRVs30GeoM_9Arcsec.tif,B66C0EC63B18E8FC8DBFD4E41201F4AC
1101,26.84316028264974,41.489309153515826,405.9677734375,direct,valid,2307,433,,TRVs30GeoM_9Arcsec.tif,B66C0EC63B18E8FC8DBFD4E41201F4AC
1102,27.077278423031096,41.448950147160225,379.256103515625,direct,valid,2306,512,,TRVs30GeoM_9Arcsec.tif,B66C0EC63B18E8FC8DBFD4E41201F4AC
1103,27.311126629647298,41.40804374330325,392.2471008300781,direct,valid,2305,591,,TRVs30GeoM_9Arcsec.tif,B66C0EC63B18E8FC8DBFD4E41201F4AC
1104,27.54470204389609,41.36659094890665,385.6374816894531,direct,valid,2304,670,,TRVs30GeoM_9Arcsec.tif,B66C0EC63B18E8FC8DBFD4E41201F4AC
1105,27.778001842368646,41.324592780394276,392.4464416503906,direct,valid,2303,749,,TRVs30GeoM_9Arcsec.tif,B66C0EC63B18E8FC8DBFD4E41201F4AC
1106,28.01102323705447,41.282050263485395,389.0082702636719,direct,valid,2302,828,,TRVs30GeoM_9Arcsec.tif,B66C0EC63B18E8FC8DBFD4E41201F4AC
1107,28.243763475537147,41.23896443302711,427.271484375,direct,valid,2302,907,,TRVs30GeoM_9Arcsec.tif,B66C0EC63B18E8FC8DBFD4E41201F4AC
1108,28.476219841181145,41.1953363328262,619.1500244140625,direct,valid,2301,986,,TRVs30GeoM_9Arcsec.tif,B66C0EC63B18E8FC8DBFD4E41201F4AC
1109,28.70838965330941,41.15116701548044,619.1500244140625,direct,valid,2300,1065,,TRVs30GeoM_9Arcsec.tif,B66C0EC63B18E8FC8DBFD4E41201F4AC
1110,28.94027026737205,41.10645754220926,594.7554321289062,direct,valid,2299,1144,,TRVs30GeoM_9Arcsec.tif,B66C0EC63B18E8FC8DBFD4E41201F4AC
1111,29.171859075106045,41.06120898268406,480.8139953613281,direct,valid,2298,1223,,TRVs30GeoM_9Arcsec.tif,B66C0EC63B18E8FC8DBFD4E41201F4AC
1112,29.40315350468601,41.01542241485788,265.4557189941406,direct,valid,2297,1302,,TRVs30GeoM_9Arcsec.tif,B66C0EC63B18E8FC8DBFD4E41201F4AC
1113,29.63415102086612,40.96909892479484,600.7100219726562,direct,valid,2296,1381,,TRVs30GeoM_9Arcsec.tif,B66C0EC63B18E8FC8DBFD4E41201F4AC
1114,29.864849125113142,40.922239606499254,445.4524230957031,direct,valid,2295,1461,,TRVs30GeoM_9Arcsec.tif,B66C0EC63B18E8FC8DBFD4E41201F4AC
1115,30.09524535573078,40.87484556174417,471.40081787109375,direct,valid,2294,1540,,TRVs30GeoM_9Arcsec.tif,B66C0EC63B18E8FC8DBFD4E41201F4AC
1116,30.325337287975252,40.826917899900074,258.2961730957031,direct,valid,2293,1619,,TRVs30GeoM_9Arcsec.tif,B66C0EC63B18E8FC8DBFD4E41201F4AC
1117,30.555122534162244,40.77845773776293,265.41229248046875,direct,valid,2291,1698,,TRVs30GeoM_9Arcsec.tif,B66C0EC63B18E8FC8DBFD4E41201F4AC
1118,30.784598743765283,40.72946619938237,450.5046691894531,direct,valid,2290,1778,,TRVs30GeoM_9Arcsec.tif,B66C0EC63B18E8FC8DBFD4E41201F4AC
1119,31.01376360350555,40.679944415889736,619.1500244140625,direct,valid,2289,1857,,TRVs30GeoM_9Arcsec.tif,B66C0EC63B18E8FC8DBFD4E41201F4AC
1120,31.242614837433287,40.62989352532581,600.7100219726562,direct,valid,2288,1936,,TRVs30GeoM_9Arcsec.tif,B66C0EC63B18E8FC8DBFD4E41201F4AC
1121,31.47115020700086,40.57931467246879,600.7100219726562,direct,valid,2287,2016,,TRVs30GeoM_9Arcsec.tif,B66C0EC63B18E8FC8DBFD4E41201F4AC
1122,31.699367511127406,40.528209008662095,406.69757080078125,direct,valid,2286,2095,,TRVs30GeoM_9Arcsec.tif,B66C0EC63B18E8FC8DBFD4E41201F4AC
1123,31.927264586255443,40.47657769164228,537.5999755859375,direct,valid,2285,2175,,TRVs30GeoM_9Arcsec.tif,B66C0EC63B18E8FC8DBFD4E41201F4AC
1124,32.154839306399154,40.424421885367074,537.5999755859375,direct,valid,2283,2254,,TRVs30GeoM_9Arcsec.tif,B66C0EC63B18E8FC8DBFD4E41201F4AC
1125,32.38208958318474,40.3717427598435,525.3312377929688,direct,valid,2282,2334,,TRVs30GeoM_9Arcsec.tif,B66C0EC63B18E8FC8DBFD4E41201F4AC
1126,32.609013365882795,40.31854149095619,525.2863159179688,direct,valid,2281,2413,,TRVs30GeoM_9Arcsec.tif,B66C0EC63B18E8FC8DBFD4E41201F4AC
1127,32.83560864143277,40.264819260295916,511.5205383300781,direct,valid,2280,2493,,TRVs30GeoM_9Arcsec.tif,B66C0EC63B18E8FC8DBFD4E41201F4AC
1128,33.061873434459706,40.21057725498836,416.5242919921875,direct,valid,2278,2572,,TRVs30GeoM_9Arcsec.tif,B66C0EC63B18E8FC8DBFD4E41201F4AC
1129,33.28780580728317,40.15581666752324,600.7100219726562,direct,valid,2277,2652,,TRVs30GeoM_9Arcsec.tif,B66C0EC63B18E8FC8DBFD4E41201F4AC
1130,33.513403859918775,40.100538695583694,600.7100219726562,direct,valid,2276,2732,,TRVs30GeoM_9Arcsec.tif,B66C0EC63B18E8FC8DBFD4E41201F4AC
1131,33.738665730072015,40.04474454187603,418.82183837890625,direct,valid,2274,2811,,TRVs30GeoM_9Arcsec.tif,B66C0EC63B18E8FC8DBFD4E41201F4AC
1132,33.96358959312485,39.988435413959934,501.74432373046875,direct,valid,2273,2891,,TRVs30GeoM_9Arcsec.tif,B66C0EC63B18E8FC8DBFD4E41201F4AC
1133,34.18817366211496,39.93161252407919,619.1241455078125,direct,valid,2272,2971,,TRVs30GeoM_9Arcsec.tif,B66C0EC63B18E8FC8DBFD4E41201F4AC
1134,34.412416187707706,39.87427708899262,492.5281677246094,direct,valid,2270,3051,,TRVs30GeoM_9Arcsec.tif,B66C0EC63B18E8FC8DBFD4E41201F4AC
1135,34.636315458161214,39.81643032980587,437.4578552246094,direct,valid,2269,3131,,TRVs30GeoM_9Arcsec.tif,B66C0EC63B18E8FC8DBFD4E41201F4AC
1136,34.85986979928427,39.75807347180348,534.2553100585938,direct,valid,2267,3210,,TRVs30GeoM_9Arcsec.tif,B66C0EC63B18E8FC8DBFD4E41201F4AC
1137,35.0830775743875,39.69920774428168,442.6326599121094,direct,valid,2266,3290,,TRVs30GeoM_9Arcsec.tif,B66C0EC63B18E8FC8DBFD4E41201F4AC
1138,35.30593718422777,39.639834380381735,600.7100219726562,direct,valid,2264,3370,,TRVs30GeoM_9Arcsec.tif,B66C0EC63B18E8FC8DBFD4E41201F4AC
1139,35.52844706694582,39.579954616923985,575.2264404296875,direct,valid,2263,3450,,TRVs30GeoM_9Arcsec.tif,B66C0EC63B18E8FC8DBFD4E41201F4AC
1140,35.75060569799752,39.51956969424252,576.5399780273438,direct,valid,2261,3530,,TRVs30GeoM_9Arcsec.tif,B66C0EC63B18E8FC8DBFD4E41201F4AC
1141,35.97241159007865,39.45868085602059,576.5399780273438,direct,valid,2260,3611,,TRVs30GeoM_9Arcsec.tif,B66C0EC63B18E8FC8DBFD4E41201F4AC
1142,36.193863293043336,39.39728934912672,452.54949951171875,direct,valid,2258,3691,,TRVs30GeoM_9Arcsec.tif,B66C0EC63B18E8FC8DBFD4E41201F4AC
1143,36.41495939381635,39.335396423451684,339.65850830078125,direct,valid,2257,3771,,TRVs30GeoM_9Arcsec.tif,B66C0EC63B18E8FC8DBFD4E41201F4AC
1144,36.635698516299364,39.27300333174609,619.1500244140625,direct,valid,2255,3851,,TRVs30GeoM_9Arcsec.tif,B66C0EC63B18E8FC8DBFD4E41201F4AC
1145,36.85607932127117,39.210111329459,441.9340515136719,direct,valid,2254,3931,,TRVs30GeoM_9Arcsec.tif,B66C0EC63B18E8FC8DBFD4E41201F4AC
1146,37.07610050628209,39.146721674577286,426.38897705078125,direct,valid,2252,4012,,TRVs30GeoM_9Arcsec.tif,B66C0EC63B18E8FC8DBFD4E41201F4AC
1147,37.29576080554275,39.08283562746588,435.4006652832031,direct,valid,2250,4092,,TRVs30GeoM_9Arcsec.tif,B66C0EC63B18E8FC8DBFD4E41201F4AC
1148,37.515058989807166,39.01845445070892,467.896728515625,direct,valid,2248,4172,,TRVs30GeoM_9Arcsec.tif,B66C0EC63B18E8FC8DBFD4E41201F4AC
1149,37.733993866250415,38.95357940895187,600.7100219726562,direct,valid,2247,4253,,TRVs30GeoM_9Arcsec.tif,B66C0EC63B18E8FC8DBFD4E41201F4AC
1150,37.95256427834091,38.88821176874445,619.1500244140625,direct,valid,2245,4333,,TRVs30GeoM_9Arcsec.tif,B66C0EC63B18E8FC8DBFD4E41201F4AC
1151,38.170769105707464,38.82235279838476,472.4114990234375,direct,valid,2243,4414,,TRVs30GeoM_9Arcsec.tif,B66C0EC63B18E8FC8DBFD4E41201F4AC
1152,38.38860726400129,38.756003767764284,432.32855224609375,direct,valid,2241,4494,,TRVs30GeoM_9Arcsec.tif,B66C0EC63B18E8FC8DBFD4E41201F4AC
1153,38.60607770475288,38.68916594821382,493.0554504394531,direct,valid,2240,4575,,TRVs30GeoM_9Arcsec.tif,B66C0EC63B18E8FC8DBFD4E41201F4AC
1154,38.823179415224175,38.62184061235061,619.1500244140625,direct,valid,2238,4656,,TRVs30GeoM_9Arcsec.tif,B66C0EC63B18E8FC8DBFD4E41201F4AC
1155,39.03991141825594,38.5540290339265,357.75457763671875,direct,valid,2236,4736,,TRVs30GeoM_9Arcsec.tif,B66C0EC63B18E8FC8DBFD4E41201F4AC
1156,39.25627277211042,38.485732487677026,619.1500244140625,direct,valid,2234,4817,,TRVs30GeoM_9Arcsec.tif,B66C0EC63B18E8FC8DBFD4E41201F4AC
1157,39.47226257030967,38.41695224917186,619.1500244140625,direct,valid,2232,4898,,TRVs30GeoM_9Arcsec.tif,B66C0EC63B18E8FC8DBFD4E41201F4AC
1158,39.68787994146928,38.347689594666114,617.1968994140625,direct,valid,2230,4979,,TRVs30GeoM_9Arcsec.tif,B66C0EC63B18E8FC8DBFD4E41201F4AC
1159,39.90312404912816,38.27794580095298,420.3271179199219,direct,valid,2228,5059,,TRVs30GeoM_9Arcsec.tif,B66C0EC63B18E8FC8DBFD4E41201F4AC
1160,40.11799409157384,38.20772214521736,487.0408020019531,direct,valid,2226,5140,,TRVs30GeoM_9Arcsec.tif,B66C0EC63B18E8FC8DBFD4E41201F4AC
1161,40.33248930166403,38.13701990489081,440.31170654296875,direct,valid,2224,5221,,TRVs30GeoM_9Arcsec.tif,B66C0EC63B18E8FC8DBFD4E41201F4AC
1162,40.54660894664414,38.06584035750758,417.45758056640625,direct,valid,2222,5302,,TRVs30GeoM_9Arcsec.tif,B66C0EC63B18E8FC8DBFD4E41201F4AC
1163,40.76035232796108,37.994184780561824,432.2100524902344,direct,valid,2220,5384,,TRVs30GeoM_9Arcsec.tif,B66C0EC63B18E8FC8DBFD4E41201F4AC
1164,40.973718781073394,37.92205445136606,431.9125061035156,direct,valid,2218,5465,,TRVs30GeoM_9Arcsec.tif,B66C0EC63B18E8FC8DBFD4E41201F4AC
1165,41.18670767525789,37.84945064691097,387.1775817871094,direct,valid,2216,5546,,TRVs30GeoM_9Arcsec.tif,B66C0EC63B18E8FC8DBFD4E41201F4AC
1166,41.39931841341283,37.77637464372617,507.46856689453125,direct,valid,2214,5627,,TRVs30GeoM_9Arcsec.tif,B66C0EC63B18E8FC8DBFD4E41201F4AC
1167,41.611550431857786,37.70282771774251,526.5250854492188,direct,valid,2211,5708,,TRVs30GeoM_9Arcsec.tif,B66C0EC63B18E8FC8DBFD4E41201F4AC
1168,41.823403200130464,37.628811144155435,477.9425048828125,direct,valid,2209,5790,,TRVs30GeoM_9Arcsec.tif,B66C0EC63B18E8FC8DBFD4E41201F4AC
1169,42.03487622078027,37.55432619728969,516.7278442382812,direct,valid,2207,5871,,TRVs30GeoM_9Arcsec.tif,B66C0EC63B18E8FC8DBFD4E41201F4AC
1170,42.245969029159056,37.47937415046538,600.7100219726562,direct,valid,2205,5953,,TRVs30GeoM_9Arcsec.tif,B66C0EC63B18E8FC8DBFD4E41201F4AC
1171,42.456681193209114,37.40395627586515,600.7100219726562,direct,valid,2202,6034,,TRVs30GeoM_9Arcsec.tif,B66C0EC63B18E8FC8DBFD4E41201F4AC
1172,42.667012313248186,37.328073844402795,600.7100219726562,direct,valid,2200,6116,,TRVs30GeoM_9Arcsec.tif,B66C0EC63B18E8FC8DBFD4E41201F4AC
1173,26.42207370113284,41.74433028678728,396.86712646484375,direct,valid,2230,274,,TRVs30GeoM_9Arcsec.tif,B66C0EC63B18E8FC8DBFD4E41201F4AC
1174,26.65735147273713,41.70493795389135,406.9826354980469,direct,valid,2229,352,,TRVs30GeoM_9Arcsec.tif,B66C0EC63B18E8FC8DBFD4E41201F4AC
1175,26.89236199239522,41.6649946312003,391.98358154296875,direct,valid,2228,431,,TRVs30GeoM_9Arcsec.tif,B66C0EC63B18E8FC8DBFD4E41201F4AC
1176,27.127102302568453,41.62450131842567,389.718994140625,direct,valid,2228,510,,TRVs30GeoM_9Arcsec.tif,B66C0EC63B18E8FC8DBFD4E41201F4AC
1177,27.361569481070223,41.583459025166604,399.73504638671875,direct,valid,2227,589,,TRVs30GeoM_9Arcsec.tif,B66C0EC63B18E8FC8DBFD4E41201F4AC
1178,27.595760641290653,41.5418687707416,398.0722351074219,direct,valid,2226,668,,TRVs30GeoM_9Arcsec.tif,B66C0EC63B18E8FC8DBFD4E41201F4AC
1179,27.829672932412052,41.4997315840197,386.254150390625,direct,valid,2225,747,,TRVs30GeoM_9Arcsec.tif,B66C0EC63B18E8FC8DBFD4E41201F4AC
1180,28.06330353961492,41.45704850325075,576.5399780273438,direct,valid,2224,826,,TRVs30GeoM_9Arcsec.tif,B66C0EC63B18E8FC8DBFD4E41201F4AC
1181,28.296649684274687,41.413820575895116,447.9634094238281,direct,valid,2223,905,,TRVs30GeoM_9Arcsec.tif,B66C0EC63B18E8FC8DBFD4E41201F4AC
1182,28.529708624149134,41.37004885845261,250.00379943847656,nearest_valid,nodata,2223,984,205.06740116887886,TRVs30GeoM_9Arcsec.tif,B66C0EC63B18E8FC8DBFD4E41201F4AC
1183,29.459018774054154,41.18954552457093,332.7452087402344,direct,valid,2218,1300,,TRVs30GeoM_9Arcsec.tif,B66C0EC63B18E8FC8DBFD4E41201F4AC
1184,29.69060184171104,41.14307100853579,537.5999755859375,direct,valid,2217,1379,,TRVs30GeoM_9Arcsec.tif,B66C0EC63B18E8FC8DBFD4E41201F4AC
1185,29.92188202449578,41.096059221599624,600.7100219726562,direct,valid,2216,1458,,TRVs30GeoM_9Arcsec.tif,B66C0EC63B18E8FC8DBFD4E41201F4AC
1186,30.15285683931958,41.04851127870822,412.26531982421875,direct,valid,2215,1537,,TRVs30GeoM_9Arcsec.tif,B66C0EC63B18E8FC8DBFD4E41201F4AC
1187,30.38352384064632,41.000428302461934,398.2994384765625,direct,valid,2214,1616,,TRVs30GeoM_9Arcsec.tif,B66C0EC63B18E8FC8DBFD4E41201F4AC
1188,30.613880620598394,40.951811422941304,600.7100219726562,direct,valid,2213,1696,,TRVs30GeoM_9Arcsec.tif,B66C0EC63B18E8FC8DBFD4E41201F4AC
1189,30.843924809053956,40.902661777532266,586.6112670898438,direct,valid,2212,1775,,TRVs30GeoM_9Arcsec.tif,B66C0EC63B18E8FC8DBFD4E41201F4AC
1190,31.073654073735256,40.85298051075155,302.08587646484375,direct,valid,2211,1854,,TRVs30GeoM_9Arcsec.tif,B66C0EC63B18E8FC8DBFD4E41201F4AC
1191,31.3030661202885,40.802768774071644,481.0873718261719,direct,valid,2210,1933,,TRVs30GeoM_9Arcsec.tif,B66C0EC63B18E8FC8DBFD4E41201F4AC
1192,31.53215869235514,40.75202772574605,600.7100219726562,direct,valid,2209,2013,,TRVs30GeoM_9Arcsec.tif,B66C0EC63B18E8FC8DBFD4E41201F4AC
1193,31.7609295716346,40.70075853063448,600.7100219726562,direct,valid,2208,2092,,TRVs30GeoM_9Arcsec.tif,B66C0EC63B18E8FC8DBFD4E41201F4AC
1194,31.989376577938746,40.648962360027994,537.5999755859375,direct,valid,2206,2172,,TRVs30GeoM_9Arcsec.tif,B66C0EC63B18E8FC8DBFD4E41201F4AC
1195,32.21749756923797,40.59664039147443,536.3280639648438,direct,valid,2205,2251,,TRVs30GeoM_9Arcsec.tif,B66C0EC63B18E8FC8DBFD4E41201F4AC
1196,32.445290441699086,40.54379380860385,537.5999755859375,direct,valid,2204,2331,,TRVs30GeoM_9Arcsec.tif,B66C0EC63B18E8FC8DBFD4E41201F4AC
1197,32.67275312971512,40.49042380095428,537.037109375,direct,valid,2203,2410,,TRVs30GeoM_9Arcsec.tif,B66C0EC63B18E8FC8DBFD4E41201F4AC
1198,32.899883605927,40.43653156379761,536.810302734375,direct,valid,2201,2490,,TRVs30GeoM_9Arcsec.tif,B66C0EC63B18E8FC8DBFD4E41201F4AC
1199,33.126679881237465,40.38211829796578,599.7836303710938,direct,valid,2200,2569,,TRVs30GeoM_9Arcsec.tif,B66C0EC63B18E8FC8DBFD4E41201F4AC
1200,33.3531400048169,40.327185209677396,441.229736328125,direct,valid,2199,2649,,TRVs30GeoM_9Arcsec.tif,B66C0EC63B18E8FC8DBFD4E41201F4AC
1201,33.57926206410169,40.27173351036447,481.9828186035156,direct,valid,2198,2728,,TRVs30GeoM_9Arcsec.tif,B66C0EC63B18E8FC8DBFD4E41201F4AC
1202,33.805044184784734,40.21576441649981,441.6953125,direct,valid,2196,2808,,TRVs30GeoM_9Arcsec.tif,B66C0EC63B18E8FC8DBFD4E41201F4AC
1203,34.03048453079854,40.15927914942464,437.4457092285156,direct,valid,2195,2888,,TRVs30GeoM_9Arcsec.tif,B66C0EC63B18E8FC8DBFD4E41201F4AC
1204,34.25558130429088,40.10227893517683,453.8562316894531,direct,valid,2194,2968,,TRVs30GeoM_9Arcsec.tif,B66C0EC63B18E8FC8DBFD4E41201F4AC
1205,34.480332745593024,40.04476500431951,619.1500244140625,direct,valid,2192,3047,,TRVs30GeoM_9Arcsec.tif,B66C0EC63B18E8FC8DBFD4E41201F4AC
1206,34.704737133181006,39.9867385917703,619.1500244140625,direct,valid,2191,3127,,TRVs30GeoM_9Arcsec.tif,B66C0EC63B18E8FC8DBFD4E41201F4AC
1207,34.92879278362941,39.92820093663113,537.5999755859375,direct,valid,2189,3207,,TRVs30GeoM_9Arcsec.tif,B66C0EC63B18E8FC8DBFD4E41201F4AC
1208,35.152498051558595,39.86915328201858,518.5196533203125,direct,valid,2188,3287,,TRVs30GeoM_9Arcsec.tif,B66C0EC63B18E8FC8DBFD4E41201F4AC
1209,35.375851329574736,39.80959687489496,452.7854309082031,direct,valid,2186,3367,,TRVs30GeoM_9Arcsec.tif,B66C0EC63B18E8FC8DBFD4E41201F4AC
1210,35.59885104820317,39.74953296589999,557.2200927734375,direct,valid,2185,3447,,TRVs30GeoM_9Arcsec.tif,B66C0EC63B18E8FC8DBFD4E41201F4AC
1211,35.8214956758153,39.68896280918319,576.5399780273438,direct,valid,2183,3527,,TRVs30GeoM_9Arcsec.tif,B66C0EC63B18E8FC8DBFD4E41201F4AC
1212,36.04378371854862,39.62788766223711,576.5399780273438,direct,valid,2182,3607,,TRVs30GeoM_9Arcsec.tif,B66C0EC63B18E8FC8DBFD4E41201F4AC
1213,36.26571372022067,39.56630878573117,520.0926513671875,direct,valid,2180,3687,,TRVs30GeoM_9Arcsec.tif,B66C0EC63B18E8FC8DBFD4E41201F4AC
1214,36.4872842622365,39.50422744334639,455.9237976074219,direct,valid,2179,3767,,TRVs30GeoM_9Arcsec.tif,B66C0EC63B18E8FC8DBFD4E41201F4AC
1215,36.708493963490056,39.44164490161099,505.2689514160156,direct,valid,2177,3847,,TRVs30GeoM_9Arcsec.tif,B66C0EC63B18E8FC8DBFD4E41201F4AC
1216,36.9293414802595,39.3785624297367,484.3963317871094,direct,valid,2175,3928,,TRVs30GeoM_9Arcsec.tif,B66C0EC63B18E8FC8DBFD4E41201F4AC
1217,37.149825506096604,39.31498129945609,443.25830078125,direct,valid,2174,4008,,TRVs30GeoM_9Arcsec.tif,B66C0EC63B18E8FC8DBFD4E41201F4AC
1218,37.36994477171034,39.25090278486075,393.96600341796875,direct,valid,2172,4088,,TRVs30GeoM_9Arcsec.tif,B66C0EC63B18E8FC8DBFD4E41201F4AC
1219,37.589698044844766,39.18632816224038,444.3375549316406,direct,valid,2170,4168,,TRVs30GeoM_9Arcsec.tif,B66C0EC63B18E8FC8DBFD4E41201F4AC
1220,37.80908413015151,39.12125870992289,531.4758911132812,direct,valid,2169,4249,,TRVs30GeoM_9Arcsec.tif,B66C0EC63B18E8FC8DBFD4E41201F4AC
1221,38.02810186905659,39.05569570811545,537.5999755859375,direct,valid,2167,4329,,TRVs30GeoM_9Arcsec.tif,B66C0EC63B18E8FC8DBFD4E41201F4AC
1222,38.24675013962213,38.98964043874655,472.01226806640625,direct,valid,2165,4410,,TRVs30GeoM_9Arcsec.tif,B66C0EC63B18E8FC8DBFD4E41201F4AC
1223,38.465027856402806,38.9230941853091,442.4498596191406,direct,valid,2163,4490,,TRVs30GeoM_9Arcsec.tif,B66C0EC63B18E8FC8DBFD4E41201F4AC
1224,38.68293397029721,38.856058232704555,576.5399780273438,direct,valid,2162,4571,,TRVs30GeoM_9Arcsec.tif,B66C0EC63B18E8FC8DBFD4E41201F4AC
1225,38.90046746839443,38.788533867088205,576.5399780273438,direct,valid,2160,4651,,TRVs30GeoM_9Arcsec.tif,B66C0EC63B18E8FC8DBFD4E41201F4AC
1226,39.117627373815665,38.720522375715355,537.5999755859375,direct,valid,2158,4732,,TRVs30GeoM_9Arcsec.tif,B66C0EC63B18E8FC8DBFD4E41201F4AC
1227,39.33441274555123,38.652025046788886,437.6781005859375,direct,valid,2156,4813,,TRVs30GeoM_9Arcsec.tif,B66C0EC63B18E8FC8DBFD4E41201F4AC
1228,39.550822678293066,38.583043169307686,538.4225463867188,direct,valid,2154,4893,,TRVs30GeoM_9Arcsec.tif,B66C0EC63B18E8FC8DBFD4E41201F4AC
1229,39.766856302262724,38.51357803291648,619.1500244140625,direct,valid,2152,4974,,TRVs30GeoM_9Arcsec.tif,B66C0EC63B18E8FC8DBFD4E41201F4AC
1230,39.9825127830351,38.443630927756615,505.05206298828125,direct,valid,2150,5055,,TRVs30GeoM_9Arcsec.tif,B66C0EC63B18E8FC8DBFD4E41201F4AC
1231,40.19779132135803,38.373203144318076,441.6337890625,direct,valid,2148,5136,,TRVs30GeoM_9Arcsec.tif,B66C0EC63B18E8FC8DBFD4E41201F4AC
1232,40.412691152967774,38.30229597329287,454.0862731933594,direct,valid,2146,5217,,TRVs30GeoM_9Arcsec.tif,B66C0EC63B18E8FC8DBFD4E41201F4AC
1233,40.62721154840057,38.23091070542942,434.3132629394531,direct,valid,2144,5298,,TRVs30GeoM_9Arcsec.tif,B66C0EC63B18E8FC8DBFD4E41201F4AC
1234,40.84135181280044,38.159048631388245,413.8865966796875,direct,valid,2142,5379,,TRVs30GeoM_9Arcsec.tif,B66C0EC63B18E8FC8DBFD4E41201F4AC
1235,41.055111285723285,38.08671104159898,433.34136962890625,direct,valid,2140,5460,,TRVs30GeoM_9Arcsec.tif,B66C0EC63B18E8FC8DBFD4E41201F4AC
1236,41.26848934093741,38.01389922611849,434.1134338378906,direct,valid,2138,5541,,TRVs30GeoM_9Arcsec.tif,B66C0EC63B18E8FC8DBFD4E41201F4AC
1237,41.48148538622063,37.9406144744904,429.6609802246094,direct,valid,2136,5622,,TRVs30GeoM_9Arcsec.tif,B66C0EC63B18E8FC8DBFD4E41201F4AC
1238,41.69409886315407,37.866858075605876,508.901611328125,direct,valid,2134,5704,,TRVs30GeoM_9Arcsec.tif,B66C0EC63B18E8FC8DBFD4E41201F4AC
1239,41.906329246912726,37.79263131756561,539.9918823242188,direct,valid,2131,5785,,TRVs30GeoM_9Arcsec.tif,B66C0EC63B18E8FC8DBFD4E41201F4AC
1240,42.11817604605302,37.717935487543194,540.2711181640625,direct,valid,2129,5866,,TRVs30GeoM_9Arcsec.tif,B66C0EC63B18E8FC8DBFD4E41201F4AC
1241,42.32963880229733,37.64277187164978,514.3330688476562,direct,valid,2127,5948,,TRVs30GeoM_9Arcsec.tif,B66C0EC63B18E8FC8DBFD4E41201F4AC
1242,42.54071709031576,37.56714175480013,600.7100219726562,direct,valid,2125,6029,,TRVs30GeoM_9Arcsec.tif,B66C0EC63B18E8FC8DBFD4E41201F4AC
1243,42.7514105175051,37.491046420579806,600.7100219726562,direct,valid,2122,6111,,TRVs30GeoM_9Arcsec.tif,B66C0EC63B18E8FC8DBFD4E41201F4AC
1244,42.96171872376527,37.41448715111394,600.7100219726562,direct,valid,2120,6192,,TRVs30GeoM_9Arcsec.tif,B66C0EC63B18E8FC8DBFD4E41201F4AC
1245,26.70630719476749,41.880689956725654,567.0397338867188,direct,valid,2151,350,,TRVs30GeoM_9Arcsec.tif,B66C0EC63B18E8FC8DBFD4E41201F4AC
1246,26.941947390805286,41.84061287307084,576.5399780273438,direct,valid,2150,429,,TRVs30GeoM_9Arcsec.tif,B66C0EC63B18E8FC8DBFD4E41201F4AC
1247,27.177314163385493,41.799984193699714,576.5399780273438,direct,valid,2149,508,,TRVs30GeoM_9Arcsec.tif,B66C0EC63B18E8FC8DBFD4E41201F4AC
1248,27.412404561443708,41.75880494065132,576.5399780273438,direct,valid,2149,587,,TRVs30GeoM_9Arcsec.tif,B66C0EC63B18E8FC8DBFD4E41201F4AC
1249,27.647215670101907,41.71707614577598,576.5399780273438,direct,valid,2148,666,,TRVs30GeoM_9Arcsec.tif,B66C0EC63B18E8FC8DBFD4E41201F4AC
1250,27.881744610885153,41.67479885056337,576.5399780273438,direct,valid,2147,744,,TRVs30GeoM_9Arcsec.tif,B66C0EC63B18E8FC8DBFD4E41201F4AC
1251,28.11598854192874,41.63197410597008,215.4810333251953,nearest_valid,nodata,2150,821,1205.5020970528803,TRVs30GeoM_9Arcsec.tif,B66C0EC63B18E8FC8DBFD4E41201F4AC
1252,30.9037012766311,41.07577082838877,227.69454956054688,nearest_valid,nodata,2136,1772,525.2656792905515,TRVs30GeoM_9Arcsec.tif,B66C0EC63B18E8FC8DBFD4E41201F4AC
1253,31.133998447564426,41.025928868649025,600.7100219726562,direct,valid,2133,1851,,TRVs30GeoM_9Arcsec.tif,B66C0EC63B18E8FC8DBFD4E41201F4AC
1254,31.363974760304735,40.97555506899123,619.1500244140625,direct,valid,2132,1931,,TRVs30GeoM_9Arcsec.tif,B66C0EC63B18E8FC8DBFD4E41201F4AC
1255,31.59362794062147,40.92465060132202,598.5115966796875,direct,valid,2131,2010,,TRVs30GeoM_9Arcsec.tif,B66C0EC63B18E8FC8DBFD4E41201F4AC
1256,31.822955752944253,40.87321664419485,576.5399780273438,direct,valid,2129,2089,,TRVs30GeoM_9Arcsec.tif,B66C0EC63B18E8FC8DBFD4E41201F4AC
1257,32.051956000415096,40.82125438263247,600.7100219726562,direct,valid,2128,2169,,TRVs30GeoM_9Arcsec.tif,B66C0EC63B18E8FC8DBFD4E41201F4AC
1258,32.280626524932146,40.76876500794959,535.904052734375,direct,valid,2127,2248,,TRVs30GeoM_9Arcsec.tif,B66C0EC63B18E8FC8DBFD4E41201F4AC
1259,32.50896520718499,40.71574971757566,537.5999755859375,direct,valid,2126,2328,,TRVs30GeoM_9Arcsec.tif,B66C0EC63B18E8FC8DBFD4E41201F4AC
1260,32.73696996668181,40.66220971487799,537.5999755859375,direct,valid,2125,2407,,TRVs30GeoM_9Arcsec.tif,B66C0EC63B18E8FC8DBFD4E41201F4AC
1261,32.964638761768164,40.60814620898485,486.6755065917969,direct,valid,2123,2487,,TRVs30GeoM_9Arcsec.tif,B66C0EC63B18E8FC8DBFD4E41201F4AC
1262,33.19196958963787,40.55356041460927,481.37249755859375,direct,valid,2122,2566,,TRVs30GeoM_9Arcsec.tif,B66C0EC63B18E8FC8DBFD4E41201F4AC
1263,33.4189604863357,40.49845355187284,537.5999755859375,direct,valid,2121,2646,,TRVs30GeoM_9Arcsec.tif,B66C0EC63B18E8FC8DBFD4E41201F4AC
1264,33.64560952675239,40.44282684612998,439.8026428222656,direct,valid,2119,2725,,TRVs30GeoM_9Arcsec.tif,B66C0EC63B18E8FC8DBFD4E41201F4AC
1265,33.87191482461172,40.38668152779278,438.3862609863281,direct,valid,2118,2805,,TRVs30GeoM_9Arcsec.tif,B66C0EC63B18E8FC8DBFD4E41201F4AC
1266,34.097874532449985,40.330018832156064,423.6972961425781,direct,valid,2117,2885,,TRVs30GeoM_9Arcsec.tif,B66C0EC63B18E8FC8DBFD4E41201F4AC
1267,34.32348684158789,40.27283999922307,502.53948974609375,direct,valid,2115,2964,,TRVs30GeoM_9Arcsec.tif,B66C0EC63B18E8FC8DBFD4E41201F4AC
1268,34.548749982095,40.21514627353172,462.6216125488281,direct,valid,2114,3044,,TRVs30GeoM_9Arcsec.tif,B66C0EC63B18E8FC8DBFD4E41201F4AC
1269,34.773662222746836,40.15693890398125,365.6937561035156,direct,valid,2113,3124,,TRVs30GeoM_9Arcsec.tif,B66C0EC63B18E8FC8DBFD4E41201F4AC
1270,34.998221870974724,40.0982191436597,425.5623474121094,direct,valid,2111,3204,,TRVs30GeoM_9Arcsec.tif,B66C0EC63B18E8FC8DBFD4E41201F4AC
1271,35.2224272728086,40.03898824967183,604.4996948242188,direct,valid,2110,3284,,TRVs30GeoM_9Arcsec.tif,B66C0EC63B18E8FC8DBFD4E41201F4AC
1272,35.446276812812776,39.979247482967786,619.1500244140625,direct,valid,2108,3363,,TRVs30GeoM_9Arcsec.tif,B66C0EC63B18E8FC8DBFD4E41201F4AC
1273,35.66976891401481,39.918998108172524,403.14337158203125,direct,valid,2107,3443,,TRVs30GeoM_9Arcsec.tif,B66C0EC63B18E8FC8DBFD4E41201F4AC
1274,35.89290203782768,39.858241393415874,496.0840148925781,direct,valid,2105,3523,,TRVs30GeoM_9Arcsec.tif,B66C0EC63B18E8FC8DBFD4E41201F4AC
1275,36.11567468396531,39.796978610163386,527.4068603515625,direct,valid,2104,3603,,TRVs30GeoM_9Arcsec.tif,B66C0EC63B18E8FC8DBFD4E41201F4AC
1276,36.338085390351516,39.73521103304803,576.5399780273438,direct,valid,2102,3683,,TRVs30GeoM_9Arcsec.tif,B66C0EC63B18E8FC8DBFD4E41201F4AC
1277,36.56013273302268,39.6729399397027,453.2472229003906,direct,valid,2101,3764,,TRVs30GeoM_9Arcsec.tif,B66C0EC63B18E8FC8DBFD4E41201F4AC
1278,36.78181532602407,39.610166610593524,451.2185363769531,direct,valid,2099,3844,,TRVs30GeoM_9Arcsec.tif,B66C0EC63B18E8FC8DBFD4E41201F4AC
1279,37.0031318213001,39.54689232885413,475.0008239746094,direct,valid,2097,3924,,TRVs30GeoM_9Arcsec.tif,B66C0EC63B18E8FC8DBFD4E41201F4AC
1280,37.22408090857849,39.48311838012078,563.590087890625,direct,valid,2096,4004,,TRVs30GeoM_9Arcsec.tif,B66C0EC63B18E8FC8DBFD4E41201F4AC
1281,37.4446613152486,39.41884605236843,607.6339111328125,direct,valid,2094,4084,,TRVs30GeoM_9Arcsec.tif,B66C0EC63B18E8FC8DBFD4E41201F4AC
1282,37.66487180623401,39.35407663574785,457.7057800292969,direct,valid,2092,4165,,TRVs30GeoM_9Arcsec.tif,B66C0EC63B18E8FC8DBFD4E41201F4AC
1283,37.88471118385945,39.2888114224236,535.904052734375,direct,valid,2091,4245,,TRVs30GeoM_9Arcsec.tif,B66C0EC63B18E8FC8DBFD4E41201F4AC
1284,38.10417828771223,39.223051706413116,537.5999755859375,direct,valid,2089,4325,,TRVs30GeoM_9Arcsec.tif,B66C0EC63B18E8FC8DBFD4E41201F4AC
1285,38.32327199449825,39.1567987834268,479.7298889160156,direct,valid,2087,4406,,TRVs30GeoM_9Arcsec.tif,B66C0EC63B18E8FC8DBFD4E41201F4AC
1286,38.541991217892935,39.09005395070917,576.5399780273438,direct,valid,2085,4486,,TRVs30GeoM_9Arcsec.tif,B66C0EC63B18E8FC8DBFD4E41201F4AC
1287,38.76033490838679,39.02281850688113,181.8267822265625,nearest_valid,nodata,2082,4568,515.6296605383486,TRVs30GeoM_9Arcsec.tif,B66C0EC63B18E8FC8DBFD4E41201F4AC
1288,38.9783020531262,38.95509375178331,537.5999755859375,direct,valid,2082,4647,,TRVs30GeoM_9Arcsec.tif,B66C0EC63B18E8FC8DBFD4E41201F4AC
1289,39.19589167574925,38.88688098632047,380.891845703125,direct,valid,2080,4728,,TRVs30GeoM_9Arcsec.tif,B66C0EC63B18E8FC8DBFD4E41201F4AC
1290,39.41310283621687,38.81818151230727,526.4835205078125,direct,valid,2078,4809,,TRVs30GeoM_9Arcsec.tif,B66C0EC63B18E8FC8DBFD4E41201F4AC
1291,39.629934630639305,38.748996632314885,619.1500244140625,direct,valid,2076,4889,,TRVs30GeoM_9Arcsec.tif,B66C0EC63B18E8FC8DBFD4E41201F4AC
1292,39.84638619109818,38.679327649519124,619.1353759765625,direct,valid,2074,4970,,TRVs30GeoM_9Arcsec.tif,B66C0EC63B18E8FC8DBFD4E41201F4AC
1293,40.062456685464284,38.60917586754947,600.7100219726562,direct,valid,2072,5051,,TRVs30GeoM_9Arcsec.tif,B66C0EC63B18E8FC8DBFD4E41201F4AC
1294,40.2781453172109,38.53854259033957,475.0653381347656,direct,valid,2070,5132,,TRVs30GeoM_9Arcsec.tif,B66C0EC63B18E8FC8DBFD4E41201F4AC
1295,40.493451325223354,38.467429121978824,534.5353393554688,direct,valid,2068,5213,,TRVs30GeoM_9Arcsec.tif,B66C0EC63B18E8FC8DBFD4E41201F4AC
1296,40.70837398360435,38.39583676656522,407.3591003417969,direct,valid,2066,5294,,TRVs30GeoM_9Arcsec.tif,B66C0EC63B18E8FC8DBFD4E41201F4AC
1297,40.92291260147566,38.323766828059505,435.9120788574219,direct,valid,2064,5375,,TRVs30GeoM_9Arcsec.tif,B66C0EC63B18E8FC8DBFD4E41201F4AC
1298,41.1370665227759,38.25122061014065,452.8719177246094,direct,valid,2062,5456,,TRVs30GeoM_9Arcsec.tif,B66C0EC63B18E8FC8DBFD4E41201F4AC
1299,41.35083512605497,38.17819941606245,435.3495178222656,direct,valid,2060,5537,,TRVs30GeoM_9Arcsec.tif,B66C0EC63B18E8FC8DBFD4E41201F4AC
1300,41.5642178242648,38.1047045485116,436.9927062988281,direct,valid,2058,5618,,TRVs30GeoM_9Arcsec.tif,B66C0EC63B18E8FC8DBFD4E41201F4AC
1301,41.77721406454695,38.03073730946701,459.7460632324219,direct,valid,2056,5699,,TRVs30GeoM_9Arcsec.tif,B66C0EC63B18E8FC8DBFD4E41201F4AC
1302,41.989823328016875,37.95629900006046,512.6295776367188,direct,valid,2053,5780,,TRVs30GeoM_9Arcsec.tif,B66C0EC63B18E8FC8DBFD4E41201F4AC
1303,42.20204512954512,37.88139092043858,533.0714721679688,direct,valid,2051,5862,,TRVs30GeoM_9Arcsec.tif,B66C0EC63B18E8FC8DBFD4E41201F4AC
1304,42.41387901753566,37.8060143696262,561.0916137695312,direct,valid,2049,5943,,TRVs30GeoM_9Arcsec.tif,B66C0EC63B18E8FC8DBFD4E41201F4AC
1305,42.62532457370124,37.73017064539102,600.7100219726562,direct,valid,2047,6024,,TRVs30GeoM_9Arcsec.tif,B66C0EC63B18E8FC8DBFD4E41201F4AC
1306,42.83638141283606,37.65386104410968,600.7100219726562,direct,valid,2044,6106,,TRVs30GeoM_9Arcsec.tif,B66C0EC63B18E8FC8DBFD4E41201F4AC
1307,43.04704918258588,37.5770868606352,591.1851196289062,direct,valid,2042,6187,,TRVs30GeoM_9Arcsec.tif,B66C0EC63B18E8FC8DBFD4E41201F4AC
1308,43.257327563215604,37.499849388165764,600.7100219726562,direct,valid,2040,6269,,TRVs30GeoM_9Arcsec.tif,B66C0EC63B18E8FC8DBFD4E41201F4AC
1309,43.46721626737446,37.42214991811491,600.7100219726562,direct,valid,2037,6350,,TRVs30GeoM_9Arcsec.tif,B66C0EC63B18E8FC8DBFD4E41201F4AC
1310,43.67671503985905,37.34398973998318,600.7100219726562,direct,valid,2035,6432,,TRVs30GeoM_9Arcsec.tif,B66C0EC63B18E8FC8DBFD4E41201F4AC
1311,43.88582365737404,37.26537014123099,600.7100219726562,direct,valid,2032,6514,,TRVs30GeoM_9Arcsec.tif,B66C0EC63B18E8FC8DBFD4E41201F4AC
1312,44.30286969240555,37.10675782075429,600.7100219726562,direct,valid,2027,6678,,TRVs30GeoM_9Arcsec.tif,B66C0EC63B18E8FC8DBFD4E41201F4AC
1313,26.991920515849888,42.01616389598485,576.5399780273438,direct,valid,2072,427,,TRVs30GeoM_9Arcsec.tif,B66C0EC63B18E8FC8DBFD4E41201F4AC
1314,27.227918079170696,41.97539877892615,576.5399780273438,direct,valid,2071,506,,TRVs30GeoM_9Arcsec.tif,B66C0EC63B18E8FC8DBFD4E41201F4AC
1315,27.463635979388858,41.93408148472153,576.5399780273438,direct,valid,2070,585,,TRVs30GeoM_9Arcsec.tif,B66C0EC63B18E8FC8DBFD4E41201F4AC
1316,27.69907127309588,41.892213057931045,576.5399780273438,direct,valid,2069,663,,TRVs30GeoM_9Arcsec.tif,B66C0EC63B18E8FC8DBFD4E41201F4AC
1317,27.934221053909788,41.84979455284358,420.1225280761719,direct,valid,2069,742,,TRVs30GeoM_9Arcsec.tif,B66C0EC63B18E8FC8DBFD4E41201F4AC
1318,31.425345339094463,41.14825221114573,374.9793395996094,direct,valid,2054,1928,,TRVs30GeoM_9Arcsec.tif,B66C0EC63B18E8FC8DBFD4E41201F4AC
1319,31.655562554164103,41.097183088590675,600.7100219726562,direct,valid,2052,2007,,TRVs30GeoM_9Arcsec.tif,B66C0EC63B18E8FC8DBFD4E41201F4AC
1320,31.885450677398754,41.04558312705884,599.2777709960938,direct,valid,2051,2087,,TRVs30GeoM_9Arcsec.tif,B66C0EC63B18E8FC8DBFD4E41201F4AC
1321,32.11500749523443,40.99345352548454,587.5723876953125,direct,valid,2050,2166,,TRVs30GeoM_9Arcsec.tif,B66C0EC63B18E8FC8DBFD4E41201F4AC
1322,32.34423083347182,40.94079548912883,600.7100219726562,direct,valid,2049,2245,,TRVs30GeoM_9Arcsec.tif,B66C0EC63B18E8FC8DBFD4E41201F4AC
1323,32.57311855730898,40.88761022939958,451.8914489746094,direct,valid,2048,2325,,TRVs30GeoM_9Arcsec.tif,B66C0EC63B18E8FC8DBFD4E41201F4AC
1324,32.80166857136562,40.833898963671764,600.7100219726562,direct,valid,2047,2404,,TRVs30GeoM_9Arcsec.tif,B66C0EC63B18E8FC8DBFD4E41201F4AC
1325,33.029878819698936,40.77966291510812,517.9622802734375,direct,valid,2045,2484,,TRVs30GeoM_9Arcsec.tif,B66C0EC63B18E8FC8DBFD4E41201F4AC
1326,33.2577472858113,40.72490331248001,533.925537109375,direct,valid,2044,2563,,TRVs30GeoM_9Arcsec.tif,B66C0EC63B18E8FC8DBFD4E41201F4AC
1327,33.4852719926497,40.66962138998877,537.5999755859375,direct,valid,2043,2643,,TRVs30GeoM_9Arcsec.tif,B66C0EC63B18E8FC8DBFD4E41201F4AC
1328,33.71245100259726,40.61381838708725,428.8410949707031,direct,valid,2041,2722,,TRVs30GeoM_9Arcsec.tif,B66C0EC63B18E8FC8DBFD4E41201F4AC
1329,33.939282417456745,40.5574955483021,427.4764404296875,direct,valid,2040,2802,,TRVs30GeoM_9Arcsec.tif,B66C0EC63B18E8FC8DBFD4E41201F4AC
1330,34.16576437842625,40.50065412305626,434.2113037109375,direct,valid,2039,2881,,TRVs30GeoM_9Arcsec.tif,B66C0EC63B18E8FC8DBFD4E41201F4AC
1331,34.39189506606731,40.44329536549212,464.82281494140625,direct,valid,2037,2961,,TRVs30GeoM_9Arcsec.tif,B66C0EC63B18E8FC8DBFD4E41201F4AC
1332,34.61767270026516,40.3854205342952,449.7508239746094,direct,valid,2036,3041,,TRVs30GeoM_9Arcsec.tif,B66C0EC63B18E8FC8DBFD4E41201F4AC
1333,34.843095540181864,40.327030892518394,400.8337707519531,direct,valid,2035,3121,,TRVs30GeoM_9Arcsec.tif,B66C0EC63B18E8FC8DBFD4E41201F4AC
1334,35.068161884201764,40.268127707406904,432.4831237792969,direct,valid,2033,3200,,TRVs30GeoM_9Arcsec.tif,B66C0EC63B18E8FC8DBFD4E41201F4AC
1335,35.29287006986992,40.20871225022378,497.5921325683594,direct,valid,2032,3280,,TRVs30GeoM_9Arcsec.tif,B66C0EC63B18E8FC8DBFD4E41201F4AC
1336,35.51721847382336,40.14878579607616,435.47235107421875,direct,valid,2030,3360,,TRVs30GeoM_9Arcsec.tif,B66C0EC63B18E8FC8DBFD4E41201F4AC
1337,35.7412055117153,40.088349623742296,600.7100219726562,direct,valid,2029,3440,,TRVs30GeoM_9Arcsec.tif,B66C0EC63B18E8FC8DBFD4E41201F4AC
1338,35.964829638132564,40.02740501549934,515.2254638671875,direct,valid,2027,3520,,TRVs30GeoM_9Arcsec.tif,B66C0EC63B18E8FC8DBFD4E41201F4AC
1339,36.18808934650621,39.96595325695178,619.1500244140625,direct,valid,2026,3600,,TRVs30GeoM_9Arcsec.tif,B66C0EC63B18E8FC8DBFD4E41201F4AC
1340,36.410983169015594,39.90399563686097,501.7063903808594,direct,valid,2024,3680,,TRVs30GeoM_9Arcsec.tif,B66C0EC63B18E8FC8DBFD4E41201F4AC
1341,36.63350967648587,39.84153344697527,576.5399780273438,direct,valid,2023,3760,,TRVs30GeoM_9Arcsec.tif,B66C0EC63B18E8FC8DBFD4E41201F4AC
1342,36.85566747827927,39.778567981861165,445.1702575683594,direct,valid,2021,3840,,TRVs30GeoM_9Arcsec.tif,B66C0EC63B18E8FC8DBFD4E41201F4AC
1343,37.077455222179935,39.71510053873542,452.8656005859375,direct,valid,2019,3920,,TRVs30GeoM_9Arcsec.tif,B66C0EC63B18E8FC8DBFD4E41201F4AC
1344,37.29887159427287,39.65113241729793,432.7980651855469,direct,valid,2018,4000,,TRVs30GeoM_9Arcsec.tif,B66C0EC63B18E8FC8DBFD4E41201F4AC
1345,37.519915318816764,39.586664919565784,537.080078125,direct,valid,2016,4081,,TRVs30GeoM_9Arcsec.tif,B66C0EC63B18E8FC8DBFD4E41201F4AC
1346,37.74058515811107,39.52169934970814,578.7296752929688,direct,valid,2014,4161,,TRVs30GeoM_9Arcsec.tif,B66C0EC63B18E8FC8DBFD4E41201F4AC
1347,37.9608799123573,39.456237013882316,455.7315673828125,direct,valid,2013,4241,,TRVs30GeoM_9Arcsec.tif,B66C0EC63B18E8FC8DBFD4E41201F4AC
1348,38.180798419514865,39.3902792200707,600.7100219726562,direct,valid,2011,4321,,TRVs30GeoM_9Arcsec.tif,B66C0EC63B18E8FC8DBFD4E41201F4AC
1349,38.40033955515127,39.32382727791892,619.1500244140625,direct,valid,2009,4402,,TRVs30GeoM_9Arcsec.tif,B66C0EC63B18E8FC8DBFD4E41201F4AC
1350,38.6195022322872,39.25688249857508,572.7046508789062,direct,valid,2007,4482,,TRVs30GeoM_9Arcsec.tif,B66C0EC63B18E8FC8DBFD4E41201F4AC
1351,38.83828540123629,39.189446194529964,481.21319580078125,direct,valid,2006,4563,,TRVs30GeoM_9Arcsec.tif,B66C0EC63B18E8FC8DBFD4E41201F4AC
1352,39.05668804943991,39.12151967945859,537.5999755859375,direct,valid,2004,4643,,TRVs30GeoM_9Arcsec.tif,B66C0EC63B18E8FC8DBFD4E41201F4AC
1353,39.27470920129703,39.05310426806284,436.3904113769531,direct,valid,2002,4724,,TRVs30GeoM_9Arcsec.tif,B66C0EC63B18E8FC8DBFD4E41201F4AC
1354,39.49234791798926,38.98420127591513,537.5999755859375,direct,valid,2000,4804,,TRVs30GeoM_9Arcsec.tif,B66C0EC63B18E8FC8DBFD4E41201F4AC
1355,39.7096032973013,38.9148120193036,450.4954833984375,direct,valid,1998,4885,,TRVs30GeoM_9Arcsec.tif,B66C0EC63B18E8FC8DBFD4E41201F4AC
1356,39.9264744734368,38.84493781507812,410.6799011230469,direct,valid,1996,4966,,TRVs30GeoM_9Arcsec.tif,B66C0EC63B18E8FC8DBFD4E41201F4AC
1357,40.14296061682989,38.774579980497926,619.1500244140625,direct,valid,1994,5047,,TRVs30GeoM_9Arcsec.tif,B66C0EC63B18E8FC8DBFD4E41201F4AC
1358,40.359060933952456,38.70373983308022,576.5399780273438,direct,valid,1992,5127,,TRVs30GeoM_9Arcsec.tif,B66C0EC63B18E8FC8DBFD4E41201F4AC
1359,40.57477466711722,38.63241869045015,576.5399780273438,direct,valid,1990,5208,,TRVs30GeoM_9Arcsec.tif,B66C0EC63B18E8FC8DBFD4E41201F4AC
1360,40.79010109427695,38.560617870192125,542.5374145507812,direct,valid,1988,5289,,TRVs30GeoM_9Arcsec.tif,B66C0EC63B18E8FC8DBFD4E41201F4AC
1361,41.0050395288196,38.488338689702346,439.0088806152344,direct,valid,1986,5370,,TRVs30GeoM_9Arcsec.tif,B66C0EC63B18E8FC8DBFD4E41201F4AC
1362,41.21958931935998,38.41558246604259,464.93646240234375,direct,valid,1984,5451,,TRVs30GeoM_9Arcsec.tif,B66C0EC63B18E8FC8DBFD4E41201F4AC
1363,41.433749849527594,38.3423505157956,576.6295776367188,direct,valid,1982,5532,,TRVs30GeoM_9Arcsec.tif,B66C0EC63B18E8FC8DBFD4E41201F4AC
1364,41.647520537751134,38.26864415492142,576.5399780273438,direct,valid,1980,5613,,TRVs30GeoM_9Arcsec.tif,B66C0EC63B18E8FC8DBFD4E41201F4AC
1365,41.860900837039516,38.19446469861537,619.1500244140625,direct,valid,1978,5694,,TRVs30GeoM_9Arcsec.tif,B66C0EC63B18E8FC8DBFD4E41201F4AC
1366,42.07389023475983,38.11981346116731,576.5399780273438,direct,valid,1976,5776,,TRVs30GeoM_9Arcsec.tif,B66C0EC63B18E8FC8DBFD4E41201F4AC
1367,42.286488252412,38.04469175582226,619.1500244140625,direct,valid,1973,5857,,TRVs30GeoM_9Arcsec.tif,B66C0EC63B18E8FC8DBFD4E41201F4AC
1368,42.49869444540071,37.96910089464231,576.5399780273438,direct,valid,1971,5938,,TRVs30GeoM_9Arcsec.tif,B66C0EC63B18E8FC8DBFD4E41201F4AC
1369,42.71050840280422,37.89304218837012,575.2024536132812,direct,valid,1969,6020,,TRVs30GeoM_9Arcsec.tif,B66C0EC63B18E8FC8DBFD4E41201F4AC
1370,42.921929747140645,37.81651694629364,536.7819213867188,direct,valid,1967,6101,,TRVs30GeoM_9Arcsec.tif,B66C0EC63B18E8FC8DBFD4E41201F4AC
1371,43.132958134131535,37.73952647611234,617.75390625,direct,valid,1964,6182,,TRVs30GeoM_9Arcsec.tif,B66C0EC63B18E8FC8DBFD4E41201F4AC
1372,43.343593252463,37.662072083804766,619.1500244140625,direct,valid,1962,6264,,TRVs30GeoM_9Arcsec.tif,B66C0EC63B18E8FC8DBFD4E41201F4AC
1373,43.55383482354444,37.58415507349764,527.8499755859375,direct,valid,1959,6346,,TRVs30GeoM_9Arcsec.tif,B66C0EC63B18E8FC8DBFD4E41201F4AC
1374,43.76368260126507,37.505776747336256,600.7100219726562,direct,valid,1957,6427,,TRVs30GeoM_9Arcsec.tif,B66C0EC63B18E8FC8DBFD4E41201F4AC
1375,43.973136371748254,37.426938405356346,600.7100219726562,direct,valid,1955,6509,,TRVs30GeoM_9Arcsec.tif,B66C0EC63B18E8FC8DBFD4E41201F4AC
1376,44.18219595310385,37.34764134535746,600.7100219726562,direct,valid,1952,6591,,TRVs30GeoM_9Arcsec.tif,B66C0EC63B18E8FC8DBFD4E41201F4AC
1377,44.390861195178694,37.26788686277764,596.6070556640625,direct,valid,1950,6672,,TRVs30GeoM_9Arcsec.tif,B66C0EC63B18E8FC8DBFD4E41201F4AC
1378,44.59913197930523,37.18767625056966,600.7100219726562,direct,valid,1947,6754,,TRVs30GeoM_9Arcsec.tif,B66C0EC63B18E8FC8DBFD4E41201F4AC
1379,31.487182500521826,41.32085999195667,619.1500244140625,direct,valid,1976,1925,,TRVs30GeoM_9Arcsec.tif,B66C0EC63B18E8FC8DBFD4E41201F4AC
1380,31.717967197661622,41.269624967163416,619.1500244140625,direct,valid,1974,2005,,TRVs30GeoM_9Arcsec.tif,B66C0EC63B18E8FC8DBFD4E41201F4AC
1381,31.948419029703384,41.217857747017376,406.8877258300781,direct,valid,1973,2084,,TRVs30GeoM_9Arcsec.tif,B66C0EC63B18E8FC8DBFD4E41201F4AC
1382,32.17853576634415,41.165559544547065,576.5399780273438,direct,valid,1972,2163,,TRVs30GeoM_9Arcsec.tif,B66C0EC63B18E8FC8DBFD4E41201F4AC
1383,32.40831521726539,41.11273157914205,600.7100219726562,direct,valid,1971,2242,,TRVs30GeoM_9Arcsec.tif,B66C0EC63B18E8FC8DBFD4E41201F4AC
1384,32.63775523216294,41.05937507637032,600.7100219726562,direct,valid,1970,2322,,TRVs30GeoM_9Arcsec.tif,B66C0EC63B18E8FC8DBFD4E41201F4AC
1385,32.86685370076827,41.00549126779576,600.7100219726562,direct,valid,1968,2401,,TRVs30GeoM_9Arcsec.tif,B66C0EC63B18E8FC8DBFD4E41201F4AC
1386,33.09560855286125,40.95108139079611,552.9295654296875,direct,valid,1967,2481,,TRVs30GeoM_9Arcsec.tif,B66C0EC63B18E8FC8DBFD4E41201F4AC
1387,33.324017758274536,40.89614668838107,434.199462890625,direct,valid,1966,2560,,TRVs30GeoM_9Arcsec.tif,B66C0EC63B18E8FC8DBFD4E41201F4AC
1388,33.5520793268896,40.84068840901098,537.5999755859375,direct,valid,1965,2640,,TRVs30GeoM_9Arcsec.tif,B66C0EC63B18E8FC8DBFD4E41201F4AC
1389,33.77979130862461,40.784707806415746,537.5999755859375,direct,valid,1963,2719,,TRVs30GeoM_9Arcsec.tif,B66C0EC63B18E8FC8DBFD4E41201F4AC
1390,34.007151793414224,40.728206139414404,516.8800048828125,direct,valid,1962,2799,,TRVs30GeoM_9Arcsec.tif,B66C0EC63B18E8FC8DBFD4E41201F4AC
1391,34.234158911181396,40.67118467173504,537.5999755859375,direct,valid,1961,2878,,TRVs30GeoM_9Arcsec.tif,B66C0EC63B18E8FC8DBFD4E41201F4AC
1392,34.46081083180141,40.61364467183538,419.9094543457031,direct,valid,1959,2958,,TRVs30GeoM_9Arcsec.tif,B66C0EC63B18E8FC8DBFD4E41201F4AC
1393,34.687105765058064,40.55558741272389,600.7100219726562,direct,valid,1958,3038,,TRVs30GeoM_9Arcsec.tif,B66C0EC63B18E8FC8DBFD4E41201F4AC
1394,34.91304196059237,40.49701417178148,361.1800231933594,direct,valid,1957,3117,,TRVs30GeoM_9Arcsec.tif,B66C0EC63B18E8FC8DBFD4E41201F4AC
1395,35.138617707843686,40.43792623058401,599.0782470703125,direct,valid,1955,3197,,TRVs30GeoM_9Arcsec.tif,B66C0EC63B18E8FC8DBFD4E41201F4AC
1396,35.363831335983555,40.37832487472523,600.7100219726562,direct,valid,1954,3277,,TRVs30GeoM_9Arcsec.tif,B66C0EC63B18E8FC8DBFD4E41201F4AC
1397,35.588681213842236,40.318211393640695,537.5999755859375,direct,valid,1952,3357,,TRVs30GeoM_9Arcsec.tif,B66C0EC63B18E8FC8DBFD4E41201F4AC
1398,35.813165749828165,40.25758708043235,600.7100219726562,direct,valid,1951,3437,,TRVs30GeoM_9Arcsec.tif,B66C0EC63B18E8FC8DBFD4E41201F4AC
1399,36.037283391840454,40.19645323169387,581.692626953125,direct,valid,1949,3516,,TRVs30GeoM_9Arcsec.tif,B66C0EC63B18E8FC8DBFD4E41201F4AC
1400,36.261032627174515,40.13481114733686,544.8717651367188,direct,valid,1948,3596,,TRVs30GeoM_9Arcsec.tif,B66C0EC63B18E8FC8DBFD4E41201F4AC
1401,36.484411982420916,40.07266213041797,350.5760803222656,direct,valid,1946,3676,,TRVs30GeoM_9Arcsec.tif,B66C0EC63B18E8FC8DBFD4E41201F4AC
1402,36.707420023357756,40.01000748696678,619.1500244140625,direct,valid,1945,3756,,TRVs30GeoM_9Arcsec.tif,B66C0EC63B18E8FC8DBFD4E41201F4AC
1403,36.93005535483646,39.946848525814744,518.7488403320312,direct,valid,1943,3836,,TRVs30GeoM_9Arcsec.tif,B66C0EC63B18E8FC8DBFD4E41201F4AC
1404,37.152316620661416,39.88318655842495,448.956787109375,direct,valid,1941,3917,,TRVs30GeoM_9Arcsec.tif,B66C0EC63B18E8FC8DBFD4E41201F4AC
1405,37.37420250346312,39.81902289872296,386.4447326660156,direct,valid,1940,3997,,TRVs30GeoM_9Arcsec.tif,B66C0EC63B18E8FC8DBFD4E41201F4AC
1406,37.59571172456563,39.75435886292864,417.9113464355469,direct,valid,1938,4077,,TRVs30GeoM_9Arcsec.tif,B66C0EC63B18E8FC8DBFD4E41201F4AC
1407,37.81684304384785,39.68919576938891,469.75543212890625,direct,valid,1937,4157,,TRVs30GeoM_9Arcsec.tif,B66C0EC63B18E8FC8DBFD4E41201F4AC
1408,38.037595259599065,39.623534938411744,600.7100219726562,direct,valid,1935,4237,,TRVs30GeoM_9Arcsec.tif,B66C0EC63B18E8FC8DBFD4E41201F4AC
1409,38.25796720836893,39.55737769210108,537.5999755859375,direct,valid,1933,4318,,TRVs30GeoM_9Arcsec.tif,B66C0EC63B18E8FC8DBFD4E41201F4AC
1410,38.47795776481179,39.490725354192925,618.914306640625,direct,valid,1931,4398,,TRVs30GeoM_9Arcsec.tif,B66C0EC63B18E8FC8DBFD4E41201F4AC
1411,38.69756584152571,39.42357924989265,619.1500244140625,direct,valid,1930,4478,,TRVs30GeoM_9Arcsec.tif,B66C0EC63B18E8FC8DBFD4E41201F4AC
1412,38.91679038888629,39.35594070571317,600.7100219726562,direct,valid,1928,4559,,TRVs30GeoM_9Arcsec.tif,B66C0EC63B18E8FC8DBFD4E41201F4AC
1413,39.135630394875236,39.28781104931469,537.5999755859375,direct,valid,1926,4639,,TRVs30GeoM_9Arcsec.tif,B66C0EC63B18E8FC8DBFD4E41201F4AC
1414,39.35408488490415,39.219191609345344,537.5999755859375,direct,valid,1924,4720,,TRVs30GeoM_9Arcsec.tif,B66C0EC63B18E8FC8DBFD4E41201F4AC
1415,39.57215292163329,39.15008371528316,508.6356506347656,direct,valid,1922,4800,,TRVs30GeoM_9Arcsec.tif,B66C0EC63B18E8FC8DBFD4E41201F4AC
1416,39.78983360478578,39.080488697279286,537.5999755859375,direct,valid,1920,4881,,TRVs30GeoM_9Arcsec.tif,B66C0EC63B18E8FC8DBFD4E41201F4AC
1417,40.00712607095711,39.010407886002376,537.5999755859375,direct,valid,1918,4962,,TRVs30GeoM_9Arcsec.tif,B66C0EC63B18E8FC8DBFD4E41201F4AC
1418,40.224029493420396,38.939842612484355,537.5999755859375,direct,valid,1916,5042,,TRVs30GeoM_9Arcsec.tif,B66C0EC63B18E8FC8DBFD4E41201F4AC
1419,40.44054308192713,38.86879420796747,537.5999755859375,direct,valid,1915,5123,,TRVs30GeoM_9Arcsec.tif,B66C0EC63B18E8FC8DBFD4E41201F4AC
1420,40.656666082503946,38.79726400375241,537.5999755859375,direct,valid,1913,5204,,TRVs30GeoM_9Arcsec.tif,B66C0EC63B18E8FC8DBFD4E41201F4AC
1421,40.872397777245226,38.7252533310482,576.5399780273438,direct,valid,1911,5285,,TRVs30GeoM_9Arcsec.tif,B66C0EC63B18E8FC8DBFD4E41201F4AC
1422,41.08773748410193,38.65276352082299,576.5399780273438,direct,valid,1908,5366,,TRVs30GeoM_9Arcsec.tif,B66C0EC63B18E8FC8DBFD4E41201F4AC
1423,41.30268455666654,38.579795903656354,576.5399780273438,direct,valid,1906,5447,,TRVs30GeoM_9Arcsec.tif,B66C0EC63B18E8FC8DBFD4E41201F4AC
1424,41.517238383954485,38.506351809593106,576.5399780273438,direct,valid,1904,5528,,TRVs30GeoM_9Arcsec.tif,B66C0EC63B18E8FC8DBFD4E41201F4AC
1425,41.731398390181965,38.43243256799821,576.5399780273438,direct,valid,1902,5609,,TRVs30GeoM_9Arcsec.tif,B66C0EC63B18E8FC8DBFD4E41201F4AC
1426,41.94516403454054,38.3580395074133,600.7078857421875,direct,valid,1900,5690,,TRVs30GeoM_9Arcsec.tif,B66C0EC63B18E8FC8DBFD4E41201F4AC
1427,42.15853481096834,38.28317395541445,576.5399780273438,direct,valid,1898,5771,,TRVs30GeoM_9Arcsec.tif,B66C0EC63B18E8FC8DBFD4E41201F4AC
1428,42.371510247918174,38.207837238471434,576.5399780273438,direct,valid,1896,5852,,TRVs30GeoM_9Arcsec.tif,B66C0EC63B18E8FC8DBFD4E41201F4AC
1429,42.5840899081228,38.13203068180844,576.5399780273438,direct,valid,1893,5933,,TRVs30GeoM_9Arcsec.tif,B66C0EC63B18E8FC8DBFD4E41201F4AC
1430,42.796273388357235,38.055755609266036,576.5399780273438,direct,valid,1891,6015,,TRVs30GeoM_9Arcsec.tif,B66C0EC63B18E8FC8DBFD4E41201F4AC
1431,43.00806031919822,37.97901334316479,576.5399780273438,direct,valid,1889,6096,,TRVs30GeoM_9Arcsec.tif,B66C0EC63B18E8FC8DBFD4E41201F4AC
1432,43.219450364781345,37.9018052041701,577.0365600585938,direct,valid,1886,6178,,TRVs30GeoM_9Arcsec.tif,B66C0EC63B18E8FC8DBFD4E41201F4AC
1433,43.430443222555425,37.82413251115876,537.5999755859375,direct,valid,1884,6259,,TRVs30GeoM_9Arcsec.tif,B66C0EC63B18E8FC8DBFD4E41201F4AC
1434,43.641038623034675,37.74599658108665,562.2880249023438,direct,valid,1882,6341,,TRVs30GeoM_9Arcsec.tif,B66C0EC63B18E8FC8DBFD4E41201F4AC
1435,43.85123632954861,37.66739872885816,551.1956787109375,direct,valid,1879,6422,,TRVs30GeoM_9Arcsec.tif,B66C0EC63B18E8FC8DBFD4E41201F4AC
1436,44.06103613798978,37.588340267196855,610.5601806640625,direct,valid,1877,6504,,TRVs30GeoM_9Arcsec.tif,B66C0EC63B18E8FC8DBFD4E41201F4AC
1437,44.27043787655949,37.50882250651787,346.0355529785156,direct,valid,1874,6586,,TRVs30GeoM_9Arcsec.tif,B66C0EC63B18E8FC8DBFD4E41201F4AC
1438,44.47944140551178,37.428846754801484,576.5399780273438,direct,valid,1872,6667,,TRVs30GeoM_9Arcsec.tif,B66C0EC63B18E8FC8DBFD4E41201F4AC
1439,44.68804661689543,37.34841431746838,576.5399780273438,direct,valid,1869,6749,,TRVs30GeoM_9Arcsec.tif,B66C0EC63B18E8FC8DBFD4E41201F4AC
1440,31.78084659909648,41.44197600671858,600.7100219726562,direct,valid,1896,2002,,TRVs30GeoM_9Arcsec.tif,B66C0EC63B18E8FC8DBFD4E41201F4AC
1441,32.01186555791156,41.390040261784314,438.2453918457031,direct,valid,1895,2081,,TRVs30GeoM_9Arcsec.tif,B66C0EC63B18E8FC8DBFD4E41201F4AC
1442,32.242545581069855,41.33757218556265,600.7100219726562,direct,valid,1894,2160,,TRVs30GeoM_9Arcsec.tif,B66C0EC63B18E8FC8DBFD4E41201F4AC
1443,32.47288446211543,41.2845730117567,600.7100219726562,direct,valid,1893,2240,,TRVs30GeoM_9Arcsec.tif,B66C0EC63B18E8FC8DBFD4E41201F4AC
1444,32.702880035234976,41.23104398027898,450.1291809082031,direct,valid,1892,2319,,TRVs30GeoM_9Arcsec.tif,B66C0EC63B18E8FC8DBFD4E41201F4AC
1445,32.93253017527599,41.17698633706624,495.57598876953125,direct,valid,1890,2398,,TRVs30GeoM_9Arcsec.tif,B66C0EC63B18E8FC8DBFD4E41201F4AC
1446,33.161832797756304,41.122401333894466,600.7100219726562,direct,valid,1889,2478,,TRVs30GeoM_9Arcsec.tif,B66C0EC63B18E8FC8DBFD4E41201F4AC
1447,33.39078585886497,41.067290228194366,600.7100219726562,direct,valid,1888,2557,,TRVs30GeoM_9Arcsec.tif,B66C0EC63B18E8FC8DBFD4E41201F4AC
1448,33.619387355454826,41.01165428286719,600.7100219726562,direct,valid,1887,2637,,TRVs30GeoM_9Arcsec.tif,B66C0EC63B18E8FC8DBFD4E41201F4AC
1449,33.84763532502656,40.95549476610112,537.5999755859375,direct,valid,1885,2716,,TRVs30GeoM_9Arcsec.tif,B66C0EC63B18E8FC8DBFD4E41201F4AC
1450,34.075527845704634,40.89881295118795,603.6362915039062,direct,valid,1884,2796,,TRVs30GeoM_9Arcsec.tif,B66C0EC63B18E8FC8DBFD4E41201F4AC
1451,34.30306303620505,40.84161011634053,619.1500244140625,direct,valid,1883,2875,,TRVs30GeoM_9Arcsec.tif,B66C0EC63B18E8FC8DBFD4E41201F4AC
1452,34.53023905579522,40.783887544510605,524.100830078125,direct,valid,1881,2955,,TRVs30GeoM_9Arcsec.tif,B66C0EC63B18E8FC8DBFD4E41201F4AC
1453,34.7570541042458,40.72564652320737,536.1006469726562,direct,valid,1880,3035,,TRVs30GeoM_9Arcsec.tif,B66C0EC63B18E8FC8DBFD4E41201F4AC
1454,34.98350642177497,40.66688834431663,537.5999755859375,direct,valid,1879,3114,,TRVs30GeoM_9Arcsec.tif,B66C0EC63B18E8FC8DBFD4E41201F4AC
1455,35.20959428898491,40.60761430392069,600.7100219726562,direct,valid,1877,3194,,TRVs30GeoM_9Arcsec.tif,B66C0EC63B18E8FC8DBFD4E41201F4AC
1456,35.43531602679098,40.54782570211886,600.7100219726562,direct,valid,1876,3274,,TRVs30GeoM_9Arcsec.tif,B66C0EC63B18E8FC8DBFD4E41201F4AC
1457,35.66066999634339,40.487523842848866,537.5999755859375,direct,valid,1874,3353,,TRVs30GeoM_9Arcsec.tif,B66C0EC63B18E8FC8DBFD4E41201F4AC
1458,35.88565459894168,40.42671003370899,595.5857543945312,direct,valid,1873,3433,,TRVs30GeoM_9Arcsec.tif,B66C0EC63B18E8FC8DBFD4E41201F4AC
1459,36.11026827594216,40.365385585780984,364.2544250488281,direct,valid,1871,3513,,TRVs30GeoM_9Arcsec.tif,B66C0EC63B18E8FC8DBFD4E41201F4AC
1460,36.33450950865833,40.30355181345388,329.9661865234375,direct,valid,1870,3593,,TRVs30GeoM_9Arcsec.tif,B66C0EC63B18E8FC8DBFD4E41201F4AC
1461,36.55837681825444,40.24121003424877,439.2174377441406,direct,valid,1868,3673,,TRVs30GeoM_9Arcsec.tif,B66C0EC63B18E8FC8DBFD4E41201F4AC
1462,36.78186876563247,40.17836156864442,619.1500244140625,direct,valid,1867,3753,,TRVs30GeoM_9Arcsec.tif,B66C0EC63B18E8FC8DBFD4E41201F4AC
1463,37.004983951312404,40.11500773990382,618.8289184570312,direct,valid,1865,3833,,TRVs30GeoM_9Arcsec.tif,B66C0EC63B18E8FC8DBFD4E41201F4AC
1464,37.22772101530625,40.05114987390177,618.48388671875,direct,valid,1864,3913,,TRVs30GeoM_9Arcsec.tif,B66C0EC63B18E8FC8DBFD4E41201F4AC
1465,37.45007863698559,39.98678929895354,619.1500244140625,direct,valid,1862,3993,,TRVs30GeoM_9Arcsec.tif,B66C0EC63B18E8FC8DBFD4E41201F4AC
1466,37.672055534943134,39.92192734564437,449.0605163574219,direct,valid,1860,4073,,TRVs30GeoM_9Arcsec.tif,B66C0EC63B18E8FC8DBFD4E41201F4AC
1467,37.89365046684819,39.85656534666028,434.13128662109375,direct,valid,1859,4153,,TRVs30GeoM_9Arcsec.tif,B66C0EC63B18E8FC8DBFD4E41201F4AC
1468,38.114862229296314,39.790704636619786,472.6338195800781,direct,valid,1857,4234,,TRVs30GeoM_9Arcsec.tif,B66C0EC63B18E8FC8DBFD4E41201F4AC
1469,38.335689657653134,39.72434655190679,447.51953125,direct,valid,1855,4314,,TRVs30GeoM_9Arcsec.tif,B66C0EC63B18E8FC8DBFD4E41201F4AC
1470,38.55613162589277,39.6574924305047,478.3363952636719,direct,valid,1854,4394,,TRVs30GeoM_9Arcsec.tif,B66C0EC63B18E8FC8DBFD4E41201F4AC
1471,38.77618704643057,39.590143611831586,455.43560791015625,direct,valid,1852,4475,,TRVs30GeoM_9Arcsec.tif,B66C0EC63B18E8FC8DBFD4E41201F4AC
1472,38.99585486995069,39.52230143657657,619.1500244140625,direct,valid,1850,4555,,TRVs30GeoM_9Arcsec.tif,B66C0EC63B18E8FC8DBFD4E41201F4AC
1473,39.21513408522852,39.453967246537445,600.7100219726562,direct,valid,1848,4635,,TRVs30GeoM_9Arcsec.tif,B66C0EC63B18E8FC8DBFD4E41201F4AC
1474,39.43402371894799,39.3851423844596,619.1500244140625,direct,valid,1846,4716,,TRVs30GeoM_9Arcsec.tif,B66C0EC63B18E8FC8DBFD4E41201F4AC
1475,39.652522835514006,39.315828193875966,576.5399780273438,direct,valid,1844,4796,,TRVs30GeoM_9Arcsec.tif,B66C0EC63B18E8FC8DBFD4E41201F4AC
1476,39.87063053686016,39.24602601894851,529.7388305664062,direct,valid,1843,4877,,TRVs30GeoM_9Arcsec.tif,B66C0EC63B18E8FC8DBFD4E41201F4AC
1477,40.08834596225185,39.17573720431083,470.4164123535156,direct,valid,1841,4958,,TRVs30GeoM_9Arcsec.tif,B66C0EC63B18E8FC8DBFD4E41201F4AC
1478,40.30566828808488,39.10496309491208,459.58856201171875,direct,valid,1839,5038,,TRVs30GeoM_9Arcsec.tif,B66C0EC63B18E8FC8DBFD4E41201F4AC
1479,40.52259672767971,39.03370503586241,537.5999755859375,direct,valid,1837,5119,,TRVs30GeoM_9Arcsec.tif,B66C0EC63B18E8FC8DBFD4E41201F4AC
1480,40.739130531071616,38.96196437227942,537.5999755859375,direct,valid,1835,5200,,TRVs30GeoM_9Arcsec.tif,B66C0EC63B18E8FC8DBFD4E41201F4AC
1481,40.95526898479662,38.88974244913625,537.5999755859375,direct,valid,1833,5281,,TRVs30GeoM_9Arcsec.tif,B66C0EC63B18E8FC8DBFD4E41201F4AC
1482,41.17101141167367,38.8170406111109,537.5999755859375,direct,valid,1831,5361,,TRVs30GeoM_9Arcsec.tif,B66C0EC63B18E8FC8DBFD4E41201F4AC
1483,41.38635717058292,38.74386020243699,576.5399780273438,direct,valid,1829,5442,,TRVs30GeoM_9Arcsec.tif,B66C0EC63B18E8FC8DBFD4E41201F4AC
1484,41.601305656240356,38.67020256675588,576.5399780273438,direct,valid,1827,5523,,TRVs30GeoM_9Arcsec.tif,B66C0EC63B18E8FC8DBFD4E41201F4AC
1485,41.815856298969045,38.596069046970285,576.5399780273438,direct,valid,1824,5604,,TRVs30GeoM_9Arcsec.tif,B66C0EC63B18E8FC8DBFD4E41201F4AC
1486,42.03000856446675,38.521460985099125,576.5399780273438,direct,valid,1822,5685,,TRVs30GeoM_9Arcsec.tif,B66C0EC63B18E8FC8DBFD4E41201F4AC
1487,42.24376195357054,38.44637972213406,576.5399780273438,direct,valid,1820,5767,,TRVs30GeoM_9Arcsec.tif,B66C0EC63B18E8FC8DBFD4E41201F4AC
1488,42.457116002018125,38.37082659789723,576.5399780273438,direct,valid,1818,5848,,TRVs30GeoM_9Arcsec.tif,B66C0EC63B18E8FC8DBFD4E41201F4AC
1489,42.67007028020627,38.294802950900646,576.5399780273438,direct,valid,1816,5929,,TRVs30GeoM_9Arcsec.tif,B66C0EC63B18E8FC8DBFD4E41201F4AC
1490,42.8826243929463,38.218310118206894,576.5399780273438,direct,valid,1813,6010,,TRVs30GeoM_9Arcsec.tif,B66C0EC63B18E8FC8DBFD4E41201F4AC
1491,43.0947779792169,38.1413494352914,576.5399780273438,direct,valid,1811,6091,,TRVs30GeoM_9Arcsec.tif,B66C0EC63B18E8FC8DBFD4E41201F4AC
1492,43.30653071191435,38.06392223590611,576.5399780273438,direct,valid,1809,6173,,TRVs30GeoM_9Arcsec.tif,B66C0EC63B18E8FC8DBFD4E41201F4AC
1493,43.51788229760016,37.98602985194464,618.7879638671875,direct,valid,1806,6254,,TRVs30GeoM_9Arcsec.tif,B66C0EC63B18E8FC8DBFD4E41201F4AC
1494,43.72883247624649,37.907673613309065,537.9388427734375,direct,valid,1804,6336,,TRVs30GeoM_9Arcsec.tif,B66C0EC63B18E8FC8DBFD4E41201F4AC
1495,43.939381020979255,37.82885484777798,560.952392578125,direct,valid,1802,6417,,TRVs30GeoM_9Arcsec.tif,B66C0EC63B18E8FC8DBFD4E41201F4AC
1496,44.149527737819064,37.749574880876246,600.7100219726562,direct,valid,1799,6499,,TRVs30GeoM_9Arcsec.tif,B66C0EC63B18E8FC8DBFD4E41201F4AC
1497,44.35927246542037,37.66983503574606,576.5399780273438,direct,valid,1797,6581,,TRVs30GeoM_9Arcsec.tif,B66C0EC63B18E8FC8DBFD4E41201F4AC
1498,44.56861507480852,37.589636633019765,576.5399780273438,direct,valid,1794,6662,,TRVs30GeoM_9Arcsec.tif,B66C0EC63B18E8FC8DBFD4E41201F4AC
1499,32.07579507442807,41.56213041884072,444.0216369628906,direct,valid,1817,2078,,TRVs30GeoM_9Arcsec.tif,B66C0EC63B18E8FC8DBFD4E41201F4AC
1500,32.30704177111383,41.509491183896124,467.2457580566406,direct,valid,1816,2158,,TRVs30GeoM_9Arcsec.tif,B66C0EC63B18E8FC8DBFD4E41201F4AC
1501,32.537943418212144,41.456319510218336,575.8450317382812,direct,valid,1815,2237,,TRVs30GeoM_9Arcsec.tif,B66C0EC63B18E8FC8DBFD4E41201F4AC
1502,32.76849783439764,41.40261665225172,588.7821655273438,direct,valid,1814,2316,,TRVs30GeoM_9Arcsec.tif,B66C0EC63B18E8FC8DBFD4E41201F4AC
1503,32.998702879642266,41.3483838704925,593.3932495117188,direct,valid,1813,2396,,TRVs30GeoM_9Arcsec.tif,B66C0EC63B18E8FC8DBFD4E41201F4AC
1504,33.22855645522144,41.29362243130095,600.7100219726562,direct,valid,1811,2475,,TRVs30GeoM_9Arcsec.tif,B66C0EC63B18E8FC8DBFD4E41201F4AC
1505,33.45805650371143,41.23833360671413,537.5999755859375,direct,valid,1810,2554,,TRVs30GeoM_9Arcsec.tif,B66C0EC63B18E8FC8DBFD4E41201F4AC
1506,33.68720100897807,41.182518674258866,536.3751831054688,direct,valid,1809,2634,,TRVs30GeoM_9Arcsec.tif,B66C0EC63B18E8FC8DBFD4E41201F4AC
1507,33.91598799615705,41.126178916765355,576.5399780273438,direct,valid,1808,2713,,TRVs30GeoM_9Arcsec.tif,B66C0EC63B18E8FC8DBFD4E41201F4AC
1508,34.144415531625725,41.069315622181264,434.2931213378906,direct,valid,1806,2793,,TRVs30GeoM_9Arcsec.tif,B66C0EC63B18E8FC8DBFD4E41201F4AC
1509,34.37248172296677,41.01193008338628,576.5399780273438,direct,valid,1805,2872,,TRVs30GeoM_9Arcsec.tif,B66C0EC63B18E8FC8DBFD4E41201F4AC
1510,34.600184718923586,40.954023598007446,498.9287414550781,direct,valid,1804,2952,,TRVs30GeoM_9Arcsec.tif,B66C0EC63B18E8FC8DBFD4E41201F4AC
1511,34.82752270934777,40.89559746823501,470.7471008300781,direct,valid,1802,3031,,TRVs30GeoM_9Arcsec.tif,B66C0EC63B18E8FC8DBFD4E41201F4AC
1512,35.054493925138715,40.83665300063894,507.20758056640625,direct,valid,1801,3111,,TRVs30GeoM_9Arcsec.tif,B66C0EC63B18E8FC8DBFD4E41201F4AC
1513,35.28109663817536,40.777191505986316,352.4615173339844,direct,valid,1799,3191,,TRVs30GeoM_9Arcsec.tif,B66C0EC63B18E8FC8DBFD4E41201F4AC
1514,35.507329161240435,40.71721429905922,428.1360778808594,direct,valid,1798,3270,,TRVs30GeoM_9Arcsec.tif,B66C0EC63B18E8FC8DBFD4E41201F4AC
1515,35.73318984793718,40.6567226984737,599.0255737304688,direct,valid,1797,3350,,TRVs30GeoM_9Arcsec.tif,B66C0EC63B18E8FC8DBFD4E41201F4AC
1516,35.958677092598656,40.595718026499306,495.4498291015625,direct,valid,1795,3430,,TRVs30GeoM_9Arcsec.tif,B66C0EC63B18E8FC8DBFD4E41201F4AC
1517,36.18378933018994,40.53420160887967,619.1500244140625,direct,valid,1794,3510,,TRVs30GeoM_9Arcsec.tif,B66C0EC63B18E8FC8DBFD4E41201F4AC
1518,36.408525036203166,40.4721747746539,576.5399780273438,direct,valid,1792,3590,,TRVs30GeoM_9Arcsec.tif,B66C0EC63B18E8FC8DBFD4E41201F4AC
1519,36.632882726545674,40.409638855978905,576.5399780273438,direct,valid,1791,3670,,TRVs30GeoM_9Arcsec.tif,B66C0EC63B18E8FC8DBFD4E41201F4AC
1520,36.85686095742133,40.34659518795265,512.0245361328125,direct,valid,1789,3749,,TRVs30GeoM_9Arcsec.tif,B66C0EC63B18E8FC8DBFD4E41201F4AC
1521,37.0804583252052,40.28304510843848,576.5399780273438,direct,valid,1787,3829,,TRVs30GeoM_9Arcsec.tif,B66C0EC63B18E8FC8DBFD4E41201F4AC
1522,37.303673466311714,40.21898995789039,576.5399780273438,direct,valid,1786,3909,,TRVs30GeoM_9Arcsec.tif,B66C0EC63B18E8FC8DBFD4E41201F4AC
1523,37.5265050570564,40.15443107917937,524.83984375,direct,valid,1784,3990,,TRVs30GeoM_9Arcsec.tif,B66C0EC63B18E8FC8DBFD4E41201F4AC
1524,37.74895181351148,40.089369817420796,525.7498168945312,direct,valid,1783,4070,,TRVs30GeoM_9Arcsec.tif,B66C0EC63B18E8FC8DBFD4E41201F4AC
1525,37.97101249135529,40.02380751980297,619.1500244140625,direct,valid,1781,4150,,TRVs30GeoM_9Arcsec.tif,B66C0EC63B18E8FC8DBFD4E41201F4AC
1526,38.1926858857158,39.95774553541679,533.6048583984375,direct,valid,1779,4230,,TRVs30GeoM_9Arcsec.tif,B66C0EC63B18E8FC8DBFD4E41201F4AC
1527,38.413970831008264,39.891185215086495,619.1500244140625,direct,valid,1777,4310,,TRVs30GeoM_9Arcsec.tif,B66C0EC63B18E8FC8DBFD4E41201F4AC
1528,38.63486620076733,39.8241279112017,619.1500244140625,direct,valid,1776,4390,,TRVs30GeoM_9Arcsec.tif,B66C0EC63B18E8FC8DBFD4E41201F4AC
1529,38.85537090747349,39.756574977550514,580.7325439453125,direct,valid,1774,4471,,TRVs30GeoM_9Arcsec.tif,B66C0EC63B18E8FC8DBFD4E41201F4AC
1530,39.07548390237425,39.688527769154014,485.8558044433594,direct,valid,1772,4551,,TRVs30GeoM_9Arcsec.tif,B66C0EC63B18E8FC8DBFD4E41201F4AC
1531,39.29520417530005,39.619987642101826,458.96527099609375,direct,valid,1770,4632,,TRVs30GeoM_9Arcsec.tif,B66C0EC63B18E8FC8DBFD4E41201F4AC
1532,39.514530754475054,39.550955953389156,619.1500244140625,direct,valid,1769,4712,,TRVs30GeoM_9Arcsec.tif,B66C0EC63B18E8FC8DBFD4E41201F4AC
1533,39.73346270632306,39.48143406075491,616.4661254882812,direct,valid,1767,4792,,TRVs30GeoM_9Arcsec.tif,B66C0EC63B18E8FC8DBFD4E41201F4AC
1534,39.95199913526859,39.4114233225212,619.1500244140625,direct,valid,1765,4873,,TRVs30GeoM_9Arcsec.tif,B66C0EC63B18E8FC8DBFD4E41201F4AC
1535,40.17013918353328,39.34092509743431,603.704345703125,direct,valid,1763,4954,,TRVs30GeoM_9Arcsec.tif,B66C0EC63B18E8FC8DBFD4E41201F4AC
1536,40.387882030927834,39.26994074450675,470.82757568359375,direct,valid,1761,5034,,TRVs30GeoM_9Arcsec.tif,B66C0EC63B18E8FC8DBFD4E41201F4AC
1537,40.60522689463946,39.19847162286095,537.5999755859375,direct,valid,1759,5115,,TRVs30GeoM_9Arcsec.tif,B66C0EC63B18E8FC8DBFD4E41201F4AC
1538,40.82217302901534,39.12651909157406,436.86932373046875,direct,valid,1757,5196,,TRVs30GeoM_9Arcsec.tif,B66C0EC63B18E8FC8DBFD4E41201F4AC
1539,41.03871972534166,39.05408450952438,535.951171875,direct,valid,1755,5276,,TRVs30GeoM_9Arcsec.tif,B66C0EC63B18E8FC8DBFD4E41201F4AC
1540,41.254866311619,38.98116923523906,520.1412963867188,direct,valid,1753,5357,,TRVs30GeoM_9Arcsec.tif,B66C0EC63B18E8FC8DBFD4E41201F4AC
1541,41.470612152333715,38.90777462674323,356.52459716796875,direct,valid,1751,5438,,TRVs30GeoM_9Arcsec.tif,B66C0EC63B18E8FC8DBFD4E41201F4AC
1542,41.68595664822572,38.83390204141066,402.66973876953125,direct,valid,1749,5519,,TRVs30GeoM_9Arcsec.tif,B66C0EC63B18E8FC8DBFD4E41201F4AC
1543,41.900899236052744,38.75955283581574,497.5301818847656,direct,valid,1747,5600,,TRVs30GeoM_9Arcsec.tif,B66C0EC63B18E8FC8DBFD4E41201F4AC
1544,42.115439388351156,38.68472836558704,537.5999755859375,direct,valid,1745,5681,,TRVs30GeoM_9Arcsec.tif,B66C0EC63B18E8FC8DBFD4E41201F4AC
1545,42.32957661319353,38.60942998526222,537.5999755859375,direct,valid,1742,5762,,TRVs30GeoM_9Arcsec.tif,B66C0EC63B18E8FC8DBFD4E41201F4AC
1546,42.5433104539431,38.533659048144514,167.87962341308594,nearest_valid,nodata,1752,5855,4259.816763285416,TRVs30GeoM_9Arcsec.tif,B66C0EC63B18E8FC8DBFD4E41201F4AC
1547,42.75664048900519,38.45741690616066,203.7491912841797,nearest_valid,nodata,1744,5931,2284.282403760685,TRVs30GeoM_9Arcsec.tif,B66C0EC63B18E8FC8DBFD4E41201F4AC
1548,42.96956633157584,38.38070490972037,321.8661193847656,nearest_valid,nodata,1744,5998,2867.249588882103,TRVs30GeoM_9Arcsec.tif,B66C0EC63B18E8FC8DBFD4E41201F4AC
1549,43.182087629387546,38.3035244075772,461.3492431640625,direct,valid,1733,6087,,TRVs30GeoM_9Arcsec.tif,B66C0EC63B18E8FC8DBFD4E41201F4AC
1550,43.39420406445269,38.225876746691064,576.5399780273438,direct,valid,1731,6168,,TRVs30GeoM_9Arcsec.tif,B66C0EC63B18E8FC8DBFD4E41201F4AC
1551,43.60591535280409,38.147763272092185,548.3795776367188,direct,valid,1729,6250,,TRVs30GeoM_9Arcsec.tif,B66C0EC63B18E8FC8DBFD4E41201F4AC
1552,43.81722124423361,38.0691853267466,598.0712890625,direct,valid,1726,6331,,TRVs30GeoM_9Arcsec.tif,B66C0EC63B18E8FC8DBFD4E41201F4AC
1553,44.028121522028265,37.99014425142314,458.3738708496094,direct,valid,1724,6413,,TRVs30GeoM_9Arcsec.tif,B66C0EC63B18E8FC8DBFD4E41201F4AC
1554,32.372029233571595,41.68131626437359,619.0957641601562,direct,valid,1738,2155,,TRVs30GeoM_9Arcsec.tif,B66C0EC63B18E8FC8DBFD4E41201F4AC
1555,32.60349700114474,41.62797078708791,600.7100219726562,direct,valid,1737,2234,,TRVs30GeoM_9Arcsec.tif,B66C0EC63B18E8FC8DBFD4E41201F4AC
1556,32.834613562913724,41.57409279258515,600.7100219726562,direct,valid,1736,2313,,TRVs30GeoM_9Arcsec.tif,B66C0EC63B18E8FC8DBFD4E41201F4AC
1557,33.06537676398779,41.51968355611047,465.3892822265625,direct,valid,1735,2393,,TRVs30GeoM_9Arcsec.tif,B66C0EC63B18E8FC8DBFD4E41201F4AC
1558,33.29578449142419,41.4647443587973,576.5399780273438,direct,valid,1733,2472,,TRVs30GeoM_9Arcsec.tif,B66C0EC63B18E8FC8DBFD4E41201F4AC
1559,33.52583467422192,41.4092764874771,576.5399780273438,direct,valid,1732,2551,,TRVs30GeoM_9Arcsec.tif,B66C0EC63B18E8FC8DBFD4E41201F4AC
1560,33.755525283306504,41.35328123448961,537.3450317382812,direct,valid,1731,2631,,TRVs30GeoM_9Arcsec.tif,B66C0EC63B18E8FC8DBFD4E41201F4AC
1561,33.98485433150629,41.29675989749361,576.5399780273438,direct,valid,1730,2710,,TRVs30GeoM_9Arcsec.tif,B66C0EC63B18E8FC8DBFD4E41201F4AC
1562,34.213819873520066,41.2397137792782,576.5399780273438,direct,valid,1728,2790,,TRVs30GeoM_9Arcsec.tif,B66C0EC63B18E8FC8DBFD4E41201F4AC
1563,34.44242000587625,41.1821441875748,576.5399780273438,direct,valid,1727,2869,,TRVs30GeoM_9Arcsec.tif,B66C0EC63B18E8FC8DBFD4E41201F4AC
1564,34.67065286688397,41.12405243486952,576.5399780273438,direct,valid,1726,2949,,TRVs30GeoM_9Arcsec.tif,B66C0EC63B18E8FC8DBFD4E41201F4AC
1565,34.898516636575756,41.065439838216484,576.5399780273438,direct,valid,1724,3028,,TRVs30GeoM_9Arcsec.tif,B66C0EC63B18E8FC8DBFD4E41201F4AC
1566,35.12600953664238,41.00630771905172,537.5999755859375,direct,valid,1723,3108,,TRVs30GeoM_9Arcsec.tif,B66C0EC63B18E8FC8DBFD4E41201F4AC
1567,35.353129830359705,40.94665740300777,537.5999755859375,direct,valid,1722,3188,,TRVs30GeoM_9Arcsec.tif,B66C0EC63B18E8FC8DBFD4E41201F4AC
1568,35.57987582250789,40.8864902197292,537.5999755859375,direct,valid,1720,3267,,TRVs30GeoM_9Arcsec.tif,B66C0EC63B18E8FC8DBFD4E41201F4AC
1569,35.80624585928282,40.82580750268881,619.1500244140625,direct,valid,1719,3347,,TRVs30GeoM_9Arcsec.tif,B66C0EC63B18E8FC8DBFD4E41201F4AC
1570,36.03223832820025,40.76461058900485,576.5399780273438,direct,valid,1717,3427,,TRVs30GeoM_9Arcsec.tif,B66C0EC63B18E8FC8DBFD4E41201F4AC
1571,36.257851657992504,40.702900819258986,426.9056396484375,direct,valid,1716,3507,,TRVs30GeoM_9Arcsec.tif,B66C0EC63B18E8FC8DBFD4E41201F4AC
1572,36.48308431849796,40.640679537315215,576.5399780273438,direct,valid,1714,3586,,TRVs30GeoM_9Arcsec.tif,B66C0EC63B18E8FC8DBFD4E41201F4AC
1573,36.707934820543564,40.577948090139856,576.5399780273438,direct,valid,1713,3666,,TRVs30GeoM_9Arcsec.tif,B66C0EC63B18E8FC8DBFD4E41201F4AC
1574,36.932401715820426,40.51470782762243,319.3671569824219,direct,valid,1711,3746,,TRVs30GeoM_9Arcsec.tif,B66C0EC63B18E8FC8DBFD4E41201F4AC
1575,37.15648359675255,40.45096010239755,619.1500244140625,direct,valid,1710,3826,,TRVs30GeoM_9Arcsec.tif,B66C0EC63B18E8FC8DBFD4E41201F4AC
1576,37.38017909635914,40.38670626966795,619.1500244140625,direct,valid,1708,3906,,TRVs30GeoM_9Arcsec.tif,B66C0EC63B18E8FC8DBFD4E41201F4AC
1577,37.60348688811024,40.321947687028505,521.430908203125,direct,valid,1706,3986,,TRVs30GeoM_9Arcsec.tif,B66C0EC63B18E8FC8DBFD4E41201F4AC
1578,37.82640568577618,40.25668571429146,522.2686767578125,direct,valid,1705,4066,,TRVs30GeoM_9Arcsec.tif,B66C0EC63B18E8FC8DBFD4E41201F4AC
1579,38.04893424327075,40.19092171331268,619.1500244140625,direct,valid,1703,4146,,TRVs30GeoM_9Arcsec.tif,B66C0EC63B18E8FC8DBFD4E41201F4AC
1580,38.27107135448851,40.12465704781922,392.7623291015625,direct,valid,1701,4226,,TRVs30GeoM_9Arcsec.tif,B66C0EC63B18E8FC8DBFD4E41201F4AC
1581,38.49281585313596,40.057893083237865,448.8604431152344,direct,valid,1700,4307,,TRVs30GeoM_9Arcsec.tif,B66C0EC63B18E8FC8DBFD4E41201F4AC
1582,38.71416661255723,39.990631186525164,619.0957641601562,direct,valid,1698,4387,,TRVs30GeoM_9Arcsec.tif,B66C0EC63B18E8FC8DBFD4E41201F4AC
1583,38.93512254555403,39.922872725998445,540.9677734375,direct,valid,1696,4467,,TRVs30GeoM_9Arcsec.tif,B66C0EC63B18E8FC8DBFD4E41201F4AC
1584,39.15568260420023,39.85461907116826,619.1500244140625,direct,valid,1694,4547,,TRVs30GeoM_9Arcsec.tif,B66C0EC63B18E8FC8DBFD4E41201F4AC
1585,39.37584577965105,39.78587159257208,365.9325866699219,direct,valid,1693,4628,,TRVs30GeoM_9Arcsec.tif,B66C0EC63B18E8FC8DBFD4E41201F4AC
1586,39.595611101947306,39.71663166160922,347.4029541015625,direct,valid,1691,4708,,TRVs30GeoM_9Arcsec.tif,B66C0EC63B18E8FC8DBFD4E41201F4AC
1587,39.81497763981443,39.64690065037719,603.6101684570312,direct,valid,1689,4789,,TRVs30GeoM_9Arcsec.tif,B66C0EC63B18E8FC8DBFD4E41201F4AC
1588,40.03394450045679,39.57667993150935,600.7100219726562,direct,valid,1687,4869,,TRVs30GeoM_9Arcsec.tif,B66C0EC63B18E8FC8DBFD4E41201F4AC
1589,40.25251082934728,39.505970878013905,600.7100219726562,direct,valid,1685,4950,,TRVs30GeoM_9Arcsec.tif,B66C0EC63B18E8FC8DBFD4E41201F4AC
1590,40.47067581001228,39.43477486311437,438.80474853515625,direct,valid,1683,5030,,TRVs30GeoM_9Arcsec.tif,B66C0EC63B18E8FC8DBFD4E41201F4AC
1591,40.68843866381234,39.36309326009131,619.1500244140625,direct,valid,1681,5111,,TRVs30GeoM_9Arcsec.tif,B66C0EC63B18E8FC8DBFD4E41201F4AC
1592,40.90579864971845,39.29092744212564,537.5999755859375,direct,valid,1679,5192,,TRVs30GeoM_9Arcsec.tif,B66C0EC63B18E8FC8DBFD4E41201F4AC
1593,41.12275506408429,39.21827878214318,535.904052734375,direct,valid,1677,5272,,TRVs30GeoM_9Arcsec.tif,B66C0EC63B18E8FC8DBFD4E41201F4AC
1594,41.33930724041449,39.14514865266086,537.5999755859375,direct,valid,1675,5353,,TRVs30GeoM_9Arcsec.tif,B66C0EC63B18E8FC8DBFD4E41201F4AC
1595,41.55545454912898,39.07153842563424,418.3710021972656,direct,valid,1673,5434,,TRVs30GeoM_9Arcsec.tif,B66C0EC63B18E8FC8DBFD4E41201F4AC
1596,41.771196397323756,38.9974494723065,535.904052734375,direct,valid,1671,5515,,TRVs30GeoM_9Arcsec.tif,B66C0EC63B18E8FC8DBFD4E41201F4AC
1597,41.98653222852802,38.922883163059076,431.1055603027344,direct,valid,1669,5596,,TRVs30GeoM_9Arcsec.tif,B66C0EC63B18E8FC8DBFD4E41201F4AC
1598,42.20146152245789,38.84784086726358,537.5999755859375,direct,valid,1667,5677,,TRVs30GeoM_9Arcsec.tif,B66C0EC63B18E8FC8DBFD4E41201F4AC
1599,42.41598379476693,38.772323953135334,537.5999755859375,direct,valid,1665,5758,,TRVs30GeoM_9Arcsec.tif,B66C0EC63B18E8FC8DBFD4E41201F4AC
1600,42.630098596793424,38.69633378758852,157.33633422851562,nearest_valid,nodata,1641,5811,8995.20923434833,TRVs30GeoM_9Arcsec.tif,B66C0EC63B18E8FC8DBFD4E41201F4AC
1602,43.05710417223884,38.54293916253044,296.1460266113281,nearest_valid,nodata,1629,5998,7492.702542364829,TRVs30GeoM_9Arcsec.tif,B66C0EC63B18E8FC8DBFD4E41201F4AC
1603,43.26999422444286,38.46553742905813,209.5520477294922,nearest_valid,nodata,1647,6098,4602.738113730471,TRVs30GeoM_9Arcsec.tif,B66C0EC63B18E8FC8DBFD4E41201F4AC
1604,43.4824753634095,38.38766789596602,466.6387939453125,direct,valid,1654,6164,,TRVs30GeoM_9Arcsec.tif,B66C0EC63B18E8FC8DBFD4E41201F4AC
1605,43.69454731501044,38.30933192154145,438.929931640625,direct,valid,1651,6245,,TRVs30GeoM_9Arcsec.tif,B66C0EC63B18E8FC8DBFD4E41201F4AC
1606,43.90620983922782,38.23053086193317,537.5999755859375,direct,valid,1649,6326,,TRVs30GeoM_9Arcsec.tif,B66C0EC63B18E8FC8DBFD4E41201F4AC
1607,44.117462729883364,38.15126607101717,450.2752685546875,direct,valid,1646,6408,,TRVs30GeoM_9Arcsec.tif,B66C0EC63B18E8FC8DBFD4E41201F4AC
1608,32.66955019293088,41.79952654407539,619.1500244140625,direct,valid,1659,2232,,TRVs30GeoM_9Arcsec.tif,B66C0EC63B18E8FC8DBFD4E41201F4AC
1609,32.901232220460095,41.74547209057811,600.7100219726562,direct,valid,1658,2311,,TRVs30GeoM_9Arcsec.tif,B66C0EC63B18E8FC8DBFD4E41201F4AC
1610,33.132556844818374,41.69088507081273,600.7100219726562,direct,valid,1657,2390,,TRVs30GeoM_9Arcsec.tif,B66C0EC63B18E8FC8DBFD4E41201F4AC
1611,33.363521938873824,41.63576678087741,576.5399780273438,direct,valid,1656,2469,,TRVs30GeoM_9Arcsec.tif,B66C0EC63B18E8FC8DBFD4E41201F4AC
1612,33.59412541808867,41.58011852258893,574.7212524414062,direct,valid,1654,2549,,TRVs30GeoM_9Arcsec.tif,B66C0EC63B18E8FC8DBFD4E41201F4AC
1613,33.82436524050008,41.52394160329002,606.6936645507812,direct,valid,1653,2628,,TRVs30GeoM_9Arcsec.tif,B66C0EC63B18E8FC8DBFD4E41201F4AC
1614,34.05423940669206,41.46723733565726,420.2411193847656,direct,valid,1652,2707,,TRVs30GeoM_9Arcsec.tif,B66C0EC63B18E8FC8DBFD4E41201F4AC
1615,34.28374595975891,41.41000703750963,618.903564453125,direct,valid,1651,2787,,TRVs30GeoM_9Arcsec.tif,B66C0EC63B18E8FC8DBFD4E41201F4AC
1616,34.51288298525982,41.35225203161759,537.5999755859375,direct,valid,1649,2866,,TRVs30GeoM_9Arcsec.tif,B66C0EC63B18E8FC8DBFD4E41201F4AC
1617,34.74164861116522,41.29397364551285,576.5399780273438,direct,valid,1648,2946,,TRVs30GeoM_9Arcsec.tif,B66C0EC63B18E8FC8DBFD4E41201F4AC
1618,34.97004100779474,41.235173211298815,605.9156494140625,direct,valid,1647,3025,,TRVs30GeoM_9Arcsec.tif,B66C0EC63B18E8FC8DBFD4E41201F4AC
1619,35.19805838774706,41.175852065461896,600.7100219726562,direct,valid,1645,3105,,TRVs30GeoM_9Arcsec.tif,B66C0EC63B18E8FC8DBFD4E41201F4AC
1620,35.425699005821635,41.11601154868345,430.4959411621094,direct,valid,1644,3185,,TRVs30GeoM_9Arcsec.tif,B66C0EC63B18E8FC8DBFD4E41201F4AC
1621,35.65296115893269,41.05565300565258,428.3697814941406,direct,valid,1642,3264,,TRVs30GeoM_9Arcsec.tif,B66C0EC63B18E8FC8DBFD4E41201F4AC
1622,35.87984318601532,40.99477778487988,423.1883239746094,direct,valid,1641,3344,,TRVs30GeoM_9Arcsec.tif,B66C0EC63B18E8FC8DBFD4E41201F4AC
1623,36.106343467924084,40.93338723851196,600.7100219726562,direct,valid,1639,3424,,TRVs30GeoM_9Arcsec.tif,B66C0EC63B18E8FC8DBFD4E41201F4AC
1624,36.332460427324094,40.87148272214696,600.7100219726562,direct,valid,1638,3503,,TRVs30GeoM_9Arcsec.tif,B66C0EC63B18E8FC8DBFD4E41201F4AC
1625,36.55819252857485,40.80906559465104,619.1500244140625,direct,valid,1637,3583,,TRVs30GeoM_9Arcsec.tif,B66C0EC63B18E8FC8DBFD4E41201F4AC
1626,36.783538277606866,40.7461372179758,553.380859375,direct,valid,1635,3663,,TRVs30GeoM_9Arcsec.tif,B66C0EC63B18E8FC8DBFD4E41201F4AC
1627,37.00849622179129,40.68269895697678,537.5999755859375,direct,valid,1633,3743,,TRVs30GeoM_9Arcsec.tif,B66C0EC63B18E8FC8DBFD4E41201F4AC
1628,37.233064949802696,40.61875217923302,562.0392456054688,direct,valid,1632,3823,,TRVs30GeoM_9Arcsec.tif,B66C0EC63B18E8FC8DBFD4E41201F4AC
1629,37.45724309147513,40.554298254867696,619.1500244140625,direct,valid,1630,3903,,TRVs30GeoM_9Arcsec.tif,B66C0EC63B18E8FC8DBFD4E41201F4AC
1630,37.68102931765156,40.48933855636986,619.1500244140625,direct,valid,1629,3983,,TRVs30GeoM_9Arcsec.tif,B66C0EC63B18E8FC8DBFD4E41201F4AC
1631,37.904422340027004,40.42387445841738,537.5999755859375,direct,valid,1627,4063,,TRVs30GeoM_9Arcsec.tif,B66C0EC63B18E8FC8DBFD4E41201F4AC
1632,38.12742091098534,40.357907337700986,619.1500244140625,direct,valid,1625,4143,,TRVs30GeoM_9Arcsec.tif,B66C0EC63B18E8FC8DBFD4E41201F4AC
1633,38.350023823429986,40.29143857274958,512.1612548828125,direct,valid,1624,4223,,TRVs30GeoM_9Arcsec.tif,B66C0EC63B18E8FC8DBFD4E41201F4AC
1634,38.57222991060861,40.22446954375676,619.1500244140625,direct,valid,1622,4303,,TRVs30GeoM_9Arcsec.tif,B66C0EC63B18E8FC8DBFD4E41201F4AC
1635,38.794038045932176,40.15700163240857,619.1500244140625,direct,valid,1620,4383,,TRVs30GeoM_9Arcsec.tif,B66C0EC63B18E8FC8DBFD4E41201F4AC
1636,39.0154471427881,40.08903622171258,619.1500244140625,direct,valid,1619,4463,,TRVs30GeoM_9Arcsec.tif,B66C0EC63B18E8FC8DBFD4E41201F4AC
1637,39.23645615434813,40.02057469582821,600.7100219726562,direct,valid,1617,4544,,TRVs30GeoM_9Arcsec.tif,B66C0EC63B18E8FC8DBFD4E41201F4AC
1638,39.45706407337074,39.9516184398984,527.2430419921875,direct,valid,1615,4624,,TRVs30GeoM_9Arcsec.tif,B66C0EC63B18E8FC8DBFD4E41201F4AC
1639,39.677269931998325,39.8821688398827,600.7100219726562,direct,valid,1613,4704,,TRVs30GeoM_9Arcsec.tif,B66C0EC63B18E8FC8DBFD4E41201F4AC
1640,39.897072801549456,39.812227282391554,479.0588073730469,direct,valid,1611,4785,,TRVs30GeoM_9Arcsec.tif,B66C0EC63B18E8FC8DBFD4E41201F4AC
1641,40.116471792306115,39.741795154522165,468.3570251464844,direct,valid,1610,4865,,TRVs30GeoM_9Arcsec.tif,B66C0EC63B18E8FC8DBFD4E41201F4AC
1642,40.335466053296216,39.67087384369566,537.5999755859375,direct,valid,1608,4946,,TRVs30GeoM_9Arcsec.tif,B66C0EC63B18E8FC8DBFD4E41201F4AC
1643,40.5540547720716,39.5994647374956,456.6826171875,direct,valid,1606,5026,,TRVs30GeoM_9Arcsec.tif,B66C0EC63B18E8FC8DBFD4E41201F4AC
1644,40.7722371744815,39.527569223508195,600.7100219726562,direct,valid,1604,5107,,TRVs30GeoM_9Arcsec.tif,B66C0EC63B18E8FC8DBFD4E41201F4AC
1645,40.99001252444174,39.45518868916365,547.2469482421875,direct,valid,1602,5188,,TRVs30GeoM_9Arcsec.tif,B66C0EC63B18E8FC8DBFD4E41201F4AC
1646,41.20738012369974,39.38232452157918,537.5999755859375,direct,valid,1600,5268,,TRVs30GeoM_9Arcsec.tif,B66C0EC63B18E8FC8DBFD4E41201F4AC
1647,41.42433931159564,39.30897810740352,537.5999755859375,direct,valid,1598,5349,,TRVs30GeoM_9Arcsec.tif,B66C0EC63B18E8FC8DBFD4E41201F4AC
1648,41.640889464819395,39.23515083266281,513.1538696289062,direct,valid,1596,5430,,TRVs30GeoM_9Arcsec.tif,B66C0EC63B18E8FC8DBFD4E41201F4AC
1649,41.85702999716428,39.160844082608065,485.32220458984375,direct,valid,1594,5511,,TRVs30GeoM_9Arcsec.tif,B66C0EC63B18E8FC8DBFD4E41201F4AC
1650,42.07276035927683,39.08605924156426,506.27581787109375,direct,valid,1592,5591,,TRVs30GeoM_9Arcsec.tif,B66C0EC63B18E8FC8DBFD4E41201F4AC
1651,42.2880800384032,39.01079769278072,184.5936279296875,nearest_valid,nodata,1592,5672,666.1516687520069,TRVs30GeoM_9Arcsec.tif,B66C0EC63B18E8FC8DBFD4E41201F4AC
1652,42.50298855813251,38.93506081828328,440.5212097167969,direct,valid,1587,5753,,TRVs30GeoM_9Arcsec.tif,B66C0EC63B18E8FC8DBFD4E41201F4AC
1653,42.71748547813675,38.858849998727955,449.2474365234375,direct,valid,1585,5834,,TRVs30GeoM_9Arcsec.tif,B66C0EC63B18E8FC8DBFD4E41201F4AC
1654,42.93157039390792,38.782166613256,302.1055603027344,direct,valid,1583,5916,,TRVs30GeoM_9Arcsec.tif,B66C0EC63B18E8FC8DBFD4E41201F4AC
1655,43.1452429364922,38.70501203935078,199.0509033203125,nearest_valid,nodata,1580,6011,3671.3711821367942,TRVs30GeoM_9Arcsec.tif,B66C0EC63B18E8FC8DBFD4E41201F4AC
1656,43.35850277222133,38.62738765269609,524.4273681640625,direct,valid,1578,6078,,TRVs30GeoM_9Arcsec.tif,B66C0EC63B18E8FC8DBFD4E41201F4AC
1657,43.57134960244161,38.54929482703611,537.5999755859375,direct,valid,1576,6159,,TRVs30GeoM_9Arcsec.tif,B66C0EC63B18E8FC8DBFD4E41201F4AC
1658,43.78378316324015,38.47073493403685,564.693603515625,direct,valid,1574,6240,,TRVs30GeoM_9Arcsec.tif,B66C0EC63B18E8FC8DBFD4E41201F4AC
1659,43.99580322516907,38.3917093431494,537.5999755859375,direct,valid,1571,6322,,TRVs30GeoM_9Arcsec.tif,B66C0EC63B18E8FC8DBFD4E41201F4AC
1660,44.20740959296735,38.31221942147453,600.7100219726562,direct,valid,1569,6403,,TRVs30GeoM_9Arcsec.tif,B66C0EC63B18E8FC8DBFD4E41201F4AC
1661,33.20024820606073,41.861988080175,607.1087646484375,direct,valid,1579,2387,,TRVs30GeoM_9Arcsec.tif,B66C0EC63B18E8FC8DBFD4E41201F4AC
1662,33.43177389745063,41.80668935057208,600.7100219726562,direct,valid,1578,2467,,TRVs30GeoM_9Arcsec.tif,B66C0EC63B18E8FC8DBFD4E41201F4AC
1663,33.66293385031072,41.75085935254714,600.7100219726562,direct,valid,1577,2546,,TRVs30GeoM_9Arcsec.tif,B66C0EC63B18E8FC8DBFD4E41201F4AC
1664,33.89372600984697,41.6944994086388,581.0409545898438,direct,valid,1575,2625,,TRVs30GeoM_9Arcsec.tif,B66C0EC63B18E8FC8DBFD4E41201F4AC
1665,34.12414836446785,41.63761084673349,619.1500244140625,direct,valid,1574,2705,,TRVs30GeoM_9Arcsec.tif,B66C0EC63B18E8FC8DBFD4E41201F4AC
1666,34.354198945743015,41.58019499987112,576.5399780273438,direct,valid,1573,2784,,TRVs30GeoM_9Arcsec.tif,B66C0EC63B18E8FC8DBFD4E41201F4AC
1667,34.58387582835336,41.52225320605134,576.5399780273438,direct,valid,1571,2863,,TRVs30GeoM_9Arcsec.tif,B66C0EC63B18E8FC8DBFD4E41201F4AC
1668,34.81317713003249,41.46378680804052,388.1231384277344,direct,valid,1570,2943,,TRVs30GeoM_9Arcsec.tif,B66C0EC63B18E8FC8DBFD4E41201F4AC
1669,35.04210101149966,41.404797153179466,576.5399780273438,direct,valid,1569,3022,,TRVs30GeoM_9Arcsec.tif,B66C0EC63B18E8FC8DBFD4E41201F4AC
1670,35.27064567638452,41.34528559319185,600.7100219726562,direct,valid,1567,3102,,TRVs30GeoM_9Arcsec.tif,B66C0EC63B18E8FC8DBFD4E41201F4AC
1671,35.498809371143544,41.285253483993685,600.7100219726562,direct,valid,1566,3182,,TRVs30GeoM_9Arcsec.tif,B66C0EC63B18E8FC8DBFD4E41201F4AC
1672,35.72659038496856,41.22470218550324,600.7100219726562,direct,valid,1565,3261,,TRVs30GeoM_9Arcsec.tif,B66C0EC63B18E8FC8DBFD4E41201F4AC
1673,35.953987049687434,41.16363306145229,619.1500244140625,direct,valid,1563,3341,,TRVs30GeoM_9Arcsec.tif,B66C0EC63B18E8FC8DBFD4E41201F4AC
1674,36.18099773965683,41.10204747919797,600.7100219726562,direct,valid,1562,3420,,TRVs30GeoM_9Arcsec.tif,B66C0EC63B18E8FC8DBFD4E41201F4AC
1675,36.40762087164765,41.03994680953581,481.3896789550781,direct,valid,1560,3500,,TRVs30GeoM_9Arcsec.tif,B66C0EC63B18E8FC8DBFD4E41201F4AC
1676,36.633854904722824,40.977332426513584,328.5747375488281,direct,valid,1559,3580,,TRVs30GeoM_9Arcsec.tif,B66C0EC63B18E8FC8DBFD4E41201F4AC
1677,36.85969834010801,40.91420570724637,619.1500244140625,direct,valid,1557,3660,,TRVs30GeoM_9Arcsec.tif,B66C0EC63B18E8FC8DBFD4E41201F4AC
1678,37.085149721055046,40.85056803173252,619.1500244140625,direct,valid,1556,3740,,TRVs30GeoM_9Arcsec.tif,B66C0EC63B18E8FC8DBFD4E41201F4AC
1679,37.310207632698486,40.78642078267082,619.1500244140625,direct,valid,1554,3819,,TRVs30GeoM_9Arcsec.tif,B66C0EC63B18E8FC8DBFD4E41201F4AC
1680,37.534870701905334,40.7217653452788,537.5999755859375,direct,valid,1553,3899,,TRVs30GeoM_9Arcsec.tif,B66C0EC63B18E8FC8DBFD4E41201F4AC
1681,37.75913759711807,40.65660310711202,549.4909057617188,direct,valid,1551,3979,,TRVs30GeoM_9Arcsec.tif,B66C0EC63B18E8FC8DBFD4E41201F4AC
1682,37.983007028191224,40.59093545788489,619.1500244140625,direct,valid,1549,4059,,TRVs30GeoM_9Arcsec.tif,B66C0EC63B18E8FC8DBFD4E41201F4AC
1683,38.2064777462216,40.52476378929227,558.2161865234375,direct,valid,1548,4139,,TRVs30GeoM_9Arcsec.tif,B66C0EC63B18E8FC8DBFD4E41201F4AC
1684,38.42954854337226,40.45808949483275,619.1500244140625,direct,valid,1546,4219,,TRVs30GeoM_9Arcsec.tif,B66C0EC63B18E8FC8DBFD4E41201F4AC
1685,38.65221825269051,40.3909139696328,619.1500244140625,direct,valid,1544,4299,,TRVs30GeoM_9Arcsec.tif,B66C0EC63B18E8FC8DBFD4E41201F4AC
1686,38.87448574792003,40.32323861027252,546.4183959960938,direct,valid,1543,4380,,TRVs30GeoM_9Arcsec.tif,B66C0EC63B18E8FC8DBFD4E41201F4AC
1687,39.096349943307224,40.255064814612545,600.7100219726562,direct,valid,1541,4460,,TRVs30GeoM_9Arcsec.tif,B66C0EC63B18E8FC8DBFD4E41201F4AC
1688,39.31780979340202,40.18639398162236,619.1467895507812,direct,valid,1539,4540,,TRVs30GeoM_9Arcsec.tif,B66C0EC63B18E8FC8DBFD4E41201F4AC
1689,39.538864292853305,40.1172275112099,521.5740356445312,direct,valid,1537,4620,,TRVs30GeoM_9Arcsec.tif,B66C0EC63B18E8FC8DBFD4E41201F4AC
1690,39.759512476199056,40.047566804052686,576.5399780273438,direct,valid,1536,4701,,TRVs30GeoM_9Arcsec.tif,B66C0EC63B18E8FC8DBFD4E41201F4AC
1691,39.979753417651395,39.977413261430165,434.8743896484375,direct,valid,1534,4781,,TRVs30GeoM_9Arcsec.tif,B66C0EC63B18E8FC8DBFD4E41201F4AC
1692,40.199586230876655,39.90676828505767,619.1500244140625,direct,valid,1532,4861,,TRVs30GeoM_9Arcsec.tif,B66C0EC63B18E8FC8DBFD4E41201F4AC
1693,40.4190100687707,39.835633276921676,477.6281433105469,direct,valid,1530,4942,,TRVs30GeoM_9Arcsec.tif,B66C0EC63B18E8FC8DBFD4E41201F4AC
1694,40.63802412322966,39.76400963911666,537.5999755859375,direct,valid,1528,5022,,TRVs30GeoM_9Arcsec.tif,B66C0EC63B18E8FC8DBFD4E41201F4AC
1695,40.85662762491604,39.691898773683235,537.5999755859375,direct,valid,1526,5103,,TRVs30GeoM_9Arcsec.tif,B66C0EC63B18E8FC8DBFD4E41201F4AC
1696,41.07481984302061,39.619302082448066,453.1651306152344,direct,valid,1524,5184,,TRVs30GeoM_9Arcsec.tif,B66C0EC63B18E8FC8DBFD4E41201F4AC
1697,41.29260008502011,39.546220966864986,537.5999755859375,direct,valid,1522,5264,,TRVs30GeoM_9Arcsec.tif,B66C0EC63B18E8FC8DBFD4E41201F4AC
1698,41.509967696430856,39.47265682785794,576.5399780273438,direct,valid,1520,5345,,TRVs30GeoM_9Arcsec.tif,B66C0EC63B18E8FC8DBFD4E41201F4AC
1699,41.72692206055855,39.398611065665165,383.1696472167969,direct,valid,1518,5426,,TRVs30GeoM_9Arcsec.tif,B66C0EC63B18E8FC8DBFD4E41201F4AC
1700,41.94346259824429,39.324085079685226,365.65667724609375,direct,valid,1516,5506,,TRVs30GeoM_9Arcsec.tif,B66C0EC63B18E8FC8DBFD4E41201F4AC
1701,42.159588767607055,39.24908026832435,359.19122314453125,direct,valid,1514,5587,,TRVs30GeoM_9Arcsec.tif,B66C0EC63B18E8FC8DBFD4E41201F4AC
1702,42.37530006378272,39.17359802884554,387.69921875,direct,valid,1512,5668,,TRVs30GeoM_9Arcsec.tif,B66C0EC63B18E8FC8DBFD4E41201F4AC
1703,42.590596018659795,39.09763975721907,536.3751831054688,direct,valid,1510,5749,,TRVs30GeoM_9Arcsec.tif,B66C0EC63B18E8FC8DBFD4E41201F4AC
1704,42.805476200611984,39.02120684797488,535.904052734375,direct,valid,1508,5830,,TRVs30GeoM_9Arcsec.tif,B66C0EC63B18E8FC8DBFD4E41201F4AC
1705,43.01994021422782,38.944300694056174,534.2553100585938,direct,valid,1505,5911,,TRVs30GeoM_9Arcsec.tif,B66C0EC63B18E8FC8DBFD4E41201F4AC
1706,43.233987700037375,38.866922686675,181.02029418945312,nearest_valid,nodata,1502,5977,3912.005044240806,TRVs30GeoM_9Arcsec.tif,B66C0EC63B18E8FC8DBFD4E41201F4AC
1707,43.44761833423616,38.78907421516922,514.3912353515625,direct,valid,1501,6073,,TRVs30GeoM_9Arcsec.tif,B66C0EC63B18E8FC8DBFD4E41201F4AC
1708,43.66083182840675,38.71075666686119,368.9040222167969,direct,valid,1499,6155,,TRVs30GeoM_9Arcsec.tif,B66C0EC63B18E8FC8DBFD4E41201F4AC
1709,43.873627929237514,38.631971426918035,426.3440246582031,direct,valid,1496,6236,,TRVs30GeoM_9Arcsec.tif,B66C0EC63B18E8FC8DBFD4E41201F4AC
1710,44.086006418239485,38.55271987821366,600.7100219726562,direct,valid,1494,6317,,TRVs30GeoM_9Arcsec.tif,B66C0EC63B18E8FC8DBFD4E41201F4AC
1711,33.5005455354535,41.977511709269876,608.4563598632812,direct,valid,1500,2464,,TRVs30GeoM_9Arcsec.tif,B66C0EC63B18E8FC8DBFD4E41201F4AC
1712,33.73226515423427,41.92149860606025,576.5399780273438,direct,valid,1499,2543,,TRVs30GeoM_9Arcsec.tif,B66C0EC63B18E8FC8DBFD4E41201F4AC
1713,33.96361278889681,41.86495426658026,614.1542358398438,direct,valid,1498,2623,,TRVs30GeoM_9Arcsec.tif,B66C0EC63B18E8FC8DBFD4E41201F4AC
1714,34.19458641574848,41.807880034121006,611.6973876953125,direct,valid,1496,2702,,TRVs30GeoM_9Arcsec.tif,B66C0EC63B18E8FC8DBFD4E41201F4AC
1715,34.4251840549203,41.75027725713717,610.4578857421875,direct,valid,1495,2781,,TRVs30GeoM_9Arcsec.tif,B66C0EC63B18E8FC8DBFD4E41201F4AC
1716,34.655403770312034,41.69214728905049,600.7100219726562,direct,valid,1494,2861,,TRVs30GeoM_9Arcsec.tif,B66C0EC63B18E8FC8DBFD4E41201F4AC
1717,34.885243669528705,41.63349148805374,600.7100219726562,direct,valid,1492,2940,,TRVs30GeoM_9Arcsec.tif,B66C0EC63B18E8FC8DBFD4E41201F4AC
1718,35.11470190380837,41.574311216915845,600.7100219726562,direct,valid,1491,3020,,TRVs30GeoM_9Arcsec.tif,B66C0EC63B18E8FC8DBFD4E41201F4AC
1719,35.34377666794146,41.51460784278737,614.709716796875,direct,valid,1490,3099,,TRVs30GeoM_9Arcsec.tif,B66C0EC63B18E8FC8DBFD4E41201F4AC
1720,35.572466200181836,41.45438273700726,619.1500244140625,direct,valid,1488,3179,,TRVs30GeoM_9Arcsec.tif,B66C0EC63B18E8FC8DBFD4E41201F4AC
1721,35.800768782149696,41.39363727491019,606.3729858398438,direct,valid,1487,3258,,TRVs30GeoM_9Arcsec.tif,B66C0EC63B18E8FC8DBFD4E41201F4AC
1722,36.028682738726424,41.332372835635,619.1500244140625,direct,valid,1486,3338,,TRVs30GeoM_9Arcsec.tif,B66C0EC63B18E8FC8DBFD4E41201F4AC
1723,36.25620643794163,41.27059080193398,520.0795288085938,direct,valid,1484,3417,,TRVs30GeoM_9Arcsec.tif,B66C0EC63B18E8FC8DBFD4E41201F4AC
1724,36.4833382908525,41.20829255998325,261.2767333984375,direct,valid,1483,3497,,TRVs30GeoM_9Arcsec.tif,B66C0EC63B18E8FC8DBFD4E41201F4AC
1725,36.71007675141553,41.14547949919419,273.3506774902344,direct,valid,1481,3577,,TRVs30GeoM_9Arcsec.tif,B66C0EC63B18E8FC8DBFD4E41201F4AC
1726,36.936420316350976,41.082153012025785,619.1500244140625,direct,valid,1480,3656,,TRVs30GeoM_9Arcsec.tif,B66C0EC63B18E8FC8DBFD4E41201F4AC
1727,37.162367524999965,41.01831449379826,537.638671875,direct,valid,1478,3736,,TRVs30GeoM_9Arcsec.tif,B66C0EC63B18E8FC8DBFD4E41201F4AC
1728,37.387916959174646,40.95396534250775,537.5999755859375,direct,valid,1477,3816,,TRVs30GeoM_9Arcsec.tif,B66C0EC63B18E8FC8DBFD4E41201F4AC
1729,37.61306724300133,40.88910695864216,600.7100219726562,direct,valid,1475,3896,,TRVs30GeoM_9Arcsec.tif,B66C0EC63B18E8FC8DBFD4E41201F4AC
1730,37.83781704275696,40.82374074499821,537.5999755859375,direct,valid,1473,3976,,TRVs30GeoM_9Arcsec.tif,B66C0EC63B18E8FC8DBFD4E41201F4AC
1731,38.062165066698874,40.7578681064997,595.1226196289062,direct,valid,1472,4056,,TRVs30GeoM_9Arcsec.tif,B66C0EC63B18E8FC8DBFD4E41201F4AC
1732,38.286110064888284,40.691490450017106,537.5999755859375,direct,valid,1470,4136,,TRVs30GeoM_9Arcsec.tif,B66C0EC63B18E8FC8DBFD4E41201F4AC
1733,38.509650829007356,40.624609184188365,540.0939331054688,direct,valid,1469,4216,,TRVs30GeoM_9Arcsec.tif,B66C0EC63B18E8FC8DBFD4E41201F4AC
1734,38.73278619217024,40.557225719241,619.1500244140625,direct,valid,1467,4296,,TRVs30GeoM_9Arcsec.tif,B66C0EC63B18E8FC8DBFD4E41201F4AC
1735,38.955515028728136,40.48934146681559,619.1500244140625,direct,valid,1465,4376,,TRVs30GeoM_9Arcsec.tif,B66C0EC63B18E8FC8DBFD4E41201F4AC
1736,39.17783625406859,40.42095783979058,600.7100219726562,direct,valid,1463,4456,,TRVs30GeoM_9Arcsec.tif,B66C0EC63B18E8FC8DBFD4E41201F4AC
1737,39.399748824409045,40.35207625210854,619.1500244140625,direct,valid,1462,4536,,TRVs30GeoM_9Arcsec.tif,B66C0EC63B18E8FC8DBFD4E41201F4AC
1738,39.621251736585144,40.2826981186037,619.1500244140625,direct,valid,1460,4617,,TRVs30GeoM_9Arcsec.tif,B66C0EC63B18E8FC8DBFD4E41201F4AC
1739,39.8423440278335,40.21282485483106,549.0767822265625,direct,valid,1458,4697,,TRVs30GeoM_9Arcsec.tif,B66C0EC63B18E8FC8DBFD4E41201F4AC
1740,40.063024775569396,40.14245787689681,619.1500244140625,direct,valid,1456,4777,,TRVs30GeoM_9Arcsec.tif,B66C0EC63B18E8FC8DBFD4E41201F4AC
1741,40.28329309715963,40.07159860129033,555.3369140625,direct,valid,1454,4858,,TRVs30GeoM_9Arcsec.tif,B66C0EC63B18E8FC8DBFD4E41201F4AC
1742,40.50314814969022,40.000248444717634,619.1500244140625,direct,valid,1453,4938,,TRVs30GeoM_9Arcsec.tif,B66C0EC63B18E8FC8DBFD4E41201F4AC
1743,40.72258912972975,39.928408823936266,330.18157958984375,direct,valid,1451,5019,,TRVs30GeoM_9Arcsec.tif,B66C0EC63B18E8FC8DBFD4E41201F4AC
1744,40.941615273088,39.85608115559181,537.5999755859375,direct,valid,1449,5099,,TRVs30GeoM_9Arcsec.tif,B66C0EC63B18E8FC8DBFD4E41201F4AC
1745,41.160225854570314,39.78326685605586,537.5999755859375,direct,valid,1447,5180,,TRVs30GeoM_9Arcsec.tif,B66C0EC63B18E8FC8DBFD4E41201F4AC
1746,41.37842018772769,39.709967341265596,518.7837524414062,direct,valid,1445,5260,,TRVs30GeoM_9Arcsec.tif,B66C0EC63B18E8FC8DBFD4E41201F4AC
1747,41.596197624602844,39.63618402656493,448.87481689453125,direct,valid,1443,5341,,TRVs30GeoM_9Arcsec.tif,B66C0EC63B18E8FC8DBFD4E41201F4AC
1748,41.81355755547246,39.56191832654712,468.7434997558594,direct,valid,1441,5422,,TRVs30GeoM_9Arcsec.tif,B66C0EC63B18E8FC8DBFD4E41201F4AC
1749,42.0304994085855,39.487171654899186,576.5399780273438,direct,valid,1439,5502,,TRVs30GeoM_9Arcsec.tif,B66C0EC63B18E8FC8DBFD4E41201F4AC
1750,42.24702264989812,39.41194542424768,417.5215148925781,direct,valid,1437,5583,,TRVs30GeoM_9Arcsec.tif,B66C0EC63B18E8FC8DBFD4E41201F4AC
1751,42.46312678280506,39.33624104600633,501.4490051269531,direct,valid,1434,5664,,TRVs30GeoM_9Arcsec.tif,B66C0EC63B18E8FC8DBFD4E41201F4AC
1752,42.67881134786769,39.26005993022507,537.5999755859375,direct,valid,1432,5745,,TRVs30GeoM_9Arcsec.tif,B66C0EC63B18E8FC8DBFD4E41201F4AC
1753,42.89407592253896,39.183403485440905,537.5999755859375,direct,valid,1430,5826,,TRVs30GeoM_9Arcsec.tif,B66C0EC63B18E8FC8DBFD4E41201F4AC
1754,43.10892012088539,39.10627311853028,537.5999755859375,direct,valid,1428,5907,,TRVs30GeoM_9Arcsec.tif,B66C0EC63B18E8FC8DBFD4E41201F4AC
1755,43.32334359330609,39.02867023456316,363.9278564453125,direct,valid,1426,5988,,TRVs30GeoM_9Arcsec.tif,B66C0EC63B18E8FC8DBFD4E41201F4AC
1756,43.53734602624919,38.95059623665878,239.0275421142578,nearest_valid,nodata,1412,6066,3031.7031068029687,TRVs30GeoM_9Arcsec.tif,B66C0EC63B18E8FC8DBFD4E41201F4AC
1757,43.75092714192558,38.87205252584299,576.5399780273438,direct,valid,1421,6150,,TRVs30GeoM_9Arcsec.tif,B66C0EC63B18E8FC8DBFD4E41201F4AC
1758,43.96408669802033,38.79304050090742,576.5399780273438,direct,valid,1419,6231,,TRVs30GeoM_9Arcsec.tif,B66C0EC63B18E8FC8DBFD4E41201F4AC
1759,44.176824487401724,38.713561558270115,420.60577392578125,direct,valid,1417,6313,,TRVs30GeoM_9Arcsec.tif,B66C0EC63B18E8FC8DBFD4E41201F4AC
1760,34.49670657982107,41.92025338767148,478.5533752441406,direct,valid,1417,2778,,TRVs30GeoM_9Arcsec.tif,B66C0EC63B18E8FC8DBFD4E41201F4AC
1761,34.7274721152371,41.86193384623583,497.34552001953125,direct,valid,1416,2858,,TRVs30GeoM_9Arcsec.tif,B66C0EC63B18E8FC8DBFD4E41201F4AC
1762,34.957853544492814,41.803087238458865,600.7100219726562,direct,valid,1415,2937,,TRVs30GeoM_9Arcsec.tif,B66C0EC63B18E8FC8DBFD4E41201F4AC
1763,35.18784900947102,41.743714942730904,600.7100219726562,direct,valid,1413,3017,,TRVs30GeoM_9Arcsec.tif,B66C0EC63B18E8FC8DBFD4E41201F4AC
1764,35.41745669625986,41.68381834182168,380.04962158203125,nearest_valid,outside_model_range,1413,3096,228.13214843492779,TRVs30GeoM_9Arcsec.tif,B66C0EC63B18E8FC8DBFD4E41201F4AC
1765,35.64667483505814,41.6233988226841,233.37916564941406,direct,valid,1411,3176,,TRVs30GeoM_9Arcsec.tif,B66C0EC63B18E8FC8DBFD4E41201F4AC
1766,35.87550170007248,41.562457776258924,267.1343688964844,direct,valid,1409,3255,,TRVs30GeoM_9Arcsec.tif,B66C0EC63B18E8FC8DBFD4E41201F4AC
1767,36.103935609406186,41.5009965972805,239.35166931152344,direct,valid,1408,3335,,TRVs30GeoM_9Arcsec.tif,B66C0EC63B18E8FC8DBFD4E41201F4AC
1768,36.786863440253384,41.31350626521956,245.12841796875,direct,valid,1404,3574,,TRVs30GeoM_9Arcsec.tif,B66C0EC63B18E8FC8DBFD4E41201F4AC
1769,37.691838096120385,41.0563224984426,600.7100219726562,direct,valid,1397,3893,,TRVs30GeoM_9Arcsec.tif,B66C0EC63B18E8FC8DBFD4E41201F4AC
1770,37.91707303651375,40.990750861397366,189.87405395507812,nearest_valid,nodata,1399,3975,1002.3392747003364,TRVs30GeoM_9Arcsec.tif,B66C0EC63B18E8FC8DBFD4E41201F4AC
1771,38.14190183736067,40.92467178357717,537.5999755859375,direct,valid,1394,4053,,TRVs30GeoM_9Arcsec.tif,B66C0EC63B18E8FC8DBFD4E41201F4AC
1772,38.366323247947086,40.858086687201485,537.5999755859375,direct,valid,1393,4132,,TRVs30GeoM_9Arcsec.tif,B66C0EC63B18E8FC8DBFD4E41201F4AC
1773,38.59033605974266,40.79099699621943,537.5999755859375,direct,valid,1391,4212,,TRVs30GeoM_9Arcsec.tif,B66C0EC63B18E8FC8DBFD4E41201F4AC
1774,38.81393910620465,40.723404136129645,619.1500244140625,direct,valid,1389,4293,,TRVs30GeoM_9Arcsec.tif,B66C0EC63B18E8FC8DBFD4E41201F4AC
1775,39.03713126257569,40.65530953380157,619.1500244140625,direct,valid,1388,4373,,TRVs30GeoM_9Arcsec.tif,B66C0EC63B18E8FC8DBFD4E41201F4AC
1776,39.259911445675804,40.586714617298156,619.1500244140625,direct,valid,1386,4453,,TRVs30GeoM_9Arcsec.tif,B66C0EC63B18E8FC8DBFD4E41201F4AC
1777,39.48227861368861,40.51762081569988,619.1500244140625,direct,valid,1384,4533,,TRVs30GeoM_9Arcsec.tif,B66C0EC63B18E8FC8DBFD4E41201F4AC
1778,39.70423176594211,40.448029558930386,619.1500244140625,direct,valid,1382,4613,,TRVs30GeoM_9Arcsec.tif,B66C0EC63B18E8FC8DBFD4E41201F4AC
1779,39.92576994268406,40.377942277583394,600.7100219726562,direct,valid,1381,4693,,TRVs30GeoM_9Arcsec.tif,B66C0EC63B18E8FC8DBFD4E41201F4AC
1780,40.146892224852124,40.307360402751335,619.1500244140625,direct,valid,1379,4774,,TRVs30GeoM_9Arcsec.tif,B66C0EC63B18E8FC8DBFD4E41201F4AC
1781,40.367597733839,40.236285365855224,600.7100219726562,direct,valid,1377,4854,,TRVs30GeoM_9Arcsec.tif,B66C0EC63B18E8FC8DBFD4E41201F4AC
1782,40.58788563125268,40.16471859847633,600.7100219726562,direct,valid,1375,4934,,TRVs30GeoM_9Arcsec.tif,B66C0EC63B18E8FC8DBFD4E41201F4AC
1783,40.807755118672056,40.09266153218915,480.1914978027344,direct,valid,1373,5015,,TRVs30GeoM_9Arcsec.tif,B66C0EC63B18E8FC8DBFD4E41201F4AC
1784,41.02720543739782,40.02011559839616,427.7939453125,direct,valid,1371,5095,,TRVs30GeoM_9Arcsec.tif,B66C0EC63B18E8FC8DBFD4E41201F4AC
1785,41.24623586819913,39.94708222816398,364.36572265625,direct,valid,1369,5176,,TRVs30GeoM_9Arcsec.tif,B66C0EC63B18E8FC8DBFD4E41201F4AC
1786,41.46484573105597,39.873562852061205,537.5999755859375,direct,valid,1367,5256,,TRVs30GeoM_9Arcsec.tif,B66C0EC63B18E8FC8DBFD4E41201F4AC
1787,41.68303438489744,39.7995588999979,600.7100219726562,direct,valid,1365,5337,,TRVs30GeoM_9Arcsec.tif,B66C0EC63B18E8FC8DBFD4E41201F4AC
1788,41.900801227336125,39.725071801066576,437.9682312011719,direct,valid,1363,5418,,TRVs30GeoM_9Arcsec.tif,B66C0EC63B18E8FC8DBFD4E41201F4AC
1789,42.11814569439873,39.650102983384954,537.5999755859375,direct,valid,1361,5498,,TRVs30GeoM_9Arcsec.tif,B66C0EC63B18E8FC8DBFD4E41201F4AC
1790,42.33506726025308,39.57465387394025,576.5399780273438,direct,valid,1359,5579,,TRVs30GeoM_9Arcsec.tif,B66C0EC63B18E8FC8DBFD4E41201F4AC
1791,42.5515654369317,39.49872589843518,456.3465270996094,direct,valid,1357,5660,,TRVs30GeoM_9Arcsec.tif,B66C0EC63B18E8FC8DBFD4E41201F4AC
1792,42.7676397740521,39.42232048113566,367.35247802734375,direct,valid,1355,5741,,TRVs30GeoM_9Arcsec.tif,B66C0EC63B18E8FC8DBFD4E41201F4AC
1793,42.98328985853376,39.34543904472013,537.5999755859375,direct,valid,1353,5822,,TRVs30GeoM_9Arcsec.tif,B66C0EC63B18E8FC8DBFD4E41201F4AC
1794,43.198515314312445,39.26808301013054,537.5999755859375,direct,valid,1351,5903,,TRVs30GeoM_9Arcsec.tif,B66C0EC63B18E8FC8DBFD4E41201F4AC
1795,43.41331580205133,39.19025379642508,537.5999755859375,direct,valid,1348,5984,,TRVs30GeoM_9Arcsec.tif,B66C0EC63B18E8FC8DBFD4E41201F4AC
1796,43.62769101884955,39.111952820632666,537.5999755859375,direct,valid,1346,6065,,TRVs30GeoM_9Arcsec.tif,B66C0EC63B18E8FC8DBFD4E41201F4AC
1797,43.84164069794829,39.03318149760898,536.3751831054688,direct,valid,1344,6146,,TRVs30GeoM_9Arcsec.tif,B66C0EC63B18E8FC8DBFD4E41201F4AC
1798,44.05516460843431,38.953941239894306,478.7259216308594,direct,valid,1342,6227,,TRVs30GeoM_9Arcsec.tif,B66C0EC63B18E8FC8DBFD4E41201F4AC
1799,35.03101213959499,41.97257359927055,308.09527587890625,direct,valid,1337,2934,,TRVs30GeoM_9Arcsec.tif,B66C0EC63B18E8FC8DBFD4E41201F4AC
1800,38.67160968056826,40.95725227139686,310.0668640136719,nearest_valid,nodata,1316,4209,638.6593028468783,TRVs30GeoM_9Arcsec.tif,B66C0EC63B18E8FC8DBFD4E41201F4AC
1801,38.89568243717443,40.889448548804104,619.1500244140625,direct,valid,1312,4289,,TRVs30GeoM_9Arcsec.tif,B66C0EC63B18E8FC8DBFD4E41201F4AC
1802,39.11933988853747,40.821142127842656,619.1500244140625,direct,valid,1310,4369,,TRVs30GeoM_9Arcsec.tif,B66C0EC63B18E8FC8DBFD4E41201F4AC
1803,39.34258095321072,40.75233445192847,619.1500244140625,direct,valid,1308,4449,,TRVs30GeoM_9Arcsec.tif,B66C0EC63B18E8FC8DBFD4E41201F4AC
1804,39.5654045916521,40.68302696544674,619.1500244140625,direct,valid,1307,4529,,TRVs30GeoM_9Arcsec.tif,B66C0EC63B18E8FC8DBFD4E41201F4AC
1805,39.78780980599727,40.61322111357538,619.1500244140625,direct,valid,1305,4610,,TRVs30GeoM_9Arcsec.tif,B66C0EC63B18E8FC8DBFD4E41201F4AC
1806,40.009795639827274,40.542918342109935,619.1500244140625,direct,valid,1303,4690,,TRVs30GeoM_9Arcsec.tif,B66C0EC63B18E8FC8DBFD4E41201F4AC
1807,40.231361177930985,40.472120097290194,619.1500244140625,direct,valid,1301,4770,,TRVs30GeoM_9Arcsec.tif,B66C0EC63B18E8FC8DBFD4E41201F4AC
1808,40.4525055460624,40.40082782562812,619.1500244140625,direct,valid,1299,4850,,TRVs30GeoM_9Arcsec.tif,B66C0EC63B18E8FC8DBFD4E41201F4AC
1809,40.673227910693086,40.32904297373759,595.458740234375,direct,valid,1298,4931,,TRVs30GeoM_9Arcsec.tif,B66C0EC63B18E8FC8DBFD4E41201F4AC
1810,40.893527478759914,40.2567669881655,537.5999755859375,direct,valid,1296,5011,,TRVs30GeoM_9Arcsec.tif,B66C0EC63B18E8FC8DBFD4E41201F4AC
1811,41.11340349740806,40.1840013152247,489.3251037597656,direct,valid,1294,5092,,TRVs30GeoM_9Arcsec.tif,B66C0EC63B18E8FC8DBFD4E41201F4AC
1812,41.33285525372972,40.110747400828345,531.1881713867188,direct,valid,1292,5172,,TRVs30GeoM_9Arcsec.tif,B66C0EC63B18E8FC8DBFD4E41201F4AC
1813,41.55188207449854,40.03700669032606,423.5939636230469,direct,valid,1290,5253,,TRVs30GeoM_9Arcsec.tif,B66C0EC63B18E8FC8DBFD4E41201F4AC
1814,41.7704833258999,39.962780628341605,355.5757751464844,direct,valid,1288,5333,,TRVs30GeoM_9Arcsec.tif,B66C0EC63B18E8FC8DBFD4E41201F4AC
1815,41.98865841325733,39.888070658612314,537.5999755859375,direct,valid,1286,5414,,TRVs30GeoM_9Arcsec.tif,B66C0EC63B18E8FC8DBFD4E41201F4AC
1816,42.2064067807551,39.81287822383018,456.7497253417969,direct,valid,1284,5494,,TRVs30GeoM_9Arcsec.tif,B66C0EC63B18E8FC8DBFD4E41201F4AC
1817,42.42372791115725,39.73720476548463,537.5999755859375,direct,valid,1282,5575,,TRVs30GeoM_9Arcsec.tif,B66C0EC63B18E8FC8DBFD4E41201F4AC
1818,42.64062132552308,39.66105172370689,537.5999755859375,direct,valid,1280,5656,,TRVs30GeoM_9Arcsec.tif,B66C0EC63B18E8FC8DBFD4E41201F4AC
1819,42.85708658291944,39.58442053711635,537.5999755859375,direct,valid,1278,5737,,TRVs30GeoM_9Arcsec.tif,B66C0EC63B18E8FC8DBFD4E41201F4AC
1820,43.0731232801298,39.50731264266828,537.5999755859375,direct,valid,1275,5818,,TRVs30GeoM_9Arcsec.tif,B66C0EC63B18E8FC8DBFD4E41201F4AC
1821,43.28873105136036,39.42972947550357,537.5999755859375,direct,valid,1273,5899,,TRVs30GeoM_9Arcsec.tif,B66C0EC63B18E8FC8DBFD4E41201F4AC
1822,43.50390956794328,39.35167246880003,537.5999755859375,direct,valid,1271,5980,,TRVs30GeoM_9Arcsec.tif,B66C0EC63B18E8FC8DBFD4E41201F4AC
1823,43.71865853803729,39.27314305362549,534.2081909179688,direct,valid,1269,6061,,TRVs30GeoM_9Arcsec.tif,B66C0EC63B18E8FC8DBFD4E41201F4AC
1824,43.932977706325644,39.19414265879262,366.5196228027344,direct,valid,1267,6142,,TRVs30GeoM_9Arcsec.tif,B66C0EC63B18E8FC8DBFD4E41201F4AC
1825,44.1468668537118,39.11467271071562,544.0808715820312,direct,valid,1264,6223,,TRVs30GeoM_9Arcsec.tif,B66C0EC63B18E8FC8DBFD4E41201F4AC
1826,39.20214641139893,40.986838550178625,619.1500244140625,direct,valid,1233,4366,,TRVs30GeoM_9Arcsec.tif,B66C0EC63B18E8FC8DBFD4E41201F4AC
1827,39.42585027707622,40.9178166329951,619.1500244140625,direct,valid,1231,4446,,TRVs30GeoM_9Arcsec.tif,B66C0EC63B18E8FC8DBFD4E41201F4AC
1828,39.64913225363338,40.848293978814766,619.1500244140625,direct,valid,1229,4526,,TRVs30GeoM_9Arcsec.tif,B66C0EC63B18E8FC8DBFD4E41201F4AC
1829,39.87199134633889,40.77827204823652,619.1500244140625,direct,valid,1228,4606,,TRVs30GeoM_9Arcsec.tif,B66C0EC63B18E8FC8DBFD4E41201F4AC
1830,40.09442660243918,40.70775230242262,615.9813842773438,direct,valid,1226,4686,,TRVs30GeoM_9Arcsec.tif,B66C0EC63B18E8FC8DBFD4E41201F4AC
1831,40.31643711091315,40.63673620292307,619.1500244140625,direct,valid,1224,4767,,TRVs30GeoM_9Arcsec.tif,B66C0EC63B18E8FC8DBFD4E41201F4AC
1832,40.53802200222154,40.565225211501776,619.1500244140625,direct,valid,1222,4847,,TRVs30GeoM_9Arcsec.tif,B66C0EC63B18E8FC8DBFD4E41201F4AC
1833,40.75918044805119,40.493220789964184,619.1500244140625,direct,valid,1220,4927,,TRVs30GeoM_9Arcsec.tif,B66C0EC63B18E8FC8DBFD4E41201F4AC
1834,40.97991166105477,40.42072439998667,600.7100219726562,direct,valid,1218,5007,,TRVs30GeoM_9Arcsec.tif,B66C0EC63B18E8FC8DBFD4E41201F4AC
1835,41.20021489458566,40.34773750294743,537.5999755859375,direct,valid,1216,5088,,TRVs30GeoM_9Arcsec.tif,B66C0EC63B18E8FC8DBFD4E41201F4AC
1836,41.420089442428555,40.27426155975927,537.3644409179688,direct,valid,1215,5168,,TRVs30GeoM_9Arcsec.tif,B66C0EC63B18E8FC8DBFD4E41201F4AC
1837,41.63953463852562,40.200298030703756,537.5999755859375,direct,valid,1213,5249,,TRVs30GeoM_9Arcsec.tif,B66C0EC63B18E8FC8DBFD4E41201F4AC
1838,41.85854985669872,40.125848375267346,537.5999755859375,direct,valid,1211,5329,,TRVs30GeoM_9Arcsec.tif,B66C0EC63B18E8FC8DBFD4E41201F4AC
1839,42.07713451036759,40.05091405197914,426.6757507324219,direct,valid,1209,5410,,TRVs30GeoM_9Arcsec.tif,B66C0EC63B18E8FC8DBFD4E41201F4AC
1840,42.295288052264176,39.97549651825025,463.07275390625,direct,valid,1207,5491,,TRVs30GeoM_9Arcsec.tif,B66C0EC63B18E8FC8DBFD4E41201F4AC
1841,42.51300997414351,39.89959723021511,585.4298706054688,direct,valid,1204,5571,,TRVs30GeoM_9Arcsec.tif,B66C0EC63B18E8FC8DBFD4E41201F4AC
1842,42.73029980649094,39.82321764257424,427.867431640625,direct,valid,1202,5652,,TRVs30GeoM_9Arcsec.tif,B66C0EC63B18E8FC8DBFD4E41201F4AC
1843,42.94715711822628,39.74635920843909,362.4076843261719,direct,valid,1200,5733,,TRVs30GeoM_9Arcsec.tif,B66C0EC63B18E8FC8DBFD4E41201F4AC
1844,43.1635815164045,39.6690233791784,378.3975830078125,direct,valid,1198,5814,,TRVs30GeoM_9Arcsec.tif,B66C0EC63B18E8FC8DBFD4E41201F4AC
1845,43.37957264591379,39.5912116042664,407.9949951171875,direct,valid,1196,5894,,TRVs30GeoM_9Arcsec.tif,B66C0EC63B18E8FC8DBFD4E41201F4AC
1846,43.59513018917054,39.512925331132884,576.5399780273438,direct,valid,1194,5975,,TRVs30GeoM_9Arcsec.tif,B66C0EC63B18E8FC8DBFD4E41201F4AC
1847,43.8102538658117,39.434166005014866,537.5999755859375,direct,valid,1192,6056,,TRVs30GeoM_9Arcsec.tif,B66C0EC63B18E8FC8DBFD4E41201F4AC
1848,44.02494343238469,39.354935068810285,600.7100219726562,direct,valid,1189,6137,,TRVs30GeoM_9Arcsec.tif,B66C0EC63B18E8FC8DBFD4E41201F4AC
1849,39.956781941898974,40.94318161269757,619.1500244140625,direct,valid,1150,4603,,TRVs30GeoM_9Arcsec.tif,B66C0EC63B18E8FC8DBFD4E41201F4AC
1850,40.179668378611005,40.872443396518136,619.1500244140625,direct,valid,1148,4683,,TRVs30GeoM_9Arcsec.tif,B66C0EC63B18E8FC8DBFD4E41201F4AC
1851,40.40212556438431,40.80120794594552,619.1500244140625,direct,valid,1147,4763,,TRVs30GeoM_9Arcsec.tif,B66C0EC63B18E8FC8DBFD4E41201F4AC
1852,40.624152634741996,40.72947673815819,619.1500244140625,direct,valid,1145,4843,,TRVs30GeoM_9Arcsec.tif,B66C0EC63B18E8FC8DBFD4E41201F4AC
1853,40.845748766948304,40.65725125031384,619.1500244140625,direct,valid,1143,4924,,TRVs30GeoM_9Arcsec.tif,B66C0EC63B18E8FC8DBFD4E41201F4AC
1854,41.06691317973994,40.58453295937691,619.1500244140625,direct,valid,1141,5004,,TRVs30GeoM_9Arcsec.tif,B66C0EC63B18E8FC8DBFD4E41201F4AC
1855,41.28764513305265,40.5113233419476,617.724853515625,direct,valid,1139,5084,,TRVs30GeoM_9Arcsec.tif,B66C0EC63B18E8FC8DBFD4E41201F4AC
1856,41.507943927743476,40.437623874092765,619.1500244140625,direct,valid,1137,5165,,TRVs30GeoM_9Arcsec.tif,B66C0EC63B18E8FC8DBFD4E41201F4AC
1857,41.72780890530854,40.363436031178445,619.1500244140625,direct,valid,1135,5245,,TRVs30GeoM_9Arcsec.tif,B66C0EC63B18E8FC8DBFD4E41201F4AC
1858,41.94723944759689,40.288761287704176,537.5999755859375,direct,valid,1133,5326,,TRVs30GeoM_9Arcsec.tif,B66C0EC63B18E8FC8DBFD4E41201F4AC
1859,42.1662349765202,40.21360111713906,463.22308349609375,direct,valid,1131,5406,,TRVs30GeoM_9Arcsec.tif,B66C0EC63B18E8FC8DBFD4E41201F4AC
1860,42.3847949537588,40.137956991759566,453.3328857421875,direct,valid,1129,5487,,TRVs30GeoM_9Arcsec.tif,B66C0EC63B18E8FC8DBFD4E41201F4AC
1861,42.602918880464,40.061830382489134,457.88909912109375,direct,valid,1127,5567,,TRVs30GeoM_9Arcsec.tif,B66C0EC63B18E8FC8DBFD4E41201F4AC
1862,42.82060629695705,39.985222758739546,600.7100219726562,direct,valid,1125,5648,,TRVs30GeoM_9Arcsec.tif,B66C0EC63B18E8FC8DBFD4E41201F4AC
1863,43.03785678242471,39.908135588254105,589.3159790039062,direct,valid,1123,5729,,TRVs30GeoM_9Arcsec.tif,B66C0EC63B18E8FC8DBFD4E41201F4AC
1864,43.25466995461166,39.83057033695272,536.1867065429688,direct,valid,1121,5810,,TRVs30GeoM_9Arcsec.tif,B66C0EC63B18E8FC8DBFD4E41201F4AC
1865,43.47104546951006,39.752528468778515,537.5999755859375,direct,valid,1119,5890,,TRVs30GeoM_9Arcsec.tif,B66C0EC63B18E8FC8DBFD4E41201F4AC
1866,43.68698302104619,39.67401144554663,572.2131958007812,direct,valid,1117,5971,,TRVs30GeoM_9Arcsec.tif,B66C0EC63B18E8FC8DBFD4E41201F4AC
1867,43.90248234076444,39.59502072679457,547.7691040039062,direct,valid,1114,6052,,TRVs30GeoM_9Arcsec.tif,B66C0EC63B18E8FC8DBFD4E41201F4AC
1868,44.11754319750879,39.515557769634505,600.7100219726562,direct,valid,1112,6133,,TRVs30GeoM_9Arcsec.tif,B66C0EC63B18E8FC8DBFD4E41201F4AC
1869,44.332165397101974,39.4356240286074,368.21990966796875,direct,valid,1110,6214,,TRVs30GeoM_9Arcsec.tif,B66C0EC63B18E8FC8DBFD4E41201F4AC
1870,40.488432144221306,40.96553453630753,619.1500244140625,direct,valid,1069,4760,,TRVs30GeoM_9Arcsec.tif,B66C0EC63B18E8FC8DBFD4E41201F4AC
1871,40.710903040882556,40.893581603836886,619.1500244140625,direct,valid,1067,4840,,TRVs30GeoM_9Arcsec.tif,B66C0EC63B18E8FC8DBFD4E41201F4AC
1872,40.932938455373304,40.8211335414072,619.1500244140625,direct,valid,1066,4920,,TRVs30GeoM_9Arcsec.tif,B66C0EC63B18E8FC8DBFD4E41201F4AC
1873,41.1545376128932,40.748191841431165,619.1500244140625,direct,valid,1064,5000,,TRVs30GeoM_9Arcsec.tif,B66C0EC63B18E8FC8DBFD4E41201F4AC
1874,41.37569978034522,40.6747579958891,560.1820068359375,direct,valid,1062,5081,,TRVs30GeoM_9Arcsec.tif,B66C0EC63B18E8FC8DBFD4E41201F4AC
1875,41.596424266049404,40.600833496158,600.7100219726562,direct,valid,1060,5161,,TRVs30GeoM_9Arcsec.tif,B66C0EC63B18E8FC8DBFD4E41201F4AC
1876,41.816710419451994,40.526419832842265,611.282470703125,direct,valid,1058,5241,,TRVs30GeoM_9Arcsec.tif,B66C0EC63B18E8FC8DBFD4E41201F4AC
1877,42.03655763083066,40.45151849560625,532.900146484375,direct,valid,1056,5322,,TRVs30GeoM_9Arcsec.tif,B66C0EC63B18E8FC8DBFD4E41201F4AC
1878,42.2559653309956,40.376130973008735,537.5999755859375,direct,valid,1054,5402,,TRVs30GeoM_9Arcsec.tif,B66C0EC63B18E8FC8DBFD4E41201F4AC
1879,42.47493299098694,40.30025875233898,537.5999755859375,direct,valid,1052,5483,,TRVs30GeoM_9Arcsec.tif,B66C0EC63B18E8FC8DBFD4E41201F4AC
1880,42.69346012176849,40.22390331945479,537.5999755859375,direct,valid,1050,5564,,TRVs30GeoM_9Arcsec.tif,B66C0EC63B18E8FC8DBFD4E41201F4AC
1881,42.91154627391789,40.147066158622316,535.904052734375,direct,valid,1048,5644,,TRVs30GeoM_9Arcsec.tif,B66C0EC63B18E8FC8DBFD4E41201F4AC
1882,43.129191037313745,40.06974875235777,600.7100219726562,direct,valid,1046,5725,,TRVs30GeoM_9Arcsec.tif,B66C0EC63B18E8FC8DBFD4E41201F4AC
1883,43.34639404081934,39.991952581270915,537.5999755859375,direct,valid,1044,5806,,TRVs30GeoM_9Arcsec.tif,B66C0EC63B18E8FC8DBFD4E41201F4AC
1884,43.563154951963554,39.91367912391044,537.5999755859375,direct,valid,1042,5886,,TRVs30GeoM_9Arcsec.tif,B66C0EC63B18E8FC8DBFD4E41201F4AC
1885,43.77947347661899,39.83492985661126,537.5999755859375,direct,valid,1039,5967,,TRVs30GeoM_9Arcsec.tif,B66C0EC63B18E8FC8DBFD4E41201F4AC
1886,43.995349358677295,39.75570625334354,537.5999755859375,direct,valid,1037,6048,,TRVs30GeoM_9Arcsec.tif,B66C0EC63B18E8FC8DBFD4E41201F4AC
1887,44.21078237972219,39.676009785563785,537.5999755859375,direct,valid,1035,6129,,TRVs30GeoM_9Arcsec.tif,B66C0EC63B18E8FC8DBFD4E41201F4AC
1888,44.42577235870004,39.595841922067606,537.5999755859375,direct,valid,1033,6210,,TRVs30GeoM_9Arcsec.tif,B66C0EC63B18E8FC8DBFD4E41201F4AC
1889,40.7982788835441,41.05753899009901,619.1500244140625,direct,valid,990,4836,,TRVs30GeoM_9Arcsec.tif,B66C0EC63B18E8FC8DBFD4E41201F4AC
1890,41.02075516647779,40.98486683309166,619.1500244140625,direct,valid,988,4917,,TRVs30GeoM_9Arcsec.tif,B66C0EC63B18E8FC8DBFD4E41201F4AC
1891,41.242790603268205,40.91170020437865,619.1500244140625,direct,valid,987,4997,,TRVs30GeoM_9Arcsec.tif,B66C0EC63B18E8FC8DBFD4E41201F4AC
1892,41.464384468181485,40.83804061148016,619.1500244140625,direct,valid,985,5077,,TRVs30GeoM_9Arcsec.tif,B66C0EC63B18E8FC8DBFD4E41201F4AC
1893,41.68553607740224,40.7638895612408,606.7581176757812,direct,valid,983,5157,,TRVs30GeoM_9Arcsec.tif,B66C0EC63B18E8FC8DBFD4E41201F4AC
1894,41.90624478873408,40.68924855965868,619.1500244140625,direct,valid,981,5238,,TRVs30GeoM_9Arcsec.tif,B66C0EC63B18E8FC8DBFD4E41201F4AC
1895,42.126510001295784,40.614119111716235,503.9010314941406,direct,valid,979,5318,,TRVs30GeoM_9Arcsec.tif,B66C0EC63B18E8FC8DBFD4E41201F4AC
1896,42.34633115521375,40.53850272121283,537.5999755859375,direct,valid,977,5399,,TRVs30GeoM_9Arcsec.tif,B66C0EC63B18E8FC8DBFD4E41201F4AC
1897,42.5657077313104,40.462400890599355,537.5999755859375,direct,valid,975,5479,,TRVs30GeoM_9Arcsec.tif,B66C0EC63B18E8FC8DBFD4E41201F4AC
1898,42.784639250789155,40.38581512081453,457.1181640625,direct,valid,973,5560,,TRVs30GeoM_9Arcsec.tif,B66C0EC63B18E8FC8DBFD4E41201F4AC
1899,43.003125274915774,40.30874691112325,537.5528564453125,direct,valid,971,5640,,TRVs30GeoM_9Arcsec.tif,B66C0EC63B18E8FC8DBFD4E41201F4AC
1900,43.22116540469658,40.23119775895673,475.41229248046875,direct,valid,969,5721,,TRVs30GeoM_9Arcsec.tif,B66C0EC63B18E8FC8DBFD4E41201F4AC
1901,43.43875928055336,40.15316915975453,471.6593017578125,direct,valid,967,5802,,TRVs30GeoM_9Arcsec.tif,B66C0EC63B18E8FC8DBFD4E41201F4AC
1902,43.65590658199553,40.07466260680858,435.5711669921875,direct,valid,964,5883,,TRVs30GeoM_9Arcsec.tif,B66C0EC63B18E8FC8DBFD4E41201F4AC
1903,43.87260702728937,39.99567959110892,348.37139892578125,direct,valid,962,5963,,TRVs30GeoM_9Arcsec.tif,B66C0EC63B18E8FC8DBFD4E41201F4AC
1904,44.08886037312462,39.91622160119162,367.1156005859375,direct,valid,960,6044,,TRVs30GeoM_9Arcsec.tif,B66C0EC63B18E8FC8DBFD4E41201F4AC
1905,44.304666414278785,39.83629012298844,537.5999755859375,direct,valid,958,6125,,TRVs30GeoM_9Arcsec.tif,B66C0EC63B18E8FC8DBFD4E41201F4AC
1906,44.52002498327892,39.75588663967839,537.5999755859375,direct,valid,956,6206,,TRVs30GeoM_9Arcsec.tif,B66C0EC63B18E8FC8DBFD4E41201F4AC
1907,41.109204619380584,41.148450278201125,537.5999755859375,direct,valid,911,4913,,TRVs30GeoM_9Arcsec.tif,B66C0EC63B18E8FC8DBFD4E41201F4AC
1908,41.33167785908496,41.07505718934249,619.1500244140625,direct,valid,909,4993,,TRVs30GeoM_9Arcsec.tif,B66C0EC63B18E8FC8DBFD4E41201F4AC
1909,41.55370489323769,41.00117031823263,619.1500244140625,direct,valid,908,5074,,TRVs30GeoM_9Arcsec.tif,B66C0EC63B18E8FC8DBFD4E41201F4AC
1910,41.775285046301015,40.92679118734286,486.93231201171875,direct,valid,906,5154,,TRVs30GeoM_9Arcsec.tif,B66C0EC63B18E8FC8DBFD4E41201F4AC
1911,41.99641768485431,40.851921318221834,600.7100219726562,direct,valid,904,5234,,TRVs30GeoM_9Arcsec.tif,B66C0EC63B18E8FC8DBFD4E41201F4AC
1912,42.2171022172814,40.77656223132459,537.5999755859375,direct,valid,902,5315,,TRVs30GeoM_9Arcsec.tif,B66C0EC63B18E8FC8DBFD4E41201F4AC
1913,42.43733809345379,40.700715445843514,537.5999755859375,direct,valid,900,5395,,TRVs30GeoM_9Arcsec.tif,B66C0EC63B18E8FC8DBFD4E41201F4AC
1914,42.65712480441009,40.6243824795411,537.5999755859375,direct,valid,898,5476,,TRVs30GeoM_9Arcsec.tif,B66C0EC63B18E8FC8DBFD4E41201F4AC
1915,42.876461882031876,40.54756484858492,422.50079345703125,direct,valid,896,5556,,TRVs30GeoM_9Arcsec.tif,B66C0EC63B18E8FC8DBFD4E41201F4AC
1916,43.09534889871596,40.470264067384115,537.5999755859375,direct,valid,894,5637,,TRVs30GeoM_9Arcsec.tif,B66C0EC63B18E8FC8DBFD4E41201F4AC
1917,43.313785467043594,40.392481648428195,537.5999755859375,direct,valid,892,5717,,TRVs30GeoM_9Arcsec.tif,B66C0EC63B18E8FC8DBFD4E41201F4AC
1918,43.53177123944631,40.314219102127566,534.6792602539062,direct,valid,889,5798,,TRVs30GeoM_9Arcsec.tif,B66C0EC63B18E8FC8DBFD4E41201F4AC
1919,41.198292599981386,41.31188301231145,170.52125549316406,nearest_valid,nodata,838,4915,1646.6967381750424,TRVs30GeoM_9Arcsec.tif,B66C0EC63B18E8FC8DBFD4E41201F4AC
1920,41.42120515482897,41.23826192009495,619.1500244140625,direct,valid,832,4990,,TRVs30GeoM_9Arcsec.tif,B66C0EC63B18E8FC8DBFD4E41201F4AC
1921,41.64366681793307,41.164146228217284,537.5999755859375,direct,valid,830,5070,,TRVs30GeoM_9Arcsec.tif,B66C0EC63B18E8FC8DBFD4E41201F4AC
1922,41.865676922458064,41.08953747493702,601.3922119140625,direct,valid,828,5151,,TRVs30GeoM_9Arcsec.tif,B66C0EC63B18E8FC8DBFD4E41201F4AC
1923,42.087234844189325,41.0144371975117,609.1592407226562,direct,valid,827,5231,,TRVs30GeoM_9Arcsec.tif,B66C0EC63B18E8FC8DBFD4E41201F4AC
1924,42.308340001211135,40.93884693202491,537.5528564453125,direct,valid,825,5311,,TRVs30GeoM_9Arcsec.tif,B66C0EC63B18E8FC8DBFD4E41201F4AC
1925,42.52899185358075,40.8627682132157,537.5999755859375,direct,valid,823,5392,,TRVs30GeoM_9Arcsec.tif,B66C0EC63B18E8FC8DBFD4E41201F4AC
1926,42.74918990299842,40.78620257430975,537.5999755859375,direct,valid,821,5472,,TRVs30GeoM_9Arcsec.tif,B66C0EC63B18E8FC8DBFD4E41201F4AC
1927,42.968933692473996,40.70915154685234,446.3761291503906,direct,valid,819,5553,,TRVs30GeoM_9Arcsec.tif,B66C0EC63B18E8FC8DBFD4E41201F4AC
1928,43.18822280598995,40.63161666054377,537.5999755859375,direct,valid,817,5633,,TRVs30GeoM_9Arcsec.tif,B66C0EC63B18E8FC8DBFD4E41201F4AC
1929,43.40705686816124,40.553599443076216,537.5999755859375,direct,valid,815,5714,,TRVs30GeoM_9Arcsec.tif,B66C0EC63B18E8FC8DBFD4E41201F4AC
1930,41.51137833205955,41.4013135028085,615.598388671875,direct,valid,755,4987,,TRVs30GeoM_9Arcsec.tif,B66C0EC63B18E8FC8DBFD4E41201F4AC
1931,41.73427607122313,41.3269674358147,515.2824096679688,direct,valid,753,5067,,TRVs30GeoM_9Arcsec.tif,B66C0EC63B18E8FC8DBFD4E41201F4AC
1932,41.95671752157767,41.25212750671821,619.1500244140625,direct,valid,751,5147,,TRVs30GeoM_9Arcsec.tif,B66C0EC63B18E8FC8DBFD4E41201F4AC
1933,42.17870206855657,41.17679526864505,526.8175048828125,direct,valid,750,5227,,TRVs30GeoM_9Arcsec.tif,B66C0EC63B18E8FC8DBFD4E41201F4AC
1934,42.400229140392014,41.100972273464905,537.5999755859375,direct,valid,748,5308,,TRVs30GeoM_9Arcsec.tif,B66C0EC63B18E8FC8DBFD4E41201F4AC
1935,42.62129820777947,41.024660071618506,534.2081909179688,direct,valid,746,5388,,TRVs30GeoM_9Arcsec.tif,B66C0EC63B18E8FC8DBFD4E41201F4AC
1936,42.841908783538244,40.947860211947265,537.5999755859375,direct,valid,744,5469,,TRVs30GeoM_9Arcsec.tif,B66C0EC63B18E8FC8DBFD4E41201F4AC
1937,43.06206042226852,40.87057424152474,535.6685180664062,direct,valid,742,5549,,TRVs30GeoM_9Arcsec.tif,B66C0EC63B18E8FC8DBFD4E41201F4AC
1938,43.281752720004874,40.79280370549015,408.11395263671875,direct,valid,740,5629,,TRVs30GeoM_9Arcsec.tif,B66C0EC63B18E8FC8DBFD4E41201F4AC
1939,43.50098531386662,40.71455014688404,535.904052734375,direct,valid,737,5710,,TRVs30GeoM_9Arcsec.tif,B66C0EC63B18E8FC8DBFD4E41201F4AC
1940,42.0484127261427,41.41456034735005,537.5999755859375,direct,valid,674,5144,,TRVs30GeoM_9Arcsec.tif,B66C0EC63B18E8FC8DBFD4E41201F4AC
1941,42.27082522598576,41.338994584622306,616.8539428710938,direct,valid,672,5224,,TRVs30GeoM_9Arcsec.tif,B66C0EC63B18E8FC8DBFD4E41201F4AC
1942,42.49277548777057,41.26293729709331,514.123046875,direct,valid,671,5304,,TRVs30GeoM_9Arcsec.tif,B66C0EC63B18E8FC8DBFD4E41201F4AC
1943,42.714262993295556,41.186390051061984,537.5999755859375,direct,valid,669,5385,,TRVs30GeoM_9Arcsec.tif,B66C0EC63B18E8FC8DBFD4E41201F4AC
1944,42.935287266968686,41.10935441113947,537.5999755859375,direct,valid,667,5465,,TRVs30GeoM_9Arcsec.tif,B66C0EC63B18E8FC8DBFD4E41201F4AC
1945,43.15584787545468,41.031831940079066,537.5999755859375,direct,valid,665,5545,,TRVs30GeoM_9Arcsec.tif,B66C0EC63B18E8FC8DBFD4E41201F4AC
1946,43.37594442731887,40.95382419860817,537.5999755859375,direct,valid,663,5626,,TRVs30GeoM_9Arcsec.tif,B66C0EC63B18E8FC8DBFD4E41201F4AC
1947,43.59557657266774,40.8753327452623,537.5999755859375,direct,valid,661,5706,,TRVs30GeoM_9Arcsec.tif,B66C0EC63B18E8FC8DBFD4E41201F4AC
1948,42.58598496269658,41.4247410259025,536.873046875,direct,valid,594,5301,,TRVs30GeoM_9Arcsec.tif,B66C0EC63B18E8FC8DBFD4E41201F4AC
1949,42.80789211318346,41.34795716302013,447.0145263671875,direct,valid,592,5381,,TRVs30GeoM_9Arcsec.tif,B66C0EC63B18E8FC8DBFD4E41201F4AC
1950,43.029331239437525,41.27068417195891,537.5999755859375,direct,valid,590,5462,,TRVs30GeoM_9Arcsec.tif,B66C0EC63B18E8FC8DBFD4E41201F4AC
