event_id,origin_time,magnitude,rake,source_latitude,source_longitude,source_depth_km,location_id,receiver_latitude,receiver_longitude,vs30,repi_km,rhypo_km,within_200_km,imt,unit,median_pga_g,sigma_total_ln,damage_ratio
B111199B,1999-11-11 14:41:25.600,5.63,-175.0,40.95,30.1,15.2,1.0,36.72096108226829,27.69836368910688,760.0,514.1448153369587,514.3694500433276,False,PGA,g,0.0002906961762617278,0.7347136108716102,0.0
B111199B,1999-11-11 14:41:25.600,5.63,-175.0,40.95,30.1,15.2,2.0,36.39455464027055,29.327564169136853,760.0,510.95571845146293,511.18175458270287,False,PGA,g,0.00029389770382544063,0.7347136108716102,0.0
B111199B,1999-11-11 14:41:25.600,5.63,-175.0,40.95,30.1,15.2,3.0,36.27950272914779,29.867739251599968,760.0,519.7275926590572,519.9498154352773,False,PGA,g,0.0002852216356740564,0.7347136108716102,0.0
B111199B,1999-11-11 14:41:25.600,5.63,-175.0,40.95,30.1,15.2,4.0,37.16167480728152,27.812520356913147,760.0,465.20317653126494,465.45143189679766,False,PGA,g,0.00034666217645398496,0.7347136108716102,0.0
B111199B,1999-11-11 14:41:25.600,5.63,-175.0,40.95,30.1,15.2,5.0,37.05523302606474,28.36015699826684,760.0,458.4034693460433,458.65540518834933,False,PGA,g,0.0003557630153546682,0.7347136108716102,0.0
B111199B,1999-11-11 14:41:25.600,5.63,-175.0,40.95,30.1,15.2,6.0,36.94562940880127,28.90634871473881,760.0,457.06075100407156,457.3134265560174,False,PGA,g,0.0003576043825614601,0.7347136108716102,0.0
B111199B,1999-11-11 14:41:25.600,5.63,-175.0,40.95,30.1,15.2,7.0,36.8328772139447,29.45106411136452,760.0,461.2316639838866,461.4820558389512,False,PGA,g,0.00035193276551006306,0.7347136108716102,0.0
B111199B,1999-11-11 14:41:25.600,5.63,-175.0,40.95,30.1,15.2,8.0,36.71698994271946,29.994272814771403,760.0,470.7788539265045,471.0241706158539,False,PGA,g,0.0003394687410113052,0.7347136108716102,0.0
B111199B,1999-11-11 14:41:25.600,5.63,-175.0,40.95,30.1,15.2,9.0,36.59798132724053,30.535945483414405,760.0,485.3944410176453,485.63237471448747,False,PGA,g,0.0003216841369990216,0.7347136108716102,0.0
B111199B,1999-11-11 14:41:25.600,5.63,-175.0,40.95,30.1,15.2,10.0,36.0910154761869,32.68672555867665,760.0,585.209130822752,585.4064970585147,False,PGA,g,0.0002314449888828073,0.7347136108716102,0.0
B111199B,1999-11-11 14:41:25.600,5.63,-175.0,40.95,30.1,15.2,11.0,37.70594421844185,27.37647198696236,760.0,430.0578414508926,430.32637264453257,False,PGA,g,0.0003980543437337522,0.7347136108716102,0.0
B111199B,1999-11-11 14:41:25.600,5.63,-175.0,40.95,30.1,15.2,12.0,37.60190569498504,27.928765973795198,760.0,416.53140559909144,416.80865136217466,False,PGA,g,0.0004210777948957778,0.7347136108716102,0.0
B111199B,1999-11-11 14:41:25.600,5.63,-175.0,40.95,30.1,15.2,13.0,37.49467199987921,28.479607457505445,760.0,408.763046871313,409.0455579608697,False,PGA,g,0.0004352580724110323,0.7347136108716102,0.0
B111199B,1999-11-11 14:41:25.600,5.63,-175.0,40.95,30.1,15.2,14.0,37.384256519078185,29.028963277033085,760.0,407.0922723179036,407.3759420743378,False,PGA,g,0.00043840566084273665,0.7347136108716102,0.0
B111199B,1999-11-11 14:41:25.600,5.63,-175.0,40.95,30.1,15.2,15.0,37.27067289867793,29.5768013203776,760.0,411.6033898611029,411.88395276479406,False,PGA,g,0.0004299877500503381,0.7347136108716102,0.0
B111199B,1999-11-11 14:41:25.600,5.63,-175.0,40.95,30.1,15.2,16.0,37.15393503266164,30.12309053619455,760.0,422.10845276593943,422.38203784779404,False,PGA,g,0.00041133852805675265,0.7347136108716102,0.0
B111199B,1999-11-11 14:41:25.600,5.63,-175.0,40.95,30.1,15.2,17.0,37.03405705056574,30.66780094401345,760.0,438.1868068673588,438.4503594622908,False,PGA,g,0.00038515223758477373,0.7347136108716102,0.0
B111199B,1999-11-11 14:41:25.600,5.63,-175.0,40.95,30.1,15.2,18.0,36.91105330508504,31.21090364309496,760.0,459.2636227592801,459.5150870101855,False,PGA,g,0.00035459121784197424,0.7347136108716102,0.0
B111199B,1999-11-11 14:41:25.600,5.63,-175.0,40.95,30.1,15.2,19.0,36.78493835963457,31.75237081994863,760.0,484.6972517974981,484.9355275704671,False,PGA,g,0.0003224990222133811,0.7347136108716102,0.0
B111199B,1999-11-11 14:41:25.600,5.63,-175.0,40.95,30.1,15.2,20.0,36.65572697588564,32.292175754535066,760.0,513.8509302774063,514.075693402203,False,PGA,g,0.0002909889158402374,0.7347136108716102,0.0
B111199B,1999-11-11 14:41:25.600,5.63,-175.0,40.95,30.1,15.2,21.0,36.52343410129269,32.830292825178866,760.0,546.1387605982253,546.3502409881098,False,PGA,g,0.00026138668063924994,0.7347136108716102,0.0
B111199B,1999-11-11 14:41:25.600,5.63,-175.0,40.95,30.1,15.2,22.0,36.38807485662762,33.36669751222091,760.0,581.0477668809319,581.2465461379687,False,PGA,g,0.00023437160072630118,0.7347136108716102,0.0
B111199B,1999-11-11 14:41:25.600,5.63,-175.0,40.95,30.1,15.2,23.0,38.34642733343527,26.37603488009032,760.0,430.58303828369924,430.8512421446892,False,PGA,g,0.00039720043316887583,0.7347136108716102,0.0
B111199B,1999-11-11 14:41:25.600,5.63,-175.0,40.95,30.1,15.2,24.0,38.24807464160599,26.93450807089659,760.0,404.6884789204166,404.97383245207396,False,PGA,g,0.00044299714214441856,0.7347136108716102,0.0
B111199B,1999-11-11 14:41:25.600,5.63,-175.0,40.95,30.1,15.2,25.0,38.14647942535193,27.491558562072004,760.0,383.62260579812096,383.92361698564537,False,PGA,g,0.0004866760450265958,0.7347136108716102,0.0
B111199B,1999-11-11 14:41:25.600,5.63,-175.0,40.95,30.1,15.2,26.0,38.041654895825566,28.04715028256068,760.0,368.224914131364,368.53850190590725,False,PGA,g,0.0005230333700519866,0.7347136108716102,0.0
B111199B,1999-11-11 14:41:25.600,5.63,-175.0,40.95,30.1,15.2,27.0,37.93361455511884,28.601248223537706,760.0,359.23554668271674,359.55697462353635,False,PGA,g,0.0005462666280111481,0.7347136108716102,0.0
B111199B,1999-11-11 14:41:25.600,5.63,-175.0,40.95,30.1,15.2,28.0,37.82237218374227,29.15381845299078,760.0,357.1498048410575,357.4731082165559,False,PGA,g,0.000551888525941013,0.7347136108716102,0.0
B111199B,1999-11-11 14:41:25.600,5.63,-175.0,40.95,30.1,15.2,29.0,37.70794182798869,29.70482812881885,760.0,362.0984095427061,362.41729841904254,False,PGA,g,0.0005386949008713127,0.7347136108716102,0.0
B111199B,1999-11-11 14:41:25.600,5.63,-175.0,40.95,30.1,15.2,30.0,37.59033778720124,30.25424551046159,760.0,373.8136020698564,374.12250546103337,False,PGA,g,0.0005093596988894055,0.7347136108716102,0.0
B111199B,1999-11-11 14:41:25.600,5.63,-175.0,40.95,30.1,15.2,31.0,37.46957460096505,30.802039969076837,760.0,391.7001331973178,391.9949417362379,False,PGA,g,0.00046916157908317063,0.7347136108716102,0.0
B111199B,1999-11-11 14:41:25.600,5.63,-175.0,40.95,30.1,15.2,32.0,37.34566703624191,31.34818199628632,760.0,414.9719602626023,415.25024720544934,False,PGA,g,0.00042386578287583994,0.7347136108716102,0.0
B111199B,1999-11-11 14:41:25.600,5.63,-175.0,40.95,30.1,15.2,33.0,37.21863007446594,31.89264321151313,760.0,442.7916905931376,443.0525039522166,False,PGA,g,0.00037813173871594137,0.7347136108716102,0.0
B111199B,1999-11-11 14:41:25.600,5.63,-175.0,40.95,30.1,15.2,34.0,37.08847889861916,32.43539636793712,760.0,474.370411386868,474.6138716887091,False,PGA,g,0.00033495814511066665,0.7347136108716102,0.0
B111199B,1999-11-11 14:41:25.600,5.63,-175.0,40.95,30.1,15.2,35.0,36.95522888030389,32.976415357097224,760.0,509.019195774341,509.24609145947977,False,PGA,g,0.0002958688190414657,0.7347136108716102,0.0
B111199B,1999-11-11 14:41:25.600,5.63,-175.0,40.95,30.1,15.2,36.0,36.81889556682967,33.51567521217214,760.0,546.1639014131092,546.3753720719744,False,PGA,g,0.0002613654973465381,0.7347136108716102,0.0
B111199B,1999-11-11 14:41:25.600,5.63,-175.0,40.95,30.1,15.2,37.0,36.67949466833073,34.05315210997315,760.0,585.3390606613895,585.5363831018169,False,PGA,g,0.00023135453488574618,0.7347136108716102,0.0
B111199B,1999-11-11 14:41:25.600,5.63,-175.0,40.95,30.1,15.2,38.0,36.09153440869359,36.18479369961207,760.0,755.9684125420167,756.1212077182446,False,PGA,g,0.00014744224100870135,0.7347136108716102,0.0
B111199B,1999-11-11 14:41:25.600,5.63,-175.0,40.95,30.1,15.2,39.0,38.68892326225698,27.04833743448202,760.0,362.0847397957043,362.4036407004252,False,PGA,g,0.0005387306633899479,0.7347136108716102,0.0
B111199B,1999-11-11 14:41:25.600,5.63,-175.0,40.95,30.1,15.2,40.0,38.58654862739613,27.60878134728513,760.0,338.1993703899972,338.54077174277035,False,PGA,g,0.0006074063556978364,0.7347136108716102,0.0
B111199B,1999-11-11 14:41:25.600,5.63,-175.0,40.95,30.1,15.2,41.0,38.48092332630997,28.16772469576237,760.0,320.43609989793873,320.7964060238234,False,PGA,g,0.0006678257128451615,0.7347136108716102,0.0
B111199B,1999-11-11 14:41:25.600,5.63,-175.0,40.95,30.1,15.2,42.0,38.37206126242352,28.725131642390245,760.0,309.8618205054755,310.23440783860116,False,PGA,g,0.0007083887339349402,0.7347136108716102,0.0
B111199B,1999-11-11 14:41:25.600,5.63,-175.0,40.95,30.1,15.2,43.0,38.25997662378592,29.28096746915477,760.0,307.23259844929265,307.60837041586547,False,PGA,g,0.0007190745034948292,0.7347136108716102,0.0
B111199B,1999-11-11 14:41:25.600,5.63,-175.0,40.95,30.1,15.2,44.0,38.14468386993303,29.83519859074117,760.0,312.7620521211985,313.1311885569103,False,PGA,g,0.0006968871997785757,0.7347136108716102,0.0
B111199B,1999-11-11 14:41:25.600,5.63,-175.0,40.95,30.1,15.2,45.0,38.02619771865637,30.387792566174863,760.0,326.04851586929544,326.40262667535353,False,PGA,g,0.0006477545317750434,0.7347136108716102,0.0
B111199B,1999-11-11 14:41:25.600,5.63,-175.0,40.95,30.1,15.2,46.0,37.90453313269919,30.93871810893301,760.0,346.2129605623094,346.54646739119875,False,PGA,g,0.0005829075843012881,0.7347136108716102,0.0
B111199B,1999-11-11 14:41:25.600,5.63,-175.0,40.95,30.1,15.2,47.0,37.77970530639941,31.48794509554942,760.0,372.1514992221618,372.46178109076203,False,PGA,g,0.0005133672676793872,0.7347136108716102,0.0
B111199B,1999-11-11 14:41:25.600,5.63,-175.0,40.95,30.1,15.2,48.0,37.65172965229903,32.03544457273861,760.0,402.76204416103036,403.04876158694714,False,PGA,g,0.0004467314381259628,0.7347136108716102,0.0
B111199B,1999-11-11 14:41:25.600,5.63,-175.0,40.95,30.1,15.2,49.0,37.52062178773912,32.581188763067985,760.0,437.0755180193961,437.33974030714774,False,PGA,g,0.00038687708388248005,0.7347136108716102,0.0
B111199B,1999-11-11 14:41:25.600,5.63,-175.0,40.95,30.1,15.2,50.0,37.38639752145882,33.125151069209814,760.0,474.29985353660936,474.5433500375378,False,PGA,g,0.0003350458517770194,0.7347136108716102,0.0
B111199B,1999-11-11 14:41:25.600,5.63,-175.0,40.95,30.1,15.2,51.0,37.24907284021617,33.66730607680735,760.0,513.8132327194356,514.0380123274902,False,PGA,g,0.00029102649988637877,0.7347136108716102,0.0
B111199B,1999-11-11 14:41:25.600,5.63,-175.0,40.95,30.1,15.2,52.0,37.108663895448274,34.20762955599211,760.0,555.1370864968634,555.3451402544421,False,PGA,g,0.00025397317048619087,0.7347136108716102,0.0
B111199B,1999-11-11 14:41:25.600,5.63,-175.0,40.95,30.1,15.2,53.0,36.96518698998718,34.74609846159084,760.0,597.9057439219251,598.0989204260702,False,PGA,g,0.0002228608418839891,0.7347136108716102,0.0
B111199B,1999-11-11 14:41:25.600,5.63,-175.0,40.95,30.1,15.2,54.0,36.81865856484759,35.28269093206378,760.0,641.8396860662504,642.0196434764459,False,PGA,g,0.0001967009564443048,0.7347136108716102,0.0
B111199B,1999-11-11 14:41:25.600,5.63,-175.0,40.95,30.1,15.2,55.0,36.51651353185552,36.3501650247302,760.0,732.393181068035,732.5508935732421,False,PGA,g,0.00015590406289517982,0.7347136108716102,0.0
B111199B,1999-11-11 14:41:25.600,5.63,-175.0,40.95,30.1,15.2,56.0,39.12932169354253,27.16429886150565,760.0,321.5953364707175,321.95434527229787,False,PGA,g,0.000663600950071741,0.7347136108716102,0.0
B111199B,1999-11-11 14:41:25.600,5.63,-175.0,40.95,30.1,15.2,57.0,39.02615285189753,27.728192482780084,760.0,294.2437532274429,294.6360913285613,False,PGA,g,0.0007757645156025191,0.7347136108716102,0.0
B111199B,1999-11-11 14:41:25.600,5.63,-175.0,40.95,30.1,15.2,58.0,38.91971166128295,28.290542362066432,760.0,273.42206814824476,273.84423921357813,False,PGA,g,0.0008824717285567715,0.7347136108716102,0.0
B111199B,1999-11-11 14:41:25.600,5.63,-175.0,40.95,30.1,15.2,59.0,38.810012439872,28.851311815912176,760.0,260.7140583218715,261.15677323527376,False,PGA,g,0.0009593557318023217,0.7347136108716102,0.0
B111199B,1999-11-11 14:41:25.600,5.63,-175.0,40.95,30.1,15.2,60.0,38.69706979675155,29.41046532512941,760.0,257.33994340117204,257.78845294100825,False,PGA,g,0.000981537559956754,0.7347136108716102,0.0
B111199B,1999-11-11 14:41:25.600,5.63,-175.0,40.95,30.1,15.2,61.0,38.580898618260015,29.96796854805596,760.0,263.67391776824087,264.1116712893488,False,PGA,g,0.000940536330393925,0.7347136108716102,0.0
B111199B,1999-11-11 14:41:25.600,5.63,-175.0,40.95,30.1,15.2,62.0,38.46151405423436,30.52378833218374,760.0,279.0710730844389,279.48471126789786,False,PGA,g,0.0008513498986282554,0.7347136108716102,0.0
B111199B,1999-11-11 14:41:25.600,5.63,-175.0,40.95,30.1,15.2,63.0,38.33893150418781,31.07789272417605,760.0,302.1638024409054,302.5458700850939,False,PGA,g,0.0007404009352345739,0.7347136108716102,0.0
B111199B,1999-11-11 14:41:25.600,5.63,-175.0,40.95,30.1,15.2,64.0,38.21316660343932,31.63025097829894,760.0,331.36100964291006,331.7094492346709,False,PGA,g,0.0006296125632601293,0.7347136108716102,0.0
B111199B,1999-11-11 14:41:25.600,5.63,-175.0,40.95,30.1,15.2,65.0,38.08423520921518,32.180833563295366,760.0,365.21469217118437,365.5308624147802,False,PGA,g,0.0005306381535164556,0.7347136108716102,0.0
B111199B,1999-11-11 14:41:25.600,5.63,-175.0,40.95,30.1,15.2,66.0,37.95215338674287,32.729612167733904,760.0,402.56418533465336,402.8510435808168,False,PGA,g,0.0004471177680350912,0.7347136108716102,0.0
B111199B,1999-11-11 14:41:25.600,5.63,-175.0,40.95,30.1,15.2,67.0,37.816937395356426,33.27655970386688,760.0,442.5369352421286,442.79789865523975,False,PGA,g,0.00037851487648009514,0.7347136108716102,0.0
B111199B,1999-11-11 14:41:25.600,5.63,-175.0,40.95,30.1,15.2,68.0,37.67860367463222,33.821650310035366,760.0,484.4951483695596,484.73352348856747,False,PGA,g,0.000322735848477211,0.7347136108716102,0.0
B111199B,1999-11-11 14:41:25.600,5.63,-175.0,40.95,30.1,15.2,69.0,37.53716883057294,34.36485935166117,760.0,527.9761845450217,528.1949369756576,False,PGA,g,0.0002774236570773354,0.7347136108716102,0.0
B111199B,1999-11-11 14:41:25.600,5.63,-175.0,40.95,30.1,15.2,70.0,37.39264962185748,34.90616342086814,760.0,572.643272723614,572.8449683776679,False,PGA,g,0.00024046208692573692,0.7347136108716102,0.0
B111199B,1999-11-11 14:41:25.600,5.63,-175.0,40.95,30.1,15.2,71.0,37.24506294617298,35.445540334777355,760.0,618.2489739258039,618.435795988807,False,PGA,g,0.000210109781321167,0.7347136108716102,0.0
B111199B,1999-11-11 14:41:25.600,5.63,-175.0,40.95,30.1,15.2,72.0,37.09442582664533,35.982969132522314,760.0,664.6092865557517,664.7830802420782,False,PGA,g,0.0001849879863953832,0.7347136108716102,0.0
B111199B,1999-11-11 14:41:25.600,5.63,-175.0,40.95,30.1,15.2,73.0,36.94075539838291,36.51843007103232,760.0,711.585591679719,711.7479148449792,False,PGA,g,0.0001640227995235047,0.7347136108716102,0.0
B111199B,1999-11-11 14:41:25.600,5.63,-175.0,40.95,30.1,15.2,74.0,36.78406889514814,37.05190461963332,760.0,759.0720896923968,759.224260248566,False,PGA,g,0.00014638200969111477,0.7347136108716102,0.0
B111199B,1999-11-11 14:41:25.600,5.63,-175.0,40.95,30.1,15.2,75.0,39.66994047687324,26.71349486296508,760.0,320.45889966662133,320.81918018650583,False,PGA,g,0.0006677422149472123,0.7347136108716102,0.0
B111199B,1999-11-11 14:41:25.600,5.63,-175.0,40.95,30.1,15.2,76.0,39.569271083172126,27.282445186661697,760.0,284.11232087988935,284.51863010312206,False,PGA,g,0.0008250024936344806,0.7347136108716102,0.0
B111199B,1999-11-11 14:41:25.600,5.63,-175.0,40.95,30.1,15.2,77.0,39.46529288763372,27.849845891918065,760.0,252.50831536640868,252.96539156410645,False,PGA,g,0.0010147275501207664,0.7347136108716102,0.0
B111199B,1999-11-11 14:41:25.600,5.63,-175.0,40.95,30.1,15.2,78.0,39.3580203257534,28.41565823577763,760.0,227.64666481039916,228.15355355395678,False,PGA,g,0.0012169788411141404,0.7347136108716102,0.0
B111199B,1999-11-11 14:41:25.600,5.63,-175.0,40.95,30.1,15.2,79.0,39.24746814441138,28.979844671420302,760.0,211.93159175719057,212.47597413528072,False,PGA,g,0.0013794485677923578,0.7347136108716102,0.0
B111199B,1999-11-11 14:41:25.600,5.63,-175.0,40.95,30.1,15.2,80.0,39.13365138777182,29.5423688632149,760.0,207.47121577079074,208.02727074451082,False,PGA,g,0.001431791128042056,0.7347136108716102,0.0
B111199B,1999-11-11 14:41:25.600,5.63,-175.0,40.95,30.1,15.2,81.0,39.01658538307148,30.103195700029477,760.0,214.98636582125434,215.52303238640226,False,PGA,g,0.001345305999485244,0.7347136108716102,0.0
B111199B,1999-11-11 14:41:25.600,5.63,-175.0,40.95,30.1,15.2,82.0,38.89628572632051,30.66229130681988,760.0,233.34108346243013,233.83562866129017,False,PGA,g,0.0011654011524681754,0.7347136108716102,0.0
B111199B,1999-11-11 14:41:25.600,5.63,-175.0,40.95,30.1,15.2,83.0,38.772768267938105,31.21962305452092,760.0,260.2690790549443,260.7125495869135,False,PGA,g,0.000962235924160414,0.7347136108716102,0.0
B111199B,1999-11-11 14:41:25.600,5.63,-175.0,40.95,30.1,15.2,84.0,38.64604909834551,31.77515956826793,760.0,293.4351808947099,293.8285986535537,False,PGA,g,0.0007795231110723626,0.7347136108716102,0.0
B111199B,1999-11-11 14:41:25.600,5.63,-175.0,40.95,30.1,15.2,85.0,38.51614453353741,32.32887073398079,760.0,330.98387375481275,331.332709954423,False,PGA,g,0.0006308740858886457,0.7347136108716102,0.0
B111199B,1999-11-11 14:41:25.600,5.63,-175.0,40.95,30.1,15.2,86.0,38.38307110065308,32.88072770334502,760.0,371.60239335275577,371.91313333290105,False,PGA,g,0.0005147021013865398,0.7347136108716102,0.0
B111199B,1999-11-11 14:41:25.600,5.63,-175.0,40.95,30.1,15.2,87.0,38.24684552356719,33.43070289722835,760.0,414.40149280712706,414.6801625840997,False,PGA,g,0.0004248928982665207,0.7347136108716102,0.0
B111199B,1999-11-11 14:41:25.600,5.63,-175.0,40.95,30.1,15.2,88.0,38.107484708520346,33.97877000757363,760.0,458.7829716992887,459.0346992562004,False,PGA,g,0.0003552452679356158,0.7347136108716102,0.0
B111199B,1999-11-11 14:41:25.600,5.63,-175.0,40.95,30.1,15.2,89.0,37.96500572980777,34.52490399781175,760.0,504.3402379874672,504.569237719914,False,PGA,g,0.0003007177523350667,0.7347136108716102,0.0
B111199B,1999-11-11 14:41:25.600,5.63,-175.0,40.95,30.1,15.2,90.0,37.81942581554456,35.06908110184059,760.0,550.7920057239041,551.0017001510623,False,PGA,g,0.0002575112679046387,0.7347136108716102,0.0
B111199B,1999-11-11 14:41:25.600,5.63,-175.0,40.95,30.1,15.2,91.0,37.67076233352466,35.611278821618285,760.0,597.9397280053441,598.1328935337906,False,PGA,g,0.00022283853838376901,0.7347136108716102,0.0
B111199B,1999-11-11 14:41:25.600,5.63,-175.0,40.95,30.1,15.2,92.0,37.51903277719032,36.15147592342068,760.0,645.6404088032673,645.819307143763,False,PGA,g,0.00019466632432393375,0.7347136108716102,0.0
B111199B,1999-11-11 14:41:25.600,5.63,-175.0,40.95,30.1,15.2,93.0,37.36425475172738,36.68965243281496,760.0,693.7890746907367,693.955560652286,False,PGA,g,0.0001715053512822093,0.7347136108716102,0.0
B111199B,1999-11-11 14:41:25.600,5.63,-175.0,40.95,30.1,15.2,94.0,37.20644596030164,37.22578962840265,760.0,742.3072953182876,742.4629018898868,False,PGA,g,0.0001522551673672225,0.7347136108716102,0.0
B111199B,1999-11-11 14:41:25.600,5.63,-175.0,40.95,30.1,15.2,95.0,37.04562419045001,37.75987003438628,760.0,791.135527113379,791.2815316061434,False,PGA,g,0.00013609373059187947,0.7347136108716102,0.0
B111199B,1999-11-11 14:41:25.600,5.63,-175.0,40.95,30.1,15.2,96.0,36.71501320700875,38.821796749967135,760.0,889.5486659555208,889.6785200864674,False,PGA,g,0.00011069822980675016,0.7347136108716102,0.0
B111199B,1999-11-11 14:41:25.600,5.63,-175.0,40.95,30.1,15.2,97.0,40.11024381602152,26.830269986054727,760.0,291.6699247036054,292.0657203038501,False,PGA,g,0.0007878285295887547,0.7347136108716102,0.0
B111199B,1999-11-11 14:41:25.600,5.63,-175.0,40.95,30.1,15.2,98.0,40.00877234376844,27.40283107497407,760.0,250.97185143765068,251.4317207793046,False,PGA,g,0.001025651078477583,0.7347136108716102,0.0
B111199B,1999-11-11 14:41:25.600,5.63,-175.0,40.95,30.1,15.2,99.0,39.903969276608166,27.973797353865372,760.0,214.2772780145721,214.8157160762085,False,PGA,g,0.0013531126321201547,0.7347136108716102,0.0
B111199B,1999-11-11 14:41:25.600,5.63,-175.0,40.95,30.1,15.2,100.0,39.795849486245295,28.543129149689825,760.0,184.0167411469687,184.6434429443691,True,PGA,g,0.001766074158905209,0.7347136108716102,0.0
B111199B,1999-11-11 14:41:25.600,5.63,-175.0,40.95,30.1,15.2,101.0,39.68442816279457,29.11078803463584,760.0,163.81883543773537,164.52249342924458,True,PGA,g,0.0021634739050330324,0.7347136108716102,0.0
B111199B,1999-11-11 14:41:25.600,5.63,-175.0,40.95,30.1,15.2,102.0,39.569720800102296,29.676736841292104,760.0,157.62600923190737,158.35718735307643,True,PGA,g,0.002313773234770645,0.7347136108716102,0.0
B111199B,1999-11-11 14:41:25.600,5.63,-175.0,40.95,30.1,15.2,103.0,39.45174318095948,30.24093967598165,760.0,167.02816769179947,167.71836155436256,True,PGA,g,0.0020914960091921128,0.7347136108716102,0.0
B111199B,1999-11-11 14:41:25.600,5.63,-175.0,40.95,30.1,15.2,104.0,39.33051136223099,30.80336193028008,760.0,189.74328364147775,190.3511326129957,True,PGA,g,0.0016739628521229913,0.7347136108716102,0.0
B111199B,1999-11-11 14:41:25.600,5.63,-175.0,40.95,30.1,15.2,105.0,39.2060416599246,31.36397029074492,760.0,221.73673016860127,222.2570977626206,False,PGA,g,0.0012743859202818749,0.7347136108716102,0.0
B111199B,1999-11-11 14:41:25.600,5.63,-175.0,40.95,30.1,15.2,106.0,39.078350634223085,31.92273274688748,760.0,259.61829312027106,260.06287340311184,False,PGA,g,0.0009664726640587908,0.7347136108716102,0.0
B111199B,1999-11-11 14:41:25.600,5.63,-175.0,40.95,30.1,15.2,107.0,38.94745507450225,32.479618597422046,760.0,301.1902551947069,301.5735562416782,False,PGA,g,0.0007446103752560045,0.7347136108716102,0.0
B111199B,1999-11-11 14:41:25.600,5.63,-175.0,40.95,30.1,15.2,108.0,38.81337198435645,33.034598454831034,760.0,345.1360399106031,345.47058636760005,False,PGA,g,0.000586109004905777,0.7347136108716102,0.0
B111199B,1999-11-11 14:41:25.600,5.63,-175.0,40.95,30.1,15.2,109.0,38.67611856665329,33.587644248287745,760.0,390.6685835774272,390.96416996240623,False,PGA,g,0.0004713428204008658,0.7347136108716102,0.0
B111199B,1999-11-11 14:41:25.600,5.63,-175.0,40.95,30.1,15.2,110.0,38.53571220863781,34.13872922498166,760.0,437.30474338283216,437.56882725478135,False,PGA,g,0.00038652031080776066,0.7347136108716102,0.0
B111199B,1999-11-11 14:41:25.600,5.63,-175.0,40.95,30.1,15.2,111.0,38.392170467105785,34.687827949893595,760.0,484.7374995500943,484.9757555487467,False,PGA,g,0.0003224518921151014,0.7347136108716102,0.0
B111199B,1999-11-11 14:41:25.600,5.63,-175.0,40.95,30.1,15.2,112.0,38.24551105366531,35.234916304070964,760.0,532.764860124944,532.9816471361383,False,PGA,g,0.00027304872426017524,0.7347136108716102,0.0
B111199B,1999-11-11 14:41:25.600,5.63,-175.0,40.95,30.1,15.2,113.0,38.09575182010447,35.779971481455135,760.0,581.2496110925465,581.4483213452736,False,PGA,g,0.00023422831223408392,0.7347136108716102,0.0
B111199B,1999-11-11 14:41:25.600,5.63,-175.0,40.95,30.1,15.2,114.0,37.94291074388236,36.32297198431528,760.0,630.0958478433636,630.2791583651225,False,PGA,g,0.00020320293582651132,0.7347136108716102,0.0
B111199B,1999-11-11 14:41:25.600,5.63,-175.0,40.95,30.1,15.2,115.0,37.787005913759856,36.86389761734446,760.0,679.2348415282929,679.4048939667458,False,PGA,g,0.00017803039276742796,0.7347136108716102,0.0
B111199B,1999-11-11 14:41:25.600,5.63,-175.0,40.95,30.1,15.2,116.0,37.628055515585366,37.40272948047536,760.0,728.6162536828335,728.7747835448255,False,PGA,g,0.00015733032260054566,0.7347136108716102,0.0
B111199B,1999-11-11 14:41:25.600,5.63,-175.0,40.95,30.1,15.2,117.0,37.46607781825019,37.93944996047414,760.0,778.2025114375232,778.3509419327945,False,PGA,g,0.0001401029311622743,0.7347136108716102,0.0
B111199B,1999-11-11 14:41:25.600,5.63,-175.0,40.95,30.1,15.2,118.0,37.30109115982695,38.4740427213721,760.0,827.9651073986926,828.1046184327971,False,PGA,g,0.00012561119902184217,0.7347136108716102,0.0
B111199B,1999-11-11 14:41:25.600,5.63,-175.0,40.95,30.1,15.2,119.0,37.13311393390367,39.006492693795046,760.0,877.8821049974609,878.0136845600831,False,PGA,g,0.00011330292576426749,0.7347136108716102,0.0
B111199B,1999-11-11 14:41:25.600,5.63,-175.0,40.95,30.1,15.2,120.0,36.96216457612552,39.5367860632515,760.0,927.9364186873358,928.0609016256847,False,PGA,g,0.00010275817731042147,0.7347136108716102,0.0
B111199B,1999-11-11 14:41:25.600,5.63,-175.0,40.95,30.1,15.2,121.0,40.64903459878373,26.371447394800388,760.0,315.60445477312584,315.9702705519018,False,PGA,g,0.000685896187171724,0.7347136108716102,0.0
B111199B,1999-11-11 14:41:25.600,5.63,-175.0,40.95,30.1,15.2,122.0,40.3421823053369,28.100104579748663,760.0,181.75632245983658,182.3907913084542,True,PGA,g,0.0018046294858151501,0.7347136108716102,0.0
B111199B,1999-11-11 14:41:25.600,5.63,-175.0,40.95,30.1,15.2,123.0,40.23319904164602,28.67301389143944,760.0,144.4650613250947,145.2625001287785,True,PGA,g,0.002692885581337059,0.7347136108716102,0.0
B111199B,1999-11-11 14:41:25.600,5.63,-175.0,40.95,30.1,15.2,124.0,40.120892001998726,29.244201706086056,760.0,117.1737936690498,118.15556661790022,True,PGA,g,0.0038705691581341867,0.7347136108716102,0.0
B111199B,1999-11-11 14:41:25.600,5.63,-175.0,40.95,30.1,15.2,125.0,40.00527714511901,29.813630009126157,760.0,107.80463234605853,108.87092704330595,True,PGA,g,0.004468254437268766,0.7347136108716102,0.0
B111199B,1999-11-11 14:41:25.600,5.63,-175.0,40.95,30.1,15.2,126.0,39.88637072459324,30.381262111349876,760.0,120.643146092306,121.59691072987623,True,PGA,g,0.0036803369247151237,0.7347136108716102,0.0
B111199B,1999-11-11 14:41:25.600,5.63,-175.0,40.95,30.1,15.2,127.0,39.76418927340092,30.94706266031314,760.0,150.12337771449592,150.890916016867,True,PGA,g,0.002518822666296235,0.7347136108716102,0.0
B111199B,1999-11-11 14:41:25.600,5.63,-175.0,40.95,30.1,15.2,128.0,39.638749588390894,31.51099764986585,760.0,188.6200148417159,189.23147200951837,True,PGA,g,0.0016914297129453867,0.7347136108716102,0.0
B111199B,1999-11-11 14:41:25.600,5.63,-175.0,40.95,30.1,15.2,129.0,39.510068714727474,32.073034427829406,760.0,231.70122634268245,232.19926418639434,False,PGA,g,0.00117989840958632,0.7347136108716102,0.0
B111199B,1999-11-11 14:41:25.600,5.63,-175.0,40.95,30.1,15.2,130.0,39.37816393033035,32.63314170186223,760.0,277.2552518856227,277.6715950509884,False,PGA,g,0.0008611638547369371,0.7347136108716102,0.0
B111199B,1999-11-11 14:41:25.600,5.63,-175.0,40.95,30.1,15.2,131.0,39.24305273033106,33.1912895435556,760.0,324.256872446491,324.6129377100979,False,PGA,g,0.0006540580235552087,0.7347136108716102,0.0
B111199B,1999-11-11 14:41:25.600,5.63,-175.0,40.95,30.1,15.2,132.0,39.10475281156865,33.747449390805635,760.0,372.1718875893491,372.48215247420796,False,PGA,g,0.0005133178095729106,0.7347136108716102,0.0
B111199B,1999-11-11 14:41:25.600,5.63,-175.0,40.95,30.1,15.2,133.0,38.96328205714568,34.30159404851024,760.0,420.70101584382735,420.97551559684354,False,PGA,g,0.0004137628109448875,0.7347136108716102,0.0
B111199B,1999-11-11 14:41:25.600,5.63,-175.0,40.95,30.1,15.2,134.0,38.81865852106536,34.85369768764283,760.0,469.6656956352104,469.9115934476464,False,PGA,g,0.00034088608152785894,0.7347136108716102,0.0
B111199B,1999-11-11 14:41:25.600,5.63,-175.0,40.95,30.1,15.2,135.0,38.67090041296952,35.40373584275705,760.0,518.9536600416234,519.1762140840013,False,PGA,g,0.0002859708743582516,0.7347136108716102,0.0
B111199B,1999-11-11 14:41:25.600,5.63,-175.0,40.95,30.1,15.2,136.0,38.52002608299594,35.951685407979305,760.0,568.4912049652975,568.6943732119177,False,PGA,g,0.0002435629864212387,0.7347136108716102,0.0
B111199B,1999-11-11 14:41:25.600,5.63,-175.0,40.95,30.1,15.2,137.0,38.36605400677348,36.49752463154753,760.0,618.2281844767543,618.4150128202126,False,PGA,g,0.00021012222357468926,0.7347136108716102,0.0
B111199B,1999-11-11 14:41:25.600,5.63,-175.0,40.95,30.1,15.2,138.0,38.20900277057115,37.04123310895654,760.0,668.129457368265,668.3023356260339,False,PGA,g,0.00018327492459841376,0.7347136108716102,0.0
B111199B,1999-11-11 14:41:25.600,5.63,-175.0,40.95,30.1,15.2,139.0,38.0488910566178,37.58279177477196,760.0,718.1697865543723,718.3306218723748,False,PGA,g,0.00016138345763603502,0.7347136108716102,0.0
B111199B,1999-11-11 14:41:25.600,5.63,-175.0,40.95,30.1,15.2,140.0,37.88573762860676,38.122182893175335,760.0,768.3306766876372,768.481013909441,False,PGA,g,0.0001432892172287476,0.7347136108716102,0.0
B111199B,1999-11-11 14:41:25.600,5.63,-175.0,40.95,30.1,15.2,141.0,37.71956131739987,38.65939004730469,760.0,818.598345999172,818.7394531061638,False,PGA,g,0.00012815409536390867,0.7347136108716102,0.0
B111199B,1999-11-11 14:41:25.600,5.63,-175.0,40.95,30.1,15.2,142.0,37.55038100694362,39.194398127454846,760.0,868.9623865149745,869.0953165089546,False,PGA,g,0.00011535976378299654,0.7347136108716102,0.0
B111199B,1999-11-11 14:41:25.600,5.63,-175.0,40.95,30.1,15.2,143.0,37.3782156204095,39.72719331820265,760.0,919.4148556739881,919.5404922209899,False,PGA,g,0.00010444196164887265,0.7347136108716102,0.0
B111199B,1999-11-11 14:41:25.600,5.63,-175.0,40.95,30.1,15.2,144.0,37.20308410656944,40.2577630845222,760.0,969.9496460858412,970.0687377408101,False,PGA,g,9.504658374042131e-05,0.7347136108716102,0.0
B111199B,1999-11-11 14:41:25.600,5.63,-175.0,40.95,30.1,15.2,145.0,41.08928448177223,26.488968088567013,760.0,303.3212628063657,303.70187432817795,False,PGA,g,0.0007354445774988158,0.7347136108716102,0.0
B111199B,1999-11-11 14:41:25.600,5.63,-175.0,40.95,30.1,15.2,146.0,40.98955554528828,27.070582434207815,760.0,254.37050970588842,254.82424572248513,False,PGA,g,0.0010017304302105583,0.7347136108716102,0.0
B111199B,1999-11-11 14:41:25.600,5.63,-175.0,40.95,30.1,15.2,147.0,40.556858879095685,29.380147541154155,760.0,74.75040063009493,76.2801572780215,True,PGA,g,0.00832805650417099,0.7347136108716102,0.0
B111199B,1999-11-11 14:41:25.600,5.63,-175.0,40.95,30.1,15.2,148.0,40.44031923175131,29.953111188266483,760.0,58.01116654606837,59.96945425827787,True,PGA,g,0.012659417048355057,0.7347136108716102,0.0
B111199B,1999-11-11 14:41:25.600,5.63,-175.0,40.95,30.1,15.2,149.0,40.32046641172607,30.5242267272893,760.0,78.62286971604242,80.07868407001816,True,PGA,g,0.007650490136221856,0.7347136108716102,0.0
B111199B,1999-11-11 14:41:25.600,5.63,-175.0,40.95,30.1,15.2,150.0,40.19731744397758,31.09345805137606,760.0,118.51131696718501,119.48210012088252,True,PGA,g,0.0037954559808847485,0.7347136108716102,0.0
B111199B,1999-11-11 14:41:25.600,5.63,-175.0,40.95,30.1,15.2,151.0,40.07088962204292,31.660770453715006,760.0,164.20811542198717,164.91011239593726,True,PGA,g,0.002154538755767164,0.7347136108716102,0.0
B111199B,1999-11-11 14:41:25.600,5.63,-175.0,40.95,30.1,15.2,152.0,39.94120049187214,32.22613063486308,760.0,212.01157391409257,212.55575144778072,False,PGA,g,0.001378537419901262,0.7347136108716102,0.0
B111199B,1999-11-11 14:41:25.600,5.63,-175.0,40.95,30.1,15.2,153.0,39.80826783566438,32.78950670817389,760.0,260.78406393493196,261.22666020607215,False,PGA,g,0.0009589038388182308,0.7347136108716102,0.0
B111199B,1999-11-11 14:41:25.600,5.63,-175.0,40.95,30.1,15.2,154.0,39.67210965573072,33.350868203365806,760.0,310.08468857828314,310.45700844189497,False,PGA,g,0.0007074943916846277,0.7347136108716102,0.0
B111199B,1999-11-11 14:41:25.600,5.63,-175.0,40.95,30.1,15.2,155.0,39.53274415840682,33.91018606828075,760.0,359.71068148791784,360.0316852396498,False,PGA,g,0.0005449984931154432,0.7347136108716102,0.0
B111199B,1999-11-11 14:41:25.600,5.63,-175.0,40.95,30.1,15.2,156.0,39.3901897380382,34.467432668886644,760.0,409.5568113466421,409.8387752768508,False,PGA,g,0.0004337750786165405,0.7347136108716102,0.0
B111199B,1999-11-11 14:41:25.600,5.63,-175.0,40.95,30.1,15.2,157.0,39.24446496105929,35.02258178758028,760.0,459.5634626776102,459.81476295159905,False,PGA,g,0.00035418416306616177,0.7347136108716102,0.0
B111199B,1999-11-11 14:41:25.600,5.63,-175.0,40.95,30.1,15.2,158.0,39.09558855018729,35.575608619849234,760.0,509.69458343253507,509.92117859573693,False,PGA,g,0.0002951790206960853,0.7347136108716102,0.0
B111199B,1999-11-11 14:41:25.600,5.63,-175.0,40.95,30.1,15.2,159.0,38.94357936874966,36.126489769354585,760.0,559.9272651612326,560.1335396768679,False,PGA,g,0.0002501601450564448,0.7347136108716102,0.0
B111199B,1999-11-11 14:41:25.600,5.63,-175.0,40.95,30.1,15.2,160.0,38.78845640516469,36.67520324149756,760.0,610.2463920058817,610.4356632407679,False,PGA,g,0.00021498595552855532,0.7347136108716102,0.0
B111199B,1999-11-11 14:41:25.600,5.63,-175.0,40.95,30.1,15.2,161.0,38.63023875759182,37.22172843553528,760.0,660.6417031327529,660.8165402879565,False,PGA,g,0.0001869490419328127,0.7347136108716102,0.0
B111199B,1999-11-11 14:41:25.600,5.63,-175.0,40.95,30.1,15.2,162.0,38.46894561876885,37.76604613531235,760.0,711.106089583064,711.2685221785908,False,PGA,g,0.00016421765141723447,0.7347136108716102,0.0
B111199B,1999-11-11 14:41:25.600,5.63,-175.0,40.95,30.1,15.2,163.0,38.30459626105106,38.30813849867578,760.0,761.6345608707321,761.7862195608116,False,PGA,g,0.00014551563280567253,0.7347136108716102,0.0
B111199B,1999-11-11 14:41:25.600,5.63,-175.0,40.95,30.1,15.2,164.0,38.13721002166683,38.84798904564202,760.0,812.2235933720023,812.3658077677369,False,PGA,g,0.00012993117582759696,0.7347136108716102,0.0
B111199B,1999-11-11 14:41:25.600,5.63,-175.0,40.95,30.1,15.2,165.0,37.96680628820294,39.385582645385306,760.0,862.8707056962229,863.0045740021878,False,PGA,g,0.00011679831096024807,0.7347136108716102,0.0
B111199B,1999-11-11 14:41:25.600,5.63,-175.0,40.95,30.1,15.2,166.0,37.7934044843319,39.92090550211677,760.0,913.5741739681989,913.7006136266282,False,PGA,g,0.00010562114461182036,0.7347136108716102,0.0
B111199B,1999-11-11 14:41:25.600,5.63,-175.0,40.95,30.1,15.2,167.0,37.61702405579266,40.45394513992413,760.0,964.3328361067089,964.452621331711,False,PGA,g,9.602406223935214e-05,0.7347136108716102,0.0
B111199B,1999-11-11 14:41:25.600,5.63,-175.0,40.95,30.1,15.2,168.0,37.43768445663451,40.98469038664149,760.0,1015.1459542962242,1015.2597443629841,False,PGA,g,8.77181902469492e-05,0.7347136108716102,0.0
B111199B,1999-11-11 14:41:25.600,5.63,-175.0,40.95,30.1,15.2,169.0,37.25540513573389,41.51313135681831,760.0,1066.0131164506658,1066.121477339642,False,PGA,g,8.047831166169257e-05,0.7347136108716102,0.0
B111199B,1999-11-11 14:41:25.600,5.63,-175.0,40.95,30.1,15.2,170.0,41.52911975891151,26.60877510208489,760.0,298.9112301378421,299.29744987640305,False,PGA,g,0.0007546122600523156,0.7347136108716102,0.0
B111199B,1999-11-11 14:41:25.600,5.63,-175.0,40.95,30.1,15.2,171.0,41.42856530103737,27.19423644754487,760.0,248.89164741893492,249.35535317075392,False,PGA,g,0.0010407361541307505,0.7347136108716102,0.0
B111199B,1999-11-11 14:41:25.600,5.63,-175.0,40.95,30.1,15.2,172.0,41.32459277417623,27.778001842368653,760.0,198.85989981290263,199.43996528679418,True,PGA,g,0.0015420564251696725,0.7347136108716102,0.0
B111199B,1999-11-11 14:41:25.600,5.63,-175.0,40.95,30.1,15.2,173.0,41.21721809479402,28.360027310851105,760.0,148.82656711300288,149.6007589507525,True,PGA,g,0.002557133437607929,0.7347136108716102,0.0
B111199B,1999-11-11 14:41:25.600,5.63,-175.0,40.95,30.1,15.2,174.0,41.1064575358912,28.94027026737205,760.0,98.82537187349925,99.98746984465312,True,PGA,g,0.005187382945988194,0.7347136108716102,0.0
B111199B,1999-11-11 14:41:25.600,5.63,-175.0,40.95,30.1,15.2,175.0,40.99232771054403,29.51868953397133,760.0,49.03123649957817,51.33324607578958,True,PGA,g,0.01656839245576197,0.7347136108716102,0.0
B111199B,1999-11-11 14:41:25.600,5.63,-175.0,40.95,30.1,15.2,176.0,40.87484555531893,30.095245355730786,760.0,8.366350053883949,17.350383662159288,True,PGA,g,0.09817664317049339,0.7347136108716102,0.0009635328634098678
B111199B,1999-11-11 14:41:25.600,5.63,-175.0,40.95,30.1,15.2,177.0,40.75402831358981,30.66989941399068,760.0,52.653825945149336,54.80388112772746,True,PGA,g,0.01479759438886112,0.7347136108716102,0.0
B111199B,1999-11-11 14:41:25.600,5.63,-175.0,40.95,30.1,15.2,178.0,40.62989351878622,31.24261483743329,760.0,102.5664131062918,103.68659073135015,True,PGA,g,0.0048673724438014826,0.7347136108716102,0.0
B111199B,1999-11-11 14:41:25.600,5.63,-175.0,40.95,30.1,15.2,179.0,40.50245897760074,31.81335621107146,760.0,152.71278771232335,153.46737611254431,True,PGA,g,0.00244495497081448,0.7347136108716102,0.0
B111199B,1999-11-11 14:41:25.600,5.63,-175.0,40.95,30.1,15.2,180.0,40.37174275318224,32.38208958318474,760.0,202.94242076005807,203.5108501872872,False,PGA,g,0.0014881847057778238,0.7347136108716102,0.0
B111199B,1999-11-11 14:41:25.600,5.63,-175.0,40.95,30.1,15.2,181.0,40.23776314834132,32.948782470250165,760.0,253.22467864507178,253.68046411755847,False,PGA,g,0.0010096966538195448,0.7347136108716102,0.0
B111199B,1999-11-11 14:41:25.600,5.63,-175.0,40.95,30.1,15.2,182.0,40.10053868879341,33.513403859918775,760.0,303.54977491543576,303.9301002717758,False,PGA,g,0.0007344722067879778,0.7347136108716102,0.0
B111199B,1999-11-11 14:41:25.600,5.63,-175.0,40.95,30.1,15.2,183.0,39.96008810646402,34.075924212092694,760.0,353.9139813557967,354.2402379729203,False,PGA,g,0.0005607914698365213,0.7347136108716102,0.0
B111199B,1999-11-11 14:41:25.600,5.63,-175.0,40.95,30.1,15.2,184.0,39.81643032287921,34.636315458161214,760.0,404.31586532781375,404.6014816529702,False,PGA,g,0.00044371561142910897,0.7347136108716102,0.0
B111199B,1999-11-11 14:41:25.600,5.63,-175.0,40.95,30.1,15.2,185.0,39.66958443266434,35.194550998457146,760.0,454.75502315674277,455.00897912710434,False,PGA,g,0.00036080142438293873,0.7347136108716102,0.0
B111199B,1999-11-11 14:41:25.600,5.63,-175.0,40.95,30.1,15.2,186.0,39.51956968717203,35.75060569799753,760.0,505.2315702796132,505.4601661923556,False,PGA,g,0.00029978448345071527,0.7347136108716102,0.0
B111199B,1999-11-11 14:41:25.600,5.63,-175.0,40.95,30.1,15.2,187.0,39.366405478259885,36.30445588057545,760.0,555.7459085039172,555.9537344229683,False,PGA,g,0.000253483508910108,0.7347136108716102,0.0
B111199B,1999-11-11 14:41:25.600,5.63,-175.0,40.95,30.1,15.2,188.0,39.21011132223724,36.85607932127117,760.0,606.2986093076006,606.4891125554774,False,PGA,g,0.00021745707084862875,0.7347136108716102,0.0
B111199B,1999-11-11 14:41:25.600,5.63,-175.0,40.95,30.1,15.2,189.0,39.050706843999045,37.4054552374532,760.0,656.8903509000447,657.0661862442655,False,PGA,g,0.00018883335280552426,0.7347136108716102,0.0
B111199B,1999-11-11 14:41:25.600,5.63,-175.0,40.95,30.1,15.2,190.0,38.88821176136395,37.95256427834092,760.0,707.5218822443212,707.6851375114127,False,PGA,g,0.0001656857013339051,0.7347136108716102,0.0
B111199B,1999-11-11 14:41:25.600,5.63,-175.0,40.95,30.1,15.2,191.0,38.72264586963246,38.497388513201685,760.0,758.1940014943357,758.3463482486038,False,PGA,g,0.00014668075392944608,0.7347136108716102,0.0
B111199B,1999-11-11 14:41:25.600,5.63,-175.0,40.95,30.1,15.2,192.0,38.55402902637986,39.03991141825595,760.0,808.9075425574699,809.050339846888,False,PGA,g,0.0001308709041013088,0.7347136108716102,0.0
B111199B,1999-11-11 14:41:25.600,5.63,-175.0,40.95,30.1,15.2,193.0,38.38238113649788,39.58011786236474,760.0,859.66336644594,859.7977341265599,False,PGA,g,0.0001175670529973176,0.7347136108716102,0.0
B111199B,1999-11-11 14:41:25.600,5.63,-175.0,40.95,30.1,15.2,194.0,38.20772213749719,40.11799409157385,760.0,910.4623555598358,910.5892273091995,False,PGA,g,0.00010625793614309761,0.7347136108716102,0.0
B111199B,1999-11-11 14:41:25.600,5.63,-175.0,40.95,30.1,15.2,195.0,38.0300719850824,40.65352771258926,760.0,961.3054098250686,961.4255722410046,False,PGA,g,9.655746779113615e-05,0.7347136108716102,0.0
B111199B,1999-11-11 14:41:25.600,5.63,-175.0,40.95,30.1,15.2,196.0,37.84945063900995,41.1867076752579,760.0,1012.1934440393319,1012.3075659878297,False,PGA,g,8.816948226214029e-05,0.7347136108716102,0.0
B111199B,1999-11-11 14:41:25.600,5.63,-175.0,40.95,30.1,15.2,197.0,37.66587804923799,41.7175242541276,760.0,1063.1273860252236,1063.2360410166807,False,PGA,g,8.0863583532004e-05,0.7347136108716102,0.0
B111199B,1999-11-11 14:41:25.600,5.63,-175.0,40.95,30.1,15.2,198.0,37.47937414237634,42.24596902915907,760.0,1114.1081753351793,1114.2118588260864,False,PGA,g,7.445826568654922e-05,0.7347136108716102,0.0
B111199B,1999-11-11 14:41:25.600,5.63,-175.0,40.95,30.1,15.2,199.0,41.86714480472202,27.320303598891837,760.0,253.24391462034237,253.69966553433855,False,PGA,g,0.0010095621013322092,0.7347136108716102,0.0
B111199B,1999-11-11 14:41:25.600,5.63,-175.0,40.95,30.1,15.2,200.0,41.76230564320424,27.90793197350734,760.0,204.0330589961526,204.5984583600949,False,PGA,g,0.0014742902502384205,0.7347136108716102,0.0
B111199B,1999-11-11 14:41:25.600,5.63,-175.0,40.95,30.1,15.2,201.0,41.06191479063402,31.39460201858199,760.0,109.34258048316431,110.3940211547585,True,PGA,g,0.00436068154955247,0.7347136108716102,0.0
B111199B,1999-11-11 14:41:25.600,5.63,-175.0,40.95,30.1,15.2,202.0,40.93345450667417,31.96882470353246,760.0,156.9781216238817,157.71230347871466,True,PGA,g,0.0023304346401250217,0.7347136108716102,0.0
B111199B,1999-11-11 14:41:25.600,5.63,-175.0,40.95,30.1,15.2,203.0,40.801691908159086,32.54098176438588,760.0,205.88723220865654,206.44755359785995,False,PGA,g,0.0014511295194448407,0.7347136108716102,0.0
B111199B,1999-11-11 14:41:25.600,5.63,-175.0,40.95,30.1,15.2,204.0,40.666645835463534,33.11104011893139,760.0,255.35784819118288,255.80983294789746,False,PGA,g,0.0009949447045118085,0.7347136108716102,0.0
B111199B,1999-11-11 14:41:25.600,5.63,-175.0,40.95,30.1,15.2,205.0,40.52833535453819,33.67896821343401,760.0,305.133231372024,305.5115855209637,False,PGA,g,0.0007277891940002421,0.7347136108716102,0.0
B111199B,1999-11-11 14:41:25.600,5.63,-175.0,40.95,30.1,15.2,206.0,40.38677973958139,34.24473602295546,760.0,355.09972027990113,355.4248884685258,False,PGA,g,0.0005575031237583917,0.7347136108716102,0.0
B111199B,1999-11-11 14:41:25.600,5.63,-175.0,40.95,30.1,15.2,207.0,40.24199845581047,34.80831504974517,760.0,405.1997603775526,405.48475410306867,False,PGA,g,0.00044201425686726705,0.7347136108716102,0.0
B111199B,1999-11-11 14:41:25.600,5.63,-175.0,40.95,30.1,15.2,208.0,40.09401114235636,35.36967831976815,760.0,455.4013688282089,455.6549645626681,False,PGA,g,0.00035990072102457064,0.7347136108716102,0.0
B111199B,1999-11-11 14:41:25.600,5.63,-175.0,40.95,30.1,15.2,209.0,39.94283759530382,35.928800377439245,760.0,505.68555278398014,505.9139435659385,False,PGA,g,0.00029931088449757474,0.7347136108716102,0.0
B111199B,1999-11-11 14:41:25.600,5.63,-175.0,40.95,30.1,15.2,210.0,39.78849775089813,36.48565727863619,760.0,556.0404820388236,556.2481978990738,False,PGA,g,0.0002532471209870013,0.7347136108716102,0.0
B111199B,1999-11-11 14:41:25.600,5.63,-175.0,40.95,30.1,15.2,211.0,39.63101166893865,37.04022658206525,760.0,606.4585380066469,606.6489910328373,False,PGA,g,0.00021735610014049178,0.7347136108716102,0.0
B111199B,1999-11-11 14:41:25.600,5.63,-175.0,40.95,30.1,15.2,212.0,39.47039951637768,37.59248733905582,760.0,656.9347102240921,657.1105336982598,False,PGA,g,0.00018881089741712594,0.7347136108716102,0.0
B111199B,1999-11-11 14:41:25.600,5.63,-175.0,40.95,30.1,15.2,213.0,39.30668155114245,38.14242008186092,760.0,707.4656739074023,707.6289421421759,False,PGA,g,0.0001657088872191941,0.7347136108716102,0.0
B111199B,1999-11-11 14:41:25.600,5.63,-175.0,40.95,30.1,15.2,214.0,39.13987810619656,38.69000681054206,760.0,758.0492336731294,758.2016095158456,False,PGA,g,0.0001467300987588259,0.7347136108716102,0.0
B111199B,1999-11-11 14:41:25.600,5.63,-175.0,40.95,30.1,15.2,215.0,38.97000957385584,39.23523097851778,760.0,808.6839745065671,808.8268112666259,False,PGA,g,0.00013093464356070847,0.7347136108716102,0.0
B111199B,1999-11-11 14:41:25.600,5.63,-175.0,40.95,30.1,15.2,216.0,38.79709639037304,39.77807747685498,760.0,859.3690352382703,859.503448932205,False,PGA,g,0.00011763799596876268,0.7347136108716102,0.0
B111199B,1999-11-11 14:41:25.600,5.63,-175.0,40.95,30.1,15.2,217.0,38.62115902080354,40.3185326173833,760.0,910.1039571822256,910.2308788866407,False,PGA,g,0.00010633166378357068,0.7347136108716102,0.0
B111199B,1999-11-11 14:41:25.600,5.63,-175.0,40.95,30.1,15.2,218.0,38.44221794416428,40.8565841147114,760.0,960.888580398165,961.0087949335327,False,PGA,g,9.663127304008383e-05,0.7347136108716102,0.0
B111199B,1999-11-11 14:41:25.600,5.63,-175.0,40.95,30.1,15.2,219.0,38.26029363889579,41.3922210672249,760.0,1011.7229709931777,1011.8371460048609,False,PGA,g,8.824173026915263e-05,0.7347136108716102,0.0
B111199B,1999-11-11 14:41:25.600,5.63,-175.0,40.95,30.1,15.2,220.0,38.07540656863709,41.92543393714404,760.0,1062.6073691635247,1062.7160773229261,False,PGA,g,8.093331799361203e-05,0.7347136108716102,0.0
B111199B,1999-11-11 14:41:25.600,5.63,-175.0,40.95,30.1,15.2,221.0,37.88757716832112,42.45621452971892,760.0,1113.542151405404,1113.6458875946948,False,PGA,g,7.452496232119962e-05,0.7347136108716102,0.0
B111199B,1999-11-11 14:41:25.600,5.63,-175.0,40.95,30.1,15.2,222.0,37.6968258305983,42.98455597163872,760.0,1164.5278025994326,1164.6269973803041,False,PGA,g,6.887230912279487e-05,0.7347136108716102,0.0
B111199B,1999-11-11 14:41:25.600,5.63,-175.0,40.95,30.1,15.2,223.0,37.503172892593774,43.5104526887302,760.0,1215.5648950998823,1215.6599253899867,False,PGA,g,6.385908817099636e-05,0.7347136108716102,0.0
B111199B,1999-11-11 14:41:25.600,5.63,-175.0,40.95,30.1,15.2,224.0,41.36387268192554,32.12724807530359,760.0,175.8447499329873,176.50047047811185,True,PGA,g,0.0019119184727127245,0.7347136108716102,0.0
B111199B,1999-11-11 14:41:25.600,5.63,-175.0,40.95,30.1,15.2,225.0,41.23104397401816,32.70288003523498,760.0,220.35185665607307,220.87548694180296,False,PGA,g,0.0012884513212186712,0.7347136108716102,0.0
B111199B,1999-11-11 14:41:25.600,5.63,-175.0,40.95,30.1,15.2,226.0,41.09491145873179,33.2763531496317,760.0,266.94053568508696,267.3729410240333,False,PGA,g,0.0009204289093440221,0.7347136108716102,0.0
B111199B,1999-11-11 14:41:25.600,5.63,-175.0,40.95,30.1,15.2,227.0,40.95549475971331,33.847635325026566,760.0,314.7033762887994,315.0702382764352,False,PGA,g,0.0006893509242114803,0.7347136108716102,0.0
B111199B,1999-11-11 14:41:25.600,5.63,-175.0,40.95,30.1,15.2,228.0,40.81281371072964,34.41669605582694,760.0,363.1915609316978,363.5094908417154,False,PGA,g,0.0005358470124937197,0.7347136108716102,0.0
B111199B,1999-11-11 14:41:25.600,5.63,-175.0,40.95,30.1,15.2,229.0,40.66688833779436,34.98350642177497,760.0,412.16206815353695,412.4422510177647,False,PGA,g,0.00042896287530212534,0.7347136108716102,0.0
B111199B,1999-11-11 14:41:25.600,5.63,-175.0,40.95,30.1,15.2,230.0,40.51773884143387,35.548039083457624,760.0,461.4732918137008,461.72355263444496,False,PGA,g,0.00035160852503805497,0.7347136108716102,0.0
B111199B,1999-11-11 14:41:25.600,5.63,-175.0,40.95,30.1,15.2,231.0,40.3653855791167,36.110268275942175,760.0,511.0377362067346,511.26373607689413,False,PGA,g,0.0002938146754792291,0.7347136108716102,0.0
B111199B,1999-11-11 14:41:25.600,5.63,-175.0,40.95,30.1,15.2,232.0,40.20984904786767,36.67016980061532,760.0,560.7987352135173,561.0046893004377,False,PGA,g,0.00024947609331582707,0.7347136108716102,0.0
B111199B,1999-11-11 14:41:25.600,5.63,-175.0,40.95,30.1,15.2,233.0,40.05114986708789,37.227721015306265,760.0,610.7181678370333,610.9072929063974,False,PGA,g,0.0002146935928274639,0.7347136108716102,0.0
B111199B,1999-11-11 14:41:25.600,5.63,-175.0,40.95,30.1,15.2,234.0,39.88930876159981,37.782900822775545,760.0,660.7695856459866,660.9443889729066,False,PGA,g,0.00018688532630047275,0.7347136108716102,0.0
B111199B,1999-11-11 14:41:25.600,5.63,-175.0,40.95,30.1,15.2,235.0,39.72434654493565,38.33568965765315,760.0,710.9341734378795,711.0966453034362,False,PGA,g,0.0001642876001264233,0.7347136108716102,0.0
B111199B,1999-11-11 14:41:25.600,5.63,-175.0,40.95,30.1,15.2,236.0,39.55628410288591,38.88606947191002,760.0,761.1982733435004,761.3500189407803,False,PGA,g,0.00014566257401170532,0.7347136108716102,0.0
B111199B,1999-11-11 14:41:25.600,5.63,-175.0,40.95,30.1,15.2,237.0,39.38514237732356,39.43402371894801,760.0,811.551811541673,811.6941436382126,False,PGA,g,0.00013012069464167803,0.7347136108716102,0.0
B111199B,1999-11-11 14:41:25.600,5.63,-175.0,40.95,30.1,15.2,238.0,39.210942350318334,39.97953733639344,760.0,861.9872668197515,862.1212723041843,False,PGA,g,0.00011700926765052839,0.7347136108716102,0.0
B111199B,1999-11-11 14:41:25.600,5.63,-175.0,40.95,30.1,15.2,239.0,39.03370502855385,40.522596727679726,760.0,912.4989756654152,912.6255642871462,False,PGA,g,0.00010584049155593825,0.7347136108716102,0.0
B111199B,1999-11-11 14:41:25.600,5.63,-175.0,40.95,30.1,15.2,240.0,38.85345142805938,41.063189742503695,760.0,963.0826527094241,963.202593408999,False,PGA,g,9.624377228562039e-05,0.7347136108716102,0.0
B111199B,1999-11-11 14:41:25.600,5.63,-175.0,40.95,30.1,15.2,241.0,38.67020255926717,41.60130565624036,760.0,1013.7350526626054,1013.8490010829302,False,PGA,g,8.793339418169461e-05,0.7347136108716102,0.0
B111199B,1999-11-11 14:41:25.600,5.63,-175.0,40.95,30.1,15.2,242.0,38.48397941240376,42.136935148399466,760.0,1064.453727431689,1064.5622470495637,False,PGA,g,8.068614643307104e-05,0.7347136108716102,0.0
B111199B,1999-11-11 14:41:25.600,5.63,-175.0,40.95,30.1,15.2,243.0,38.29480294322424,42.67007028020628,760.0,1115.2368486211321,1115.3404271891134,False,PGA,g,7.432554900546902e-05,0.7347136108716102,0.0
B111199B,1999-11-11 14:41:25.600,5.63,-175.0,40.95,30.1,15.2,244.0,38.10269405909594,43.20070447138824,760.0,1166.0830758134646,1166.1821383037002,False,PGA,g,6.87105426293335e-05,0.7347136108716102,0.0
B111199B,1999-11-11 14:41:25.600,5.63,-175.0,40.95,30.1,15.2,245.0,37.90767360543753,43.728832476246495,760.0,1216.9914574549225,1217.0863763588254,False,PGA,g,6.372725431713088e-05,0.7347136108716102,0.0
B111199B,1999-11-11 14:41:25.600,5.63,-175.0,40.95,30.1,15.2,246.0,37.70976235251805,44.25445035909105,760.0,1267.961355329017,1268.0524589336978,False,PGA,g,5.928291756661467e-05,0.7347136108716102,0.0
B111199B,1999-11-11 14:41:25.600,5.63,-175.0,40.95,30.1,15.2,247.0,41.65979456066122,32.86785971045566,760.0,244.28745579684386,244.75988449845073,False,PGA,g,0.0010753855084033193,0.7347136108716102,0.0
B111199B,1999-11-11 14:41:25.600,5.63,-175.0,40.95,30.1,15.2,248.0,41.52255515900016,33.444797513838466,760.0,286.82076976185294,287.2232476085142,False,PGA,g,0.0008113704226687004,0.7347136108716102,0.0
B111199B,1999-11-11 14:41:25.600,5.63,-175.0,40.95,30.1,15.2,249.0,41.38201157695592,34.01948170678295,760.0,331.5611446563437,331.9093741457521,False,PGA,g,0.000628944713626594,0.7347136108716102,0.0
B111199B,1999-11-11 14:41:25.600,5.63,-175.0,40.95,30.1,15.2,250.0,41.238184225796175,34.59188130842567,760.0,377.7387180877493,378.0444142459668,False,PGA,g,0.0005000878700730844,0.7347136108716102,0.0
B111199B,1999-11-11 14:41:25.600,5.63,-175.0,40.95,30.1,15.2,251.0,41.09109371005216,35.16196698394322,760.0,424.89765661387156,425.1694469220002,False,PGA,g,0.00040659943724862175,0.7347136108716102,0.0
B111199B,1999-11-11 14:41:25.600,5.63,-175.0,40.95,30.1,15.2,252.0,40.9407608091312,35.729711038947386,760.0,472.75598593693405,473.0002772083782,False,PGA,g,0.00033697399382811286,0.7347136108716102,0.0
B111199B,1999-11-11 14:41:25.600,5.63,-175.0,40.95,30.1,15.2,253.0,40.78720645911132,36.29508741192155,760.0,521.1319511477883,521.3535753278198,False,PGA,g,0.0002838699168184755,0.7347136108716102,0.0
B111199B,1999-11-11 14:41:25.600,5.63,-175.0,40.95,30.1,15.2,254.0,40.63045173474038,36.85807166478312,760.0,569.9040412660871,570.1067060221428,False,PGA,g,0.00024250083602743376,0.7347136108716102,0.0
B111199B,1999-11-11 14:41:25.600,5.63,-175.0,40.95,30.1,15.2,255.0,40.47051783166179,37.41864097165869,760.0,618.988407053401,619.1750060092113,False,PGA,g,0.00020966798851735155,0.7347136108716102,0.0
B111199B,1999-11-11 14:41:25.600,5.63,-175.0,40.95,30.1,15.2,256.0,40.30742604888621,37.97677410596052,760.0,668.3255896098225,668.4984171464558,False,PGA,g,0.00018318021031877365,0.7347136108716102,0.0
B111199B,1999-11-11 14:41:25.600,5.63,-175.0,40.95,30.1,15.2,257.0,40.14119777152859,38.5324514258542,760.0,717.8724285986013,718.0333305230712,False,PGA,g,0.00016150121746944855,0.7347136108716102,0.0
B111199B,1999-11-11 14:41:25.600,5.63,-175.0,40.95,30.1,15.2,258.0,39.97185445382736,39.08565485820786,760.0,767.5969613161623,767.7474422111779,False,PGA,g,0.0001435305596866541,0.7347136108716102,0.0
B111199B,1999-11-11 14:41:25.600,5.63,-175.0,40.95,30.1,15.2,259.0,39.79941760246207,39.63636788111455,760.0,817.4751095107312,817.6164104698377,False,PGA,g,0.00012846444356235387,0.7347136108716102,0.0
B111199B,1999-11-11 14:41:25.600,5.63,-175.0,40.95,30.1,15.2,260.0,39.62390876018369,40.18457550507881,760.0,867.4884690249671,867.6216248407375,False,PGA,g,0.00011570527213849839,0.7347136108716102,0.0
B111199B,1999-11-11 14:41:25.600,5.63,-175.0,40.95,30.1,15.2,261.0,39.44534948977105,40.73026425295892,760.0,917.622799428617,917.7486813018104,False,PGA,g,0.00010480155925670223,0.7347136108716102,0.0
B111199B,1999-11-11 14:41:25.600,5.63,-175.0,40.95,30.1,15.2,262.0,39.263761358325205,41.27342213875534,760.0,967.8669695442956,967.9863174316351,False,PGA,g,9.540719963636768e-05,0.7347136108716102,0.0
B111199B,1999-11-11 14:41:25.600,5.63,-175.0,40.95,30.1,15.2,263.0,39.07916592191211,41.81403864533565,760.0,1018.2122068811334,1018.3256543177865,False,PGA,g,8.725333324044109e-05,0.7347136108716102,0.0
B111199B,1999-11-11 14:41:25.600,5.63,-175.0,40.95,30.1,15.2,264.0,38.891584710563,42.35210470118456,760.0,1068.6515539741242,1068.7596473535623,False,PGA,g,8.012856734283755e-05,0.7347136108716102,0.0
B111199B,1999-11-11 14:41:25.600,5.63,-175.0,40.95,30.1,15.2,265.0,38.70103921364054,42.887612656266974,760.0,1119.1794683091598,1119.2826820266512,False,PGA,g,7.38648478497513e-05,0.7347136108716102,0.0
B111199B,1999-11-11 14:41:25.600,5.63,-175.0,40.95,30.1,15.2,266.0,38.5075508655773,43.420556257090176,760.0,1169.7915236426793,1169.8902721136974,False,PGA,g,6.832721509476108e-05,0.7347136108716102,0.0
B111199B,1999-11-11 14:41:25.600,5.63,-175.0,40.95,30.1,15.2,267.0,38.31114103199241,43.9509306210494,760.0,1220.4841840705353,1220.5788313608919,False,PGA,g,6.340627345647656e-05,0.7347136108716102,0.0
B111199B,1999-11-11 14:41:25.600,5.63,-175.0,40.95,30.1,15.2,268.0,41.949571640011015,33.61645171466469,760.0,313.4154078112704,313.78377563778685,False,PGA,g,0.0006943365121940473,0.7347136108716102,0.0
B111199B,1999-11-11 14:41:25.600,5.63,-175.0,40.95,30.1,15.2,269.0,41.80788002812139,34.194586415748496,760.0,354.6616492383603,354.9872187001579,False,PGA,g,0.0005587144767570497,0.7347136108716102,0.0
B111199B,1999-11-11 14:41:25.600,5.63,-175.0,40.95,30.1,15.2,270.0,41.662885026533125,34.77037131351163,760.0,398.0275771535085,398.31770256253003,False,PGA,g,0.00045612133297507474,0.7347136108716102,0.0
B111199B,1999-11-11 14:41:25.600,5.63,-175.0,40.95,30.1,15.2,271.0,41.51460783665575,35.34377666794147,760.0,442.90296086489144,443.1637087385288,False,PGA,g,0.000377964585068518,0.7347136108716102,0.0
B111199B,1999-11-11 14:41:25.600,5.63,-175.0,40.95,30.1,15.2,272.0,41.36306983487982,35.91477444162001,760.0,488.88353182260977,489.11976824429075,False,PGA,g,0.0003176540905946671,0.7347136108716102,0.0
B111199B,1999-11-11 14:41:25.600,5.63,-175.0,40.95,30.1,15.2,273.0,41.20829255371199,36.48333829085251,760.0,535.6953672641836,535.9109688262673,False,PGA,g,0.00027042448954831097,0.7347136108716102,0.0
B111199B,1999-11-11 14:41:25.600,5.63,-175.0,40.95,30.1,15.2,274.0,41.05029766313624,37.04944355484163,760.0,583.1483609462518,583.3464244120298,False,PGA,g,0.00023288708891102048,0.7347136108716102,0.0
B111199B,1999-11-11 14:41:25.600,5.63,-175.0,40.95,30.1,15.2,275.0,40.88910695222355,37.61306724300135,760.0,631.1074852531699,631.2905020215179,False,PGA,g,0.00020262967505884307,0.7347136108716102,0.0
B111199B,1999-11-11 14:41:25.600,5.63,-175.0,40.95,30.1,15.2,276.0,40.72474231101067,38.17418802050582,760.0,679.4747558164045,679.6447482264264,False,PGA,g,0.0001779196978552288,0.7347136108716102,0.0
B111199B,1999-11-11 14:41:25.600,5.63,-175.0,40.95,30.1,15.2,277.0,40.55722571266727,38.732786192170245,760.0,728.1776754123525,728.3363007354071,False,PGA,g,0.00015749726474597283,0.7347136108716102,0.0
B111199B,1999-11-11 14:41:25.600,5.63,-175.0,40.95,30.1,15.2,278.0,40.38657919596919,39.288843684761055,760.0,777.1616641044327,777.3102933536717,False,PGA,g,0.00014043361833822077,0.7347136108716102,0.0
B111199B,1999-11-11 14:41:25.600,5.63,-175.0,40.95,30.1,15.2,279.0,40.21282484809435,39.8423440278335,760.0,826.3849913573262,826.5247691029278,False,PGA,g,0.00012603459623524989,0.7347136108716102,0.0
B111199B,1999-11-11 14:41:25.600,5.63,-175.0,40.95,30.1,15.2,280.0,40.03598478775554,40.39327233319441,760.0,875.8153120067839,875.9472020307733,False,PGA,g,0.00011377437258915686,0.7347136108716102,0.0
B111199B,1999-11-11 14:41:25.600,5.63,-175.0,40.95,30.1,15.2,281.0,39.85608114868425,40.94161527308801,760.0,925.4272520480705,925.5520724590502,False,PGA,g,0.000103249521507471,0.7347136108716102,0.0
B111199B,1999-11-11 14:41:25.600,5.63,-175.0,40.95,30.1,15.2,282.0,39.67313606347664,41.48736105720132,760.0,975.200695485118,975.3191459592382,False,PGA,g,9.414678767523336e-05,0.7347136108716102,0.0
B111199B,1999-11-11 14:41:25.600,5.63,-175.0,40.95,30.1,15.2,283.0,39.48717164781292,42.03049940858551,760.0,1025.1195482638923,1025.2322313665165,False,PGA,g,8.622018752623849e-05,0.7347136108716102,0.0
B111199B,1999-11-11 14:41:25.600,5.63,-175.0,40.95,30.1,15.2,284.0,39.29820998505886,42.57102153858751,760.0,1075.1708326501291,1075.2782706730254,False,PGA,g,7.927453275092625e-05,0.7347136108716102,0.0
B111199B,1999-11-11 14:41:25.600,5.63,-175.0,40.95,30.1,15.2,285.0,39.106273111257465,43.108920120885394,760.0,1125.3440142733682,1125.4466626459464,False,PGA,g,7.315342753560674e-05,0.7347136108716102,0.0
B111199B,1999-11-11 14:41:25.600,5.63,-175.0,40.95,30.1,15.2,286.0,38.91138300051731,43.64418926471844,760.0,1175.6304955087326,1175.7287535695077,False,PGA,g,6.773042027038601e-05,0.7347136108716102,0.0
B111199B,1999-11-11 14:41:25.600,5.63,-175.0,40.95,30.1,15.2,287.0,38.71356155080296,44.17682448740173,760.0,1226.0232294716363,1226.1174491883153,False,PGA,g,6.290240636259524e-05,0.7347136108716102,0.0
B111199B,1999-11-11 14:41:25.600,5.63,-175.0,40.95,30.1,15.2,288.0,40.972420283171616,38.93677722780187,760.0,741.706276856236,741.8620094922904,False,PGA,g,0.00015247254488910922,0.7347136108716102,0.0
B111199B,1999-11-11 14:41:25.600,5.63,-175.0,40.95,30.1,15.2,289.0,40.80044778902895,39.49571909858484,760.0,789.7742484488103,789.9205045527576,False,PGA,g,0.00013650720322806717,0.7347136108716102,0.0
B111199B,1999-11-11 14:41:25.600,5.63,-175.0,40.95,30.1,15.2,290.0,40.62535312599842,40.05203511772502,760.0,838.1832791621333,838.3210897186034,False,PGA,g,0.0001229262288444945,0.7347136108716102,0.0
B111199B,1999-11-11 14:41:25.600,5.63,-175.0,40.95,30.1,15.2,291.0,40.44715900445944,40.60571052901054,760.0,886.8854240466665,887.0156680614134,False,PGA,g,0.00011128450464762616,0.7347136108716102,0.0
B111199B,1999-11-11 14:41:25.600,5.63,-175.0,40.95,30.1,15.2,292.0,40.26588814434975,41.15673218632065,760.0,935.8426231212991,935.9660545396686,False,PGA,g,0.00010123371484101987,0.7347136108716102,0.0
B111199B,1999-11-11 14:41:25.600,5.63,-175.0,40.95,30.1,15.2,293.0,40.08156325855301,41.70508852872559,760.0,985.0243676031606,985.1416369091332,False,PGA,g,9.24988996021311e-05,0.7347136108716102,0.0
B111199B,1999-11-11 14:41:25.600,5.63,-175.0,40.95,30.1,15.2,294.0,39.894207036685685,42.25076955448307,760.0,1034.4059868720074,1034.51765846536,False,PGA,g,8.486112296932685e-05,0.7347136108716102,0.0
B111199B,1999-11-11 14:41:25.600,5.63,-175.0,40.95,30.1,15.2,295.0,39.70384212929231,42.79376679403261,760.0,1083.9673750238073,1084.0739412586227,False,PGA,g,7.814459038143474e-05,0.7347136108716102,0.0
B111199B,1999-11-11 14:41:25.600,5.63,-175.0,40.95,30.1,15.2,296.0,39.51049113245673,43.33407328208632,760.0,1133.6920327916687,1133.7939253741422,False,PGA,g,7.220700764508957e-05,0.7347136108716102,0.0
B111199B,1999-11-11 14:41:25.600,5.63,-175.0,40.95,30.1,15.2,297.0,39.31417657283573,43.87168352891327,760.0,1183.5663385549453,1183.6639378473772,False,PGA,g,6.693231063918948e-05,0.7347136108716102,0.0
B111199B,1999-11-11 14:41:25.600,5.63,-175.0,40.95,30.1,15.2,298.0,40.85741936414967,40.82197523280503,760.0,900.5950840429743,900.723345651911,False,PGA,g,0.00010831744141379267,0.7347136108716102,0.0
B111199B,1999-11-11 14:41:25.600,5.63,-175.0,40.95,30.1,15.2,299.0,40.67475798937051,41.37569978034522,760.0,948.7804894899245,948.9022379764634,False,PGA,g,9.881437403689394e-05,0.7347136108716102,0.0
B111199B,1999-11-11 14:41:25.600,5.63,-175.0,40.95,30.1,15.2,300.0,40.48903002379566,41.926688929415135,760.0,997.2620767503547,997.3779071768286,False,PGA,g,9.050848715681053e-05,0.7347136108716102,0.0
B111199B,1999-11-11 14:41:25.600,5.63,-175.0,40.95,30.1,15.2,301.0,40.30025874564381,42.47493299098696,760.0,1046.00593334361,1046.1163666581442,False,PGA,g,8.321009444719125e-05,0.7347136108716102,0.0
B111199B,1999-11-11 14:41:25.600,5.63,-175.0,40.95,30.1,15.2,302.0,40.10846738679795,43.02042385331604,760.0,1094.9841668818028,1095.089661042344,False,PGA,g,7.67646782605058e-05,0.7347136108716102,0.0
B111199B,1999-11-11 14:41:25.600,5.63,-175.0,40.95,30.1,15.2,303.0,39.91367911703061,43.56315495196356,760.0,1144.17368599071,1144.2746452288313,False,PGA,g,7.104560996487964e-05,0.7347136108716102,0.0
B111199B,1999-11-11 14:41:25.600,5.63,-175.0,40.95,30.1,15.2,304.0,39.71591702867863,44.10312123901409,760.0,1193.5552607838342,1193.6520433295318,False,PGA,g,6.594849180933658e-05,0.7347136108716102,0.0
B111199B,1999-11-11 14:41:25.600,5.63,-175.0,40.95,30.1,15.2,305.0,41.08267754767554,41.598605305389576,760.0,964.1370709630992,964.2568805071106,False,PGA,g,9.605841450757546e-05,0.7347136108716102,0.0
B111199B,1999-11-11 14:41:25.600,5.63,-175.0,40.95,30.1,15.2,306.0,40.89552278239917,42.15224905047704,760.0,1011.824098882359,1011.9382624839807,False,PGA,g,8.822619277820085e-05,0.7347136108716102,0.0
B111199B,1999-11-11 14:41:25.600,5.63,-175.0,40.95,30.1,15.2,307.0,40.70531276695041,42.70307599224188,760.0,1059.8413812683345,1059.9503731065768,False,PGA,g,8.130582699288266e-05,0.7347136108716102,0.0
B111199B,1999-11-11 14:41:25.600,5.63,-175.0,40.95,30.1,15.2,308.0,40.51207132902601,43.2510784181305,760.0,1108.1530305852061,1108.2572712124097,False,PGA,g,7.516469967730705e-05,0.7347136108716102,0.0
B111199B,1999-11-11 14:41:25.600,5.63,-175.0,40.95,30.1,15.2,309.0,41.30102727729793,42.38185817002582,760.0,1028.6097770632327,1028.7220778568299,False,PGA,g,8.570541967181699e-05,0.7347136108716102,0.0
B111199B,1999-11-11 14:41:25.600,5.63,-175.0,40.95,30.1,15.2,310.0,41.10935440482272,42.935287266968686,760.0,1075.8242209673333,1075.9315937456106,False,PGA,g,7.918972515707868e-05,0.7347136108716102,0.0
B111199B,1999-11-11 14:41:25.600,5.63,-175.0,40.95,30.1,15.2,311.0,40.91463883219449,43.48581857106326,760.0,1123.3964954759842,1123.4993217833837,False,PGA,g,7.337701663091417e-05,0.7347136108716102,0.0
C200503140155A,2005-03-14 01:55:55.600,5.79,-165.0,39.44,40.77,12.0,1.0,36.72096108226829,27.69836368910688,760.0,1182.1807210441777,1182.2416238690516,False,PGA,g,9.3299999623615e-05,0.7347136108716102,0.0
C200503140155A,2005-03-14 01:55:55.600,5.79,-165.0,39.44,40.77,12.0,2.0,36.39455464027055,29.327564169136853,760.0,1058.4199926329331,1058.488016372929,False,PGA,g,0.00011286542039648893,0.7347136108716102,0.0
C200503140155A,2005-03-14 01:55:55.600,5.79,-165.0,39.44,40.77,12.0,3.0,36.27950272914779,29.867739251599968,760.0,1018.7595464898423,1018.8302182229329,False,PGA,g,0.00012053537664780917,0.7347136108716102,0.0
C200503140155A,2005-03-14 01:55:55.600,5.79,-165.0,39.44,40.77,12.0,4.0,37.16167480728152,27.812520356913147,760.0,1157.6175749290999,1157.6797699643585,False,PGA,g,9.673426527633422e-05,0.7347136108716102,0.0
C200503140155A,2005-03-14 01:55:55.600,5.79,-165.0,39.44,40.77,12.0,5.0,37.05523302606474,28.36015699826684,760.0,1114.6679130350053,1114.7325043927867,False,PGA,g,0.00010323995241522781,0.7347136108716102,0.0
C200503140155A,2005-03-14 01:55:55.600,5.79,-165.0,39.44,40.77,12.0,6.0,36.94562940880127,28.90634871473881,760.0,1072.335706805731,1072.402847856414,False,PGA,g,0.00011035578960831951,0.7347136108716102,0.0
C200503140155A,2005-03-14 01:55:55.600,5.79,-165.0,39.44,40.77,12.0,7.0,36.8328772139447,29.45106411136452,760.0,1030.7003338921409,1030.7701869405084,False,PGA,g,0.00011814149489496083,0.7347136108716102,0.0
C200503140155A,2005-03-14 01:55:55.600,5.79,-165.0,39.44,40.77,12.0,8.0,36.71698994271946,29.994272814771403,760.0,989.8533354006829,989.9260707769328,False,PGA,g,0.0001266585837716996,0.7347136108716102,0.0
C200503140155A,2005-03-14 01:55:55.600,5.79,-165.0,39.44,40.77,12.0,9.0,36.59798132724053,30.535945483414405,760.0,949.9003612800987,949.9761556797423,False,PGA,g,0.0001359679324826352,0.7347136108716102,0.0
C200503140155A,2005-03-14 01:55:55.600,5.79,-165.0,39.44,40.77,12.0,10.0,36.0910154761869,32.68672555867665,760.0,801.7625844684109,801.8523815849559,False,PGA,g,0.0001820478477388923,0.7347136108716102,0.0
C200503140155A,2005-03-14 01:55:55.600,5.79,-165.0,39.44,40.77,12.0,11.0,37.70594421844185,27.37647198696236,760.0,1179.0622210830445,1179.1232849813807,False,PGA,g,9.372523920598645e-05,0.7347136108716102,0.0
C200503140155A,2005-03-14 01:55:55.600,5.79,-165.0,39.44,40.77,12.0,12.0,37.60190569498504,27.928765973795198,760.0,1134.6583884599659,1134.7218419077722,False,PGA,g,0.00010012856246660431,0.7347136108716102,0.0
C200503140155A,2005-03-14 01:55:55.600,5.79,-165.0,39.44,40.77,12.0,13.0,37.49467199987921,28.479607457505445,760.0,1090.7407888891398,1090.8067970756797,False,PGA,g,0.00010716959590693207,0.7347136108716102,0.0
C200503140155A,2005-03-14 01:55:55.600,5.79,-165.0,39.44,40.77,12.0,14.0,37.384256519078185,29.028963277033085,760.0,1047.373661394456,1047.4424025132973,False,PGA,g,0.00011492243716171503,0.7347136108716102,0.0
C200503140155A,2005-03-14 01:55:55.600,5.79,-165.0,39.44,40.77,12.0,15.0,37.27067289867793,29.5768013203776,760.0,1004.6316691749141,1004.7033346760496,False,PGA,g,0.0001234681986053481,0.7347136108716102,0.0
C200503140155A,2005-03-14 01:55:55.600,5.79,-165.0,39.44,40.77,12.0,16.0,37.15393503266164,30.12309053619455,760.0,962.6017889076722,962.6765832865423,False,PGA,g,0.00013289421527294196,0.7347136108716102,0.0
C200503140155A,2005-03-14 01:55:55.600,5.79,-165.0,39.44,40.77,12.0,17.0,37.03405705056574,30.66780094401345,760.0,921.3855310317582,921.4636709033488,False,PGA,g,0.0001432922225985969,0.7347136108716102,0.0
C200503140155A,2005-03-14 01:55:55.600,5.79,-165.0,39.44,40.77,12.0,18.0,36.91105330508504,31.21090364309496,760.0,881.1015202330229,881.1832323398716,False,PGA,g,0.00015475494408692387,0.7347136108716102,0.0
C200503140155A,2005-03-14 01:55:55.600,5.79,-165.0,39.44,40.77,12.0,19.0,36.78493835963457,31.75237081994863,760.0,841.8884441516352,841.9739618278353,False,PGA,g,0.00016737030763214574,0.7347136108716102,0.0
C200503140155A,2005-03-14 01:55:55.600,5.79,-165.0,39.44,40.77,12.0,20.0,36.65572697588564,32.292175754535066,760.0,803.9083365424187,803.9978940037087,False,PGA,g,0.00018121225134006311,0.7347136108716102,0.0
C200503140155A,2005-03-14 01:55:55.600,5.79,-165.0,39.44,40.77,12.0,21.0,36.52343410129269,32.830292825178866,760.0,767.3500870479387,767.4439107143135,False,PGA,g,0.00019632683421966126,0.7347136108716102,0.0
C200503140155A,2005-03-14 01:55:55.600,5.79,-165.0,39.44,40.77,12.0,22.0,36.38807485662762,33.36669751222091,760.0,732.4329481579929,732.5312440759159,False,PGA,g,0.00021271225361348936,0.7347136108716102,0.0
C200503140155A,2005-03-14 01:55:55.600,5.79,-165.0,39.44,40.77,12.0,23.0,38.34642733343527,26.37603488009032,760.0,1250.3022195940157,1250.3598043450222,False,PGA,g,8.472140587577571e-05,0.7347136108716102,0.0
C200503140155A,2005-03-14 01:55:55.600,5.79,-165.0,39.44,40.77,12.0,24.0,38.24807464160599,26.93450807089659,760.0,1204.3247370570648,1204.384520112895,False,PGA,g,9.036621020587065e-05,0.7347136108716102,0.0
C200503140155A,2005-03-14 01:55:55.600,5.79,-165.0,39.44,40.77,12.0,25.0,38.14647942535193,27.491558562072004,760.0,1158.6758734746697,1158.7380117059631,False,PGA,g,9.658220706808088e-05,0.7347136108716102,0.0
C200503140155A,2005-03-14 01:55:55.600,5.79,-165.0,39.44,40.77,12.0,26.0,38.041654895825566,28.04715028256068,760.0,1113.3986280173465,1113.4632930056157,False,PGA,g,0.00010344265348633279,0.7347136108716102,0.0
C200503140155A,2005-03-14 01:55:55.600,5.79,-165.0,39.44,40.77,12.0,27.0,37.93361455511884,28.601248223537706,760.0,1068.5430866881773,1068.610466030114,False,PGA,g,0.00011103095999106716,0.7347136108716102,0.0
C200503140155A,2005-03-14 01:55:55.600,5.79,-165.0,39.44,40.77,12.0,28.0,37.82237218374227,29.15381845299078,760.0,1024.1677940686684,1024.2380926364156,False,PGA,g,0.00011944172404941656,0.7347136108716102,0.0
C200503140155A,2005-03-14 01:55:55.600,5.79,-165.0,39.44,40.77,12.0,29.0,37.70794182798869,29.70482812881885,760.0,980.3414176381091,980.414858688248,False,PGA,g,0.00012878155008477294,0.7347136108716102,0.0
C200503140155A,2005-03-14 01:55:55.600,5.79,-165.0,39.44,40.77,12.0,30.0,37.59033778720124,30.25424551046159,760.0,937.144764838644,937.2215908014911,False,PGA,g,0.0001391693963687084,0.7347136108716102,0.0
C200503140155A,2005-03-14 01:55:55.600,5.79,-165.0,39.44,40.77,12.0,31.0,37.46957460096505,30.802039969076837,760.0,894.6732200061705,894.7536926977219,False,PGA,g,0.00015073602637896734,0.7347136108716102,0.0
C200503140155A,2005-03-14 01:55:55.600,5.79,-165.0,39.44,40.77,12.0,32.0,37.34566703624191,31.34818199628632,760.0,853.039670888981,853.1240707601569,False,PGA,g,0.0001636218981761909,0.7347136108716102,0.0
C200503140155A,2005-03-14 01:55:55.600,5.79,-165.0,39.44,40.77,12.0,33.0,37.21863007446594,31.89264321151313,760.0,812.3779873867071,812.4666112465649,False,PGA,g,0.00017797247227039159,0.7347136108716102,0.0
C200503140155A,2005-03-14 01:55:55.600,5.79,-165.0,39.44,40.77,12.0,34.0,37.08847889861916,32.43539636793712,760.0,772.8470891158686,772.9402455266974,False,PGA,g,0.0001939294342093171,0.7347136108716102,0.0
C200503140155A,2005-03-14 01:55:55.600,5.79,-165.0,39.44,40.77,12.0,35.0,36.95522888030389,32.976415357097224,760.0,734.6355782879148,734.7335795282662,False,PGA,g,0.00021161572017558506,0.7347136108716102,0.0
C200503140155A,2005-03-14 01:55:55.600,5.79,-165.0,39.44,40.77,12.0,36.0,36.81889556682967,33.51567521217214,760.0,697.9667968918168,698.0699460393798,False,PGA,g,0.0002311115922523046,0.7347136108716102,0.0
C200503140155A,2005-03-14 01:55:55.600,5.79,-165.0,39.44,40.77,12.0,37.0,36.67949466833073,34.05315210997315,760.0,663.1039597935016,663.21253116465,False,PGA,g,0.0002524186080977994,0.7347136108716102,0.0
C200503140155A,2005-03-14 01:55:55.600,5.79,-165.0,39.44,40.77,12.0,38.0,36.09153440869359,36.18479369961207,760.0,548.5601854464968,548.6914224380539,False,PGA,g,0.00034982314671361237,0.7347136108716102,0.0
C200503140155A,2005-03-14 01:55:55.600,5.79,-165.0,39.44,40.77,12.0,39.0,38.68892326225698,27.04833743448202,760.0,1186.4636017297346,1186.5242847196573,False,PGA,g,9.272093597993304e-05,0.7347136108716102,0.0
C200503140155A,2005-03-14 01:55:55.600,5.79,-165.0,39.44,40.77,12.0,40.0,38.58654862739613,27.60878134728513,760.0,1140.0426375074965,1140.1057912908998,False,PGA,g,9.93158346633064e-05,0.7347136108716102,0.0
C200503140155A,2005-03-14 01:55:55.600,5.79,-165.0,39.44,40.77,12.0,41.0,38.48092332630997,28.16772469576237,760.0,1093.9336892535919,1093.9995047914665,False,PGA,g,0.00010663166476768715,0.7347136108716102,0.0
C200503140155A,2005-03-14 01:55:55.600,5.79,-165.0,39.44,40.77,12.0,42.0,38.37206126242352,28.725131642390245,760.0,1048.1808282199006,1048.2495164071179,False,PGA,g,0.0001147701289521105,0.7347136108716102,0.0
C200503140155A,2005-03-14 01:55:55.600,5.79,-165.0,39.44,40.77,12.0,43.0,38.25997662378592,29.28096746915477,760.0,1002.835988003215,1002.9077818196369,False,PGA,g,0.00012384903618178976,0.7347136108716102,0.0
C200503140155A,2005-03-14 01:55:55.600,5.79,-165.0,39.44,40.77,12.0,44.0,38.14468386993303,29.83519859074117,760.0,957.9606339185899,958.0357906350403,False,PGA,g,0.00013400451304203034,0.7347136108716102,0.0
C200503140155A,2005-03-14 01:55:55.600,5.79,-165.0,39.44,40.77,12.0,45.0,38.02619771865637,30.387792566174863,760.0,913.6278311646779,913.7066344722869,False,PGA,g,0.0001453931031022954,0.7347136108716102,0.0
C200503140155A,2005-03-14 01:55:55.600,5.79,-165.0,39.44,40.77,12.0,46.0,37.90453313269919,30.93871810893301,760.0,869.9248081528707,870.007569989945,False,PGA,g,0.0001581933746673488,0.7347136108716102,0.0
C200503140155A,2005-03-14 01:55:55.600,5.79,-165.0,39.44,40.77,12.0,47.0,37.77970530639941,31.48794509554942,760.0,826.9561285790115,827.0431902835466,False,PGA,g,0.0001726063602855674,0.7347136108716102,0.0
C200503140155A,2005-03-14 01:55:55.600,5.79,-165.0,39.44,40.77,12.0,48.0,37.65172965229903,32.03544457273861,760.0,784.8475991756704,784.9393313701473,False,PGA,g,0.00018885367294942115,0.7347136108716102,0.0
C200503140155A,2005-03-14 01:55:55.600,5.79,-165.0,39.44,40.77,12.0,49.0,37.52062178773912,32.581188763067985,760.0,743.7510412636865,743.8478415514949,False,PGA,g,0.00020717139978682823,0.7347136108716102,0.0
C200503140155A,2005-03-14 01:55:55.600,5.79,-165.0,39.44,40.77,12.0,50.0,37.38639752145882,33.125151069209814,760.0,703.850027230282,703.9523143168639,False,PGA,g,0.0002277967730927286,0.7347136108716102,0.0
C200503140155A,2005-03-14 01:55:55.600,5.79,-165.0,39.44,40.77,12.0,51.0,37.24907284021617,33.66730607680735,760.0,665.3665991481678,665.474801372673,False,PGA,g,0.0002509431156943964,0.7347136108716102,0.0
C200503140155A,2005-03-14 01:55:55.600,5.79,-165.0,39.44,40.77,12.0,52.0,37.108663895448274,34.20762955599211,760.0,628.568797793481,628.6833332923197,False,PGA,g,0.0002767567958940798,0.7347136108716102,0.0
C200503140155A,2005-03-14 01:55:55.600,5.79,-165.0,39.44,40.77,12.0,53.0,36.96518698998718,34.74609846159084,760.0,593.7784632821817,593.8997082485806,False,PGA,g,0.00030524855050931797,0.7347136108716102,0.0
C200503140155A,2005-03-14 01:55:55.600,5.79,-165.0,39.44,40.77,12.0,54.0,36.81865856484759,35.28269093206378,760.0,561.3781297593799,561.5063709096622,False,PGA,g,0.0003361922483081412,0.7347136108716102,0.0
C200503140155A,2005-03-14 01:55:55.600,5.79,-165.0,39.44,40.77,12.0,55.0,36.51651353185552,36.3501650247302,760.0,505.5974617398925,505.7398474688563,False,PGA,g,0.0004025231072908885,0.7347136108716102,0.0
C200503140155A,2005-03-14 01:55:55.600,5.79,-165.0,39.44,40.77,12.0,56.0,39.12932169354253,27.16429886150565,760.0,1170.3884987577862,1170.4500151755753,False,PGA,g,9.492423917064304e-05,0.7347136108716102,0.0
C200503140155A,2005-03-14 01:55:55.600,5.79,-165.0,39.44,40.77,12.0,57.0,39.02615285189753,27.728192482780084,760.0,1123.2463100801817,1123.3104081725335,False,PGA,g,0.00010188631722566031,0.7347136108716102,0.0
C200503140155A,2005-03-14 01:55:55.600,5.79,-165.0,39.44,40.77,12.0,58.0,38.91971166128295,28.290542362066432,760.0,1076.3573409331234,1076.4242311378093,False,PGA,g,0.00010964691220035766,0.7347136108716102,0.0
C200503140155A,2005-03-14 01:55:55.600,5.79,-165.0,39.44,40.77,12.0,59.0,38.810012439872,28.851311815912176,760.0,1029.759121673186,1029.829038563747,False,PGA,g,0.00011832744947744014,0.7347136108716102,0.0
C200503140155A,2005-03-14 01:55:55.600,5.79,-165.0,39.44,40.77,12.0,60.0,38.69706979675155,29.41046532512941,760.0,983.4962310546581,983.569436541578,False,PGA,g,0.00012807123223728198,0.7347136108716102,0.0
C200503140155A,2005-03-14 01:55:55.600,5.79,-165.0,39.44,40.77,12.0,61.0,38.580898618260015,29.96796854805596,760.0,937.6218982794794,937.6986851506268,False,PGA,g,0.0001390475062660299,0.7347136108716102,0.0
C200503140155A,2005-03-14 01:55:55.600,5.79,-165.0,39.44,40.77,12.0,62.0,38.46151405423436,30.52378833218374,760.0,892.2000284193043,892.2807241621929,False,PGA,g,0.00015145602031916826,0.7347136108716102,0.0
C200503140155A,2005-03-14 01:55:55.600,5.79,-165.0,39.44,40.77,12.0,63.0,38.33893150418781,31.07789272417605,760.0,847.3077725806921,847.3927433461146,False,PGA,g,0.0001655318718495999,0.7347136108716102,0.0
C200503140155A,2005-03-14 01:55:55.600,5.79,-165.0,39.44,40.77,12.0,64.0,38.21316660343932,31.63025097829894,760.0,803.0387973784315,803.1284518026973,False,PGA,g,0.00018155013431548484,0.7347136108716102,0.0
C200503140155A,2005-03-14 01:55:55.600,5.79,-165.0,39.44,40.77,12.0,65.0,38.08423520921518,32.180833563295366,760.0,759.5074463652692,759.6022387304373,False,PGA,g,0.00019982922571852962,0.7347136108716102,0.0
C200503140155A,2005-03-14 01:55:55.600,5.79,-165.0,39.44,40.77,12.0,66.0,37.95215338674287,32.729612167733904,760.0,716.8540244156496,716.9544562389669,False,PGA,g,0.00022073103137394709,0.7347136108716102,0.0
C200503140155A,2005-03-14 01:55:55.600,5.79,-165.0,39.44,40.77,12.0,67.0,37.816937395356426,33.27655970386688,760.0,675.2514625387284,675.3580810656608,False,PGA,g,0.00024465418448530666,0.7347136108716102,0.0
C200503140155A,2005-03-14 01:55:55.600,5.79,-165.0,39.44,40.77,12.0,68.0,37.67860367463222,33.821650310035366,760.0,634.9136080245895,635.0269991542108,False,PGA,g,0.00027201430047184245,0.7347136108716102,0.0
C200503140155A,2005-03-14 01:55:55.600,5.79,-165.0,39.44,40.77,12.0,69.0,37.53716883057294,34.36485935166117,760.0,596.1052779244427,596.2260497239089,False,PGA,g,0.0003032010386778468,0.7347136108716102,0.0
C200503140155A,2005-03-14 01:55:55.600,5.79,-165.0,39.44,40.77,12.0,70.0,37.39264962185748,34.90616342086814,760.0,559.1539093216816,559.2826604765423,False,PGA,g,0.00033849671451981477,0.7347136108716102,0.0
C200503140155A,2005-03-14 01:55:55.600,5.79,-165.0,39.44,40.77,12.0,71.0,37.24506294617298,35.445540334777355,760.0,524.4619637791176,524.5992293656639,False,PGA,g,0.00037793633102892806,0.7347136108716102,0.0
C200503140155A,2005-03-14 01:55:55.600,5.79,-165.0,39.44,40.77,12.0,72.0,37.09442582664533,35.982969132522314,760.0,492.51794929503956,492.66411517157525,False,PGA,g,0.0004210894852403135,0.7347136108716102,0.0
C200503140155A,2005-03-14 01:55:55.600,5.79,-165.0,39.44,40.77,12.0,73.0,36.94075539838291,36.51843007103232,760.0,463.90178004995755,464.05695936330835,False,PGA,g,0.00046676256193807405,0.7347136108716102,0.0
C200503140155A,2005-03-14 01:55:55.600,5.79,-165.0,39.44,40.77,12.0,74.0,36.78406889514814,37.05190461963332,760.0,439.27730715769,439.4411821662958,False,PGA,g,0.0005126742485458992,0.7347136108716102,0.0
C200503140155A,2005-03-14 01:55:55.600,5.79,-165.0,39.44,40.77,12.0,75.0,39.66994047687324,26.71349486296508,760.0,1204.1451722702002,1204.204964240569,False,PGA,g,9.038941101191837e-05,0.7347136108716102,0.0
C200503140155A,2005-03-14 01:55:55.600,5.79,-165.0,39.44,40.77,12.0,76.0,39.569271083172126,27.282445186661697,760.0,1156.1707104977727,1156.2329833614524,False,PGA,g,9.694276646609057e-05,0.7347136108716102,0.0
C200503140155A,2005-03-14 01:55:55.600,5.79,-165.0,39.44,40.77,12.0,77.0,39.46529288763372,27.849845891918065,760.0,1108.367042447191,1108.4320009739583,False,PGA,g,0.00010425240567407321,0.7347136108716102,0.0
C200503140155A,2005-03-14 01:55:55.600,5.79,-165.0,39.44,40.77,12.0,78.0,39.3580203257534,28.41565823577763,760.0,1060.7599476243277,1060.827821318788,False,PGA,g,0.00011243714878018298,0.7347136108716102,0.0
C200503140155A,2005-03-14 01:55:55.600,5.79,-165.0,39.44,40.77,12.0,79.0,39.24746814441138,28.979844671420302,760.0,1013.380111315816,1013.4511581770754,False,PGA,g,0.00012163898849301513,0.7347136108716102,0.0
C200503140155A,2005-03-14 01:55:55.600,5.79,-165.0,39.44,40.77,12.0,80.0,39.13365138777182,29.5423688632149,760.0,966.2642660418633,966.3387769459636,False,PGA,g,0.00013202827399414933,0.7347136108716102,0.0
C200503140155A,2005-03-14 01:55:55.600,5.79,-165.0,39.44,40.77,12.0,81.0,39.01658538307148,30.103195700029477,760.0,919.4566514078388,919.5349551910009,False,PGA,g,0.0001438100840365484,0.7347136108716102,0.0
C200503140155A,2005-03-14 01:55:55.600,5.79,-165.0,39.44,40.77,12.0,82.0,38.89628572632051,30.66229130681988,760.0,873.0108942014112,873.0933635037823,False,PGA,g,0.00015723198563585147,0.7347136108716102,0.0
C200503140155A,2005-03-14 01:55:55.600,5.79,-165.0,39.44,40.77,12.0,83.0,38.772768267938105,31.21962305452092,760.0,826.9924459990251,827.079503880643,False,PGA,g,0.0001725933127799178,0.7347136108716102,0.0
C200503140155A,2005-03-14 01:55:55.600,5.79,-165.0,39.44,40.77,12.0,84.0,38.64604909834551,31.77515956826793,760.0,781.4817631369108,781.5738903747839,False,PGA,g,0.0001902559145013724,0.7347136108716102,0.0
C200503140155A,2005-03-14 01:55:55.600,5.79,-165.0,39.44,40.77,12.0,85.0,38.51614453353741,32.32887073398079,760.0,736.5784766600068,736.6762194334606,False,PGA,g,0.0002106558860330806,0.7347136108716102,0.0
C200503140155A,2005-03-14 01:55:55.600,5.79,-165.0,39.44,40.77,12.0,86.0,38.38307110065308,32.88072770334502,760.0,692.4068796520521,692.5108569470167,False,PGA,g,0.00023431487062275193,0.7347136108716102,0.0
C200503140155A,2005-03-14 01:55:55.600,5.79,-165.0,39.44,40.77,12.0,87.0,38.24684552356719,33.43070289722835,760.0,649.1231536634916,649.2340630481714,False,PGA,g,0.0002618476654349455,0.7347136108716102,0.0
C200503140155A,2005-03-14 01:55:55.600,5.79,-165.0,39.44,40.77,12.0,88.0,38.107484708520346,33.97877000757363,760.0,606.9248502696462,607.0434695100776,False,PGA,g,0.0002939593241198694,0.7347136108716102,0.0
C200503140155A,2005-03-14 01:55:55.600,5.79,-165.0,39.44,40.77,12.0,89.0,37.96500572980777,34.52490399781175,760.0,566.0631948671,566.1903748591533,False,PGA,g,0.00033141851889724737,0.7347136108716102,0.0
C200503140155A,2005-03-14 01:55:55.600,5.79,-165.0,39.44,40.77,12.0,90.0,37.81942581554456,35.06908110184059,760.0,526.8586818457273,526.9953231635147,False,PGA,g,0.00037498304568462103,0.7347136108716102,0.0
C200503140155A,2005-03-14 01:55:55.600,5.79,-165.0,39.44,40.77,12.0,91.0,37.67076233352466,35.611278821618285,760.0,489.719953647635,489.8669543872517,False,PGA,g,0.0004252370853622858,0.7347136108716102,0.0
C200503140155A,2005-03-14 01:55:55.600,5.79,-165.0,39.44,40.77,12.0,92.0,37.51903277719032,36.15147592342068,760.0,455.16465905441197,455.3228160899903,False,PGA,g,0.0004822814915152889,0.7347136108716102,0.0
C200503140155A,2005-03-14 01:55:55.600,5.79,-165.0,39.44,40.77,12.0,93.0,37.36425475172738,36.68965243281496,760.0,423.83815875587356,424.008000888626,False,PGA,g,0.0005452150531180249,0.7347136108716102,0.0
C200503140155A,2005-03-14 01:55:55.600,5.79,-165.0,39.44,40.77,12.0,94.0,37.20644596030164,37.22578962840265,760.0,396.52083971692895,396.7023775197452,False,PGA,g,0.0006114037694712305,0.7347136108716102,0.0
C200503140155A,2005-03-14 01:55:55.600,5.79,-165.0,39.44,40.77,12.0,95.0,37.04562419045001,37.75987003438628,760.0,374.1077533240084,374.3001617647755,False,PGA,g,0.0006757389888124262,0.7347136108716102,0.0
C200503140155A,2005-03-14 01:55:55.600,5.79,-165.0,39.44,40.77,12.0,96.0,36.71501320700875,38.821796749967135,760.0,347.6705513084,347.8775822715324,False,PGA,g,0.0007664760177956532,0.7347136108716102,0.0
C200503140155A,2005-03-14 01:55:55.600,5.79,-165.0,39.44,40.77,12.0,97.0,40.11024381602152,26.830269986054727,760.0,1192.396714316243,1192.4570953758346,False,PGA,g,9.192809021270056e-05,0.7347136108716102,0.0
C200503140155A,2005-03-14 01:55:55.600,5.79,-165.0,39.44,40.77,12.0,98.0,40.00877234376844,27.40283107497407,760.0,1143.8763745726285,1143.9393167058383,False,PGA,g,9.874348596044995e-05,0.7347136108716102,0.0
C200503140155A,2005-03-14 01:55:55.600,5.79,-165.0,39.44,40.77,12.0,99.0,39.903969276608166,27.973797353865372,760.0,1095.4796880939687,1095.5454107550536,False,PGA,g,0.00010637273109244414,0.7347136108716102,0.0
C200503140155A,2005-03-14 01:55:55.600,5.79,-165.0,39.44,40.77,12.0,100.0,39.795849486245295,28.543129149689825,760.0,1047.2265161464054,1047.2952669233914,False,PGA,g,0.00011495023713954929,0.7347136108716102,0.0
C200503140155A,2005-03-14 01:55:55.600,5.79,-165.0,39.44,40.77,12.0,101.0,39.68442816279457,29.11078803463584,760.0,999.1406689516213,999.2127282781646,False,PGA,g,0.0001246386255361752,0.7347136108716102,0.0
C200503140155A,2005-03-14 01:55:55.600,5.79,-165.0,39.44,40.77,12.0,102.0,39.569720800102296,29.676736841292104,760.0,951.2508688864968,951.3265556880641,False,PGA,g,0.000135635800265746,0.7347136108716102,0.0
C200503140155A,2005-03-14 01:55:55.600,5.79,-165.0,39.44,40.77,12.0,103.0,39.45174318095948,30.24093967598165,760.0,903.5920001105163,903.6716785778578,False,PGA,g,0.00014818400998009546,0.7347136108716102,0.0
C200503140155A,2005-03-14 01:55:55.600,5.79,-165.0,39.44,40.77,12.0,104.0,39.33051136223099,30.80336193028008,760.0,856.2067447918331,856.2908325020344,False,PGA,g,0.000162581467364344,0.7347136108716102,0.0
C200503140155A,2005-03-14 01:55:55.600,5.79,-165.0,39.44,40.77,12.0,105.0,39.2060416599246,31.36397029074492,760.0,809.1477458680131,809.236723489046,False,PGA,g,0.000179197211437903,0.7347136108716102,0.0
C200503140155A,2005-03-14 01:55:55.600,5.79,-165.0,39.44,40.77,12.0,106.0,39.078350634223085,31.92273274688748,760.0,762.4804931679098,762.5749159666733,False,PGA,g,0.00019848997519958733,0.7347136108716102,0.0
C200503140155A,2005-03-14 01:55:55.600,5.79,-165.0,39.44,40.77,12.0,107.0,38.94745507450225,32.479618597422046,760.0,716.2872111041033,716.3877223901135,False,PGA,g,0.00022103175120641836,0.7347136108716102,0.0
C200503140155A,2005-03-14 01:55:55.600,5.79,-165.0,39.44,40.77,12.0,108.0,38.81337198435645,33.034598454831034,760.0,670.6721418149211,670.7794882124928,False,PGA,g,0.00024753628984424135,0.7347136108716102,0.0
C200503140155A,2005-03-14 01:55:55.600,5.79,-165.0,39.44,40.77,12.0,109.0,38.67611856665329,33.587644248287745,760.0,625.7687791427568,625.8838270396642,False,PGA,g,0.0002788913895321682,0.7347136108716102,0.0
C200503140155A,2005-03-14 01:55:55.600,5.79,-165.0,39.44,40.77,12.0,110.0,38.53571220863781,34.13872922498166,760.0,581.7498256425232,581.8735770209076,False,PGA,g,0.00031619042392602123,0.7347136108716102,0.0
C200503140155A,2005-03-14 01:55:55.600,5.79,-165.0,39.44,40.77,12.0,111.0,38.392170467105785,34.687827949893595,760.0,538.8409116378939,538.9745152182584,False,PGA,g,0.0003607508227737523,0.7347136108716102,0.0
C200503140155A,2005-03-14 01:55:55.600,5.79,-165.0,39.44,40.77,12.0,112.0,38.24551105366531,35.234916304070964,760.0,497.3393771755786,497.4841264697723,False,PGA,g,0.00041409085611074256,0.7347136108716102,0.0
C200503140155A,2005-03-14 01:55:55.600,5.79,-165.0,39.44,40.77,12.0,113.0,38.09575182010447,35.779971481455135,760.0,457.6394829168096,457.79678496508126,False,PGA,g,0.00047780385927344684,0.7347136108716102,0.0
C200503140155A,2005-03-14 01:55:55.600,5.79,-165.0,39.44,40.77,12.0,114.0,37.94291074388236,36.32297198431528,760.0,420.2647631841155,420.4360488519041,False,PGA,g,0.0005532125736914881,0.7347136108716102,0.0
C200503140155A,2005-03-14 01:55:55.600,5.79,-165.0,39.44,40.77,12.0,115.0,37.787005913759856,36.86389761734446,760.0,385.9056570163484,386.09218603491513,False,PGA,g,0.0006406092162297648,0.7347136108716102,0.0
C200503140155A,2005-03-14 01:55:55.600,5.79,-165.0,39.44,40.77,12.0,116.0,37.628055515585366,37.40272948047536,760.0,355.45377061227595,355.6562709168566,False,PGA,g,0.0007378524864009378,0.7347136108716102,0.0
C200503140155A,2005-03-14 01:55:55.600,5.79,-165.0,39.44,40.77,12.0,117.0,37.46607781825019,37.93944996047414,760.0,330.01036909669,330.22847198770364,False,PGA,g,0.0008383270783181991,0.7347136108716102,0.0
C200503140155A,2005-03-14 01:55:55.600,5.79,-165.0,39.44,40.77,12.0,118.0,37.30109115982695,38.4740427213721,760.0,310.82743337072753,311.05898690736143,False,PGA,g,0.00092919757423075,0.7347136108716102,0.0
C200503140155A,2005-03-14 01:55:55.600,5.79,-165.0,39.44,40.77,12.0,119.0,37.13311393390367,39.006492693795046,760.0,299.1328371753947,299.3734361572536,False,PGA,g,0.0009924851127275148,0.7347136108716102,0.0
C200503140155A,2005-03-14 01:55:55.600,5.79,-165.0,39.44,40.77,12.0,120.0,36.96216457612552,39.5367860632515,760.0,295.83786076579236,296.081137295979,False,PGA,g,0.0010115512756666016,0.7347136108716102,0.0
C200503140155A,2005-03-14 01:55:55.600,5.79,-165.0,39.44,40.77,12.0,121.0,40.64903459878373,26.371447394800388,760.0,1231.622899453081,1231.6813575179312,False,PGA,g,8.694562716420645e-05,0.7347136108716102,0.0
C200503140155A,2005-03-14 01:55:55.600,5.79,-165.0,39.44,40.77,12.0,122.0,40.3421823053369,28.100104579748663,760.0,1084.6520917268192,1084.7184704278636,False,PGA,g,0.00010820736675649653,0.7347136108716102,0.0
C200503140155A,2005-03-14 01:55:55.600,5.79,-165.0,39.44,40.77,12.0,123.0,40.23319904164602,28.67301389143944,760.0,1035.8346347826662,1035.9041416151108,False,PGA,g,0.00011713519937003063,0.7347136108716102,0.0
C200503140155A,2005-03-14 01:55:55.600,5.79,-165.0,39.44,40.77,12.0,124.0,40.120892001998726,29.244201706086056,760.0,987.1299062506968,987.2028422844564,False,PGA,g,0.00012726074195709778,0.7347136108716102,0.0
C200503140155A,2005-03-14 01:55:55.600,5.79,-165.0,39.44,40.77,12.0,125.0,40.00527714511901,29.813630009126157,760.0,938.558841683285,938.6355519059938,False,PGA,g,0.00013880864205172543,0.7347136108716102,0.0
C200503140155A,2005-03-14 01:55:55.600,5.79,-165.0,39.44,40.77,12.0,126.0,39.88637072459324,30.381262111349876,760.0,890.1470830706395,890.2279649051517,False,PGA,g,0.00015205781036362544,0.7347136108716102,0.0
C200503140155A,2005-03-14 01:55:55.600,5.79,-165.0,39.44,40.77,12.0,127.0,39.76418927340092,30.94706266031314,760.0,841.9262923514988,842.0118061837028,False,PGA,g,0.00016735735639874318,0.7347136108716102,0.0
C200503140155A,2005-03-14 01:55:55.600,5.79,-165.0,39.44,40.77,12.0,128.0,39.638749588390894,31.51099764986585,760.0,793.9359171531723,794.0265993944088,False,PGA,g,0.00018514791802385144,0.7347136108716102,0.0
C200503140155A,2005-03-14 01:55:55.600,5.79,-165.0,39.44,40.77,12.0,129.0,39.510068714727474,32.073034427829406,760.0,746.2255944451028,746.3220737757574,False,PGA,g,0.00020599034169347584,0.7347136108716102,0.0
C200503140155A,2005-03-14 01:55:55.600,5.79,-165.0,39.44,40.77,12.0,130.0,39.37816393033035,32.63314170186223,760.0,698.8584658580128,698.9614834176596,False,PGA,g,0.00023060431041710012,0.7347136108716102,0.0
C200503140155A,2005-03-14 01:55:55.600,5.79,-165.0,39.44,40.77,12.0,131.0,39.24305273033106,33.1912895435556,760.0,651.9158129316087,652.0262472863192,False,PGA,g,0.0002599201872535088,0.7347136108716102,0.0
C200503140155A,2005-03-14 01:55:55.600,5.79,-165.0,39.44,40.77,12.0,132.0,39.10475281156865,33.747449390805635,760.0,605.5036270804451,605.6225246864376,False,PGA,g,0.00029514770228416057,0.7347136108716102,0.0
C200503140155A,2005-03-14 01:55:55.600,5.79,-165.0,39.44,40.77,12.0,133.0,38.96328205714568,34.30159404851024,760.0,559.7620456658594,559.8906569751166,False,PGA,g,0.0003378641637354566,0.7347136108716102,0.0
C200503140155A,2005-03-14 01:55:55.600,5.79,-165.0,39.44,40.77,12.0,134.0,38.81865852106536,34.85369768764283,760.0,514.8790638245647,515.0188835031781,False,PGA,g,0.0003901199732287701,0.7347136108716102,0.0
C200503140155A,2005-03-14 01:55:55.600,5.79,-165.0,39.44,40.77,12.0,135.0,38.67090041296952,35.40373584275705,760.0,471.11062466636577,471.2634302314719,False,PGA,g,0.00045454374964277333,0.7347136108716102,0.0
C200503140155A,2005-03-14 01:55:55.600,5.79,-165.0,39.44,40.77,12.0,136.0,38.52002608299594,35.951685407979305,760.0,428.81009260669464,428.9779662422792,False,PGA,g,0.0005343876876349632,0.7347136108716102,0.0
C200503140155A,2005-03-14 01:55:55.600,5.79,-165.0,39.44,40.77,12.0,137.0,38.36605400677348,36.49752463154753,760.0,388.47095284587846,388.6562506958877,False,PGA,g,0.0006333523355201154,0.7347136108716102,0.0
C200503140155A,2005-03-14 01:55:55.600,5.79,-165.0,39.44,40.77,12.0,138.0,38.20900277057115,37.04123310895654,760.0,350.78619801496575,350.99139123031887,False,PGA,g,0.0007548107982025726,0.7347136108716102,0.0
C200503140155A,2005-03-14 01:55:55.600,5.79,-165.0,39.44,40.77,12.0,139.0,38.0488910566178,37.58279177477196,760.0,316.72271325159585,316.949959913947,False,PGA,g,0.000899677074168481,0.7347136108716102,0.0
C200503140155A,2005-03-14 01:55:55.600,5.79,-165.0,39.44,40.77,12.0,140.0,37.88573762860676,38.122182893175335,760.0,287.5906410851432,287.84088806103216,False,PGA,g,0.0010618927549417602,0.7347136108716102,0.0
C200503140155A,2005-03-14 01:55:55.600,5.79,-165.0,39.44,40.77,12.0,141.0,37.71956131739987,38.65939004730469,760.0,265.044097367256,265.31561120526527,False,PGA,g,0.0012217178389771477,0.7347136108716102,0.0
C200503140155A,2005-03-14 01:55:55.600,5.79,-165.0,39.44,40.77,12.0,142.0,37.55038100694362,39.194398127454846,760.0,250.8899590431465,251.1767735055766,False,PGA,g,0.0013424165668056004,0.7347136108716102,0.0
C200503140155A,2005-03-14 01:55:55.600,5.79,-165.0,39.44,40.77,12.0,143.0,37.3782156204095,39.72719331820265,760.0,246.60386398141196,246.8956575773716,False,PGA,g,0.001382709382911012,0.7347136108716102,0.0
C200503140155A,2005-03-14 01:55:55.600,5.79,-165.0,39.44,40.77,12.0,144.0,37.20308410656944,40.2577630845222,760.0,252.7147512205828,252.99949700440325,False,PGA,g,0.0013258219830782198,0.7347136108716102,0.0
C200503140155A,2005-03-14 01:55:55.600,5.79,-165.0,39.44,40.77,12.0,145.0,41.08928448177223,26.488968088567013,760.0,1224.1050264351534,1224.16384350454,False,PGA,g,8.786696388445462e-05,0.7347136108716102,0.0
C200503140155A,2005-03-14 01:55:55.600,5.79,-165.0,39.44,40.77,12.0,146.0,40.98955554528828,27.070582434207815,760.0,1174.6781147380336,1174.7394065257627,False,PGA,g,9.432825883963669e-05,0.7347136108716102,0.0
C200503140155A,2005-03-14 01:55:55.600,5.79,-165.0,39.44,40.77,12.0,147.0,40.556858879095685,29.380147541154155,760.0,977.4266210911638,977.5002811343277,False,PGA,g,0.0001294433779914585,0.7347136108716102,0.0
C200503140155A,2005-03-14 01:55:55.600,5.79,-165.0,39.44,40.77,12.0,148.0,40.44031923175131,29.953111188266483,760.0,928.2798577129766,928.3574172890656,False,PGA,g,0.00014146513527612045,0.7347136108716102,0.0
C200503140155A,2005-03-14 01:55:55.600,5.79,-165.0,39.44,40.77,12.0,149.0,40.32046641172607,30.5242267272893,760.0,879.2291585080079,879.3110446086184,False,PGA,g,0.00015532267773248496,0.7347136108716102,0.0
C200503140155A,2005-03-14 01:55:55.600,5.79,-165.0,39.44,40.77,12.0,150.0,40.19731744397758,31.09345805137606,760.0,830.2957806785244,830.3824922362948,False,PGA,g,0.00017141303426772124,0.7347136108716102,0.0
C200503140155A,2005-03-14 01:55:55.600,5.79,-165.0,39.44,40.77,12.0,151.0,40.07088962204292,31.660770453715006,760.0,781.5064790524756,781.5986033770771,False,PGA,g,0.00019024555768592513,0.7347136108716102,0.0
C200503140155A,2005-03-14 01:55:55.600,5.79,-165.0,39.44,40.77,12.0,152.0,39.94120049187214,32.22613063486308,760.0,732.8952942454151,732.9935281617933,False,PGA,g,0.00021248134068507964,0.7347136108716102,0.0
C200503140155A,2005-03-14 01:55:55.600,5.79,-165.0,39.44,40.77,12.0,153.0,39.80826783566438,32.78950670817389,760.0,684.5060690231196,684.611246277392,False,PGA,g,0.0002389890322206412,0.7347136108716102,0.0
C200503140155A,2005-03-14 01:55:55.600,5.79,-165.0,39.44,40.77,12.0,154.0,39.67210965573072,33.350868203365806,760.0,636.3960527751332,636.5091798142192,False,PGA,g,0.0002709247334609489,0.7347136108716102,0.0
C200503140155A,2005-03-14 01:55:55.600,5.79,-165.0,39.44,40.77,12.0,155.0,39.53274415840682,33.91018606828075,760.0,588.641163964917,588.7634668642173,False,PGA,g,0.00030984733685283564,0.7347136108716102,0.0
C200503140155A,2005-03-14 01:55:55.600,5.79,-165.0,39.44,40.77,12.0,156.0,39.3901897380382,34.467432668886644,760.0,541.3438305221929,541.4768165345962,False,PGA,g,0.00035788565728958746,0.7347136108716102,0.0
C200503140155A,2005-03-14 01:55:55.600,5.79,-165.0,39.44,40.77,12.0,157.0,39.24446496105929,35.02258178758028,760.0,494.644920557716,494.79045810681225,False,PGA,g,0.00041797917692488383,0.7347136108716102,0.0
C200503140155A,2005-03-14 01:55:55.600,5.79,-165.0,39.44,40.77,12.0,158.0,39.09558855018729,35.575608619849234,760.0,448.74228611885536,448.9027058853362,False,PGA,g,0.000494215715226373,0.7347136108716102,0.0
C200503140155A,2005-03-14 01:55:55.600,5.79,-165.0,39.44,40.77,12.0,159.0,38.94357936874966,36.126489769354585,760.0,403.9201533544013,404.0983670912852,False,PGA,g,0.0005922702274870474,0.7347136108716102,0.0
C200503140155A,2005-03-14 01:55:55.600,5.79,-165.0,39.44,40.77,12.0,160.0,38.78845640516469,36.67520324149756,760.0,360.596368611091,360.79598259335677,False,PGA,g,0.0007198551492662355,0.7347136108716102,0.0
C200503140155A,2005-03-14 01:55:55.600,5.79,-165.0,39.44,40.77,12.0,161.0,38.63023875759182,37.22172843553528,760.0,319.3984264646496,319.62377074944567,False,PGA,g,0.0008867644071990847,0.7347136108716102,0.0
C200503140155A,2005-03-14 01:55:55.600,5.79,-165.0,39.44,40.77,12.0,162.0,38.46894561876885,37.76604613531235,760.0,281.28219007593526,281.5380444165843,False,PGA,g,0.0011031264275234629,0.7347136108716102,0.0
C200503140155A,2005-03-14 01:55:55.600,5.79,-165.0,39.44,40.77,12.0,163.0,38.30459626105106,38.30813849867578,760.0,247.69821539968368,247.98872134068534,False,PGA,g,0.001372241791891221,0.7347136108716102,0.0
C200503140155A,2005-03-14 01:55:55.600,5.79,-165.0,39.44,40.77,12.0,164.0,38.13721002166683,38.84798904564202,760.0,220.7524900743619,221.07840662088924,False,PGA,g,0.0016720033365997678,0.7347136108716102,0.0
C200503140155A,2005-03-14 01:55:55.600,5.79,-165.0,39.44,40.77,12.0,165.0,37.96680628820294,39.385582645385306,760.0,203.13523914944062,203.48937413118267,False,PGA,g,0.0019282065794597857,0.7347136108716102,0.0
C200503140155A,2005-03-14 01:55:55.600,5.79,-165.0,39.44,40.77,12.0,166.0,37.7934044843319,39.92090550211677,760.0,197.39319558894542,197.75761341808223,True,PGA,g,0.0020252990146488467,0.7347136108716102,0.0
C200503140155A,2005-03-14 01:55:55.600,5.79,-165.0,39.44,40.77,12.0,167.0,37.61702405579266,40.45394513992413,760.0,204.56142852834384,204.91309875544005,False,PGA,g,0.0019052277434739942,0.7347136108716102,0.0
C200503140155A,2005-03-14 01:55:55.600,5.79,-165.0,39.44,40.77,12.0,168.0,37.43768445663451,40.98469038664149,760.0,223.43121536293287,223.75323014105805,False,PGA,g,0.0016377749972701435,0.7347136108716102,0.0
C200503140155A,2005-03-14 01:55:55.600,5.79,-165.0,39.44,40.77,12.0,169.0,37.25540513573389,41.51313135681831,760.0,251.40909959920518,251.69532248590372,False,PGA,g,0.0013376622889992563,0.7347136108716102,0.0
C200503140155A,2005-03-14 01:55:55.600,5.79,-165.0,39.44,40.77,12.0,170.0,41.52911975891151,26.60877510208489,760.0,1218.5027311600375,1218.5618186388701,False,PGA,g,8.856361865067992e-05,0.7347136108716102,0.0
C200503140155A,2005-03-14 01:55:55.600,5.79,-165.0,39.44,40.77,12.0,171.0,41.42856530103737,27.19423644754487,760.0,1168.7901126614647,1168.851713201978,False,PGA,g,9.514783525770373e-05,0.7347136108716102,0.0
C200503140155A,2005-03-14 01:55:55.600,5.79,-165.0,39.44,40.77,12.0,172.0,41.32459277417623,27.778001842368653,760.0,1119.0886653639836,1119.1530015802764,False,PGA,g,0.00010253885005624627,0.7347136108716102,0.0
C200503140155A,2005-03-14 01:55:55.600,5.79,-165.0,39.44,40.77,12.0,173.0,41.21721809479402,28.360027310851105,760.0,1069.4024358062557,1069.469761006992,False,PGA,g,0.00011087740575235392,0.7347136108716102,0.0
C200503140155A,2005-03-14 01:55:55.600,5.79,-165.0,39.44,40.77,12.0,174.0,41.1064575358912,28.94027026737205,760.0,1019.736422616063,1019.8070266524966,False,PGA,g,0.0001203366649011078,0.7347136108716102,0.0
C200503140155A,2005-03-14 01:55:55.600,5.79,-165.0,39.44,40.77,12.0,175.0,40.99232771054403,29.51868953397133,760.0,970.0968203417053,970.171036898694,False,PGA,g,0.00013113163196899655,0.7347136108716102,0.0
C200503140155A,2005-03-14 01:55:55.600,5.79,-165.0,39.44,40.77,12.0,176.0,40.87484555531893,30.095245355730786,760.0,920.491341526565,920.5695572988361,False,PGA,g,0.00014353192554365343,0.7347136108716102,0.0
C200503140155A,2005-03-14 01:55:55.600,5.79,-165.0,39.44,40.77,12.0,177.0,40.75402831358981,30.66989941399068,760.0,870.9296477201543,871.0123140794004,False,PGA,g,0.00015787932548727657,0.7347136108716102,0.0
C200503140155A,2005-03-14 01:55:55.600,5.79,-165.0,39.44,40.77,12.0,178.0,40.62989351878622,31.24261483743329,760.0,821.4239345651712,821.5115825577425,False,PGA,g,0.0001746122316971933,0.7347136108716102,0.0
C200503140155A,2005-03-14 01:55:55.600,5.79,-165.0,39.44,40.77,12.0,179.0,40.50245897760074,31.81335621107146,760.0,771.9897385870951,772.082998442377,False,PGA,g,0.000194300294253584,0.7347136108716102,0.0
C200503140155A,2005-03-14 01:55:55.600,5.79,-165.0,39.44,40.77,12.0,180.0,40.37174275318224,32.38208958318474,760.0,722.647069072777,722.7466959035336,False,PGA,g,0.00021769427938620435,0.7347136108716102,0.0
C200503140155A,2005-03-14 01:55:55.600,5.79,-165.0,39.44,40.77,12.0,181.0,40.23776314834132,32.948782470250165,760.0,673.4220266309894,673.5289347546911,False,PGA,g,0.00024579919019661415,0.7347136108716102,0.0
C200503140155A,2005-03-14 01:55:55.600,5.79,-165.0,39.44,40.77,12.0,182.0,40.10053868879341,33.513403859918775,760.0,624.3491672014568,624.4644766399067,False,PGA,g,0.00027998358833108923,0.7347136108716102,0.0
C200503140155A,2005-03-14 01:55:55.600,5.79,-165.0,39.44,40.77,12.0,183.0,39.96008810646402,34.075924212092694,760.0,575.4750370315738,575.6001374621893,False,PGA,g,0.0003221464211735373,0.7347136108716102,0.0
C200503140155A,2005-03-14 01:55:55.600,5.79,-165.0,39.44,40.77,12.0,184.0,39.81643032287921,34.636315458161214,760.0,526.8635989242259,527.0002389671067,False,PGA,g,0.0003749770242883591,0.7347136108716102,0.0
C200503140155A,2005-03-14 01:55:55.600,5.79,-165.0,39.44,40.77,12.0,185.0,39.66958443266434,35.194550998457146,760.0,478.6048079699881,478.7552216028449,False,PGA,g,0.0004423687499668389,0.7347136108716102,0.0
C200503140155A,2005-03-14 01:55:55.600,5.79,-165.0,39.44,40.77,12.0,186.0,39.51956968717203,35.75060569799753,760.0,430.828609459128,430.9956968793144,False,PGA,g,0.0005300886459826526,0.7347136108716102,0.0
C200503140155A,2005-03-14 01:55:55.600,5.79,-165.0,39.44,40.77,12.0,187.0,39.366405478259885,36.30445588057545,760.0,383.7286079849267,383.9161947431361,False,PGA,g,0.0006468714119451185,0.7347136108716102,0.0
C200503140155A,2005-03-14 01:55:55.600,5.79,-165.0,39.44,40.77,12.0,188.0,39.21011132223724,36.85607932127117,760.0,337.6036133681862,337.81681390844915,False,PGA,g,0.0008061821113634667,0.7347136108716102,0.0
C200503140155A,2005-03-14 01:55:55.600,5.79,-165.0,39.44,40.77,12.0,189.0,39.050706843999045,37.4054552374532,760.0,292.93327609886967,293.17896282990125,False,PGA,g,0.0010288428124546516,0.7347136108716102,0.0
C200503140155A,2005-03-14 01:55:55.600,5.79,-165.0,39.44,40.77,12.0,190.0,38.88821176136395,37.95256427834092,760.0,250.51962277075046,250.8068607378975,False,PGA,g,0.001345824424710546,0.7347136108716102,0.0
C200503140155A,2005-03-14 01:55:55.600,5.79,-165.0,39.44,40.77,12.0,191.0,38.72264586963246,38.497388513201685,760.0,211.7508756443376,212.0906252905671,False,PGA,g,0.001795708121812083,0.7347136108716102,0.0
C200503140155A,2005-03-14 01:55:55.600,5.79,-165.0,39.44,40.77,12.0,192.0,38.55402902637986,39.03991141825595,760.0,179.0448115819503,179.4464949627495,True,PGA,g,0.0023934939532093222,0.7347136108716102,0.0
C200503140155A,2005-03-14 01:55:55.600,5.79,-165.0,39.44,40.77,12.0,193.0,38.38238113649788,39.58011786236474,760.0,156.29582702744477,156.75581503150985,True,PGA,g,0.003019403271044318,0.7347136108716102,0.0
C200503140155A,2005-03-14 01:55:55.600,5.79,-165.0,39.44,40.77,12.0,194.0,38.20772213749719,40.11799409157385,760.0,148.2070059875372,148.692019368189,True,PGA,g,0.0033061152348207536,0.7347136108716102,0.0
C200503140155A,2005-03-14 01:55:55.600,5.79,-165.0,39.44,40.77,12.0,195.0,38.0300719850824,40.65352771258926,760.0,157.1021700452621,157.55980398861396,True,PGA,g,0.0029929832917035474,0.7347136108716102,0.0
C200503140155A,2005-03-14 01:55:55.600,5.79,-165.0,39.44,40.77,12.0,196.0,37.84945063900995,41.1867076752579,760.0,180.52524199803204,180.92363858392864,True,PGA,g,0.0023600034315622194,0.7347136108716102,0.0
C200503140155A,2005-03-14 01:55:55.600,5.79,-165.0,39.44,40.77,12.0,197.0,37.66587804923799,41.7175242541276,760.0,213.7853687679078,214.12189028502044,False,PGA,g,0.001766513119457126,0.7347136108716102,0.0
C200503140155A,2005-03-14 01:55:55.600,5.79,-165.0,39.44,40.77,12.0,198.0,37.47937414237634,42.24596902915907,760.0,253.06128620418338,253.34564250311394,False,PGA,g,0.0013227072058587183,0.7347136108716102,0.0
C200503140155A,2005-03-14 01:55:55.600,5.79,-165.0,39.44,40.77,12.0,199.0,41.86714480472202,27.320303598891837,760.0,1164.9229516134278,1164.984756636644,False,PGA,g,9.569226402429816e-05,0.7347136108716102,0.0
C200503140155A,2005-03-14 01:55:55.600,5.79,-165.0,39.44,40.77,12.0,200.0,41.76230564320424,27.90793197350734,760.0,1114.9979191053244,1115.062491347101,False,PGA,g,0.00010318735424930383,0.7347136108716102,0.0
C200503140155A,2005-03-14 01:55:55.600,5.79,-165.0,39.44,40.77,12.0,201.0,41.06191479063402,31.39460201858199,760.0,815.397115429764,815.4854111823091,False,PGA,g,0.00017683969463432478,0.7347136108716102,0.0
C200503140155A,2005-03-14 01:55:55.600,5.79,-165.0,39.44,40.77,12.0,202.0,40.93345450667417,31.96882470353246,760.0,765.4903991513719,765.5844507256705,False,PGA,g,0.00019714851563271146,0.7347136108716102,0.0
C200503140155A,2005-03-14 01:55:55.600,5.79,-165.0,39.44,40.77,12.0,203.0,40.801691908159086,32.54098176438588,760.0,715.6091248588223,715.7097313724395,False,PGA,g,0.00022139235785139608,0.7347136108716102,0.0
C200503140155A,2005-03-14 01:55:55.600,5.79,-165.0,39.44,40.77,12.0,204.0,40.666645835463534,33.11104011893139,760.0,665.7650520962579,665.87318957346,False,PGA,g,0.00025068469183307167,0.7347136108716102,0.0
C200503140155A,2005-03-14 01:55:55.600,5.79,-165.0,39.44,40.77,12.0,205.0,40.52833535453819,33.67896821343401,760.0,615.9740264768275,616.0909034339619,False,PGA,g,0.00028656695673808376,0.7347136108716102,0.0
C200503140155A,2005-03-14 01:55:55.600,5.79,-165.0,39.44,40.77,12.0,206.0,40.38677973958139,34.24473602295546,760.0,566.2577671190827,566.3849034205355,False,PGA,g,0.00033122258491371837,0.7347136108716102,0.0
C200503140155A,2005-03-14 01:55:55.600,5.79,-165.0,39.44,40.77,12.0,207.0,40.24199845581047,34.80831504974517,760.0,516.6466713990158,516.7860128405979,False,PGA,g,0.00038782636592019857,0.7347136108716102,0.0
C200503140155A,2005-03-14 01:55:55.600,5.79,-165.0,39.44,40.77,12.0,208.0,40.09401114235636,35.36967831976815,760.0,467.18437415239805,467.33846348462254,False,PGA,g,0.0004611350807953018,0.7347136108716102,0.0
C200503140155A,2005-03-14 01:55:55.600,5.79,-165.0,39.44,40.77,12.0,209.0,39.94283759530382,35.928800377439245,760.0,417.93546848648015,418.1077083946356,False,PGA,g,0.0005585259865767601,0.7347136108716102,0.0
C200503140155A,2005-03-14 01:55:55.600,5.79,-165.0,39.44,40.77,12.0,210.0,39.78849775089813,36.48565727863619,760.0,368.9992214380321,369.19429223902404,False,PGA,g,0.00069190361756155,0.7347136108716102,0.0
C200503140155A,2005-03-14 01:55:55.600,5.79,-165.0,39.44,40.77,12.0,211.0,39.63101166893865,37.04022658206525,760.0,320.53534910132925,320.7598946618966,False,PGA,g,0.0008813661700427917,0.7347136108716102,0.0
C200503140155A,2005-03-14 01:55:55.600,5.79,-165.0,39.44,40.77,12.0,212.0,39.47039951637768,37.59248733905582,760.0,272.81576769578163,273.079554532079,False,PGA,g,0.0011625705061608545,0.7347136108716102,0.0
C200503140155A,2005-03-14 01:55:55.600,5.79,-165.0,39.44,40.77,12.0,213.0,39.30668155114245,38.14242008186092,760.0,226.33676938812206,226.65465619980532,False,PGA,g,0.001601882580302502,0.7347136108716102,0.0
C200503140155A,2005-03-14 01:55:55.600,5.79,-165.0,39.44,40.77,12.0,214.0,39.13987810619656,38.69000681054206,760.0,182.08313274013807,182.47812808241633,True,PGA,g,0.002325551894429657,0.7347136108716102,0.0
C200503140155A,2005-03-14 01:55:55.600,5.79,-165.0,39.44,40.77,12.0,215.0,38.97000957385584,39.23523097851778,760.0,142.19111877803,142.6965811060231,True,PGA,g,0.0035482385391624603,0.7347136108716102,0.0
C200503140155A,2005-03-14 01:55:55.600,5.79,-165.0,39.44,40.77,12.0,216.0,38.79709639037304,39.77807747685498,760.0,111.5030446051809,112.14690792092736,True,PGA,g,0.005364445164198664,0.7347136108716102,0.0
C200503140155A,2005-03-14 01:55:55.600,5.79,-165.0,39.44,40.77,12.0,217.0,38.62115902080354,40.3185326173833,760.0,99.05026743347187,99.77452319426187,True,PGA,g,0.006553903553311669,0.7347136108716102,0.0
C200503140155A,2005-03-14 01:55:55.600,5.79,-165.0,39.44,40.77,12.0,218.0,38.44221794416428,40.8565841147114,760.0,111.20086047725304,111.84646338119725,True,PGA,g,0.005389169872232377,0.7347136108716102,0.0
C200503140155A,2005-03-14 01:55:55.600,5.79,-165.0,39.44,40.77,12.0,219.0,38.26029363889579,41.3922210672249,760.0,141.8118175606795,142.3186270305593,True,PGA,g,0.0035644340015744173,0.7347136108716102,0.0
C200503140155A,2005-03-14 01:55:55.600,5.79,-165.0,39.44,40.77,12.0,220.0,38.07540656863709,41.92543393714404,760.0,181.82374080973608,182.21929843473245,True,PGA,g,0.0023312328914475264,0.7347136108716102,0.0
C200503140155A,2005-03-14 01:55:55.600,5.79,-165.0,39.44,40.77,12.0,221.0,37.88757716832112,42.45621452971892,760.0,226.33585041310872,226.65373851367448,False,PGA,g,0.0016018937355343475,0.7347136108716102,0.0
C200503140155A,2005-03-14 01:55:55.600,5.79,-165.0,39.44,40.77,12.0,222.0,37.6968258305983,42.98455597163872,760.0,273.1841462223467,273.44757769494413,False,PGA,g,0.0011598797522910965,0.7347136108716102,0.0
C200503140155A,2005-03-14 01:55:55.600,5.79,-165.0,39.44,40.77,12.0,223.0,37.503172892593774,43.5104526887302,760.0,321.3722484560056,321.5962096755318,False,PGA,g,0.0008774255687232031,0.7347136108716102,0.0
C200503140155A,2005-03-14 01:55:55.600,5.79,-165.0,39.44,40.77,12.0,224.0,41.36387268192554,32.12724807530359,760.0,762.0819050004906,762.1763771786533,False,PGA,g,0.000198668700020176,0.7347136108716102,0.0
C200503140155A,2005-03-14 01:55:55.600,5.79,-165.0,39.44,40.77,12.0,225.0,41.23104397401816,32.70288003523498,760.0,711.8726494902393,711.973783992257,False,PGA,g,0.0002233962013851894,0.7347136108716102,0.0
C200503140155A,2005-03-14 01:55:55.600,5.79,-165.0,39.44,40.77,12.0,226.0,41.09491145873179,33.2763531496317,760.0,661.6497864378042,661.7585963878307,False,PGA,g,0.0002533741426361777,0.7347136108716102,0.0
C200503140155A,2005-03-14 01:55:55.600,5.79,-165.0,39.44,40.77,12.0,227.0,40.95549475971331,33.847635325026566,760.0,611.4168180668352,611.5345660017701,False,PGA,g,0.0002902525931370295,0.7347136108716102,0.0
C200503140155A,2005-03-14 01:55:55.600,5.79,-165.0,39.44,40.77,12.0,228.0,40.81281371072964,34.41669605582694,760.0,561.1788151366122,561.3071018240656,False,PGA,g,0.0003363977410468559,0.7347136108716102,0.0
C200503140155A,2005-03-14 01:55:55.600,5.79,-165.0,39.44,40.77,12.0,229.0,40.66688833779436,34.98350642177497,760.0,510.94319128100284,511.0840877159212,False,PGA,g,0.0003953047506836995,0.7347136108716102,0.0
C200503140155A,2005-03-14 01:55:55.600,5.79,-165.0,39.44,40.77,12.0,230.0,40.51773884143387,35.548039083457624,760.0,460.72098340951914,460.8772337117927,False,PGA,g,0.00047231976408996986,0.7347136108716102,0.0
C200503140155A,2005-03-14 01:55:55.600,5.79,-165.0,39.44,40.77,12.0,231.0,40.3653855791167,36.110268275942175,760.0,410.5290694761427,410.70441546804386,False,PGA,g,0.0005759680319145483,0.7347136108716102,0.0
C200503140155A,2005-03-14 01:55:55.600,5.79,-165.0,39.44,40.77,12.0,232.0,40.20984904786767,36.67016980061532,760.0,360.3942308920402,360.59395677169243,False,PGA,g,0.0007205494135382428,0.7347136108716102,0.0
C200503140155A,2005-03-14 01:55:55.600,5.79,-165.0,39.44,40.77,12.0,233.0,40.05114986708789,37.227721015306265,760.0,310.3611236265748,310.5930248069812,False,PGA,g,0.0009315977342159998,0.7347136108716102,0.0
C200503140155A,2005-03-14 01:55:55.600,5.79,-165.0,39.44,40.77,12.0,234.0,39.88930876159981,37.782900822775545,760.0,260.50933320993016,260.78556840723076,False,PGA,g,0.0012584572912944045,0.7347136108716102,0.0
C200503140155A,2005-03-14 01:55:55.600,5.79,-165.0,39.44,40.77,12.0,235.0,39.72434654493565,38.33568965765315,760.0,210.9942011160636,211.3351672216574,False,PGA,g,0.001806761092792096,0.7347136108716102,0.0
C200503140155A,2005-03-14 01:55:55.600,5.79,-165.0,39.44,40.77,12.0,236.0,39.55628410288591,38.88606947191002,760.0,162.1604767685171,162.60387518688714,True,PGA,g,0.002835253102057099,0.7347136108716102,0.0
C200503140155A,2005-03-14 01:55:55.600,5.79,-165.0,39.44,40.77,12.0,237.0,39.38514237732356,39.43402371894801,760.0,114.93288861995903,115.55764313332074,True,PGA,g,0.005095868629374595,0.7347136108716102,0.0
C200503140155A,2005-03-14 01:55:55.600,5.79,-165.0,39.44,40.77,12.0,238.0,39.210942350318334,39.97953733639344,760.0,72.60604997251964,73.59102182068149,True,PGA,g,0.011024550158863418,0.7347136108716102,0.0
C200503140155A,2005-03-14 01:55:55.600,5.79,-165.0,39.44,40.77,12.0,239.0,39.03370502855385,40.522596727679726,760.0,49.9505535842145,51.37176075792501,True,PGA,g,0.020282323711595097,0.7347136108716102,0.0
C200503140155A,2005-03-14 01:55:55.600,5.79,-165.0,39.44,40.77,12.0,240.0,38.85345142805938,41.063189742503695,760.0,69.95032977875378,70.9721680390025,True,PGA,g,0.011726494261429167,0.7347136108716102,0.0
C200503140155A,2005-03-14 01:55:55.600,5.79,-165.0,39.44,40.77,12.0,241.0,38.67020255926717,41.60130565624036,760.0,111.71047353243607,112.35314813943177,True,PGA,g,0.005347576336876094,0.7347136108716102,0.0
C200503140155A,2005-03-14 01:55:55.600,5.79,-165.0,39.44,40.77,12.0,242.0,38.48397941240376,42.136935148399466,760.0,158.95792442988161,159.4102309735983,True,PGA,g,0.002933545287153685,0.7347136108716102,0.0
C200503140155A,2005-03-14 01:55:55.600,5.79,-165.0,39.44,40.77,12.0,243.0,38.29480294322424,42.67007028020628,760.0,208.02079188173346,208.36662365912508,False,PGA,g,0.001851251925020575,0.7347136108716102,0.0
C200503140155A,2005-03-14 01:55:55.600,5.79,-165.0,39.44,40.77,12.0,244.0,38.10269405909594,43.20070447138824,760.0,257.8936794524563,258.17271331712476,False,PGA,g,0.0012804485898065283,0.7347136108716102,0.0
C200503140155A,2005-03-14 01:55:55.600,5.79,-165.0,39.44,40.77,12.0,245.0,37.90767360543753,43.728832476246495,760.0,308.20832575134256,308.4418455113471,False,PGA,g,0.0009428064968992565,0.7347136108716102,0.0
C200503140155A,2005-03-14 01:55:55.600,5.79,-165.0,39.44,40.77,12.0,246.0,37.70976235251805,44.25445035909105,760.0,358.80076052583985,359.0013729136994,False,PGA,g,0.0007260596008202551,0.7347136108716102,0.0
C200503140155A,2005-03-14 01:55:55.600,5.79,-165.0,39.44,40.77,12.0,247.0,41.65979456066122,32.86785971045566,760.0,711.4858320177345,711.5870214962946,False,PGA,g,0.00022360528516463207,0.7347136108716102,0.0
C200503140155A,2005-03-14 01:55:55.600,5.79,-165.0,39.44,40.77,12.0,248.0,41.52255515900016,33.444797513838466,760.0,661.1382417121466,661.2471358382045,False,PGA,g,0.0002537116375721961,0.7347136108716102,0.0
C200503140155A,2005-03-14 01:55:55.600,5.79,-165.0,39.44,40.77,12.0,249.0,41.38201157695592,34.01948170678295,760.0,610.7585334122505,610.8764082331901,False,PGA,g,0.000290791169667163,0.7347136108716102,0.0
C200503140155A,2005-03-14 01:55:55.600,5.79,-165.0,39.44,40.77,12.0,250.0,41.238184225796175,34.59188130842567,760.0,560.3458296446706,560.4743069937945,False,PGA,g,0.00033725869857120474,0.7347136108716102,0.0
C200503140155A,2005-03-14 01:55:55.600,5.79,-165.0,39.44,40.77,12.0,251.0,41.09109371005216,35.16196698394322,760.0,509.89924896354165,510.04043378303237,False,PGA,g,0.00039669823441971635,0.7347136108716102,0.0
C200503140155A,2005-03-14 01:55:55.600,5.79,-165.0,39.44,40.77,12.0,252.0,40.9407608091312,35.729711038947386,760.0,459.41790614629366,459.5745994806988,False,PGA,g,0.00047462662921193144,0.7347136108716102,0.0
C200503140155A,2005-03-14 01:55:55.600,5.79,-165.0,39.44,40.77,12.0,253.0,40.78720645911132,36.29508741192155,760.0,408.9009126365759,409.0769565192162,False,PGA,g,0.0005799178011135707,0.7347136108716102,0.0
C200503140155A,2005-03-14 01:55:55.600,5.79,-165.0,39.44,40.77,12.0,254.0,40.63045173474038,36.85807166478312,760.0,358.34737748108375,358.54824354272097,False,PGA,g,0.0007276395613536234,0.7347136108716102,0.0
C200503140155A,2005-03-14 01:55:55.600,5.79,-165.0,39.44,40.77,12.0,255.0,40.47051783166179,37.41864097165869,760.0,307.75640933259496,307.9902717380725,False,PGA,g,0.0009451865019525444,0.7347136108716102,0.0
C200503140155A,2005-03-14 01:55:55.600,5.79,-165.0,39.44,40.77,12.0,256.0,40.30742604888621,37.97677410596052,760.0,257.1271209952854,257.40698582463557,False,PGA,g,0.0012870086050878824,0.7347136108716102,0.0
C200503140155A,2005-03-14 01:55:55.600,5.79,-165.0,39.44,40.77,12.0,257.0,40.14119777152859,38.5324514258542,760.0,206.4586408925669,206.80708498309698,False,PGA,g,0.0018753230789462724,0.7347136108716102,0.0
C200503140155A,2005-03-14 01:55:55.600,5.79,-165.0,39.44,40.77,12.0,258.0,39.97185445382736,39.08565485820786,760.0,155.75014726571843,156.21174211080606,True,PGA,g,0.0030374917385643926,0.7347136108716102,0.0
C200503140155A,2005-03-14 01:55:55.600,5.79,-165.0,39.44,40.77,12.0,259.0,39.79941760246207,39.63636788111455,760.0,105.00100211333054,105.68448535524807,True,PGA,g,0.005938778897372212,0.7347136108716102,0.0
C200503140155A,2005-03-14 01:55:55.600,5.79,-165.0,39.44,40.77,12.0,260.0,39.62390876018369,40.18457550507881,760.0,54.2116395794243,55.52388554387565,True,PGA,g,0.017787773761337264,0.7347136108716102,0.0
C200503140155A,2005-03-14 01:55:55.600,5.79,-165.0,39.44,40.77,12.0,261.0,39.44534948977105,40.73026425295892,760.0,3.463631651364651,12.489865660459884,True,PGA,g,0.18087134567066265,0.7347136108716102,0.007469707653653012
C200503140155A,2005-03-14 01:55:55.600,5.79,-165.0,39.44,40.77,12.0,262.0,39.263761358325205,41.27342213875534,760.0,47.5152811276249,49.00716213613299,True,PGA,g,0.021957581639776142,0.7347136108716102,0.0
C200503140155A,2005-03-14 01:55:55.600,5.79,-165.0,39.44,40.77,12.0,263.0,39.07916592191211,41.81403864533565,760.0,98.43587299673914,99.16461613211719,True,PGA,g,0.006623068432899902,0.7347136108716102,0.0
C200503140155A,2005-03-14 01:55:55.600,5.79,-165.0,39.44,40.77,12.0,264.0,38.891584710563,42.35210470118456,760.0,149.40468120606832,149.8858190966941,True,PGA,g,0.00326101884206579,0.7347136108716102,0.0
C200503140155A,2005-03-14 01:55:55.600,5.79,-165.0,39.44,40.77,12.0,265.0,38.70103921364054,42.887612656266974,760.0,200.4208690224993,200.77979166174524,False,PGA,g,0.001973166995332279,0.7347136108716102,0.0
C200503140155A,2005-03-14 01:55:55.600,5.79,-165.0,39.44,40.77,12.0,266.0,38.5075508655773,43.420556257090176,760.0,251.48506599992012,251.77120252519782,False,PGA,g,0.001336968820430616,0.7347136108716102,0.0
C200503140155A,2005-03-14 01:55:55.600,5.79,-165.0,39.44,40.77,12.0,267.0,38.31114103199241,43.9509306210494,760.0,302.5981384663884,302.83598432703394,False,PGA,g,0.000973038717442505,0.7347136108716102,0.0
C200503140155A,2005-03-14 01:55:55.600,5.79,-165.0,39.44,40.77,12.0,268.0,41.949571640011015,33.61645171466469,760.0,664.234859108895,664.3432456610163,False,PGA,g,0.0002516794270563267,0.7347136108716102,0.0
C200503140155A,2005-03-14 01:55:55.600,5.79,-165.0,39.44,40.77,12.0,269.0,41.80788002812139,34.194586415748496,760.0,614.0075012132239,614.1247524291031,False,PGA,g,0.0002881482568632458,0.7347136108716102,0.0
C200503140155A,2005-03-14 01:55:55.600,5.79,-165.0,39.44,40.77,12.0,270.0,41.662885026533125,34.77037131351163,760.0,563.7730344179718,563.9007309242005,False,PGA,g,0.000333738541967383,0.7347136108716102,0.0
C200503140155A,2005-03-14 01:55:55.600,5.79,-165.0,39.44,40.77,12.0,271.0,41.51460783665575,35.34377666794147,760.0,513.5382035175907,513.6783881691679,False,PGA,g,0.00039187417557676895,0.7347136108716102,0.0
C200503140155A,2005-03-14 01:55:55.600,5.79,-165.0,39.44,40.77,12.0,272.0,41.36306983487982,35.91477444162001,760.0,463.313065642568,463.46844207034695,False,PGA,g,0.0004677832936993937,0.7347136108716102,0.0
C200503140155A,2005-03-14 01:55:55.600,5.79,-165.0,39.44,40.77,12.0,273.0,41.20829255371199,36.48333829085251,760.0,413.1130061113121,413.28725581407053,False,PGA,g,0.0005697862905161887,0.7347136108716102,0.0
C200503140155A,2005-03-14 01:55:55.600,5.79,-165.0,39.44,40.77,12.0,274.0,41.05029766313624,37.04944355484163,760.0,362.96242050391334,363.16073397059273,False,PGA,g,0.0007118066452500056,0.7347136108716102,0.0
C200503140155A,2005-03-14 01:55:55.600,5.79,-165.0,39.44,40.77,12.0,275.0,40.88910695222355,37.61306724300135,760.0,312.901914849374,313.1319343605901,False,PGA,g,0.0009186373913438641,0.7347136108716102,0.0
C200503140155A,2005-03-14 01:55:55.600,5.79,-165.0,39.44,40.77,12.0,276.0,40.72474231101067,38.17418802050582,760.0,263.00364725940074,263.27726539097006,False,PGA,g,0.0012380365470218153,0.7347136108716102,0.0
C200503140155A,2005-03-14 01:55:55.600,5.79,-165.0,39.44,40.77,12.0,277.0,40.55722571266727,38.732786192170245,760.0,213.4078657882147,213.74498164934928,False,PGA,g,0.0017718734346099617,0.7347136108716102,0.0
C200503140155A,2005-03-14 01:55:55.600,5.79,-165.0,39.44,40.77,12.0,278.0,40.38657919596919,39.288843684761055,760.0,164.42399487509658,164.86130561986275,True,PGA,g,0.0027688750069709118,0.7347136108716102,0.0
C200503140155A,2005-03-14 01:55:55.600,5.79,-165.0,39.44,40.77,12.0,279.0,40.21282484809435,39.8423440278335,760.0,116.87576316013337,117.49018688496325,True,PGA,g,0.004952986749647842,0.7347136108716102,0.0
C200503140155A,2005-03-14 01:55:55.600,5.79,-165.0,39.44,40.77,12.0,280.0,40.03598478775554,40.39327233319441,760.0,73.68453415005847,74.65527826557967,True,PGA,g,0.010758033226361985,0.7347136108716102,0.0
C200503140155A,2005-03-14 01:55:55.600,5.79,-165.0,39.44,40.77,12.0,281.0,39.85608114868425,40.94161527308801,760.0,48.543279322956444,50.00449947181324,True,PGA,g,0.021225470884429245,0.7347136108716102,0.0
C200503140155A,2005-03-14 01:55:55.600,5.79,-165.0,39.44,40.77,12.0,282.0,39.67313606347664,41.48736105720132,760.0,66.74020429026412,67.81043333224017,True,PGA,g,0.01267220337804154,0.7347136108716102,0.0
C200503140155A,2005-03-14 01:55:55.600,5.79,-165.0,39.44,40.77,12.0,283.0,39.48717164781292,42.03049940858551,760.0,108.33473327846309,108.9973138866997,True,PGA,g,0.005632859333430522,0.7347136108716102,0.0
C200503140155A,2005-03-14 01:55:55.600,5.79,-165.0,39.44,40.77,12.0,284.0,39.29820998505886,42.57102153858751,760.0,155.61786033293885,156.0798464075425,True,PGA,g,0.003041902576552736,0.7347136108716102,0.0
C200503140155A,2005-03-14 01:55:55.600,5.79,-165.0,39.44,40.77,12.0,285.0,39.106273111257465,43.108920120885394,760.0,204.71971479814064,205.0711135850977,False,PGA,g,0.0019027040874391352,0.7347136108716102,0.0
C200503140155A,2005-03-14 01:55:55.600,5.79,-165.0,39.44,40.77,12.0,286.0,38.91138300051731,43.64418926471844,760.0,254.61922152252444,254.9018398692649,False,PGA,g,0.001308845648287717,0.7347136108716102,0.0
C200503140155A,2005-03-14 01:55:55.600,5.79,-165.0,39.44,40.77,12.0,287.0,38.71356155080296,44.17682448740173,760.0,304.9499882986893,305.1860012572181,False,PGA,g,0.0009601812400046294,0.7347136108716102,0.0
C200503140155A,2005-03-14 01:55:55.600,5.79,-165.0,39.44,40.77,12.0,288.0,40.972420283171616,38.93677722780187,760.0,230.79606909891925,231.10782226379337,False,PGA,g,0.0015491618365231729,0.7347136108716102,0.0
C200503140155A,2005-03-14 01:55:55.600,5.79,-165.0,39.44,40.77,12.0,289.0,40.80044778902895,39.49571909858484,760.0,186.0711294503148,186.45767673902785,True,PGA,g,0.0022408873449533307,0.7347136108716102,0.0
C200503140155A,2005-03-14 01:55:55.600,5.79,-165.0,39.44,40.77,12.0,290.0,40.62535312599842,40.05203511772502,760.0,145.28859825621143,145.78332134800195,True,PGA,g,0.00342021000331356,0.7347136108716102,0.0
C200503140155A,2005-03-14 01:55:55.600,5.79,-165.0,39.44,40.77,12.0,291.0,40.44715900445944,40.60571052901054,760.0,112.86345257917411,113.49959880145605,True,PGA,g,0.005255313507070474,0.7347136108716102,0.0
C200503140155A,2005-03-14 01:55:55.600,5.79,-165.0,39.44,40.77,12.0,292.0,40.26588814434975,41.15673218632065,760.0,97.58790234744733,98.3229306142515,True,PGA,g,0.006720425519647831,0.7347136108716102,0.0
C200503140155A,2005-03-14 01:55:55.600,5.79,-165.0,39.44,40.77,12.0,293.0,40.08156325855301,41.70508852872559,760.0,107.13391291522066,107.8038742185367,True,PGA,g,0.0057401402629622955,0.7347136108716102,0.0
C200503140155A,2005-03-14 01:55:55.600,5.79,-165.0,39.44,40.77,12.0,294.0,39.894207036685685,42.25076955448307,760.0,136.4352015680375,136.9619079412631,True,PGA,g,0.0038071248101779758,0.7347136108716102,0.0
C200503140155A,2005-03-14 01:55:55.600,5.79,-165.0,39.44,40.77,12.0,295.0,39.70384212929231,42.79376679403261,760.0,175.92055393404976,176.3293546079691,True,PGA,g,0.002466680269282829,0.7347136108716102,0.0
C200503140155A,2005-03-14 01:55:55.600,5.79,-165.0,39.44,40.77,12.0,296.0,39.51049113245673,43.33407328208632,760.0,220.2100973010326,220.536815414865,False,PGA,g,0.0016790714218506946,0.7347136108716102,0.0
C200503140155A,2005-03-14 01:55:55.600,5.79,-165.0,39.44,40.77,12.0,297.0,39.31417657283573,43.87168352891327,760.0,266.9507270578866,267.22030363865366,False,PGA,g,0.0012067742175483843,0.7347136108716102,0.0
C200503140155A,2005-03-14 01:55:55.600,5.79,-165.0,39.44,40.77,12.0,298.0,40.85741936414967,40.82197523280503,760.0,157.67194795261022,158.12793292511805,True,PGA,g,0.0029745334010657246,0.7347136108716102,0.0
C200503140155A,2005-03-14 01:55:55.600,5.79,-165.0,39.44,40.77,12.0,299.0,40.67475798937051,41.37569978034522,760.0,146.65649237162427,147.14661652497583,True,PGA,g,0.0033659725219890853,0.7347136108716102,0.0
C200503140155A,2005-03-14 01:55:55.600,5.79,-165.0,39.44,40.77,12.0,300.0,40.48903002379566,41.926688929415135,760.0,152.7194633585077,153.19019057534518,True,PGA,g,0.003141135607186496,0.7347136108716102,0.0
C200503140155A,2005-03-14 01:55:55.600,5.79,-165.0,39.44,40.77,12.0,301.0,40.30025874564381,42.47493299098696,760.0,174.1244638814006,174.53747139793558,True,PGA,g,0.002510365016722998,0.7347136108716102,0.0
C200503140155A,2005-03-14 01:55:55.600,5.79,-165.0,39.44,40.77,12.0,302.0,40.10846738679795,43.02042385331604,760.0,206.18043726448727,206.52935072423767,False,PGA,g,0.001879661718009244,0.7347136108716102,0.0
C200503140155A,2005-03-14 01:55:55.600,5.79,-165.0,39.44,40.77,12.0,303.0,39.91367911703061,43.56315495196356,760.0,244.766690705484,245.0606718323323,False,PGA,g,0.0014005679407234656,0.7347136108716102,0.0
C200503140155A,2005-03-14 01:55:55.600,5.79,-165.0,39.44,40.77,12.0,304.0,39.71591702867863,44.10312123901409,760.0,287.289375400545,287.5398845691416,False,PGA,g,0.0010638061915940675,0.7347136108716102,0.0
C200503140155A,2005-03-14 01:55:55.600,5.79,-165.0,39.44,40.77,12.0,305.0,41.08267754767554,41.598605305389576,760.0,195.71974827008614,196.0872761371984,True,PGA,g,0.0020550521790892486,0.7347136108716102,0.0
C200503140155A,2005-03-14 01:55:55.600,5.79,-165.0,39.44,40.77,12.0,306.0,40.89552278239917,42.15224905047704,760.0,199.9662628302631,200.32599998577783,False,PGA,g,0.001980858672581798,0.7347136108716102,0.0
C200503140155A,2005-03-14 01:55:55.600,5.79,-165.0,39.44,40.77,12.0,307.0,40.70531276695041,42.70307599224188,760.0,216.43999234692106,216.77239281591014,False,PGA,g,0.0017295312400580336,0.7347136108716102,0.0
C200503140155A,2005-03-14 01:55:55.600,5.79,-165.0,39.44,40.77,12.0,308.0,40.51207132902601,43.2510784181305,760.0,242.69211401225155,242.9886050903122,False,PGA,g,0.0014211758412913701,0.7347136108716102,0.0
C200503140155A,2005-03-14 01:55:55.600,5.79,-165.0,39.44,40.77,12.0,309.0,41.30102727729793,42.38185817002582,760.0,247.91806363719516,248.20831226535574,False,PGA,g,0.0013701540111602515,0.7347136108716102,0.0
C200503140155A,2005-03-14 01:55:55.600,5.79,-165.0,39.44,40.77,12.0,310.0,41.10935440482272,42.935287266968686,760.0,261.1345489372514,261.41012346246606,False,PGA,g,0.0012532890129919867,0.7347136108716102,0.0
C200503140155A,2005-03-14 01:55:55.600,5.79,-165.0,39.44,40.77,12.0,311.0,40.91463883219449,43.48581857106326,760.0,283.0391538448757,283.29342140124476,False,PGA,g,0.0010913916990892205,0.7347136108716102,0.0
C200702090222A,2007-02-09 02:22:55.000,5.46,-9.0,38.49,39.02,23.9,1.0,36.72096108226829,27.69836368910688,760.0,1015.8592877170647,1016.1403950444161,False,PGA,g,6.191397718049986e-05,0.7347136108716102,0.0
C200702090222A,2007-02-09 02:22:55.000,5.46,-9.0,38.49,39.02,23.9,2.0,36.39455464027055,29.327564169136853,760.0,886.3622655814438,886.6844285576858,False,PGA,g,7.918218840055326e-05,0.7347136108716102,0.0
C200702090222A,2007-02-09 02:22:55.000,5.46,-9.0,38.49,39.02,23.9,3.0,36.27950272914779,29.867739251599968,760.0,844.7253629864027,845.063399321323,False,PGA,g,8.636121937531584e-05,0.7347136108716102,0.0
C200702090222A,2007-02-09 02:22:55.000,5.46,-9.0,38.49,39.02,23.9,4.0,37.16167480728152,27.812520356913147,760.0,994.733264642614,995.0203403883525,False,PGA,g,6.430655043575454e-05,0.7347136108716102,0.0
C200702090222A,2007-02-09 02:22:55.000,5.46,-9.0,38.49,39.02,23.9,5.0,37.05523302606474,28.36015699826684,760.0,949.8527380430709,950.1533739180842,False,PGA,g,6.98920730317845e-05,0.7347136108716102,0.0
C200702090222A,2007-02-09 02:22:55.000,5.46,-9.0,38.49,39.02,23.9,6.0,36.94562940880127,28.90634871473881,760.0,905.5111998429552,905.8265524045032,False,PGA,g,7.618734801351181e-05,0.7347136108716102,0.0
C200702090222A,2007-02-09 02:22:55.000,5.46,-9.0,38.49,39.02,23.9,7.0,36.8328772139447,29.45106411136452,760.0,861.7958932265839,862.1272363069187,False,PGA,g,8.330025045691557e-05,0.7347136108716102,0.0
C200702090222A,2007-02-09 02:22:55.000,5.46,-9.0,38.49,39.02,23.9,8.0,36.71698994271946,29.994272814771403,760.0,818.8115905308115,819.1603205646604,False,PGA,g,9.13534622654166e-05,0.7347136108716102,0.0
C200702090222A,2007-02-09 02:22:55.000,5.46,-9.0,38.49,39.02,23.9,9.0,36.59798132724053,30.535945483414405,760.0,776.6846005611404,777.0522368211922,False,PGA,g,0.00010048384917440543,0.7347136108716102,0.0
C200702090222A,2007-02-09 02:22:55.000,5.46,-9.0,38.49,39.02,23.9,10.0,36.0910154761869,32.68672555867665,760.0,620.3333674810948,620.7936024238934,False,PGA,g,0.0001506942993625048,0.7347136108716102,0.0
C200702090222A,2007-02-09 02:22:55.000,5.46,-9.0,38.49,39.02,23.9,11.0,37.70594421844185,27.37647198696236,760.0,1021.9095399303034,1022.1889834079432,False,PGA,g,6.125419741873772e-05,0.7347136108716102,0.0
C200702090222A,2007-02-09 02:22:55.000,5.46,-9.0,38.49,39.02,23.9,12.0,37.60190569498504,27.928765973795198,760.0,975.642741423772,975.9354327479319,False,PGA,g,6.659450681305502e-05,0.7347136108716102,0.0
C200702090222A,2007-02-09 02:22:55.000,5.46,-9.0,38.49,39.02,23.9,13.0,37.49467199987921,28.479607457505445,760.0,929.7598208279812,930.066951582562,False,PGA,g,7.264053889461316e-05,0.7347136108716102,0.0
C200702090222A,2007-02-09 02:22:55.000,5.46,-9.0,38.49,39.02,23.9,14.0,37.384256519078185,29.028963277033085,760.0,884.3242692695713,884.6471744255792,False,PGA,g,7.951166234621175e-05,0.7347136108716102,0.0
C200702090222A,2007-02-09 02:22:55.000,5.46,-9.0,38.49,39.02,23.9,15.0,37.27067289867793,29.5768013203776,760.0,839.4128758437785,839.7530506835462,False,PGA,g,8.734956024701319e-05,0.7347136108716102,0.0
C200702090222A,2007-02-09 02:22:55.000,5.46,-9.0,38.49,39.02,23.9,16.0,37.15393503266164,30.12309053619455,760.0,795.1190528735052,795.4781695574429,False,PGA,g,9.632157860016634e-05,0.7347136108716102,0.0
C200702090222A,2007-02-09 02:22:55.000,5.46,-9.0,38.49,39.02,23.9,17.0,37.03405705056574,30.66780094401345,760.0,751.5570844002337,751.9370060797514,False,PGA,g,0.00010662352586756439,0.7347136108716102,0.0
C200702090222A,2007-02-09 02:22:55.000,5.46,-9.0,38.49,39.02,23.9,18.0,36.91105330508504,31.21090364309496,760.0,708.8675441531566,709.2703329152627,False,PGA,g,0.00011848076058238312,0.7347136108716102,0.0
C200702090222A,2007-02-09 02:22:55.000,5.46,-9.0,38.49,39.02,23.9,19.0,36.78493835963457,31.75237081994863,760.0,667.2241617997386,667.6520741294554,False,PGA,g,0.0001321453894452386,0.7347136108716102,0.0
C200702090222A,2007-02-09 02:22:55.000,5.46,-9.0,38.49,39.02,23.9,20.0,36.65572697588564,32.292175754535066,760.0,626.842410426892,627.297869843184,False,PGA,g,0.0001478857095863942,0.7347136108716102,0.0
C200702090222A,2007-02-09 02:22:55.000,5.46,-9.0,38.49,39.02,23.9,21.0,36.52343410129269,32.830292825178866,760.0,587.989985911606,588.4755165105263,False,PGA,g,0.00016596141130946867,0.7347136108716102,0.0
C200702090222A,2007-02-09 02:22:55.000,5.46,-9.0,38.49,39.02,23.9,22.0,36.38807485662762,33.36669751222091,760.0,550.9990395277526,551.5171362346831,False,PGA,g,0.00018657448142211236,0.7347136108716102,0.0
C200702090222A,2007-02-09 02:22:55.000,5.46,-9.0,38.49,39.02,23.9,23.0,38.34642733343527,26.37603488009032,760.0,1100.8030449281828,1101.0624658588445,False,PGA,g,5.356271710295633e-05,0.7347136108716102,0.0
C200702090222A,2007-02-09 02:22:55.000,5.46,-9.0,38.49,39.02,23.9,24.0,38.24807464160599,26.93450807089659,760.0,1053.202099847716,1053.4732427184083,False,PGA,g,5.800983807571133e-05,0.7347136108716102,0.0
C200702090222A,2007-02-09 02:22:55.000,5.46,-9.0,38.49,39.02,23.9,25.0,38.14647942535193,27.491558562072004,760.0,1005.8240500351308,1006.1079612194077,False,PGA,g,6.303293213926626e-05,0.7347136108716102,0.0
C200702090222A,2007-02-09 02:22:55.000,5.46,-9.0,38.49,39.02,23.9,26.0,38.041654895825566,28.04715028256068,760.0,958.7050276260258,959.0028884187047,False,PGA,g,6.873214654562856e-05,0.7347136108716102,0.0
C200702090222A,2007-02-09 02:22:55.000,5.46,-9.0,38.49,39.02,23.9,27.0,37.93361455511884,28.601248223537706,760.0,911.8886163213346,912.2017641818273,False,PGA,g,7.522887472639419e-05,0.7347136108716102,0.0
C200702090222A,2007-02-09 02:22:55.000,5.46,-9.0,38.49,39.02,23.9,28.0,37.82237218374227,29.15381845299078,760.0,865.4277377752205,865.75769087588,False,PGA,g,8.26707566456246e-05,0.7347136108716102,0.0
C200702090222A,2007-02-09 02:22:55.000,5.46,-9.0,38.49,39.02,23.9,29.0,37.70794182798869,29.70482812881885,760.0,819.3871049749779,819.7355901748291,False,PGA,g,9.123776828205497e-05,0.7347136108716102,0.0
C200702090222A,2007-02-09 02:22:55.000,5.46,-9.0,38.49,39.02,23.9,30.0,37.59033778720124,30.25424551046159,760.0,773.8464340389077,774.2154180037578,False,PGA,g,0.0001011494481319871,0.7347136108716102,0.0
C200702090222A,2007-02-09 02:22:55.000,5.46,-9.0,38.49,39.02,23.9,31.0,37.46957460096505,30.802039969076837,760.0,728.9046726864121,729.296395071363,False,PGA,g,0.00011267307251612648,0.7347136108716102,0.0
C200702090222A,2007-02-09 02:22:55.000,5.46,-9.0,38.49,39.02,23.9,32.0,37.34566703624191,31.34818199628632,760.0,684.6855898482806,685.1025959269808,False,PGA,g,0.00012613205628517868,0.7347136108716102,0.0
C200702090222A,2007-02-09 02:22:55.000,5.46,-9.0,38.49,39.02,23.9,33.0,37.21863007446594,31.89264321151313,760.0,641.3451750842067,641.7903424045829,False,PGA,g,0.00014191273543161424,0.7347136108716102,0.0
C200702090222A,2007-02-09 02:22:55.000,5.46,-9.0,38.49,39.02,23.9,34.0,37.08847889861916,32.43539636793712,760.0,599.081405301379,599.5579539776578,False,PGA,g,0.00016046547026658112,0.7347136108716102,0.0
C200702090222A,2007-02-09 02:22:55.000,5.46,-9.0,38.49,39.02,23.9,35.0,36.95522888030389,32.976415357097224,760.0,558.1470067244618,558.6584744864043,False,PGA,g,0.00018229184366883613,0.7347136108716102,0.0
C200702090222A,2007-02-09 02:22:55.000,5.46,-9.0,38.49,39.02,23.9,36.0,36.81889556682967,33.51567521217214,760.0,518.8657627202153,519.4159120812827,False,PGA,g,0.00020790243449189322,0.7347136108716102,0.0
C200702090222A,2007-02-09 02:22:55.000,5.46,-9.0,38.49,39.02,23.9,37.0,36.67949466833073,34.05315210997315,760.0,481.6524483713908,482.24505287473426,False,PGA,g,0.00023771826822985452,0.7347136108716102,0.0
C200702090222A,2007-02-09 02:22:55.000,5.46,-9.0,38.49,39.02,23.9,38.0,36.09153440869359,36.18479369961207,760.0,366.06644522743863,366.8458154612825,False,PGA,g,0.0003894337729362445,0.7347136108716102,0.0
C200702090222A,2007-02-09 02:22:55.000,5.46,-9.0,38.49,39.02,23.9,39.0,38.68892326225698,27.04833743448202,760.0,1040.000500325035,1040.275084137039,False,PGA,g,5.934521103420054e-05,0.7347136108716102,0.0
C200702090222A,2007-02-09 02:22:55.000,5.46,-9.0,38.49,39.02,23.9,40.0,38.58654862739613,27.60878134728513,760.0,991.920794387825,992.2086838659365,False,PGA,g,6.463588098469848e-05,0.7347136108716102,0.0
C200702090222A,2007-02-09 02:22:55.000,5.46,-9.0,38.49,39.02,23.9,41.0,38.48092332630997,28.16772469576237,760.0,944.0318074416138,944.3342964551696,False,PGA,g,7.067145781032684e-05,0.7347136108716102,0.0
C200702090222A,2007-02-09 02:22:55.000,5.46,-9.0,38.49,39.02,23.9,42.0,38.37206126242352,28.725131642390245,760.0,896.3675888316355,896.6861570849859,False,PGA,g,7.759502148369836e-05,0.7347136108716102,0.0
C200702090222A,2007-02-09 02:22:55.000,5.46,-9.0,38.49,39.02,23.9,43.0,38.25997662378592,29.28096746915477,760.0,848.969872475868,849.3062194354234,False,PGA,g,8.55839927288458e-05,0.7347136108716102,0.0
C200702090222A,2007-02-09 02:22:55.000,5.46,-9.0,38.49,39.02,23.9,44.0,38.14468386993303,29.83519859074117,760.0,801.890232168985,802.2463178151886,False,PGA,g,9.485968297474879e-05,0.7347136108716102,0.0
C200702090222A,2007-02-09 02:22:55.000,5.46,-9.0,38.49,39.02,23.9,45.0,38.02619771865637,30.387792566174863,760.0,755.1929679204918,755.5710613810993,False,PGA,g,0.00010569961190249211,0.7347136108716102,0.0
C200702090222A,2007-02-09 02:22:55.000,5.46,-9.0,38.49,39.02,23.9,46.0,37.90453313269919,30.93871810893301,760.0,708.9590096741138,709.3617465004016,False,PGA,g,0.00011845320136082072,0.7347136108716102,0.0
C200702090222A,2007-02-09 02:22:55.000,5.46,-9.0,38.49,39.02,23.9,47.0,37.77970530639941,31.48794509554942,760.0,663.2912469688079,663.7216949184622,False,PGA,g,0.00013356126843727578,0.7347136108716102,0.0
C200702090222A,2007-02-09 02:22:55.000,5.46,-9.0,38.49,39.02,23.9,48.0,37.65172965229903,32.03544457273861,760.0,618.321866094203,618.7835971405653,False,PGA,g,0.00015157902009029246,0.7347136108716102,0.0
C200702090222A,2007-02-09 02:22:55.000,5.46,-9.0,38.49,39.02,23.9,49.0,37.52062178773912,32.581188763067985,760.0,574.2225129576877,574.7196746131473,False,PGA,g,0.00017320027904819436,0.7347136108716102,0.0
C200702090222A,2007-02-09 02:22:55.000,5.46,-9.0,38.49,39.02,23.9,50.0,37.38639752145882,33.125151069209814,760.0,531.218400038254,531.7557696341456,False,PGA,g,0.00019927592869771967,0.7347136108716102,0.0
C200702090222A,2007-02-09 02:22:55.000,5.46,-9.0,38.49,39.02,23.9,51.0,37.24907284021617,33.66730607680735,760.0,489.60779031734893,490.19077749325015,False,PGA,g,0.0002308090401325266,0.7347136108716102,0.0
C200702090222A,2007-02-09 02:22:55.000,5.46,-9.0,38.49,39.02,23.9,52.0,37.108663895448274,34.20762955599211,760.0,449.7884290212927,450.4229577646353,False,PGA,g,0.0002688875088603433,0.7347136108716102,0.0
C200702090222A,2007-02-09 02:22:55.000,5.46,-9.0,38.49,39.02,23.9,53.0,36.96518698998718,34.74609846159084,760.0,412.29190813073865,412.9840523677463,False,PGA,g,0.0003144752446118213,0.7347136108716102,0.0
C200702090222A,2007-02-09 02:22:55.000,5.46,-9.0,38.49,39.02,23.9,54.0,36.81865856484759,35.28269093206378,760.0,377.82432012855105,378.57948555171583,False,PGA,g,0.0003679247032097773,0.7347136108716102,0.0
C200702090222A,2007-02-09 02:22:55.000,5.46,-9.0,38.49,39.02,23.9,55.0,36.51651353185552,36.3501650247302,760.0,321.8741743843108,322.76027347798197,False,PGA,g,0.0004906437889156367,0.7347136108716102,0.0
C200702090222A,2007-02-09 02:22:55.000,5.46,-9.0,38.49,39.02,23.9,56.0,39.12932169354253,27.16429886150565,760.0,1028.9799030394581,1029.2574269147115,False,PGA,g,6.049691708868308e-05,0.7347136108716102,0.0
C200702090222A,2007-02-09 02:22:55.000,5.46,-9.0,38.49,39.02,23.9,57.0,39.02615285189753,27.728192482780084,760.0,980.2887475042253,980.5800520525607,False,PGA,g,6.602618025029897e-05,0.7347136108716102,0.0
C200702090222A,2007-02-09 02:22:55.000,5.46,-9.0,38.49,39.02,23.9,58.0,38.91971166128295,28.290542362066432,760.0,931.7259834057437,932.0324662550121,False,PGA,g,7.23642430059599e-05,0.7347136108716102,0.0
C200702090222A,2007-02-09 02:22:55.000,5.46,-9.0,38.49,39.02,23.9,59.0,38.810012439872,28.851311815912176,760.0,883.3163116675108,883.6395851578261,False,PGA,g,7.96754022283665e-05,0.7347136108716102,0.0
C200702090222A,2007-02-09 02:22:55.000,5.46,-9.0,38.49,39.02,23.9,60.0,38.69706979675155,29.41046532512941,760.0,835.0902878597,835.4322227910512,False,PGA,g,8.816676684678893e-05,0.7347136108716102,0.0
C200702090222A,2007-02-09 02:22:55.000,5.46,-9.0,38.49,39.02,23.9,61.0,38.580898618260015,29.96796854805596,760.0,787.0860574621106,787.4488376086721,False,PGA,g,9.81017702101383e-05,0.7347136108716102,0.0
C200702090222A,2007-02-09 02:22:55.000,5.46,-9.0,38.49,39.02,23.9,62.0,38.46151405423436,30.52378833218374,760.0,739.3517261312144,739.7379163820158,False,PGA,g,0.00010981856655344095,0.7347136108716102,0.0
C200702090222A,2007-02-09 02:22:55.000,5.46,-9.0,38.49,39.02,23.9,63.0,38.33893150418781,31.07789272417605,760.0,691.9486419119785,692.3612735009314,False,PGA,g,0.00012375517227193562,0.7347136108716102,0.0
C200702090222A,2007-02-09 02:22:55.000,5.46,-9.0,38.49,39.02,23.9,64.0,38.21316660343932,31.63025097829894,760.0,644.9560053322916,645.3986820672839,False,PGA,g,0.00014048380812600687,0.7347136108716102,0.0
C200702090222A,2007-02-09 02:22:55.000,5.46,-9.0,38.49,39.02,23.9,65.0,38.08423520921518,32.180833563295366,760.0,598.4774390288492,598.95446824156,False,PGA,g,0.00016075742133541622,0.7347136108716102,0.0
C200702090222A,2007-02-09 02:22:55.000,5.46,-9.0,38.49,39.02,23.9,66.0,37.95215338674287,32.729612167733904,760.0,552.6504837166068,553.1670336816896,False,PGA,g,0.0001855712565501582,0.7347136108716102,0.0
C200702090222A,2007-02-09 02:22:55.000,5.46,-9.0,38.49,39.02,23.9,67.0,37.816937395356426,33.27655970386688,760.0,507.6605026871247,508.22278184723683,False,PGA,g,0.000216239989790779,0.7347136108716102,0.0
C200702090222A,2007-02-09 02:22:55.000,5.46,-9.0,38.49,39.02,23.9,68.0,37.67860367463222,33.821650310035366,760.0,463.76124287893686,464.3766794280439,False,PGA,g,0.0002544820554197597,0.7347136108716102,0.0
C200702090222A,2007-02-09 02:22:55.000,5.46,-9.0,38.49,39.02,23.9,69.0,37.53716883057294,34.36485935166117,760.0,421.3053407463885,421.9827012348142,False,PGA,g,0.00030247670020563315,0.7347136108716102,0.0
C200702090222A,2007-02-09 02:22:55.000,5.46,-9.0,38.49,39.02,23.9,70.0,37.39264962185748,34.90616342086814,760.0,380.78913959913126,381.5384369059645,False,PGA,g,0.0003627916137921301,0.7347136108716102,0.0
C200702090222A,2007-02-09 02:22:55.000,5.46,-9.0,38.49,39.02,23.9,71.0,37.24506294617298,35.445540334777355,760.0,342.91613697175274,343.7479992605483,False,PGA,g,0.0004379236512999629,0.7347136108716102,0.0
C200702090222A,2007-02-09 02:22:55.000,5.46,-9.0,38.49,39.02,23.9,72.0,37.09442582664533,35.982969132522314,760.0,308.6783685179538,309.6022370573341,False,PGA,g,0.0005289082654446674,0.7347136108716102,0.0
C200702090222A,2007-02-09 02:22:55.000,5.46,-9.0,38.49,39.02,23.9,73.0,36.94075539838291,36.51843007103232,760.0,279.43539024990093,280.4556066904608,False,PGA,g,0.0006321923205132504,0.7347136108716102,0.0
C200702090222A,2007-02-09 02:22:55.000,5.46,-9.0,38.49,39.02,23.9,74.0,36.78406889514814,37.05190461963332,760.0,256.92110463847223,258.03035482022807,False,PGA,g,0.0007347471260518688,0.7347136108716102,0.0
C200702090222A,2007-02-09 02:22:55.000,5.46,-9.0,38.49,39.02,23.9,75.0,39.66994047687324,26.71349486296508,760.0,1069.4703253542955,1069.7373447783443,False,PGA,g,5.64274574451114e-05,0.7347136108716102,0.0
C200702090222A,2007-02-09 02:22:55.000,5.46,-9.0,38.49,39.02,23.9,76.0,39.569271083172126,27.282445186661697,760.0,1020.2074169883928,1020.4873265641902,False,PGA,g,6.143870552287351e-05,0.7347136108716102,0.0
C200702090222A,2007-02-09 02:22:55.000,5.46,-9.0,38.49,39.02,23.9,77.0,39.46529288763372,27.849845891918065,760.0,971.0057750204475,971.2998636482247,False,PGA,g,6.71693415102418e-05,0.7347136108716102,0.0
C200702090222A,2007-02-09 02:22:55.000,5.46,-9.0,38.49,39.02,23.9,78.0,39.3580203257534,28.41565823577763,760.0,921.8783964669478,922.188152099381,False,PGA,g,7.376470033793827e-05,0.7347136108716102,0.0
C200702090222A,2007-02-09 02:22:55.000,5.46,-9.0,38.49,39.02,23.9,79.0,39.24746814441138,28.979844671420302,760.0,872.841380350036,873.1685319864409,False,PGA,g,8.140849618370128e-05,0.7347136108716102,0.0
C200702090222A,2007-02-09 02:22:55.000,5.46,-9.0,38.49,39.02,23.9,80.0,39.13365138777182,29.5423688632149,760.0,823.9148373201263,824.2614082657576,False,PGA,g,9.033545683516698e-05,0.7347136108716102,0.0
C200702090222A,2007-02-09 02:22:55.000,5.46,-9.0,38.49,39.02,23.9,81.0,39.01658538307148,30.103195700029477,760.0,775.1241333592778,775.4925093874032,False,PGA,g,0.00010084896065492561,0.7347136108716102,0.0
C200702090222A,2007-02-09 02:22:55.000,5.46,-9.0,38.49,39.02,23.9,82.0,38.89628572632051,30.66229130681988,760.0,726.5016169587083,726.894634347797,False,PGA,g,0.00011334598206182182,0.7347136108716102,0.0
C200702090222A,2007-02-09 02:22:55.000,5.46,-9.0,38.49,39.02,23.9,83.0,38.772768267938105,31.21962305452092,760.0,678.089058665004,678.510118923212,False,PGA,g,0.00012835284183139472,0.7347136108716102,0.0
C200702090222A,2007-02-09 02:22:55.000,5.46,-9.0,38.49,39.02,23.9,84.0,38.64604909834551,31.77515956826793,760.0,629.941160695462,630.3943812712372,False,PGA,g,0.0001465770936415304,0.7347136108716102,0.0
C200702090222A,2007-02-09 02:22:55.000,5.46,-9.0,38.49,39.02,23.9,85.0,38.51614453353741,32.32887073398079,760.0,582.1307072528574,582.6211207351755,False,PGA,g,0.00016898366379145815,0.7347136108716102,0.0
C200702090222A,2007-02-09 02:22:55.000,5.46,-9.0,38.49,39.02,23.9,86.0,38.38307110065308,32.88072770334502,760.0,534.7562851350425,535.2901031136582,False,PGA,g,0.00019690740110879214,0.7347136108716102,0.0
C200702090222A,2007-02-09 02:22:55.000,5.46,-9.0,38.49,39.02,23.9,87.0,38.24684552356719,33.43070289722835,760.0,487.95412001694683,488.5390805672694,False,PGA,g,0.00023221936591775154,0.7347136108716102,0.0
C200702090222A,2007-02-09 02:22:55.000,5.46,-9.0,38.49,39.02,23.9,88.0,38.107484708520346,33.97877000757363,760.0,441.91664268360597,442.5624578302478,False,PGA,g,0.00027756831831913186,0.7347136108716102,0.0
C200702090222A,2007-02-09 02:22:55.000,5.46,-9.0,38.49,39.02,23.9,89.0,37.96500572980777,34.52490399781175,760.0,396.922253144078,397.64115109099504,False,PGA,g,0.00033671217362788743,0.7347136108716102,0.0
C200702090222A,2007-02-09 02:22:55.000,5.46,-9.0,38.49,39.02,23.9,90.0,37.81942581554456,35.06908110184059,760.0,353.3838672315172,354.19114559726444,False,PGA,g,0.0004149014290062364,0.7347136108716102,0.0
C200702090222A,2007-02-09 02:22:55.000,5.46,-9.0,38.49,39.02,23.9,91.0,37.67076233352466,35.611278821618285,760.0,311.92851716821076,312.8427877109504,False,PGA,g,0.000519064662298024,0.7347136108716102,0.0
C200702090222A,2007-02-09 02:22:55.000,5.46,-9.0,38.49,39.02,23.9,92.0,37.51903277719032,36.15147592342068,760.0,273.52477825236554,274.5669578044775,False,PGA,g,0.0006568623510676495,0.7347136108716102,0.0
C200702090222A,2007-02-09 02:22:55.000,5.46,-9.0,38.49,39.02,23.9,93.0,37.36425475172738,36.68965243281496,760.0,239.66757539427698,240.85629884927536,False,PGA,g,0.0008319367669799588,0.7347136108716102,0.0
C200702090222A,2007-02-09 02:22:55.000,5.46,-9.0,38.49,39.02,23.9,94.0,37.20644596030164,37.22578962840265,760.0,212.56805696596166,213.90743054481376,False,PGA,g,0.0010304314980358858,0.7347136108716102,0.0
C200702090222A,2007-02-09 02:22:55.000,5.46,-9.0,38.49,39.02,23.9,95.0,37.04562419045001,37.75987003438628,760.0,195.0939067029561,196.55239106309986,True,PGA,g,0.0012002463286278468,0.7347136108716102,0.0
C200702090222A,2007-02-09 02:22:55.000,5.46,-9.0,38.49,39.02,23.9,96.0,36.71501320700875,38.821796749967135,760.0,198.14048381883836,199.57670537405747,True,PGA,g,0.0011676581373610579,0.7347136108716102,0.0
C200702090222A,2007-02-09 02:22:55.000,5.46,-9.0,38.49,39.02,23.9,97.0,40.11024381602152,26.830269986054727,760.0,1063.3631900483995,1063.6317426392973,False,PGA,g,5.7013535677851555e-05,0.7347136108716102,0.0
C200702090222A,2007-02-09 02:22:55.000,5.46,-9.0,38.49,39.02,23.9,98.0,40.00877234376844,27.40283107497407,760.0,1013.7379601093281,1014.0196555129598,False,PGA,g,6.214792480603024e-05,0.7347136108716102,0.0
C200702090222A,2007-02-09 02:22:55.000,5.46,-9.0,38.49,39.02,23.9,99.0,39.903969276608166,27.973797353865372,760.0,964.136101572454,964.4322850025964,False,PGA,g,6.803523965544892e-05,0.7347136108716102,0.0
C200702090222A,2007-02-09 02:22:55.000,5.46,-9.0,38.49,39.02,23.9,100.0,39.795849486245295,28.543129149689825,760.0,914.564623131048,914.8768550372426,False,PGA,g,7.483226187917262e-05,0.7347136108716102,0.0
C200702090222A,2007-02-09 02:22:55.000,5.46,-9.0,38.49,39.02,23.9,101.0,39.68442816279457,29.11078803463584,760.0,865.0323316608644,865.3624355255038,False,PGA,g,8.273893179365217e-05,0.7347136108716102,0.0
C200702090222A,2007-02-09 02:22:55.000,5.46,-9.0,38.49,39.02,23.9,102.0,39.569720800102296,29.676736841292104,760.0,815.5503760655487,815.90050000025,False,PGA,g,9.201338023982677e-05,0.7347136108716102,0.0
C200702090222A,2007-02-09 02:22:55.000,5.46,-9.0,38.49,39.02,23.9,103.0,39.45174318095948,30.24093967598165,760.0,766.1329990222712,766.5056961242097,False,PGA,g,0.00010299338771614082,0.7347136108716102,0.0
C200702090222A,2007-02-09 02:22:55.000,5.46,-9.0,38.49,39.02,23.9,104.0,39.33051136223099,30.80336193028008,760.0,716.7985946008795,717.1969291776115,False,PGA,g,0.00011612756808572391,0.7347136108716102,0.0
C200702090222A,2007-02-09 02:22:55.000,5.46,-9.0,38.49,39.02,23.9,105.0,39.2060416599246,31.36397029074492,760.0,667.5712255899991,667.9989155947287,False,PGA,g,0.00013202156427500307,0.7347136108716102,0.0
C200702090222A,2007-02-09 02:22:55.000,5.46,-9.0,38.49,39.02,23.9,106.0,39.078350634223085,31.92273274688748,760.0,618.4828482000419,618.9444591541603,False,PGA,g,0.00015150791856492844,0.7347136108716102,0.0
C200702090222A,2007-02-09 02:22:55.000,5.46,-9.0,38.49,39.02,23.9,107.0,38.94745507450225,32.479618597422046,760.0,569.5766540366454,570.0778673335604,False,PGA,g,0.00017575412316737777,0.7347136108716102,0.0
C200702090222A,2007-02-09 02:22:55.000,5.46,-9.0,38.49,39.02,23.9,108.0,38.81337198435645,33.034598454831034,760.0,520.9122286010977,521.4602189104767,False,PGA,g,0.0002064336584856607,0.7347136108716102,0.0
C200702090222A,2007-02-09 02:22:55.000,5.46,-9.0,38.49,39.02,23.9,109.0,38.67611856665329,33.587644248287745,760.0,472.5737594688701,473.177734195663,False,PGA,g,0.00024600320862569046,0.7347136108716102,0.0
C200702090222A,2007-02-09 02:22:55.000,5.46,-9.0,38.49,39.02,23.9,110.0,38.53571220863781,34.13872922498166,760.0,424.6835483496268,425.3555292209445,False,PGA,g,0.00029816194045610505,0.7347136108716102,0.0
C200702090222A,2007-02-09 02:22:55.000,5.46,-9.0,38.49,39.02,23.9,111.0,38.392170467105785,34.687827949893595,760.0,377.4251066060892,378.1810691938688,False,PGA,g,0.0003686244758461931,0.7347136108716102,0.0
C200702090222A,2007-02-09 02:22:55.000,5.46,-9.0,38.49,39.02,23.9,112.0,38.24551105366531,35.234916304070964,760.0,331.08426828147526,331.9457827770672,False,PGA,g,0.0004664194202916019,0.7347136108716102,0.0
C200702090222A,2007-02-09 02:22:55.000,5.46,-9.0,38.49,39.02,23.9,113.0,38.09575182010447,35.779971481455135,760.0,286.12545708029313,287.1219030123036,False,PGA,g,0.0006059602541368496,0.7347136108716102,0.0
C200702090222A,2007-02-09 02:22:55.000,5.46,-9.0,38.49,39.02,23.9,114.0,37.94291074388236,36.32297198431528,760.0,243.33813915447084,244.50901817143802,False,PGA,g,0.0008096561533751252,0.7347136108716102,0.0
C200702090222A,2007-02-09 02:22:55.000,5.46,-9.0,38.49,39.02,23.9,115.0,37.787005913759856,36.86389761734446,760.0,204.11998673979514,205.514425251986,False,PGA,g,0.0011075450386890482,0.7347136108716102,0.0
C200702090222A,2007-02-09 02:22:55.000,5.46,-9.0,38.49,39.02,23.9,116.0,37.628055515585366,37.40272948047536,760.0,170.97914522396857,172.64147271591185,True,PGA,g,0.001516349914340163,0.7347136108716102,0.0
C200702090222A,2007-02-09 02:22:55.000,5.46,-9.0,38.49,39.02,23.9,117.0,37.46607781825019,37.93944996047414,760.0,148.09476881417646,150.0109014376101,True,PGA,g,0.001953093013755277,0.7347136108716102,0.0
C200702090222A,2007-02-09 02:22:55.000,5.46,-9.0,38.49,39.02,23.9,118.0,37.30109115982695,38.4740427213721,760.0,140.61238406837117,142.62907331042686,True,PGA,g,0.0021388565841320086,0.7347136108716102,0.0
C200702090222A,2007-02-09 02:22:55.000,5.46,-9.0,38.49,39.02,23.9,119.0,37.13311393390367,39.006492693795046,760.0,150.88372023463174,152.764874993706,True,PGA,g,0.0018901436478459773,0.7347136108716102,0.0
C200702090222A,2007-02-09 02:22:55.000,5.46,-9.0,38.49,39.02,23.9,120.0,36.96216457612552,39.5367860632515,760.0,175.86158603973968,177.47818864416203,True,PGA,g,0.0014426995689474427,0.7347136108716102,0.0
C200702090222A,2007-02-09 02:22:55.000,5.46,-9.0,38.49,39.02,23.9,121.0,40.64903459878373,26.371447394800388,760.0,1109.3671553228196,1109.6245740380143,False,PGA,g,5.2818940494293686e-05,0.7347136108716102,0.0
C200702090222A,2007-02-09 02:22:55.000,5.46,-9.0,38.49,39.02,23.9,122.0,40.3421823053369,28.100104579748663,760.0,959.7280614434976,960.0256048262952,False,PGA,g,6.860002711746817e-05,0.7347136108716102,0.0
C200702090222A,2007-02-09 02:22:55.000,5.46,-9.0,38.49,39.02,23.9,123.0,40.23319904164602,28.67301389143944,760.0,909.8420816352132,910.1559336258254,False,PGA,g,7.553440129548149e-05,0.7347136108716102,0.0
C200702090222A,2007-02-09 02:22:55.000,5.46,-9.0,38.49,39.02,23.9,124.0,40.120892001998726,29.244201706086056,760.0,859.957883732345,860.2899347274808,False,PGA,g,8.362166785257595e-05,0.7347136108716102,0.0
C200702090222A,2007-02-09 02:22:55.000,5.46,-9.0,38.49,39.02,23.9,125.0,40.00527714511901,29.813630009126157,760.0,810.0798249316716,810.4323122638483,False,PGA,g,9.313711925055763e-05,0.7347136108716102,0.0
C200702090222A,2007-02-09 02:22:55.000,5.46,-9.0,38.49,39.02,23.9,126.0,39.88637072459324,30.381262111349876,760.0,760.2136294838525,760.5892271476189,False,PGA,g,0.00010444410983043762,0.7347136108716102,0.0
C200702090222A,2007-02-09 02:22:55.000,5.46,-9.0,38.49,39.02,23.9,127.0,39.76418927340092,30.94706266031314,760.0,710.3668693555325,710.7688084588266,False,PGA,g,0.00011803025609990062,0.7347136108716102,0.0
C200702090222A,2007-02-09 02:22:55.000,5.46,-9.0,38.49,39.02,23.9,128.0,39.638749588390894,31.51099764986585,760.0,660.5496614593244,660.9818948004764,False,PGA,g,0.00013456224800202627,0.7347136108716102,0.0
C200702090222A,2007-02-09 02:22:55.000,5.46,-9.0,38.49,39.02,23.9,129.0,39.510068714727474,32.073034427829406,760.0,610.7757037855339,611.2431352045717,False,PGA,g,0.00015497101442558118,0.7347136108716102,0.0
C200702090222A,2007-02-09 02:22:55.000,5.46,-9.0,38.49,39.02,23.9,130.0,39.37816393033035,32.63314170186223,760.0,561.063858069719,561.5726692353162,False,PGA,g,0.0001805879563647567,0.7347136108716102,0.0
C200702090222A,2007-02-09 02:22:55.000,5.46,-9.0,38.49,39.02,23.9,131.0,39.24305273033106,33.1912895435556,760.0,511.44064458758896,511.9987723971303,False,PGA,g,0.00021337013594374763,0.7347136108716102,0.0
C200702090222A,2007-02-09 02:22:55.000,5.46,-9.0,38.49,39.02,23.9,132.0,39.10475281156865,33.747449390805635,760.0,461.9443203818155,462.562174343101,False,PGA,g,0.0002562865832252804,0.7347136108716102,0.0
C200702090222A,2007-02-09 02:22:55.000,5.46,-9.0,38.49,39.02,23.9,133.0,38.96328205714568,34.30159404851024,760.0,412.6318345968526,413.3234095992681,False,PGA,g,0.0003140094288327246,0.7347136108716102,0.0
C200702090222A,2007-02-09 02:22:55.000,5.46,-9.0,38.49,39.02,23.9,134.0,38.81865852106536,34.85369768764283,760.0,363.59129753022535,364.37596194001713,False,PGA,g,0.000394210183383432,0.7347136108716102,0.0
C200702090222A,2007-02-09 02:22:55.000,5.46,-9.0,38.49,39.02,23.9,135.0,38.67090041296952,35.40373584275705,760.0,314.96569872951915,315.8711784512386,False,PGA,g,0.0005101203949998213,0.7347136108716102,0.0
C200702090222A,2007-02-09 02:22:55.000,5.46,-9.0,38.49,39.02,23.9,136.0,38.52002608299594,35.951685407979305,760.0,267.0013296071938,268.0688717699415,False,PGA,g,0.0006858647117753047,0.7347136108716102,0.0
C200702090222A,2007-02-09 02:22:55.000,5.46,-9.0,38.49,39.02,23.9,137.0,38.36605400677348,36.49752463154753,760.0,220.15530053098135,221.44878945681035,False,PGA,g,0.0009680244892030504,0.7347136108716102,0.0
C200702090222A,2007-02-09 02:22:55.000,5.46,-9.0,38.49,39.02,23.9,138.0,38.20900277057115,37.04123310895654,760.0,175.35812320031891,176.9793247030235,True,PGA,g,0.0014500361920652249,0.7347136108716102,0.0
C200702090222A,2007-02-09 02:22:55.000,5.46,-9.0,38.49,39.02,23.9,139.0,38.0488910566178,37.58279177477196,760.0,134.71292284250032,136.81659833795547,True,PGA,g,0.002305197677744863,0.7347136108716102,0.0
C200702090222A,2007-02-09 02:22:55.000,5.46,-9.0,38.49,39.02,23.9,140.0,37.88573762860676,38.122182893175335,760.0,103.30320657506094,106.03189373339379,True,PGA,g,0.0036456735823886632,0.7347136108716102,0.0
C200702090222A,2007-02-09 02:22:55.000,5.46,-9.0,38.49,39.02,23.9,141.0,37.71956131739987,38.65939004730469,760.0,91.29453544154849,94.37108774136362,True,PGA,g,0.00449375456856983,0.7347136108716102,0.0
C200702090222A,2007-02-09 02:22:55.000,5.46,-9.0,38.49,39.02,23.9,142.0,37.55038100694362,39.194398127454846,760.0,105.59192737701656,108.26294438630947,True,PGA,g,0.003511814581244515,0.7347136108716102,0.0
C200702090222A,2007-02-09 02:22:55.000,5.46,-9.0,38.49,39.02,23.9,143.0,37.3782156204095,39.72719331820265,760.0,138.30942052779287,140.3592027860441,True,PGA,g,0.002201527865031862,0.7347136108716102,0.0
C200702090222A,2007-02-09 02:22:55.000,5.46,-9.0,38.49,39.02,23.9,144.0,37.20308410656944,40.2577630845222,760.0,179.68768145960922,181.27016541154805,True,PGA,g,0.0013887684362737763,0.7347136108716102,0.0
C200702090222A,2007-02-09 02:22:55.000,5.46,-9.0,38.49,39.02,23.9,145.0,41.08928448177223,26.488968088567013,760.0,1107.8850560595026,1108.1428190625825,False,PGA,g,5.294650545792383e-05,0.7347136108716102,0.0
C200702090222A,2007-02-09 02:22:55.000,5.46,-9.0,38.49,39.02,23.9,146.0,40.98955554528828,27.070582434207815,760.0,1057.8808054139806,1058.1507494035677,False,PGA,g,5.754775505023859e-05,0.7347136108716102,0.0
C200702090222A,2007-02-09 02:22:55.000,5.46,-9.0,38.49,39.02,23.9,147.0,40.556858879095685,29.380147541154155,760.0,857.6628323463885,857.9957715446093,False,PGA,g,8.402572171555091e-05,0.7347136108716102,0.0
C200702090222A,2007-02-09 02:22:55.000,5.46,-9.0,38.49,39.02,23.9,148.0,40.44031923175131,29.953111188266483,760.0,807.5580134064134,807.9116009916635,False,PGA,g,9.36623341055561e-05,0.7347136108716102,0.0
C200702090222A,2007-02-09 02:22:55.000,5.46,-9.0,38.49,39.02,23.9,149.0,40.32046641172607,30.5242267272893,760.0,757.4337894320317,757.8107648835344,False,PGA,g,0.0001051363756562419,0.7347136108716102,0.0
C200702090222A,2007-02-09 02:22:55.000,5.46,-9.0,38.49,39.02,23.9,150.0,40.19731744397758,31.09345805137606,760.0,707.2911213910647,707.6948073842494,False,PGA,g,0.00011895731751793244,0.7347136108716102,0.0
C200702090222A,2007-02-09 02:22:55.000,5.46,-9.0,38.49,39.02,23.9,151.0,40.07088962204292,31.660770453715006,760.0,657.131523789636,657.5660039555642,False,PGA,g,0.00013582665168683448,0.7347136108716102,0.0
C200702090222A,2007-02-09 02:22:55.000,5.46,-9.0,38.49,39.02,23.9,152.0,39.94120049187214,32.22613063486308,760.0,606.9572956673942,607.4276654580993,False,PGA,g,0.00015673250994595084,0.7347136108716102,0.0
C200702090222A,2007-02-09 02:22:55.000,5.46,-9.0,38.49,39.02,23.9,153.0,39.80826783566438,32.78950670817389,760.0,556.7718767970498,557.2846066348048,False,PGA,g,0.00018310380350833948,0.7347136108716102,0.0
C200702090222A,2007-02-09 02:22:55.000,5.46,-9.0,38.49,39.02,23.9,154.0,39.67210965573072,33.350868203365806,760.0,506.5804159230621,507.1438925953684,False,PGA,g,0.00021707099881762703,0.7347136108716102,0.0
C200702090222A,2007-02-09 02:22:55.000,5.46,-9.0,38.49,39.02,23.9,155.0,39.53274415840682,33.91018606828075,760.0,456.3907141057,457.0160762182341,False,PGA,g,0.00026192721322592375,0.7347136108716102,0.0
C200702090222A,2007-02-09 02:22:55.000,5.46,-9.0,38.49,39.02,23.9,156.0,39.3901897380382,34.467432668886644,760.0,406.2148668053057,406.91734788978,False,PGA,g,0.00032298720910052694,0.7347136108716102,0.0
C200702090222A,2007-02-09 02:22:55.000,5.46,-9.0,38.49,39.02,23.9,157.0,39.24446496105929,35.02258178758028,760.0,356.07229102270395,356.87348799561613,False,PGA,g,0.00040929116641701314,0.7347136108716102,0.0
C200702090222A,2007-02-09 02:22:55.000,5.46,-9.0,38.49,39.02,23.9,158.0,39.09558855018729,35.575608619849234,760.0,305.9957156220044,306.92765919516376,False,PGA,g,0.0005372529137302576,0.7347136108716102,0.0
C200702090222A,2007-02-09 02:22:55.000,5.46,-9.0,38.49,39.02,23.9,159.0,38.94357936874966,36.126489769354585,760.0,256.0441502948883,257.1571832561388,False,PGA,g,0.0007392533225409074,0.7347136108716102,0.0
C200702090222A,2007-02-09 02:22:55.000,5.46,-9.0,38.49,39.02,23.9,160.0,38.78845640516469,36.67520324149756,760.0,206.33447612216554,207.71404872229633,False,PGA,g,0.0010864894378829133,0.7347136108716102,0.0
C200702090222A,2007-02-09 02:22:55.000,5.46,-9.0,38.49,39.02,23.9,161.0,38.63023875759182,37.22172843553528,760.0,157.13188745081953,158.93910800635888,True,PGA,g,0.0017599588499148818,0.7347136108716102,0.0
C200702090222A,2007-02-09 02:22:55.000,5.46,-9.0,38.49,39.02,23.9,162.0,38.46894561876885,37.76604613531235,760.0,109.17714411144615,111.76251069268031,True,PGA,g,0.003316687431102054,0.7347136108716102,0.0
C200702090222A,2007-02-09 02:22:55.000,5.46,-9.0,38.49,39.02,23.9,163.0,38.30459626105106,38.30813849867578,760.0,65.3716356901289,69.6035972691278,True,PGA,g,0.00774862775517035,0.7347136108716102,0.0
C200702090222A,2007-02-09 02:22:55.000,5.46,-9.0,38.49,39.02,23.9,164.0,38.13721002166683,38.84798904564202,760.0,42.00115044304655,48.32501048669756,True,PGA,g,0.01480763280547949,0.7347136108716102,0.0
C200702090222A,2007-02-09 02:22:55.000,5.46,-9.0,38.49,39.02,23.9,165.0,37.96680628820294,39.385582645385306,760.0,66.36439629897588,70.53682085356218,True,PGA,g,0.007566602602434658,0.7347136108716102,0.0
C200702090222A,2007-02-09 02:22:55.000,5.46,-9.0,38.49,39.02,23.9,166.0,37.7934044843319,39.92090550211677,760.0,110.48482482925947,113.04028714379731,True,PGA,g,0.003249609283551745,0.7347136108716102,0.0
C200702090222A,2007-02-09 02:22:55.000,5.46,-9.0,38.49,39.02,23.9,167.0,37.61702405579266,40.45394513992413,760.0,158.69945491444702,160.48902451614128,True,PGA,g,0.0017294608573219486,0.7347136108716102,0.0
C200702090222A,2007-02-09 02:22:55.000,5.46,-9.0,38.49,39.02,23.9,168.0,37.43768445663451,40.98469038664149,760.0,208.21604733810378,209.58323494283476,False,PGA,g,0.0010690814251668717,0.7347136108716102,0.0
C200702090222A,2007-02-09 02:22:55.000,5.46,-9.0,38.49,39.02,23.9,169.0,37.25540513573389,41.51313135681831,760.0,258.3144256123422,259.4177181293411,False,PGA,g,0.0007276745744556752,0.7347136108716102,0.0
C200702090222A,2007-02-09 02:22:55.000,5.46,-9.0,38.49,39.02,23.9,170.0,41.52911975891151,26.60877510208489,760.0,1108.565798674416,1108.8234034284478,False,PGA,g,5.288785426037022e-05,0.7347136108716102,0.0
C200702090222A,2007-02-09 02:22:55.000,5.46,-9.0,38.49,39.02,23.9,171.0,41.42856530103737,27.19423644754487,760.0,1058.5345410993666,1058.8043184179248,False,PGA,g,5.748364566621634e-05,0.7347136108716102,0.0
C200702090222A,2007-02-09 02:22:55.000,5.46,-9.0,38.49,39.02,23.9,172.0,41.32459277417623,27.778001842368653,760.0,1008.4797443648212,1008.7629081177276,False,PGA,g,6.27337767042472e-05,0.7347136108716102,0.0
C200702090222A,2007-02-09 02:22:55.000,5.46,-9.0,38.49,39.02,23.9,173.0,41.21721809479402,28.360027310851105,760.0,958.4005871446244,958.6985425247922,False,PGA,g,6.877153976137447e-05,0.7347136108716102,0.0
C200702090222A,2007-02-09 02:22:55.000,5.46,-9.0,38.49,39.02,23.9,174.0,41.1064575358912,28.94027026737205,760.0,908.2962487257643,908.6106346776354,False,PGA,g,7.576645814037193e-05,0.7347136108716102,0.0
C200702090222A,2007-02-09 02:22:55.000,5.46,-9.0,38.49,39.02,23.9,175.0,40.99232771054403,29.51868953397133,760.0,858.1659100362881,858.4986541331386,False,PGA,g,8.393689351692984e-05,0.7347136108716102,0.0
C200702090222A,2007-02-09 02:22:55.000,5.46,-9.0,38.49,39.02,23.9,176.0,40.87484555531893,30.095245355730786,760.0,808.0087551024959,808.3621455277859,False,PGA,g,9.356812148363791e-05,0.7347136108716102,0.0
C200702090222A,2007-02-09 02:22:55.000,5.46,-9.0,38.49,39.02,23.9,177.0,40.75402831358981,30.66989941399068,760.0,757.823973136062,758.2007545892624,False,PGA,g,0.00010503877860471676,0.7347136108716102,0.0
C200702090222A,2007-02-09 02:22:55.000,5.46,-9.0,38.49,39.02,23.9,178.0,40.62989351878622,31.24261483743329,760.0,707.610761566185,708.0142653112833,False,PGA,g,0.00011886044905730117,0.7347136108716102,0.0
C200702090222A,2007-02-09 02:22:55.000,5.46,-9.0,38.49,39.02,23.9,179.0,40.50245897760074,31.81335621107146,760.0,657.3683305255173,657.8026542800703,False,PGA,g,0.00013573846067532373,0.7347136108716102,0.0
C200702090222A,2007-02-09 02:22:55.000,5.46,-9.0,38.49,39.02,23.9,180.0,40.37174275318224,32.38208958318474,760.0,607.0959096371241,607.5661721147147,False,PGA,g,0.0001566680221811478,0.7347136108716102,0.0
C200702090222A,2007-02-09 02:22:55.000,5.46,-9.0,38.49,39.02,23.9,181.0,40.23776314834132,32.948782470250165,760.0,556.7927585646135,557.3054691908128,False,PGA,g,0.00018309143168812988,0.7347136108716102,0.0
C200702090222A,2007-02-09 02:22:55.000,5.46,-9.0,38.49,39.02,23.9,182.0,40.10053868879341,33.513403859918775,760.0,506.45818395457826,507.0217964689185,False,PGA,g,0.00021716535521900301,0.7347136108716102,0.0
C200702090222A,2007-02-09 02:22:55.000,5.46,-9.0,38.49,39.02,23.9,183.0,39.96008810646402,34.075924212092694,760.0,456.0915677312186,456.7173394513512,False,PGA,g,0.00026223650351450423,0.7347136108716102,0.0
C200702090222A,2007-02-09 02:22:55.000,5.46,-9.0,38.49,39.02,23.9,184.0,39.81643032287921,34.636315458161214,760.0,405.6924166477009,406.39580082162723,False,PGA,g,0.0003237356427506317,0.7347136108716102,0.0
C200702090222A,2007-02-09 02:22:55.000,5.46,-9.0,38.49,39.02,23.9,185.0,39.66958443266434,35.194550998457146,760.0,355.2604542780379,356.0634780117695,False,PGA,g,0.00041097286242549176,0.7347136108716102,0.0
C200702090222A,2007-02-09 02:22:55.000,5.46,-9.0,38.49,39.02,23.9,186.0,39.51956968717203,35.75060569799753,760.0,304.79580475844125,305.73140597319383,False,PGA,g,0.0005410515821683994,0.7347136108716102,0.0
C200702090222A,2007-02-09 02:22:55.000,5.46,-9.0,38.49,39.02,23.9,187.0,39.366405478259885,36.30445588057545,760.0,254.29939606979025,255.4200321851441,False,PGA,g,0.0007483469307254839,0.7347136108716102,0.0
C200702090222A,2007-02-09 02:22:55.000,5.46,-9.0,38.49,39.02,23.9,188.0,39.21011132223724,36.85607932127117,760.0,203.77396451566395,205.17075477375198,False,PGA,g,0.0011108919816722217,0.7347136108716102,0.0
C200702090222A,2007-02-09 02:22:55.000,5.46,-9.0,38.49,39.02,23.9,189.0,39.050706843999045,37.4054552374532,760.0,153.22705025742664,155.07978246886972,True,PGA,g,0.0018396329113195648,0.7347136108716102,0.0
C200702090222A,2007-02-09 02:22:55.000,5.46,-9.0,38.49,39.02,23.9,190.0,38.88821176136395,37.95256427834092,760.0,102.68284983488469,105.4275943489819,True,PGA,g,0.0036832947742202788,0.7347136108716102,0.0
C200702090222A,2007-02-09 02:22:55.000,5.46,-9.0,38.49,39.02,23.9,191.0,38.72264586963246,38.497388513201685,760.0,52.262863862658,57.46839948290472,True,PGA,g,0.010897690683668434,0.7347136108716102,0.0
C200702090222A,2007-02-09 02:22:55.000,5.46,-9.0,38.49,39.02,23.9,192.0,38.55402902637986,39.03991141825595,760.0,7.3274035950222185,24.99801679022447,True,PGA,g,0.046006821044545114,0.7347136108716102,0.0
C200702090222A,2007-02-09 02:22:55.000,5.46,-9.0,38.49,39.02,23.9,193.0,38.38238113649788,39.58011786236474,760.0,50.23195181153767,55.62786156951067,True,PGA,g,0.011545534370309668,0.7347136108716102,0.0
C200702090222A,2007-02-09 02:22:55.000,5.46,-9.0,38.49,39.02,23.9,194.0,38.20772213749719,40.11799409157385,760.0,100.7625940743204,103.55824624136056,True,PGA,g,0.003803566247565119,0.7347136108716102,0.0
C200702090222A,2007-02-09 02:22:55.000,5.46,-9.0,38.49,39.02,23.9,195.0,38.0300719850824,40.65352771258926,760.0,151.51454491853698,153.38796341913977,True,PGA,g,0.0018763381571609563,0.7347136108716102,0.0
C200702090222A,2007-02-09 02:22:55.000,5.46,-9.0,38.49,39.02,23.9,196.0,37.84945063900995,41.1867076752579,760.0,202.3554535404899,203.761967937045,False,PGA,g,0.0011247774459110776,0.7347136108716102,0.0
C200702090222A,2007-02-09 02:22:55.000,5.46,-9.0,38.49,39.02,23.9,197.0,37.66587804923799,41.7175242541276,760.0,253.25980422848005,254.38502007360427,False,PGA,g,0.0007538478796415714,0.7347136108716102,0.0
C200702090222A,2007-02-09 02:22:55.000,5.46,-9.0,38.49,39.02,23.9,198.0,37.47937414237634,42.24596902915907,760.0,304.21977436952864,305.15714167858977,False,PGA,g,0.0005428899857830278,0.7347136108716102,0.0
C200702090222A,2007-02-09 02:22:55.000,5.46,-9.0,38.49,39.02,23.9,199.0,41.86714480472202,27.320303598891837,760.0,1061.4471358510716,1061.7161730926223,False,PGA,g,5.7199362483735884e-05,0.7347136108716102,0.0
C200702090222A,2007-02-09 02:22:55.000,5.46,-9.0,38.49,39.02,23.9,200.0,41.76230564320424,27.90793197350734,760.0,1011.4745601834583,1011.756885767683,False,PGA,g,6.239905853013454e-05,0.7347136108716102,0.0
C200702090222A,2007-02-09 02:22:55.000,5.46,-9.0,38.49,39.02,23.9,201.0,41.06191479063402,31.39460201858199,760.0,711.3170941038597,711.7184965731601,False,PGA,g,0.000117746116563219,0.7347136108716102,0.0
C200702090222A,2007-02-09 02:22:55.000,5.46,-9.0,38.49,39.02,23.9,202.0,40.93345450667417,31.96882470353246,760.0,661.2517152803305,661.683490017077,False,PGA,g,0.00013430481423814899,0.7347136108716102,0.0
C200702090222A,2007-02-09 02:22:55.000,5.46,-9.0,38.49,39.02,23.9,203.0,40.801691908159086,32.54098176438588,760.0,611.1840396751852,611.6511590389398,False,PGA,g,0.00015478446348046976,0.7347136108716102,0.0
C200702090222A,2007-02-09 02:22:55.000,5.46,-9.0,38.49,39.02,23.9,204.0,40.666645835463534,33.11104011893139,760.0,561.1207671772441,561.6295267857442,False,PGA,g,0.00018055495901433957,0.7347136108716102,0.0
C200702090222A,2007-02-09 02:22:55.000,5.46,-9.0,38.49,39.02,23.9,205.0,40.52833535453819,33.67896821343401,760.0,511.07156604623026,511.63009647688466,False,PGA,g,0.00021364772492023956,0.7347136108716102,0.0
C200702090222A,2007-02-09 02:22:55.000,5.46,-9.0,38.49,39.02,23.9,206.0,40.38677973958139,34.24473602295546,760.0,461.05068509377156,461.6697350113348,False,PGA,g,0.00025718141966661015,0.7347136108716102,0.0
C200702090222A,2007-02-09 02:22:55.000,5.46,-9.0,38.49,39.02,23.9,207.0,40.24199845581047,34.80831504974517,760.0,411.0797372616921,411.773919022492,False,PGA,g,0.0003161450950106972,0.7347136108716102,0.0
C200702090222A,2007-02-09 02:22:55.000,5.46,-9.0,38.49,39.02,23.9,208.0,40.09401114235636,35.36967831976815,760.0,361.19277714101037,361.98264082526885,False,PGA,g,0.00039892599169211304,0.7347136108716102,0.0
C200702090222A,2007-02-09 02:22:55.000,5.46,-9.0,38.49,39.02,23.9,209.0,39.94283759530382,35.928800377439245,760.0,311.446206969106,312.36188921736795,False,PGA,g,0.0005205073851060589,0.7347136108716102,0.0
C200702090222A,2007-02-09 02:22:55.000,5.46,-9.0,38.49,39.02,23.9,210.0,39.78849775089813,36.48565727863619,760.0,261.9397983595362,263.02788438611316,False,PGA,g,0.0007097583103005141,0.7347136108716102,0.0
C200702090222A,2007-02-09 02:22:55.000,5.46,-9.0,38.49,39.02,23.9,211.0,39.63101166893865,37.04022658206525,760.0,212.8663887619463,214.20389694063005,False,PGA,g,0.001027861456309591,0.7347136108716102,0.0
C200702090222A,2007-02-09 02:22:55.000,5.46,-9.0,38.49,39.02,23.9,212.0,39.47039951637768,37.59248733905582,760.0,164.6473757783938,166.37297962924035,True,PGA,g,0.0016208392140173269,0.7347136108716102,0.0
C200702090222A,2007-02-09 02:22:55.000,5.46,-9.0,38.49,39.02,23.9,213.0,39.30668155114245,38.14242008186092,760.0,118.38033271724277,120.76884190156457,True,PGA,g,0.002885314323988071,0.7347136108716102,0.0
C200702090222A,2007-02-09 02:22:55.000,5.46,-9.0,38.49,39.02,23.9,214.0,39.13987810619656,38.69000681054206,760.0,77.71345104751019,81.30553778011534,True,PGA,g,0.005869381003903146,0.7347136108716102,0.0
C200702090222A,2007-02-09 02:22:55.000,5.46,-9.0,38.49,39.02,23.9,215.0,38.97000957385584,39.23523097851778,760.0,56.54571904926984,61.38915492820339,True,PGA,g,0.009691764689062903,0.7347136108716102,0.0
C200702090222A,2007-02-09 02:22:55.000,5.46,-9.0,38.49,39.02,23.9,216.0,38.79709639037304,39.77807747685498,760.0,74.16623299251322,77.92201304060205,True,PGA,g,0.006333219526864997,0.7347136108716102,0.0
C200702090222A,2007-02-09 02:22:55.000,5.46,-9.0,38.49,39.02,23.9,217.0,38.62115902080354,40.3185326173833,760.0,113.8508593596071,116.33240381304357,True,PGA,g,0.0030861686066949385,0.7347136108716102,0.0
C200702090222A,2007-02-09 02:22:55.000,5.46,-9.0,38.49,39.02,23.9,218.0,38.44221794416428,40.8565841147114,760.0,159.9843051222941,161.7596608721201,True,PGA,g,0.001705065948329924,0.7347136108716102,0.0
C200702090222A,2007-02-09 02:22:55.000,5.46,-9.0,38.49,39.02,23.9,219.0,38.26029363889579,41.3922210672249,760.0,208.3585890648686,209.7248474480379,False,PGA,g,0.001067780247681601,0.7347136108716102,0.0
C200702090222A,2007-02-09 02:22:55.000,5.46,-9.0,38.49,39.02,23.9,220.0,38.07540656863709,41.92543393714404,760.0,257.7424742772629,258.8482046423454,False,PGA,g,0.0007305650108604322,0.7347136108716102,0.0
C200702090222A,2007-02-09 02:22:55.000,5.46,-9.0,38.49,39.02,23.9,221.0,37.88757716832112,42.45621452971892,760.0,307.6738878505937,308.6007635523602,False,PGA,g,0.0005320091148097897,0.7347136108716102,0.0
C200702090222A,2007-02-09 02:22:55.000,5.46,-9.0,38.49,39.02,23.9,222.0,37.6968258305983,42.98455597163872,760.0,357.94472398997516,358.7417391833009,False,PGA,g,0.000405452935169924,0.7347136108716102,0.0
C200702090222A,2007-02-09 02:22:55.000,5.46,-9.0,38.49,39.02,23.9,223.0,37.503172892593774,43.5104526887302,760.0,408.44855155285904,409.14719755318936,False,PGA,g,0.0003198174361757228,0.7347136108716102,0.0
C200702090222A,2007-02-09 02:22:55.000,5.46,-9.0,38.49,39.02,23.9,224.0,41.36387268192554,32.12724807530359,760.0,668.7139855419761,669.1409451374458,False,PGA,g,0.00013161512218424486,0.7347136108716102,0.0
C200702090222A,2007-02-09 02:22:55.000,5.46,-9.0,38.49,39.02,23.9,225.0,41.23104397401816,32.70288003523498,760.0,619.1389465629439,619.6000687145475,False,PGA,g,0.00015121867237104537,0.7347136108716102,0.0
C200702090222A,2007-02-09 02:22:55.000,5.46,-9.0,38.49,39.02,23.9,226.0,41.09491145873179,33.2763531496317,760.0,569.6528279120981,570.1539742457738,False,PGA,g,0.00017571177972132928,0.7347136108716102,0.0
C200702090222A,2007-02-09 02:22:55.000,5.46,-9.0,38.49,39.02,23.9,227.0,40.95549475971331,33.847635325026566,760.0,520.2892169004614,520.8378627009516,False,PGA,g,0.00020687909216968156,0.7347136108716102,0.0
C200702090222A,2007-02-09 02:22:55.000,5.46,-9.0,38.49,39.02,23.9,228.0,40.81281371072964,34.41669605582694,760.0,471.0960731420399,471.7019399258924,False,PGA,g,0.00024739406743062403,0.7347136108716102,0.0
C200702090222A,2007-02-09 02:22:55.000,5.46,-9.0,38.49,39.02,23.9,229.0,40.66688833779436,34.98350642177497,760.0,422.14396040033836,422.81997741649155,False,PGA,g,0.00030139658700435067,0.7347136108716102,0.0
C200702090222A,2007-02-09 02:22:55.000,5.46,-9.0,38.49,39.02,23.9,230.0,40.51773884143387,35.548039083457624,760.0,373.54052477542825,374.3043329291051,False,PGA,g,0.0003755428617554178,0.7347136108716102,0.0
C200702090222A,2007-02-09 02:22:55.000,5.46,-9.0,38.49,39.02,23.9,231.0,40.3653855791167,36.110268275942175,760.0,325.45735151452794,326.333721295932,False,PGA,g,0.00048099241842986624,0.7347136108716102,0.0
C200702090222A,2007-02-09 02:22:55.000,5.46,-9.0,38.49,39.02,23.9,232.0,40.20984904786767,36.67016980061532,760.0,278.182954874198,279.2077477122368,False,PGA,g,0.0006372985691665858,0.7347136108716102,0.0
C200702090222A,2007-02-09 02:22:55.000,5.46,-9.0,38.49,39.02,23.9,233.0,40.05114986708789,37.227721015306265,760.0,232.2348780619307,233.4614498979217,False,PGA,g,0.0008800647591824799,0.7347136108716102,0.0
C200702090222A,2007-02-09 02:22:55.000,5.46,-9.0,38.49,39.02,23.9,234.0,39.88930876159981,37.782900822775545,760.0,188.61445846242538,190.12265499165002,True,PGA,g,0.0012744055133355073,0.7347136108716102,0.0
C200702090222A,2007-02-09 02:22:55.000,5.46,-9.0,38.49,39.02,23.9,235.0,39.72434654493565,38.33568965765315,760.0,149.41330715019197,151.31274352663627,True,PGA,g,0.001922936687850648,0.7347136108716102,0.0
C200702090222A,2007-02-09 02:22:55.000,5.46,-9.0,38.49,39.02,23.9,236.0,39.55628410288591,38.88606947191002,760.0,119.12865914175687,121.50245853032312,True,PGA,g,0.0028540596963169294,0.7347136108716102,0.0
C200702090222A,2007-02-09 02:22:55.000,5.46,-9.0,38.49,39.02,23.9,237.0,39.38514237732356,39.43402371894801,760.0,105.7805748758788,108.44694565118651,True,PGA,g,0.003501116327659092,0.7347136108716102,0.0
C200702090222A,2007-02-09 02:22:55.000,5.46,-9.0,38.49,39.02,23.9,238.0,39.210942350318334,39.97953733639344,760.0,115.45826914505132,117.90598760864992,True,PGA,g,0.0030125101273503563,0.7347136108716102,0.0
C200702090222A,2007-02-09 02:22:55.000,5.46,-9.0,38.49,39.02,23.9,239.0,39.03370502855385,40.522596727679726,760.0,143.62405655473458,145.59903715765978,True,PGA,g,0.002060948614273401,0.7347136108716102,0.0
C200702090222A,2007-02-09 02:22:55.000,5.46,-9.0,38.49,39.02,23.9,240.0,38.85345142805938,41.063189742503695,760.0,181.9194390631293,183.48267577360977,True,PGA,g,0.001358733549364291,0.7347136108716102,0.0
C200702090222A,2007-02-09 02:22:55.000,5.46,-9.0,38.49,39.02,23.9,241.0,38.67020255926717,41.60130565624036,760.0,225.26612227506158,226.53043028441672,False,PGA,g,0.0009292194785554042,0.7347136108716102,0.0
C200702090222A,2007-02-09 02:22:55.000,5.46,-9.0,38.49,39.02,23.9,242.0,38.48397941240376,42.136935148399466,760.0,271.2793338512154,272.3301066256891,False,PGA,g,0.0006666272374529379,0.7347136108716102,0.0
C200702090222A,2007-02-09 02:22:55.000,5.46,-9.0,38.49,39.02,23.9,243.0,38.29480294322424,42.67007028020628,760.0,318.8294491299895,319.72398663930824,False,PGA,g,0.0004990829419244414,0.7347136108716102,0.0
C200702090222A,2007-02-09 02:22:55.000,5.46,-9.0,38.49,39.02,23.9,244.0,38.10269405909594,43.20070447138824,760.0,367.34049515816173,368.1171680091047,False,PGA,g,0.0003870100890804551,0.7347136108716102,0.0
C200702090222A,2007-02-09 02:22:55.000,5.46,-9.0,38.49,39.02,23.9,245.0,37.90767360543753,43.728832476246495,760.0,416.4953157041568,417.18048612501667,False,PGA,g,0.0003087895193981404,0.7347136108716102,0.0
C200702090222A,2007-02-09 02:22:55.000,5.46,-9.0,38.49,39.02,23.9,246.0,37.70976235251805,44.25445035909105,760.0,466.10724968144217,466.71959269522665,False,PGA,g,0.0002521810726253276,0.7347136108716102,0.0
C200702090222A,2007-02-09 02:22:55.000,5.46,-9.0,38.49,39.02,23.9,247.0,41.65979456066122,32.86785971045566,760.0,630.8101716618587,631.262768323987,False,PGA,g,0.00014621333397846505,0.7347136108716102,0.0
C200702090222A,2007-02-09 02:22:55.000,5.46,-9.0,38.49,39.02,23.9,248.0,41.52255515900016,33.444797513838466,760.0,582.1995928278524,582.6899483335173,False,PGA,g,0.00016894763709609378,0.7347136108716102,0.0
C200702090222A,2007-02-09 02:22:55.000,5.46,-9.0,38.49,39.02,23.9,249.0,41.38201157695592,34.01948170678295,760.0,533.8677305756103,534.4024361377411,False,PGA,g,0.0001974981401942863,0.7347136108716102,0.0
C200702090222A,2007-02-09 02:22:55.000,5.46,-9.0,38.49,39.02,23.9,250.0,41.238184225796175,34.59188130842567,760.0,485.90690920730395,486.4943313291483,False,PGA,g,0.00023398393598803778,0.7347136108716102,0.0
C200702090222A,2007-02-09 02:22:55.000,5.46,-9.0,38.49,39.02,23.9,251.0,41.09109371005216,35.16196698394322,760.0,438.44945168922186,439.1003663020327,False,PGA,g,0.0002815305614788503,0.7347136108716102,0.0
C200702090222A,2007-02-09 02:22:55.000,5.46,-9.0,38.49,39.02,23.9,252.0,40.9407608091312,35.729711038947386,760.0,391.6906276611845,392.4191098782177,False,PGA,g,0.0003448415377807718,0.7347136108716102,0.0
C200702090222A,2007-02-09 02:22:55.000,5.46,-9.0,38.49,39.02,23.9,253.0,40.78720645911132,36.29508741192155,760.0,345.92826757861485,346.7529038233736,False,PGA,g,0.0004310997298015461,0.7347136108716102,0.0
C200702090222A,2007-02-09 02:22:55.000,5.46,-9.0,38.49,39.02,23.9,254.0,40.63045173474038,36.85807166478312,760.0,301.6333952196121,302.57877505157353,False,PGA,g,0.0005512649981380076,0.7347136108716102,0.0
C200702090222A,2007-02-09 02:22:55.000,5.46,-9.0,38.49,39.02,23.9,255.0,40.47051783166179,37.41864097165869,760.0,259.5790043973326,260.676944749455,False,PGA,g,0.0007213463719475923,0.7347136108716102,0.0
C200702090222A,2007-02-09 02:22:55.000,5.46,-9.0,38.49,39.02,23.9,256.0,40.30742604888621,37.97677410596052,760.0,221.07260236254493,222.36075533993832,False,PGA,g,0.0009608771884110073,0.7347136108716102,0.0
C200702090222A,2007-02-09 02:22:55.000,5.46,-9.0,38.49,39.02,23.9,257.0,40.14119777152859,38.5324514258542,760.0,188.33388709574828,189.84431260534,True,PGA,g,0.0012777754031882173,0.7347136108716102,0.0
C200702090222A,2007-02-09 02:22:55.000,5.46,-9.0,38.49,39.02,23.9,258.0,39.97185445382736,39.08565485820786,760.0,164.87191822478985,166.59519626664448,True,PGA,g,0.0016169461773675544,0.7347136108716102,0.0
C200702090222A,2007-02-09 02:22:55.000,5.46,-9.0,38.49,39.02,23.9,259.0,39.79941760246207,39.63636788111455,760.0,154.99865486496455,156.83045944569696,True,PGA,g,0.0018028112838485073,0.7347136108716102,0.0
C200702090222A,2007-02-09 02:22:55.000,5.46,-9.0,38.49,39.02,23.9,260.0,39.62390876018369,40.18457550507881,760.0,161.26914386878454,163.0305086913818,True,PGA,g,0.0016811972755996748,0.7347136108716102,0.0
C200702090222A,2007-02-09 02:22:55.000,5.46,-9.0,38.49,39.02,23.9,261.0,39.44534948977105,40.73026425295892,760.0,182.05818322144495,183.62023874805635,True,PGA,g,0.001356899514867683,0.7347136108716102,0.0
C200702090222A,2007-02-09 02:22:55.000,5.46,-9.0,38.49,39.02,23.9,262.0,39.263761358325205,41.27342213875534,760.0,213.19071906658633,214.52620515015906,False,PGA,g,0.0010250786728410257,0.7347136108716102,0.0
C200702090222A,2007-02-09 02:22:55.000,5.46,-9.0,38.49,39.02,23.9,263.0,39.07916592191211,41.81403864533565,760.0,250.87207647395033,252.00795375216154,False,PGA,g,0.0007667220469431453,0.7347136108716102,0.0
C200702090222A,2007-02-09 02:22:55.000,5.46,-9.0,38.49,39.02,23.9,264.0,38.891584710563,42.35210470118456,760.0,292.60705895193723,293.581506482446,False,PGA,g,0.0005821198130321722,0.7347136108716102,0.0
C200702090222A,2007-02-09 02:22:55.000,5.46,-9.0,38.49,39.02,23.9,265.0,38.70103921364054,42.887612656266974,760.0,336.9141208621469,337.7607656852899,False,PGA,g,0.0004520306329111693,0.7347136108716102,0.0
C200702090222A,2007-02-09 02:22:55.000,5.46,-9.0,38.49,39.02,23.9,266.0,38.5075508655773,43.420556257090176,760.0,382.92097784396503,383.66611170779515,False,PGA,g,0.0003591690247744411,0.7347136108716102,0.0
C200702090222A,2007-02-09 02:22:55.000,5.46,-9.0,38.49,39.02,23.9,267.0,38.31114103199241,43.9509306210494,760.0,430.1003731505726,430.76390399412736,False,PGA,g,0.0002914400377344744,0.7347136108716102,0.0
C200702090222A,2007-02-09 02:22:55.000,5.46,-9.0,38.49,39.02,23.9,268.0,41.949571640011015,33.61645171466469,760.0,598.5044539577749,598.9814616557798,False,PGA,g,0.0001607443449798553,0.7347136108716102,0.0
C200702090222A,2007-02-09 02:22:55.000,5.46,-9.0,38.49,39.02,23.9,269.0,41.80788002812139,34.194586415748496,760.0,551.4805427906842,551.9981875665062,False,PGA,g,0.00018628110809249955,0.7347136108716102,0.0
C200702090222A,2007-02-09 02:22:55.000,5.46,-9.0,38.49,39.02,23.9,270.0,41.662885026533125,34.77037131351163,760.0,505.0591600938888,505.6243320833605,False,PGA,g,0.00021824987623710165,0.7347136108716102,0.0
C200702090222A,2007-02-09 02:22:55.000,5.46,-9.0,38.49,39.02,23.9,271.0,41.51460783665575,35.34377666794147,760.0,459.4330328551251,460.0542594938758,False,PGA,g,0.0002588136304131009,0.7347136108716102,0.0
C200702090222A,2007-02-09 02:22:55.000,5.46,-9.0,38.49,39.02,23.9,272.0,41.36306983487982,35.91477444162001,760.0,414.87618472719106,415.56402473480586,False,PGA,g,0.00031096059662196656,0.7347136108716102,0.0
C200702090222A,2007-02-09 02:22:55.000,5.46,-9.0,38.49,39.02,23.9,273.0,41.20829255371199,36.48333829085251,760.0,371.7866556845076,372.5540596276876,False,PGA,g,0.0003787326944917812,0.7347136108716102,0.0
C200702090222A,2007-02-09 02:22:55.000,5.46,-9.0,38.49,39.02,23.9,274.0,41.05029766313624,37.04944355484163,760.0,330.7540371169838,331.61640952941866,False,PGA,g,0.00046725565410259384,0.7347136108716102,0.0
C200702090222A,2007-02-09 02:22:55.000,5.46,-9.0,38.49,39.02,23.9,275.0,40.88910695222355,37.61306724300135,760.0,292.6630798996384,293.6373415223992,False,PGA,g,0.0005819201311525837,0.7347136108716102,0.0
C200702090222A,2007-02-09 02:22:55.000,5.46,-9.0,38.49,39.02,23.9,276.0,40.72474231101067,38.17418802050582,760.0,258.8372192316009,259.9382927918621,False,PGA,g,0.0007250480265684932,0.7347136108716102,0.0
C200702090222A,2007-02-09 02:22:55.000,5.46,-9.0,38.49,39.02,23.9,277.0,40.55722571266727,38.732786192170245,760.0,231.1811905731933,232.41332335913773,False,PGA,g,0.0008872352747207922,0.7347136108716102,0.0
C200702090222A,2007-02-09 02:22:55.000,5.46,-9.0,38.49,39.02,23.9,278.0,40.38657919596919,39.288843684761055,760.0,212.14992947105642,213.491926251496,False,PGA,g,0.0010340503016438628,0.7347136108716102,0.0
C200702090222A,2007-02-09 02:22:55.000,5.46,-9.0,38.49,39.02,23.9,279.0,40.21282484809435,39.8423440278335,760.0,204.19950944123008,205.59340859093467,False,PGA,g,0.0011067780479069667,0.7347136108716102,0.0
C200702090222A,2007-02-09 02:22:55.000,5.46,-9.0,38.49,39.02,23.9,280.0,40.03598478775554,40.39327233319441,760.0,208.63090132518553,209.99538801544978,False,PGA,g,0.0010653012695774936,0.7347136108716102,0.0
C200702090222A,2007-02-09 02:22:55.000,5.46,-9.0,38.49,39.02,23.9,281.0,39.85608114868425,40.94161527308801,760.0,224.74160628604474,226.00884849056584,False,PGA,g,0.0009330901644596287,0.7347136108716102,0.0
C200702090222A,2007-02-09 02:22:55.000,5.46,-9.0,38.49,39.02,23.9,282.0,39.67313606347664,41.48736105720132,760.0,250.31300120891586,251.45140400127957,False,PGA,g,0.0007697856733095637,0.7347136108716102,0.0
C200702090222A,2007-02-09 02:22:55.000,5.46,-9.0,38.49,39.02,23.9,283.0,39.48717164781292,42.03049940858551,760.0,282.81447119533186,283.82254159508756,False,PGA,g,0.0006187275247805106,0.7347136108716102,0.0
C200702090222A,2007-02-09 02:22:55.000,5.46,-9.0,38.49,39.02,23.9,284.0,39.29820998505886,42.57102153858751,760.0,320.1643557391687,321.05517389675714,False,PGA,g,0.0004953554514531801,0.7347136108716102,0.0
C200702090222A,2007-02-09 02:22:55.000,5.46,-9.0,38.49,39.02,23.9,285.0,39.106273111257465,43.108920120885394,760.0,360.88047508600977,361.67102081629946,False,PGA,g,0.0003995464535722654,0.7347136108716102,0.0
C200702090222A,2007-02-09 02:22:55.000,5.46,-9.0,38.49,39.02,23.9,286.0,38.91138300051731,43.64418926471844,760.0,403.96471623259544,404.6711034418956,False,PGA,g,0.00032622991461104335,0.7347136108716102,0.0
C200702090222A,2007-02-09 02:22:55.000,5.46,-9.0,38.49,39.02,23.9,287.0,38.71356155080296,44.17682448740173,760.0,448.75261696432307,449.38860825829624,False,PGA,g,0.00027000551558606345,0.7347136108716102,0.0
C200702090222A,2007-02-09 02:22:55.000,5.46,-9.0,38.49,39.02,23.9,288.0,40.972420283171616,38.93677722780187,760.0,276.12460676208224,277.15701048235195,False,PGA,g,0.0006458305124877868,0.7347136108716102,0.0
C200702090222A,2007-02-09 02:22:55.000,5.46,-9.0,38.49,39.02,23.9,289.0,40.80044778902895,39.49571909858484,760.0,260.11794746306606,261.2136225245506,False,PGA,g,0.000718675264016738,0.7347136108716102,0.0
C200702090222A,2007-02-09 02:22:55.000,5.46,-9.0,38.49,39.02,23.9,290.0,40.62535312599842,40.05203511772502,760.0,253.38363515855977,254.50830353087918,False,PGA,g,0.0007531893549357623,0.7347136108716102,0.0
C200702090222A,2007-02-09 02:22:55.000,5.46,-9.0,38.49,39.02,23.9,291.0,40.44715900445944,40.60571052901054,760.0,256.67706145562806,257.78736174897375,False,PGA,g,0.0007359968519033059,0.7347136108716102,0.0
C200702090222A,2007-02-09 02:22:55.000,5.46,-9.0,38.49,39.02,23.9,292.0,40.26588814434975,41.15673218632065,760.0,269.6550239230412,270.71210155243506,False,PGA,g,0.0006738318884873659,0.7347136108716102,0.0
C200702090222A,2007-02-09 02:22:55.000,5.46,-9.0,38.49,39.02,23.9,293.0,40.08156325855301,41.70508852872559,760.0,291.04768668031346,292.02733762776717,False,PGA,g,0.0005877209655665818,0.7347136108716102,0.0
C200702090222A,2007-02-09 02:22:55.000,5.46,-9.0,38.49,39.02,23.9,294.0,39.894207036685685,42.25076955448307,760.0,319.18899872225415,320.08253139669335,False,PGA,g,0.000498074694765981,0.7347136108716102,0.0
C200702090222A,2007-02-09 02:22:55.000,5.46,-9.0,38.49,39.02,23.9,295.0,39.70384212929231,42.79376679403261,760.0,352.4862350665284,353.29556452264717,False,PGA,g,0.0004168012217357217,0.7347136108716102,0.0
C200702090222A,2007-02-09 02:22:55.000,5.46,-9.0,38.49,39.02,23.9,296.0,39.51049113245673,43.33407328208632,760.0,389.638394224004,390.37070619279353,False,PGA,g,0.00034811389891879443,0.7347136108716102,0.0
C200702090222A,2007-02-09 02:22:55.000,5.46,-9.0,38.49,39.02,23.9,297.0,39.31417657283573,43.87168352891327,760.0,429.66400587555756,430.32820956222605,False,PGA,g,0.00029197278807793623,0.7347136108716102,0.0
C200702090222A,2007-02-09 02:22:55.000,5.46,-9.0,38.49,39.02,23.9,298.0,40.85741936414967,40.82197523280503,760.0,305.0770014514747,306.0117429358277,False,PGA,g,0.0005401576447704786,0.7347136108716102,0.0
C200702090222A,2007-02-09 02:22:55.000,5.46,-9.0,38.49,39.02,23.9,299.0,40.67475798937051,41.37569978034522,760.0,315.84134250428565,316.7443190254712,False,PGA,g,0.0005075860288759927,0.7347136108716102,0.0
C200702090222A,2007-02-09 02:22:55.000,5.46,-9.0,38.49,39.02,23.9,300.0,40.48903002379566,41.926688929415135,760.0,334.06913397414064,334.92297065778024,False,PGA,g,0.0004589650815564183,0.7347136108716102,0.0
C200702090222A,2007-02-09 02:22:55.000,5.46,-9.0,38.49,39.02,23.9,301.0,40.30025874564381,42.47493299098696,760.0,358.64326622300405,359.4387324803833,False,PGA,g,0.0004040353046592826,0.7347136108716102,0.0
C200702090222A,2007-02-09 02:22:55.000,5.46,-9.0,38.49,39.02,23.9,302.0,40.10846738679795,43.02042385331604,760.0,388.3790538235372,389.1137358779127,False,PGA,g,0.0003501458823865742,0.7347136108716102,0.0
C200702090222A,2007-02-09 02:22:55.000,5.46,-9.0,38.49,39.02,23.9,303.0,39.91367911703061,43.56315495196356,760.0,422.20445146464107,422.880371779725,False,PGA,g,0.00030131890814059855,0.7347136108716102,0.0
C200702090222A,2007-02-09 02:22:55.000,5.46,-9.0,38.49,39.02,23.9,304.0,39.71591702867863,44.10312123901409,760.0,459.23289346856774,459.8543904797614,False,PGA,g,0.0002590166883582673,0.7347136108716102,0.0
C200702090222A,2007-02-09 02:22:55.000,5.46,-9.0,38.49,39.02,23.9,305.0,41.08267754767554,41.598605305389576,760.0,362.80890739478673,363.5952602620102,False,PGA,g,0.0003957389194134532,0.7347136108716102,0.0
C200702090222A,2007-02-09 02:22:55.000,5.46,-9.0,38.49,39.02,23.9,306.0,40.89552278239917,42.15224905047704,760.0,378.5929554340776,379.3465907376913,False,PGA,g,0.0003665831702810294,0.7347136108716102,0.0
C200702090222A,2007-02-09 02:22:55.000,5.46,-9.0,38.49,39.02,23.9,307.0,40.70531276695041,42.70307599224188,760.0,400.2622582844808,400.97516806779,False,PGA,g,0.00033167662120465004,0.7347136108716102,0.0
C200702090222A,2007-02-09 02:22:55.000,5.46,-9.0,38.49,39.02,23.9,308.0,40.51207132902601,43.2510784181305,760.0,426.93811775528883,427.60655560038936,False,PGA,g,0.00029533523753989436,0.7347136108716102,0.0
C200702090222A,2007-02-09 02:22:55.000,5.46,-9.0,38.49,39.02,23.9,309.0,41.30102727729793,42.38185817002582,760.0,424.14162149292366,424.8144595969475,False,PGA,g,0.0002988476506461442,0.7347136108716102,0.0
C200702090222A,2007-02-09 02:22:55.000,5.46,-9.0,38.49,39.02,23.9,310.0,41.10935440482272,42.935287266968686,760.0,443.43240120383547,444.0760120040254,False,PGA,g,0.0002758632675205511,0.7347136108716102,0.0
C200702090222A,2007-02-09 02:22:55.000,5.46,-9.0,38.49,39.02,23.9,311.0,40.91463883219449,43.48581857106326,760.0,467.49990733090533,468.11042858967056,False,PGA,g,0.0002508303822448327,0.7347136108716102,0.0
C201003080232A,2010-03-08 02:32:34.700,6.05,-173.0,38.82,40.04,15.1,1.0,36.72096108226829,27.69836368910688,760.0,1108.6739337315057,1108.7767590167514,False,PGA,g,0.0001764523848178653,0.7347136108716102,0.0
C201003080232A,2010-03-08 02:32:34.700,6.05,-173.0,38.82,40.04,15.1,2.0,36.39455464027055,29.327564169136853,760.0,980.761145162738,980.8773796254684,False,PGA,g,0.0002161598838232925,0.7347136108716102,0.0
C201003080232A,2010-03-08 02:32:34.700,6.05,-173.0,38.82,40.04,15.1,3.0,36.27950272914779,29.867739251599968,760.0,939.5970142595742,939.7183403581663,False,PGA,g,0.00023206224242667048,0.7347136108716102,0.0
C201003080232A,2010-03-08 02:32:34.700,6.05,-173.0,38.82,40.04,15.1,4.0,37.16167480728152,27.812520356913147,760.0,1086.426032039107,1086.5309627858005,False,PGA,g,0.00018247512925138315,0.7347136108716102,0.0
C201003080232A,2010-03-08 02:32:34.700,6.05,-173.0,38.82,40.04,15.1,5.0,37.05523302606474,28.36015699826684,760.0,1042.1473567072132,1042.2567452848803,False,PGA,g,0.0001954894121196395,0.7347136108716102,0.0
C201003080232A,2010-03-08 02:32:34.700,6.05,-173.0,38.82,40.04,15.1,6.0,36.94562940880127,28.90634871473881,760.0,998.412599669661,998.5267794000973,False,PGA,g,0.00020986958296466824,0.7347136108716102,0.0
C201003080232A,2010-03-08 02:32:34.700,6.05,-173.0,38.82,40.04,15.1,7.0,36.8328772139447,29.45106411136452,760.0,955.3000537273078,955.419385741883,False,PGA,g,0.0002257810594116697,0.7347136108716102,0.0
C201003080232A,2010-03-08 02:32:34.700,6.05,-173.0,38.82,40.04,15.1,8.0,36.71698994271946,29.994272814771403,760.0,912.9018181528198,913.0266916069453,False,PGA,g,0.00024340398832801863,0.7347136108716102,0.0
C201003080232A,2010-03-08 02:32:34.700,6.05,-173.0,38.82,40.04,15.1,9.0,36.59798132724053,30.535945483414405,760.0,871.3265020096482,871.4573329224842,False,PGA,g,0.00026292990406579766,0.7347136108716102,0.0
C201003080232A,2010-03-08 02:32:34.700,6.05,-173.0,38.82,40.04,15.1,10.0,36.0910154761869,32.68672555867665,760.0,716.1980567220212,716.3572198647819,False,PGA,g,0.00036373652401856154,0.7347136108716102,0.0
C201003080232A,2010-03-08 02:32:34.700,6.05,-173.0,38.82,40.04,15.1,11.0,37.70594421844185,27.37647198696236,760.0,1111.6331173402464,1111.7356689283627,False,PGA,g,0.00017567535118744485,0.7347136108716102,0.0
C201003080232A,2010-03-08 02:32:34.700,6.05,-173.0,38.82,40.04,15.1,12.0,37.60190569498504,27.928765973795198,760.0,1065.989113257994,1066.0960555149636,False,PGA,g,0.00018830362136734957,0.7347136108716102,0.0
C201003080232A,2010-03-08 02:32:34.700,6.05,-173.0,38.82,40.04,15.1,13.0,37.49467199987921,28.479607457505445,760.0,1020.7522033263868,1020.8638844604473,False,PGA,g,0.0002023198791513874,0.7347136108716102,0.0
C201003080232A,2010-03-08 02:32:34.700,6.05,-173.0,38.82,40.04,15.1,14.0,37.384256519078185,29.028963277033085,760.0,975.9823226640772,976.0991261919902,False,PGA,g,0.00021791498641281787,0.7347136108716102,0.0
C201003080232A,2010-03-08 02:32:34.700,6.05,-173.0,38.82,40.04,15.1,15.0,37.27067289867793,29.5768013203776,760.0,931.7504633885717,931.8728110771438,False,PGA,g,0.0002353065344903739,0.7347136108716102,0.0
C201003080232A,2010-03-08 02:32:34.700,6.05,-173.0,38.82,40.04,15.1,16.0,37.15393503266164,30.12309053619455,760.0,888.1410565660279,888.2694109098998,False,PGA,g,0.000254740427021513,0.7347136108716102,0.0
C201003080232A,2010-03-08 02:32:34.700,6.05,-173.0,38.82,40.04,15.1,17.0,37.03405705056574,30.66780094401345,760.0,845.2549035234972,845.3897692369577,False,PGA,g,0.000276490737903825,0.7347136108716102,0.0
C201003080232A,2010-03-08 02:32:34.700,6.05,-173.0,38.82,40.04,15.1,18.0,36.91105330508504,31.21090364309496,760.0,803.2127666434897,803.3546903448619,False,PGA,g,0.0003008563259296937,0.7347136108716102,0.0
C201003080232A,2010-03-08 02:32:34.700,6.05,-173.0,38.82,40.04,15.1,19.0,36.78493835963457,31.75237081994863,760.0,762.1597294834598,762.309296313708,False,PGA,g,0.0003281517726865875,0.7347136108716102,0.0
C201003080232A,2010-03-08 02:32:34.700,6.05,-173.0,38.82,40.04,15.1,20.0,36.65572697588564,32.292175754535066,760.0,722.2704114960633,722.4282367977407,False,PGA,g,0.00035868888790181904,0.7347136108716102,0.0
C201003080232A,2010-03-08 02:32:34.700,6.05,-173.0,38.82,40.04,15.1,21.0,36.52343410129269,32.830292825178866,760.0,683.755050065373,683.9217634275873,False,PGA,g,0.0003927432636553782,0.7347136108716102,0.0
C201003080232A,2010-03-08 02:32:34.700,6.05,-173.0,38.82,40.04,15.1,22.0,36.38807485662762,33.36669751222091,760.0,646.8663029290137,647.0425209096003,False,PGA,g,0.00043049834516943576,0.7347136108716102,0.0
C201003080232A,2010-03-08 02:32:34.700,6.05,-173.0,38.82,40.04,15.1,23.0,38.34642733343527,26.37603488009032,760.0,1187.752920457585,1187.848900346977,False,PGA,g,0.00015742893681674558,0.7347136108716102,0.0
C201003080232A,2010-03-08 02:32:34.700,6.05,-173.0,38.82,40.04,15.1,24.0,38.24807464160599,26.93450807089659,760.0,1140.7223746372447,1140.822311316725,False,PGA,g,0.0001683202194208834,0.7347136108716102,0.0
C201003080232A,2010-03-08 02:32:34.700,6.05,-173.0,38.82,40.04,15.1,25.0,38.14647942535193,27.491558562072004,760.0,1093.9474713158525,1094.0516806798241,False,PGA,g,0.00018040258028197956,0.7347136108716102,0.0
C201003080232A,2010-03-08 02:32:34.700,6.05,-173.0,38.82,40.04,15.1,26.0,38.041654895825566,28.04715028256068,760.0,1047.4652277446962,1047.5740610258772,False,PGA,g,0.00019384895143152655,0.7347136108716102,0.0
C201003080232A,2010-03-08 02:32:34.700,6.05,-173.0,38.82,40.04,15.1,27.0,37.93361455511884,28.601248223537706,760.0,1001.3194670470918,1001.4333153472936,False,PGA,g,0.00020886184810986084,0.7347136108716102,0.0
C201003080232A,2010-03-08 02:32:34.700,6.05,-173.0,38.82,40.04,15.1,28.0,37.82237218374227,29.15381845299078,760.0,955.5623287444118,955.6816280097904,False,PGA,g,0.00022567847238802533,0.7347136108716102,0.0
C201003080232A,2010-03-08 02:32:34.700,6.05,-173.0,38.82,40.04,15.1,29.0,37.70794182798869,29.70482812881885,760.0,910.2561678525119,910.3814042002068,False,PGA,g,0.00024457629883229803,0.7347136108716102,0.0
C201003080232A,2010-03-08 02:32:34.700,6.05,-173.0,38.82,40.04,15.1,30.0,37.59033778720124,30.25424551046159,760.0,865.4759504279771,865.6076656137064,False,PGA,g,0.000265878802145495,0.7347136108716102,0.0
C201003080232A,2010-03-08 02:32:34.700,6.05,-173.0,38.82,40.04,15.1,31.0,37.46957460096505,30.802039969076837,760.0,821.3122816623126,821.4510782812047,False,PGA,g,0.00028996059476201115,0.7347136108716102,0.0
C201003080232A,2010-03-08 02:32:34.700,6.05,-173.0,38.82,40.04,15.1,32.0,37.34566703624191,31.34818199628632,760.0,777.8752344318505,778.0217801208436,False,PGA,g,0.0003172505510041363,0.7347136108716102,0.0
C201003080232A,2010-03-08 02:32:34.700,6.05,-173.0,38.82,40.04,15.1,33.0,37.21863007446594,31.89264321151313,760.0,735.2991774078589,735.4542067978631,False,PGA,g,0.00034823031214194233,0.7347136108716102,0.0
C201003080232A,2010-03-08 02:32:34.700,6.05,-173.0,38.82,40.04,15.1,34.0,37.08847889861916,32.43539636793712,760.0,693.7488219496188,693.9131343017539,False,PGA,g,0.0003834236140597807,0.7347136108716102,0.0
C201003080232A,2010-03-08 02:32:34.700,6.05,-173.0,38.82,40.04,15.1,35.0,36.95522888030389,32.976415357097224,760.0,653.4266933618751,653.6011425922035,False,PGA,g,0.00042336880214628616,0.7347136108716102,0.0
C201003080232A,2010-03-08 02:32:34.700,6.05,-173.0,38.82,40.04,15.1,36.0,36.81889556682967,33.51567521217214,760.0,614.5821396894338,614.767611724335,False,PGA,g,0.00046856239368338565,0.7347136108716102,0.0
C201003080232A,2010-03-08 02:32:34.700,6.05,-173.0,38.82,40.04,15.1,37.0,36.67949466833073,34.05315210997315,760.0,577.5217376096123,577.7191077086043,False,PGA,g,0.0005193557917437012,0.7347136108716102,0.0
C201003080232A,2010-03-08 02:32:34.700,6.05,-173.0,38.82,40.04,15.1,38.0,36.09153440869359,36.18479369961207,760.0,455.8195829645922,456.0696243053409,False,PGA,g,0.0007682169495753762,0.7347136108716102,0.0
C201003080232A,2010-03-08 02:32:34.700,6.05,-173.0,38.82,40.04,15.1,39.0,38.68892326225698,27.04833743448202,760.0,1125.7029130491471,1125.8041829942433,False,PGA,g,0.00017205482532838765,0.7347136108716102,0.0
C201003080232A,2010-03-08 02:32:34.700,6.05,-173.0,38.82,40.04,15.1,40.0,38.58654862739613,27.60878134728513,760.0,1078.2129292974578,1078.3186592581085,False,PGA,g,0.00018478221951063987,0.7347136108716102,0.0
C201003080232A,2010-03-08 02:32:34.700,6.05,-173.0,38.82,40.04,15.1,41.0,38.48092332630997,28.16772469576237,760.0,1030.9536282045074,1031.0642043578264,False,PGA,g,0.00019901609537106493,0.7347136108716102,0.0
C201003080232A,2010-03-08 02:32:34.700,6.05,-173.0,38.82,40.04,15.1,42.0,38.37206126242352,28.725131642390245,760.0,983.9613617592601,984.0772182278876,False,PGA,g,0.0002149971872240211,0.7347136108716102,0.0
C201003080232A,2010-03-08 02:32:34.700,6.05,-173.0,38.82,40.04,15.1,43.0,38.25997662378592,29.28096746915477,760.0,937.2797444102887,937.4013704288127,False,PGA,g,0.00023301285753465174,0.7347136108716102,0.0
C201003080232A,2010-03-08 02:32:34.700,6.05,-173.0,38.82,40.04,15.1,44.0,38.14468386993303,29.83519859074117,760.0,890.9614262811267,891.0893743732441,False,PGA,g,0.0002534068461096014,0.7347136108716102,0.0
C201003080232A,2010-03-08 02:32:34.700,6.05,-173.0,38.82,40.04,15.1,45.0,38.02619771865637,30.387792566174863,760.0,845.0703773354669,845.2052724929657,False,PGA,g,0.0002765906884820719,0.7347136108716102,0.0
C201003080232A,2010-03-08 02:32:34.700,6.05,-173.0,38.82,40.04,15.1,46.0,37.90453313269919,30.93871810893301,760.0,799.6848463190263,799.8273960250954,False,PGA,g,0.00030305659219876773,0.7347136108716102,0.0
C201003080232A,2010-03-08 02:32:34.700,6.05,-173.0,38.82,40.04,15.1,47.0,37.77970530639941,31.48794509554942,760.0,754.9012115721652,755.0522162295287,False,PGA,g,0.00033339095916811936,0.7347136108716102,0.0
C201003080232A,2010-03-08 02:32:34.700,6.05,-173.0,38.82,40.04,15.1,48.0,37.65172965229903,32.03544457273861,760.0,710.8390074066839,710.9993702183706,False,PGA,g,0.0003682865366093364,0.7347136108716102,0.0
C201003080232A,2010-03-08 02:32:34.700,6.05,-173.0,38.82,40.04,15.1,49.0,37.52062178773912,32.581188763067985,760.0,667.6474868124154,667.818221260048,False,PGA,g,0.000408548870328548,0.7347136108716102,0.0
C201003080232A,2010-03-08 02:32:34.700,6.05,-173.0,38.82,40.04,15.1,50.0,37.38639752145882,33.125151069209814,760.0,625.5141558540504,625.6963873747436,False,PGA,g,0.00045508849027336463,0.7347136108716102,0.0
C201003080232A,2010-03-08 02:32:34.700,6.05,-173.0,38.82,40.04,15.1,51.0,37.24907284021617,33.66730607680735,760.0,584.6757510835915,584.8707069987023,False,PGA,g,0.0005088828173202534,0.7347136108716102,0.0
C201003080232A,2010-03-08 02:32:34.700,6.05,-173.0,38.82,40.04,15.1,52.0,37.108663895448274,34.20762955599211,760.0,545.4320434921168,545.641021247474,False,PGA,g,0.0005708795996103166,0.7347136108716102,0.0
C201003080232A,2010-03-08 02:32:34.700,6.05,-173.0,38.82,40.04,15.1,53.0,36.96518698998718,34.74609846159084,760.0,508.1624614034911,508.3867594456553,False,PGA,g,0.000641796031468796,0.7347136108716102,0.0
C201003080232A,2010-03-08 02:32:34.700,6.05,-173.0,38.82,40.04,15.1,54.0,36.81865856484759,35.28269093206378,760.0,473.34449198394265,473.5852806956069,False,PGA,g,0.0007217483554963664,0.7347136108716102,0.0
C201003080232A,2010-03-08 02:32:34.700,6.05,-173.0,38.82,40.04,15.1,55.0,36.51651353185552,36.3501650247302,760.0,413.5564875751937,413.8320654752739,False,PGA,g,0.000902321301555614,0.7347136108716102,0.0
C201003080232A,2010-03-08 02:32:34.700,6.05,-173.0,38.82,40.04,15.1,56.0,39.12932169354253,27.16429886150565,760.0,1112.6481875959616,1112.7506456347614,False,PGA,g,0.0001754100735443781,0.7347136108716102,0.0
C201003080232A,2010-03-08 02:32:34.700,6.05,-173.0,38.82,40.04,15.1,57.0,39.02615285189753,27.728192482780084,760.0,1064.5124132551132,1064.6195038483115,False,PGA,g,0.00018873630471440516,0.7347136108716102,0.0
C201003080232A,2010-03-08 02:32:34.700,6.05,-173.0,38.82,40.04,15.1,58.0,38.91971166128295,28.290542362066432,760.0,1016.548599075551,1016.6607419795777,False,PGA,g,0.0002037068988355498,0.7347136108716102,0.0
C201003080232A,2010-03-08 02:32:34.700,6.05,-173.0,38.82,40.04,15.1,59.0,38.810012439872,28.851311815912176,760.0,968.7854406258654,968.9031117550671,False,PGA,g,0.00022060162968081455,0.7347136108716102,0.0
C201003080232A,2010-03-08 02:32:34.700,6.05,-173.0,38.82,40.04,15.1,60.0,38.69706979675155,29.41046532512941,760.0,921.2576489765966,921.3813899780514,False,PGA,g,0.00023976000464160732,0.7347136108716102,0.0
C201003080232A,2010-03-08 02:32:34.700,6.05,-173.0,38.82,40.04,15.1,61.0,38.580898618260015,29.96796854805596,760.0,874.0075077869725,874.1379374377906,False,PGA,g,0.00026159606071065586,0.7347136108716102,0.0
C201003080232A,2010-03-08 02:32:34.700,6.05,-173.0,38.82,40.04,15.1,62.0,38.46151405423436,30.52378833218374,760.0,827.0869172898176,827.2247450070469,False,PGA,g,0.00028661697827395843,0.7347136108716102,0.0
C201003080232A,2010-03-08 02:32:34.700,6.05,-173.0,38.82,40.04,15.1,63.0,38.33893150418781,31.07789272417605,760.0,780.5601012947525,780.706143009823,False,PGA,g,0.00031544625867491654,0.7347136108716102,0.0
C201003080232A,2010-03-08 02:32:34.700,6.05,-173.0,38.82,40.04,15.1,64.0,38.21316660343932,31.63025097829894,760.0,734.5072233377971,734.6624198469665,False,PGA,g,0.0003488520060990801,0.7347136108716102,0.0
C201003080232A,2010-03-08 02:32:34.700,6.05,-173.0,38.82,40.04,15.1,65.0,38.08423520921518,32.180833563295366,760.0,689.0292560895527,689.1946936441998,False,PGA,g,0.00038778012575381356,0.7347136108716102,0.0
C201003080232A,2010-03-08 02:32:34.700,6.05,-173.0,38.82,40.04,15.1,66.0,37.95215338674287,32.729612167733904,760.0,644.2545825574582,644.4315147060119,False,PGA,g,0.0004333903680412634,0.7347136108716102,0.0
C201003080232A,2010-03-08 02:32:34.700,6.05,-173.0,38.82,40.04,15.1,67.0,37.816937395356426,33.27655970386688,760.0,600.3479843554522,600.5378525285932,False,PGA,g,0.00048708883902580857,0.7347136108716102,0.0
C201003080232A,2010-03-08 02:32:34.700,6.05,-173.0,38.82,40.04,15.1,68.0,37.67860367463222,33.821650310035366,760.0,557.5228841828191,557.7273315765771,False,PGA,g,0.0005505413915237048,0.7347136108716102,0.0
C201003080232A,2010-03-08 02:32:34.700,6.05,-173.0,38.82,40.04,15.1,69.0,37.53716883057294,34.36485935166117,760.0,516.0579089868664,516.2787768520966,False,PGA,g,0.0006256337339374856,0.7347136108716102,0.0
C201003080232A,2010-03-08 02:32:34.700,6.05,-173.0,38.82,40.04,15.1,70.0,37.39264962185748,34.90616342086814,760.0,476.3188736615407,476.55815952116353,False,PGA,g,0.0007143090831106644,0.7347136108716102,0.0
C201003080232A,2010-03-08 02:32:34.700,6.05,-173.0,38.82,40.04,15.1,71.0,37.24506294617298,35.445540334777355,760.0,438.78675368708093,439.0464955004732,False,PGA,g,0.0008181551890566202,0.7347136108716102,0.0
C201003080232A,2010-03-08 02:32:34.700,6.05,-173.0,38.82,40.04,15.1,72.0,37.09442582664533,35.982969132522314,760.0,404.0902248254777,404.3722539931556,False,PGA,g,0.0009375345564474491,0.7347136108716102,0.0
C201003080232A,2010-03-08 02:32:34.700,6.05,-173.0,38.82,40.04,15.1,73.0,36.94075539838291,36.51843007103232,760.0,373.0362361082773,373.34172476409657,False,PGA,g,0.0010700156962059986,0.7347136108716102,0.0
C201003080232A,2010-03-08 02:32:34.700,6.05,-173.0,38.82,40.04,15.1,74.0,36.78406889514814,37.05190461963332,760.0,346.6217580170938,346.95050530423026,False,PGA,g,0.001208078568692229,0.7347136108716102,0.0
C201003080232A,2010-03-08 02:32:34.700,6.05,-173.0,38.82,40.04,15.1,75.0,39.66994047687324,26.71349486296508,760.0,1150.4282560801287,1150.5273496912475,False,PGA,g,0.0001659754785558508,0.7347136108716102,0.0
C201003080232A,2010-03-08 02:32:34.700,6.05,-173.0,38.82,40.04,15.1,76.0,39.569271083172126,27.282445186661697,760.0,1101.6247147826957,1101.7281979780928,False,PGA,g,0.00017832575920955838,0.7347136108716102,0.0
C201003080232A,2010-03-08 02:32:34.700,6.05,-173.0,38.82,40.04,15.1,77.0,39.46529288763372,27.849845891918065,760.0,1052.9218308698648,1053.030100197686,False,PGA,g,0.00019218852289100237,0.7347136108716102,0.0
C201003080232A,2010-03-08 02:32:34.700,6.05,-173.0,38.82,40.04,15.1,78.0,39.3580203257534,28.41565823577763,760.0,1004.3371163553413,1004.4506226236123,False,PGA,g,0.00020782389237170368,0.7347136108716102,0.0
C201003080232A,2010-03-08 02:32:34.700,6.05,-173.0,38.82,40.04,15.1,79.0,39.24746814441138,28.979844671420302,760.0,955.8917799205129,956.0110380741461,False,PGA,g,0.00022554971576444467,0.7347136108716102,0.0
C201003080232A,2010-03-08 02:32:34.700,6.05,-173.0,38.82,40.04,15.1,80.0,39.13365138777182,29.5423688632149,760.0,907.6116868875273,907.7372880821978,False,PGA,g,0.00024575716599157003,0.7347136108716102,0.0
C201003080232A,2010-03-08 02:32:34.700,6.05,-173.0,38.82,40.04,15.1,81.0,39.01658538307148,30.103195700029477,760.0,859.5286261792709,859.6612525998975,False,PGA,g,0.000268931215137582,0.7347136108716102,0.0
C201003080232A,2010-03-08 02:32:34.700,6.05,-173.0,38.82,40.04,15.1,82.0,38.89628572632051,30.66229130681988,760.0,811.6820012605934,811.8224443623137,False,PGA,g,0.00029567763286577047,0.7347136108716102,0.0
C201003080232A,2010-03-08 02:32:34.700,6.05,-173.0,38.82,40.04,15.1,83.0,38.772768267938105,31.21962305452092,760.0,764.1211136361092,764.2702966257996,False,PGA,g,0.0003267586829197193,0.7347136108716102,0.0
C201003080232A,2010-03-08 02:32:34.700,6.05,-173.0,38.82,40.04,15.1,84.0,38.64604909834551,31.77515956826793,760.0,716.9082845133385,717.0672900110965,False,PGA,g,0.0003631402842550342,0.7347136108716102,0.0
C201003080232A,2010-03-08 02:32:34.700,6.05,-173.0,38.82,40.04,15.1,85.0,38.51614453353741,32.32887073398079,760.0,670.1231761134844,670.293279963647,False,PGA,g,0.0004060539024212314,0.7347136108716102,0.0
C201003080232A,2010-03-08 02:32:34.700,6.05,-173.0,38.82,40.04,15.1,86.0,38.38307110065308,32.88072770334502,760.0,623.8688489695082,624.0515609423144,False,PGA,g,0.00045707636630008775,0.7347136108716102,0.0
C201003080232A,2010-03-08 02:32:34.700,6.05,-173.0,38.82,40.04,15.1,87.0,38.24684552356719,33.43070289722835,760.0,578.2803543527355,578.4774656201616,False,PGA,g,0.0005182289206965943,0.7347136108716102,0.0
C201003080232A,2010-03-08 02:32:34.700,6.05,-173.0,38.82,40.04,15.1,88.0,38.107484708520346,33.97877000757363,760.0,533.5370489961794,533.7506839822797,False,PGA,g,0.0005920900712895893,0.7347136108716102,0.0
C201003080232A,2010-03-08 02:32:34.700,6.05,-173.0,38.82,40.04,15.1,89.0,37.96500572980777,34.52490399781175,760.0,489.88036651803236,490.1130313507709,False,PGA,g,0.0006818979934099962,0.7347136108716102,0.0
C201003080232A,2010-03-08 02:32:34.700,6.05,-173.0,38.82,40.04,15.1,90.0,37.81942581554456,35.06908110184059,760.0,447.6394685470271,447.89407654161363,False,PGA,g,0.0007915715639669999,0.7347136108716102,0.0
C201003080232A,2010-03-08 02:32:34.700,6.05,-173.0,38.82,40.04,15.1,91.0,37.67076233352466,35.611278821618285,760.0,407.2678026972426,407.5476329385807,False,PGA,g,0.0009254723682839759,0.7347136108716102,0.0
C201003080232A,2010-03-08 02:32:34.700,6.05,-173.0,38.82,40.04,15.1,92.0,37.51903277719032,36.15147592342068,760.0,369.39324664397105,369.70174555467497,False,PGA,g,0.0010875117180901067,0.7347136108716102,0.0
C201003080232A,2010-03-08 02:32:34.700,6.05,-173.0,38.82,40.04,15.1,93.0,37.36425475172738,36.68965243281496,760.0,334.8806930868292,335.2209548973857,False,PGA,g,0.0012788483171181527,0.7347136108716102,0.0
C201003080232A,2010-03-08 02:32:34.700,6.05,-173.0,38.82,40.04,15.1,94.0,37.20644596030164,37.22578962840265,760.0,304.8928095937867,305.2664988857982,False,PGA,g,0.001493155307175611,0.7347136108716102,0.0
C201003080232A,2010-03-08 02:32:34.700,6.05,-173.0,38.82,40.04,15.1,95.0,37.04562419045001,37.75987003438628,760.0,280.90359387931693,281.30915209839196,False,PGA,g,0.0017094227920935508,0.7347136108716102,0.0
C201003080232A,2010-03-08 02:32:34.700,6.05,-173.0,38.82,40.04,15.1,96.0,36.71501320700875,38.821796749967135,760.0,257.3876463332752,257.8301969998533,False,PGA,g,0.0019746203844430393,0.7347136108716102,0.0
C201003080232A,2010-03-08 02:32:34.700,6.05,-173.0,38.82,40.04,15.1,97.0,40.11024381602152,26.830269986054727,760.0,1141.9326690457392,1142.0324998150998,False,PGA,g,0.00016802494732111057,0.7347136108716102,0.0
C201003080232A,2010-03-08 02:32:34.700,6.05,-173.0,38.82,40.04,15.1,98.0,40.00877234376844,27.40283107497407,760.0,1092.6907484069814,1092.7950776125454,False,PGA,g,0.00018074623852043414,0.7347136108716102,0.0
C201003080232A,2010-03-08 02:32:34.700,6.05,-173.0,38.82,40.04,15.1,99.0,39.903969276608166,27.973797353865372,760.0,1043.5081097035459,1043.6173556515182,False,PGA,g,0.00019506753225823013,0.7347136108716102,0.0
C201003080232A,2010-03-08 02:32:34.700,6.05,-173.0,38.82,40.04,15.1,100.0,39.795849486245295,28.543129149689825,760.0,994.3964401275498,994.5110809530197,False,PGA,g,0.0002112747637678886,0.7347136108716102,0.0
C201003080232A,2010-03-08 02:32:34.700,6.05,-173.0,38.82,40.04,15.1,101.0,39.68442816279457,29.11078803463584,760.0,945.3700190615159,945.4906043638778,False,PGA,g,0.00022972083945102954,0.7347136108716102,0.0
C201003080232A,2010-03-08 02:32:34.700,6.05,-173.0,38.82,40.04,15.1,102.0,39.569720800102296,29.676736841292104,760.0,896.4464165819644,896.5735819232267,False,PGA,g,0.0002508451698300395,0.7347136108716102,0.0
C201003080232A,2010-03-08 02:32:34.700,6.05,-173.0,38.82,40.04,15.1,103.0,39.45174318095948,30.24093967598165,760.0,847.6474264706422,847.7819115800377,False,PGA,g,0.00027520002853396086,0.7347136108716102,0.0
C201003080232A,2010-03-08 02:32:34.700,6.05,-173.0,38.82,40.04,15.1,104.0,39.33051136223099,30.80336193028008,760.0,799.000329064827,799.1430008738748,False,PGA,g,0.00030348649592256,0.7347136108716102,0.0
C201003080232A,2010-03-08 02:32:34.700,6.05,-173.0,38.82,40.04,15.1,105.0,39.2060416599246,31.36397029074492,760.0,750.5396251314739,750.6915071402456,False,PGA,g,0.00033660398099974784,0.7347136108716102,0.0
C201003080232A,2010-03-08 02:32:34.700,6.05,-173.0,38.82,40.04,15.1,106.0,39.078350634223085,31.92273274688748,760.0,702.3094533562952,702.4717633283335,False,PGA,g,0.0003757191182553908,0.7347136108716102,0.0
C201003080232A,2010-03-08 02:32:34.700,6.05,-173.0,38.82,40.04,15.1,107.0,38.94745507450225,32.479618597422046,760.0,654.3670171278027,654.5412157417882,False,PGA,g,0.00042236241962187606,0.7347136108716102,0.0
C201003080232A,2010-03-08 02:32:34.700,6.05,-173.0,38.82,40.04,15.1,108.0,38.81337198435645,33.034598454831034,760.0,606.7875283792988,606.9753821998536,False,PGA,g,0.0004785645971224365,0.7347136108716102,0.0
C201003080232A,2010-03-08 02:32:34.700,6.05,-173.0,38.82,40.04,15.1,109.0,38.67611856665329,33.587644248287745,760.0,559.6714738705173,559.8751366728095,False,PGA,g,0.000547048783226902,0.7347136108716102,0.0
C201003080232A,2010-03-08 02:32:34.700,6.05,-173.0,38.82,40.04,15.1,110.0,38.53571220863781,34.13872922498166,760.0,513.1555014189989,513.3776179739278,False,PGA,g,0.0006314984540320048,0.7347136108716102,0.0
C201003080232A,2010-03-08 02:32:34.700,6.05,-173.0,38.82,40.04,15.1,111.0,38.392170467105785,34.687827949893595,760.0,467.42904067568617,467.67287506011326,False,PGA,g,0.000736917898099655,0.7347136108716102,0.0
C201003080232A,2010-03-08 02:32:34.700,6.05,-173.0,38.82,40.04,15.1,112.0,38.24551105366531,35.234916304070964,760.0,422.7601135987458,423.02969594346973,False,PGA,g,0.0008700739429261167,0.7347136108716102,0.0
C201003080232A,2010-03-08 02:32:34.700,6.05,-173.0,38.82,40.04,15.1,113.0,38.09575182010447,35.779971481455135,760.0,379.53588531535274,379.8361465712664,False,PGA,g,0.0010398996257813436,0.7347136108716102,0.0
C201003080232A,2010-03-08 02:32:34.700,6.05,-173.0,38.82,40.04,15.1,114.0,37.94291074388236,36.32297198431528,760.0,338.32632766455333,338.6631275928673,False,PGA,g,0.0012574046218121091,0.7347136108716102,0.0
C201003080232A,2010-03-08 02:32:34.700,6.05,-173.0,38.82,40.04,15.1,115.0,37.787005913759856,36.86389761734446,760.0,299.9813420447495,300.36114191913873,False,PGA,g,0.0015337303870868863,0.7347136108716102,0.0
C201003080232A,2010-03-08 02:32:34.700,6.05,-173.0,38.82,40.04,15.1,116.0,37.628055515585366,37.40272948047536,760.0,265.7653355018219,266.193958523472,False,PGA,g,0.0018730175331643465,0.7347136108716102,0.0
C201003080232A,2010-03-08 02:32:34.700,6.05,-173.0,38.82,40.04,15.1,117.0,37.46607781825019,37.93944996047414,760.0,237.49469012468916,237.9742377599351,False,PGA,g,0.002254595855097231,0.7347136108716102,0.0
C201003080232A,2010-03-08 02:32:34.700,6.05,-173.0,38.82,40.04,15.1,118.0,37.30109115982695,38.4740427213721,760.0,217.52823095543468,218.0516940145179,False,PGA,g,0.0026054496103668336,0.7347136108716102,0.0
C201003080232A,2010-03-08 02:32:34.700,6.05,-173.0,38.82,40.04,15.1,119.0,37.13311393390367,39.006492693795046,760.0,208.29832764721039,208.84492644214419,False,PGA,g,0.0027981560724432025,0.7347136108716102,0.0
C201003080232A,2010-03-08 02:32:34.700,6.05,-173.0,38.82,40.04,15.1,120.0,36.96216457612552,39.5367860632515,760.0,211.24789674161312,211.78688315794074,False,PGA,g,0.0027341592902225867,0.7347136108716102,0.0
C201003080232A,2010-03-08 02:32:34.700,6.05,-173.0,38.82,40.04,15.1,121.0,40.64903459878373,26.371447394800388,760.0,1185.0997867401968,1185.1959814864629,False,PGA,g,0.0001580129208618387,0.7347136108716102,0.0
C201003080232A,2010-03-08 02:32:34.700,6.05,-173.0,38.82,40.04,15.1,122.0,40.3421823053369,28.100104579748663,760.0,1036.3273130094071,1036.4373158514209,False,PGA,g,0.00019731044536276053,0.7347136108716102,0.0
C201003080232A,2010-03-08 02:32:34.700,6.05,-173.0,38.82,40.04,15.1,123.0,40.23319904164602,28.67301389143944,760.0,986.7917688264912,986.9072930238763,False,PGA,g,0.00021397718366395155,0.7347136108716102,0.0
C201003080232A,2010-03-08 02:32:34.700,6.05,-173.0,38.82,40.04,15.1,124.0,40.120892001998726,29.244201706086056,760.0,937.2964214707506,937.4180453254967,False,PGA,g,0.0002330059937964946,0.7347136108716102,0.0
C201003080232A,2010-03-08 02:32:34.700,6.05,-173.0,38.82,40.04,15.1,125.0,40.00527714511901,29.813630009126157,760.0,887.8516044602927,887.9800006434357,False,PGA,g,0.0002548779278715821,0.7347136108716102,0.0
C201003080232A,2010-03-08 02:32:34.700,6.05,-173.0,38.82,40.04,15.1,126.0,39.88637072459324,30.381262111349876,760.0,838.4702836542998,838.6062404795961,False,PGA,g,0.0002802041625727152,0.7347136108716102,0.0
C201003080232A,2010-03-08 02:32:34.700,6.05,-173.0,38.82,40.04,15.1,127.0,39.76418927340092,30.94706266031314,760.0,789.1688736546744,789.3133225439612,False,PGA,g,0.00030977054397773895,0.7347136108716102,0.0
C201003080232A,2010-03-08 02:32:34.700,6.05,-173.0,38.82,40.04,15.1,128.0,39.638749588390894,31.51099764986585,760.0,739.9683737660644,740.1224251257314,False,PGA,g,0.00034460077980144783,0.7347136108716102,0.0
C201003080232A,2010-03-08 02:32:34.700,6.05,-173.0,38.82,40.04,15.1,129.0,39.510068714727474,32.073034427829406,760.0,690.8959772861151,691.0609679544461,False,PGA,g,0.0003860475598367461,0.7347136108716102,0.0
C201003080232A,2010-03-08 02:32:34.700,6.05,-173.0,38.82,40.04,15.1,130.0,39.37816393033035,32.63314170186223,760.0,641.9873970402416,642.1649538541518,False,PGA,g,0.00043592622352058214,0.7347136108716102,0.0
C201003080232A,2010-03-08 02:32:34.700,6.05,-173.0,38.82,40.04,15.1,131.0,39.24305273033106,33.1912895435556,760.0,593.2903004264302,593.4824265132742,False,PGA,g,0.0004967143487010765,0.7347136108716102,0.0
C201003080232A,2010-03-08 02:32:34.700,6.05,-173.0,38.82,40.04,15.1,132.0,39.10475281156865,33.747449390805635,760.0,544.8695077678608,545.0787011938652,False,PGA,g,0.0005718550718750348,0.7347136108716102,0.0
C201003080232A,2010-03-08 02:32:34.700,6.05,-173.0,38.82,40.04,15.1,133.0,38.96328205714568,34.30159404851024,760.0,496.81507222171405,497.04449095293967,False,PGA,g,0.0006662255559945644,0.7347136108716102,0.0
C201003080232A,2010-03-08 02:32:34.700,6.05,-173.0,38.82,40.04,15.1,134.0,38.81865852106536,34.85369768764283,760.0,449.25521168371847,449.5089045002142,False,PGA,g,0.0007868690923090863,0.7347136108716102,0.0
C201003080232A,2010-03-08 02:32:34.700,6.05,-173.0,38.82,40.04,15.1,135.0,38.67090041296952,35.40373584275705,760.0,402.377669829127,402.66089849539395,False,PGA,g,0.0009441403290447445,0.7347136108716102,0.0
C201003080232A,2010-03-08 02:32:34.700,6.05,-173.0,38.82,40.04,15.1,136.0,38.52002608299594,35.951685407979305,760.0,356.46617598464326,356.7858526078559,False,PGA,g,0.0011534514906257163,0.7347136108716102,0.0
C201003080232A,2010-03-08 02:32:34.700,6.05,-173.0,38.82,40.04,15.1,137.0,38.36605400677348,36.49752463154753,760.0,311.9646410545843,312.3298693181868,False,PGA,g,0.001437681108374681,0.7347136108716102,0.0
C201003080232A,2010-03-08 02:32:34.700,6.05,-173.0,38.82,40.04,15.1,138.0,38.20900277057115,37.04123310895654,760.0,269.59270204397154,270.0152495607787,False,PGA,g,0.0018293574033133892,0.7347136108716102,0.0
C201003080232A,2010-03-08 02:32:34.700,6.05,-173.0,38.82,40.04,15.1,139.0,38.0488910566178,37.58279177477196,760.0,230.5523827422857,231.0463399150599,False,PGA,g,0.002367532236251129,0.7347136108716102,0.0
C201003080232A,2010-03-08 02:32:34.700,6.05,-173.0,38.82,40.04,15.1,140.0,37.88573762860676,38.122182893175335,760.0,196.86606665401368,197.44431670681877,True,PGA,g,0.00307037176081892,0.7347136108716102,0.0
C201003080232A,2010-03-08 02:32:34.700,6.05,-173.0,38.82,40.04,15.1,141.0,37.71956131739987,38.65939004730469,760.0,171.7496169587346,172.41212522752585,True,PGA,g,0.003841796596595672,0.7347136108716102,0.0
C201003080232A,2010-03-08 02:32:34.700,6.05,-173.0,38.82,40.04,15.1,142.0,37.55038100694362,39.194398127454846,760.0,159.34867585129945,160.0625205835598,True,PGA,g,0.00434390918403382,0.7347136108716102,0.0
C201003080232A,2010-03-08 02:32:34.700,6.05,-173.0,38.82,40.04,15.1,143.0,37.3782156204095,39.72719331820265,760.0,162.63885787505183,163.3383240115476,True,PGA,g,0.004200887926801659,0.7347136108716102,0.0
C201003080232A,2010-03-08 02:32:34.700,6.05,-173.0,38.82,40.04,15.1,144.0,37.20308410656944,40.2577630845222,760.0,180.8022645921096,181.43171961273808,True,PGA,g,0.003531227133553382,0.7347136108716102,0.0
C201003080232A,2010-03-08 02:32:34.700,6.05,-173.0,38.82,40.04,15.1,145.0,41.08928448177223,26.488968088567013,760.0,1180.9724394645766,1181.0689703717192,False,PGA,g,0.0001589283276429473,0.7347136108716102,0.0
C201003080232A,2010-03-08 02:32:34.700,6.05,-173.0,38.82,40.04,15.1,146.0,40.98955554528828,27.070582434207815,760.0,1131.1246388732125,1131.225423452839,False,PGA,g,0.00017069151440061504,0.7347136108716102,0.0
C201003080232A,2010-03-08 02:32:34.700,6.05,-173.0,38.82,40.04,15.1,147.0,40.556858879095685,29.380147541154155,760.0,931.7311514428445,931.8535016669781,False,PGA,g,0.0002353146089131784,0.7347136108716102,0.0
C201003080232A,2010-03-08 02:32:34.700,6.05,-173.0,38.82,40.04,15.1,148.0,40.44031923175131,29.953111188266483,760.0,881.8987245699429,882.0279873099788,False,PGA,g,0.00025773238337783246,0.7347136108716102,0.0
C201003080232A,2010-03-08 02:32:34.700,6.05,-173.0,38.82,40.04,15.1,149.0,40.32046641172607,30.5242267272893,760.0,832.0827618067236,832.2197621397275,False,PGA,g,0.00028377388992422125,0.7347136108716102,0.0
C201003080232A,2010-03-08 02:32:34.700,6.05,-173.0,38.82,40.04,15.1,150.0,40.19731744397758,31.09345805137606,760.0,782.2909347063679,782.4366533616397,False,PGA,g,0.0003142918050125504,0.7347136108716102,0.0
C201003080232A,2010-03-08 02:32:34.700,6.05,-173.0,38.82,40.04,15.1,151.0,40.07088962204292,31.660770453715006,760.0,732.5332336557232,732.6888482910807,False,PGA,g,0.0003504093832875559,0.7347136108716102,0.0
C201003080232A,2010-03-08 02:32:34.700,6.05,-173.0,38.82,40.04,15.1,152.0,39.94120049187214,32.22613063486308,760.0,682.8228105869117,682.9897515027657,False,PGA,g,0.0003936311130872228,0.7347136108716102,0.0
C201003080232A,2010-03-08 02:32:34.700,6.05,-173.0,38.82,40.04,15.1,153.0,39.80826783566438,32.78950670817389,760.0,633.1772143298359,633.3572410152827,False,PGA,g,0.0004460099606542846,0.7347136108716102,0.0
C201003080232A,2010-03-08 02:32:34.700,6.05,-173.0,38.82,40.04,15.1,154.0,39.67210965573072,33.350868203365806,760.0,583.6202477909442,583.8155561746904,False,PGA,g,0.0005104066022998224,0.7347136108716102,0.0
C201003080232A,2010-03-08 02:32:34.700,6.05,-173.0,38.82,40.04,15.1,155.0,39.53274415840682,33.91018606828075,760.0,534.1848409880884,534.3982170081308,False,PGA,g,0.0005909026419434617,0.7347136108716102,0.0
C201003080232A,2010-03-08 02:32:34.700,6.05,-173.0,38.82,40.04,15.1,156.0,39.3901897380382,34.467432668886644,760.0,484.91764318791587,485.15268800133725,False,PGA,g,0.0006934799759795975,0.7347136108716102,0.0
C201003080232A,2010-03-08 02:32:34.700,6.05,-173.0,38.82,40.04,15.1,157.0,39.24446496105929,35.02258178758028,760.0,435.8866435208328,436.14811245706153,False,PGA,g,0.0008271762065234566,0.7347136108716102,0.0
C201003080232A,2010-03-08 02:32:34.700,6.05,-173.0,38.82,40.04,15.1,158.0,39.09558855018729,35.575608619849234,760.0,387.1943777432264,387.48870455274476,False,PGA,g,0.0010061220949218138,0.7347136108716102,0.0
C201003080232A,2010-03-08 02:32:34.700,6.05,-173.0,38.82,40.04,15.1,159.0,38.94357936874966,36.126489769354585,760.0,339.0019947768637,339.3381240926117,False,PGA,g,0.0012532672026985786,0.7347136108716102,0.0
C201003080232A,2010-03-08 02:32:34.700,6.05,-173.0,38.82,40.04,15.1,160.0,38.78845640516469,36.67520324149756,760.0,291.5757274444124,291.96646183207116,False,PGA,g,0.0016073986080159632,0.7347136108716102,0.0
C201003080232A,2010-03-08 02:32:34.700,6.05,-173.0,38.82,40.04,15.1,161.0,38.63023875759182,37.22172843553528,760.0,245.38267055168865,245.84683241213128,False,PGA,g,0.0021364023342391263,0.7347136108716102,0.0
C201003080232A,2010-03-08 02:32:34.700,6.05,-173.0,38.82,40.04,15.1,162.0,38.46894561876885,37.76604613531235,760.0,201.30198675547842,201.86753050380048,False,PGA,g,0.00295991266024644,0.7347136108716102,0.0
C201003080232A,2010-03-08 02:32:34.700,6.05,-173.0,38.82,40.04,15.1,163.0,38.30459626105106,38.30813849867578,760.0,161.1138570337418,161.81991511643116,True,PGA,g,0.004266228369650024,0.7347136108716102,0.0
C201003080232A,2010-03-08 02:32:34.700,6.05,-173.0,38.82,40.04,15.1,164.0,38.13721002166683,38.84798904564202,760.0,128.5704392585762,129.4541148482474,True,PGA,g,0.006167534134752254,0.7347136108716102,0.0
C201003080232A,2010-03-08 02:32:34.700,6.05,-173.0,38.82,40.04,15.1,165.0,37.96680628820294,39.385582645385306,760.0,110.69359590699476,111.718763754443,True,PGA,g,0.007864509629357627,0.7347136108716102,0.0
C201003080232A,2010-03-08 02:32:34.700,6.05,-173.0,38.82,40.04,15.1,166.0,37.7934044843319,39.92090550211677,760.0,114.62434776671145,115.61466646124101,True,PGA,g,0.0074323272276112205,0.7347136108716102,0.0
C201003080232A,2010-03-08 02:32:34.700,6.05,-173.0,38.82,40.04,15.1,167.0,37.61702405579266,40.45394513992413,760.0,138.566523478107,139.38684094565303,True,PGA,g,0.005458923143504668,0.7347136108716102,0.0
C201003080232A,2010-03-08 02:32:34.700,6.05,-173.0,38.82,40.04,15.1,168.0,37.43768445663451,40.98469038664149,760.0,174.50675520594177,175.1588353823651,True,PGA,g,0.0037427236881091078,0.7347136108716102,0.0
C201003080232A,2010-03-08 02:32:34.700,6.05,-173.0,38.82,40.04,15.1,169.0,37.25540513573389,41.51313135681831,760.0,216.58401590917512,217.10975553241687,False,PGA,g,0.002624173969968733,0.7347136108716102,0.0
C201003080232A,2010-03-08 02:32:34.700,6.05,-173.0,38.82,40.04,15.1,170.0,41.52911975891151,26.60877510208489,760.0,1178.8605827462757,1178.9572865684697,False,PGA,g,0.00015940001140296166,0.7347136108716102,0.0
C201003080232A,2010-03-08 02:32:34.700,6.05,-173.0,38.82,40.04,15.1,171.0,41.42856530103737,27.19423644754487,760.0,1128.8658261940816,1128.9668124213601,False,PGA,g,0.00017125738771330763,0.7347136108716102,0.0
C201003080232A,2010-03-08 02:32:34.700,6.05,-173.0,38.82,40.04,15.1,172.0,41.32459277417623,27.778001842368653,760.0,1078.8537918949191,1078.9594590558281,False,PGA,g,0.0001846005202669619,0.7347136108716102,0.0
C201003080232A,2010-03-08 02:32:34.700,6.05,-173.0,38.82,40.04,15.1,173.0,41.21721809479402,28.360027310851105,760.0,1028.8245751773557,1028.9353801327206,False,PGA,g,0.00019969842265443277,0.7347136108716102,0.0
C201003080232A,2010-03-08 02:32:34.700,6.05,-173.0,38.82,40.04,15.1,174.0,41.1064575358912,28.94027026737205,760.0,978.7784605030424,978.8949303907472,False,PGA,g,0.00021688529673300183,0.7347136108716102,0.0
C201003080232A,2010-03-08 02:32:34.700,6.05,-173.0,38.82,40.04,15.1,175.0,40.99232771054403,29.51868953397133,760.0,928.7159734562257,928.8387208513353,False,PGA,g,0.000236580741907843,0.7347136108716102,0.0
C201003080232A,2010-03-08 02:32:34.700,6.05,-173.0,38.82,40.04,15.1,176.0,40.87484555531893,30.095245355730786,760.0,878.6379506149256,878.7676930001446,False,PGA,g,0.0002593177489647913,0.7347136108716102,0.0
C201003080232A,2010-03-08 02:32:34.700,6.05,-173.0,38.82,40.04,15.1,177.0,40.75402831358981,30.66989941399068,760.0,828.5456348877171,828.6832199890923,False,PGA,g,0.0002857821306424565,0.7347136108716102,0.0
C201003080232A,2010-03-08 02:32:34.700,6.05,-173.0,38.82,40.04,15.1,178.0,40.62989351878622,31.24261483743329,760.0,778.4408078069138,778.5872470436955,False,PGA,g,0.00031686909906653645,0.7347136108716102,0.0
C201003080232A,2010-03-08 02:32:34.700,6.05,-173.0,38.82,40.04,15.1,179.0,40.50245897760074,31.81335621107146,760.0,728.325976591712,728.4824899599653,False,PGA,g,0.0003537661371809276,0.7347136108716102,0.0
C201003080232A,2010-03-08 02:32:34.700,6.05,-173.0,38.82,40.04,15.1,180.0,40.37174275318224,32.38208958318474,760.0,678.2046443120688,678.3727217145894,False,PGA,g,0.00039807721902022317,0.7347136108716102,0.0
C201003080232A,2010-03-08 02:32:34.700,6.05,-173.0,38.82,40.04,15.1,181.0,40.23776314834132,32.948782470250165,760.0,628.0817095258387,628.2631963125805,False,PGA,g,0.00045201391988239077,0.7347136108716102,0.0
C201003080232A,2010-03-08 02:32:34.700,6.05,-173.0,38.82,40.04,15.1,182.0,40.10053868879341,33.513403859918775,760.0,577.9640738076519,578.1612929039238,False,PGA,g,0.0005186982559359948,0.7347136108716102,0.0
C201003080232A,2010-03-08 02:32:34.700,6.05,-173.0,38.82,40.04,15.1,183.0,39.96008810646402,34.075924212092694,760.0,527.8615948113164,528.0775258205432,False,PGA,g,0.0006026590937375986,0.7347136108716102,0.0
C201003080232A,2010-03-08 02:32:34.700,6.05,-173.0,38.82,40.04,15.1,184.0,39.81643032287921,34.636315458161214,760.0,477.78863706334363,478.0271872047107,False,PGA,g,0.0007106783048188633,0.7347136108716102,0.0
C201003080232A,2010-03-08 02:32:34.700,6.05,-173.0,38.82,40.04,15.1,185.0,39.66958443266434,35.194550998457146,760.0,427.76670633088656,428.033135452356,False,PGA,g,0.0008533004170847496,0.7347136108716102,0.0
C201003080232A,2010-03-08 02:32:34.700,6.05,-173.0,38.82,40.04,15.1,186.0,39.51956968717203,35.75060569799753,760.0,377.8291606011012,378.13077711359693,False,PGA,g,0.0010476749805801184,0.7347136108716102,0.0
C201003080232A,2010-03-08 02:32:34.700,6.05,-173.0,38.82,40.04,15.1,187.0,39.366405478259885,36.30445588057545,760.0,328.0301767364255,328.377537066302,False,PGA,g,0.001323262960268528,0.7347136108716102,0.0
C201003080232A,2010-03-08 02:32:34.700,6.05,-173.0,38.82,40.04,15.1,188.0,39.21011132223724,36.85607932127117,760.0,278.46318705820937,278.8722943331146,False,PGA,g,0.001734213216306609,0.7347136108716102,0.0
C201003080232A,2010-03-08 02:32:34.700,6.05,-173.0,38.82,40.04,15.1,189.0,39.050706843999045,37.4054552374532,760.0,229.30268193031466,229.7993253698432,False,PGA,g,0.0023888239189222295,0.7347136108716102,0.0
C201003080232A,2010-03-08 02:32:34.700,6.05,-173.0,38.82,40.04,15.1,190.0,38.88821176136395,37.95256427834092,760.0,180.9118241180039,181.5408992643354,True,PGA,g,0.0035277168046518705,0.7347136108716102,0.0
C201003080232A,2010-03-08 02:32:34.700,6.05,-173.0,38.82,40.04,15.1,191.0,38.72264586963246,38.497388513201685,760.0,134.17004280309772,135.01707442314498,True,PGA,g,0.00575370234733497,0.7347136108716102,0.0
C201003080232A,2010-03-08 02:32:34.700,6.05,-173.0,38.82,40.04,15.1,192.0,38.55402902637986,39.03991141825595,760.0,91.70271507718574,92.937602468148,True,PGA,g,0.010649581988025094,0.7347136108716102,0.0
C201003080232A,2010-03-08 02:32:34.700,6.05,-173.0,38.82,40.04,15.1,193.0,38.38238113649788,39.58011786236474,760.0,62.967987774353496,64.75320443307135,True,PGA,g,0.019264761161015158,0.7347136108716102,0.0
C201003080232A,2010-03-08 02:32:34.700,6.05,-173.0,38.82,40.04,15.1,194.0,38.20772213749719,40.11799409157385,760.0,68.41962412417395,70.0660757092421,True,PGA,g,0.016933388630901648,0.7347136108716102,0.0
C201003080232A,2010-03-08 02:32:34.700,6.05,-173.0,38.82,40.04,15.1,195.0,38.0300719850824,40.65352771258926,760.0,102.8178953665703,103.92078525305223,True,PGA,g,0.0088605499331351,0.7347136108716102,0.0
C201003080232A,2010-03-08 02:32:34.700,6.05,-173.0,38.82,40.04,15.1,196.0,37.84945063900995,41.1867076752579,760.0,147.13764950085246,147.9104387818375,True,PGA,g,0.004949192478587537,0.7347136108716102,0.0
C201003080232A,2010-03-08 02:32:34.700,6.05,-173.0,38.82,40.04,15.1,197.0,37.66587804923799,41.7175242541276,760.0,194.75432675215086,195.33882816450893,True,PGA,g,0.0031252915678113514,0.7347136108716102,0.0
C201003080232A,2010-03-08 02:32:34.700,6.05,-173.0,38.82,40.04,15.1,198.0,37.47937414237634,42.24596902915907,760.0,243.7730563063313,244.2402771471769,False,PGA,g,0.0021597030505351947,0.7347136108716102,0.0
C201003080232A,2010-03-08 02:32:34.700,6.05,-173.0,38.82,40.04,15.1,199.0,41.86714480472202,27.320303598891837,760.0,1128.7210000611008,1128.8219992447575,False,PGA,g,0.00017129377187293602,0.7347136108716102,0.0
C201003080232A,2010-03-08 02:32:34.700,6.05,-173.0,38.82,40.04,15.1,200.0,41.76230564320424,27.90793197350734,760.0,1078.6460180622462,1078.7517055752633,False,PGA,g,0.00018465939751334586,0.7347136108716102,0.0
C201003080232A,2010-03-08 02:32:34.700,6.05,-173.0,38.82,40.04,15.1,201.0,41.06191479063402,31.39460201858199,760.0,777.6596577341475,777.8062440397296,False,PGA,g,0.00031739614093968745,0.7347136108716102,0.0
C201003080232A,2010-03-08 02:32:34.700,6.05,-173.0,38.82,40.04,15.1,202.0,40.93345450667417,31.96882470353246,760.0,727.3985353166518,727.5552481982453,False,PGA,g,0.00035451303285268654,0.7347136108716102,0.0
C201003080232A,2010-03-08 02:32:34.700,6.05,-173.0,38.82,40.04,15.1,203.0,40.801691908159086,32.54098176438588,760.0,677.107784178225,677.2761337849914,False,PGA,g,0.00039914505279283505,0.7347136108716102,0.0
C201003080232A,2010-03-08 02:32:34.700,6.05,-173.0,38.82,40.04,15.1,204.0,40.666645835463534,33.11104011893139,760.0,626.7867306855352,626.9685923261719,False,PGA,g,0.000453560442086086,0.7347136108716102,0.0
C201003080232A,2010-03-08 02:32:34.700,6.05,-173.0,38.82,40.04,15.1,205.0,40.52833535453819,33.67896821343401,760.0,576.4347656680472,576.6325078165265,False,PGA,g,0.0005209772721588853,0.7347136108716102,0.0
C201003080232A,2010-03-08 02:32:34.700,6.05,-173.0,38.82,40.04,15.1,206.0,40.38677973958139,34.24473602295546,760.0,526.0513773542679,526.2680511073443,False,PGA,g,0.0006060938804125885,0.7347136108716102,0.0
C201003080232A,2010-03-08 02:32:34.700,6.05,-173.0,38.82,40.04,15.1,207.0,40.24199845581047,34.80831504974517,760.0,475.6362054150158,475.87583454257805,False,PGA,g,0.0007160056127812633,0.7347136108716102,0.0
C201003080232A,2010-03-08 02:32:34.700,6.05,-173.0,38.82,40.04,15.1,208.0,40.09401114235636,35.36967831976815,760.0,425.18913370098363,425.4571769489768,False,PGA,g,0.0008618706495132983,0.7347136108716102,0.0
C201003080232A,2010-03-08 02:32:34.700,6.05,-173.0,38.82,40.04,15.1,209.0,39.94283759530382,35.928800377439245,760.0,374.7104582667396,375.01458309573775,False,PGA,g,0.001062125780490331,0.7347136108716102,0.0
C201003080232A,2010-03-08 02:32:34.700,6.05,-173.0,38.82,40.04,15.1,210.0,39.78849775089813,36.48565727863619,760.0,324.2012129824399,324.5526713790619,False,PGA,g,0.0013491749376792971,0.7347136108716102,0.0
C201003080232A,2010-03-08 02:32:34.700,6.05,-173.0,38.82,40.04,15.1,211.0,39.63101166893865,37.04022658206525,760.0,273.66385683327564,274.08012794958995,False,PGA,g,0.0017846785242102937,0.7347136108716102,0.0
C201003080232A,2010-03-08 02:32:34.700,6.05,-173.0,38.82,40.04,15.1,212.0,39.47039951637768,37.59248733905582,760.0,223.10389746212735,223.61430871657439,False,PGA,g,0.0024991126645535285,0.7347136108716102,0.0
C201003080232A,2010-03-08 02:32:34.700,6.05,-173.0,38.82,40.04,15.1,213.0,39.30668155114245,38.14242008186092,760.0,172.5343734057661,173.19387981831323,True,PGA,g,0.0038131748960282576,0.7347136108716102,0.0
C201003080232A,2010-03-08 02:32:34.700,6.05,-173.0,38.82,40.04,15.1,214.0,39.13987810619656,38.69000681054206,760.0,121.99148842518878,122.92246844329546,True,PGA,g,0.006717638292367824,0.7347136108716102,0.0
C201003080232A,2010-03-08 02:32:34.700,6.05,-173.0,38.82,40.04,15.1,215.0,38.97000957385584,39.23523097851778,760.0,71.61636804039111,73.19094323273032,True,PGA,g,0.015765309313920273,0.7347136108716102,0.0
C201003080232A,2010-03-08 02:32:34.700,6.05,-173.0,38.82,40.04,15.1,216.0,38.79709639037304,39.77807747685498,760.0,22.837542196284748,27.37815431264654,True,PGA,g,0.07632574519195409,0.7347136108716102,0.0005265149038390818
C201003080232A,2010-03-08 02:32:34.700,6.05,-173.0,38.82,40.04,15.1,217.0,38.62115902080354,40.3185326173833,760.0,32.75301907637339,36.06619273803764,True,PGA,g,0.049572707674923305,0.7347136108716102,0.0
C201003080232A,2010-03-08 02:32:34.700,6.05,-173.0,38.82,40.04,15.1,218.0,38.44221794416428,40.8565841147114,760.0,82.43668692336945,83.80821768121329,True,PGA,g,0.012623054779070822,0.7347136108716102,0.0
C201003080232A,2010-03-08 02:32:34.700,6.05,-173.0,38.82,40.04,15.1,219.0,38.26029363889579,41.3922210672249,760.0,133.05778420180343,133.91185136758318,True,PGA,g,0.0058323117526500965,0.7347136108716102,0.0
C201003080232A,2010-03-08 02:32:34.700,6.05,-173.0,38.82,40.04,15.1,220.0,38.07540656863709,41.92543393714404,760.0,183.88186542961495,184.5008141821467,True,PGA,g,0.0034346400853950956,0.7347136108716102,0.0
C201003080232A,2010-03-08 02:32:34.700,6.05,-173.0,38.82,40.04,15.1,221.0,37.88757716832112,42.45621452971892,760.0,234.80799103402836,235.29301445949548,False,PGA,g,0.0022972589244114688,0.7347136108716102,0.0
C201003080232A,2010-03-08 02:32:34.700,6.05,-173.0,38.82,40.04,15.1,222.0,37.6968258305983,42.98455597163872,760.0,285.8076735073667,286.20628266286104,False,PGA,g,0.0016612895693926114,0.7347136108716102,0.0
C201003080232A,2010-03-08 02:32:34.700,6.05,-173.0,38.82,40.04,15.1,223.0,37.503172892593774,43.5104526887302,760.0,336.8702290561515,337.2084833220303,False,PGA,g,0.0012663957435477774,0.7347136108716102,0.0
C201003080232A,2010-03-08 02:32:34.700,6.05,-173.0,38.82,40.04,15.1,224.0,41.36387268192554,32.12724807530359,760.0,729.759552955256,729.9157589266416,False,PGA,g,0.0003526165900993431,0.7347136108716102,0.0
C201003080232A,2010-03-08 02:32:34.700,6.05,-173.0,38.82,40.04,15.1,225.0,41.23104397401816,32.70288003523498,760.0,679.5451257199236,679.7128716522196,False,PGA,g,0.00039677841807290786,0.7347136108716102,0.0
C201003080232A,2010-03-08 02:32:34.700,6.05,-173.0,38.82,40.04,15.1,226.0,41.09491145873179,33.2763531496317,760.0,629.3112425977286,629.4923749021088,False,PGA,g,0.00045055336583827143,0.7347136108716102,0.0
C201003080232A,2010-03-08 02:32:34.700,6.05,-173.0,38.82,40.04,15.1,227.0,40.95549475971331,33.847635325026566,760.0,579.0601230542694,579.256968979766,False,PGA,g,0.0005170747100442594,0.7347136108716102,0.0
C201003080232A,2010-03-08 02:32:34.700,6.05,-173.0,38.82,40.04,15.1,228.0,40.81281371072964,34.41669605582694,760.0,528.7951624033407,529.0107123501143,False,PGA,g,0.0006008998813516797,0.7347136108716102,0.0
C201003080232A,2010-03-08 02:32:34.700,6.05,-173.0,38.82,40.04,15.1,229.0,40.66688833779436,34.98350642177497,760.0,478.5215530677469,478.7597380214511,False,PGA,g,0.000708878813184449,0.7347136108716102,0.0
C201003080232A,2010-03-08 02:32:34.700,6.05,-173.0,38.82,40.04,15.1,230.0,40.51773884143387,35.548039083457624,760.0,428.24734374964765,428.5134740339315,False,PGA,g,0.0008517174442232569,0.7347136108716102,0.0
C201003080232A,2010-03-08 02:32:34.700,6.05,-173.0,38.82,40.04,15.1,231.0,40.3653855791167,36.110268275942175,760.0,377.98534341703686,378.28683540151815,False,PGA,g,0.0010469595886695932,0.7347136108716102,0.0
C201003080232A,2010-03-08 02:32:34.700,6.05,-173.0,38.82,40.04,15.1,232.0,40.20984904786767,36.67016980061532,760.0,327.75677354353525,328.104423322314,False,PGA,g,0.0013250866487984328,0.7347136108716102,0.0
C201003080232A,2010-03-08 02:32:34.700,6.05,-173.0,38.82,40.04,15.1,233.0,40.05114986708789,37.227721015306265,760.0,277.59886896379004,278.0092481374953,False,PGA,g,0.0017431315701414963,0.7347136108716102,0.0
C201003080232A,2010-03-08 02:32:34.700,6.05,-173.0,38.82,40.04,15.1,234.0,39.88930876159981,37.782900822775545,760.0,227.58245847893136,228.08284768328048,False,PGA,g,0.002418637363863548,0.7347136108716102,0.0
C201003080232A,2010-03-08 02:32:34.700,6.05,-173.0,38.82,40.04,15.1,235.0,39.72434654493565,38.33568965765315,760.0,177.85886013549325,178.49869503359665,True,PGA,g,0.0036276664246331063,0.7347136108716102,0.0
C201003080232A,2010-03-08 02:32:34.700,6.05,-173.0,38.82,40.04,15.1,236.0,39.55628410288591,38.88606947191002,760.0,128.81322649568378,129.69524787064609,True,PGA,g,0.0061486189695916325,0.7347136108716102,0.0
C201003080232A,2010-03-08 02:32:34.700,6.05,-173.0,38.82,40.04,15.1,237.0,39.38514237732356,39.43402371894801,760.0,81.75020053261953,83.13305772749796,True,PGA,g,0.012791911181295705,0.7347136108716102,0.0
C201003080232A,2010-03-08 02:32:34.700,6.05,-173.0,38.82,40.04,15.1,238.0,39.210942350318334,39.97953733639344,760.0,43.783595075786714,46.31428718830135,True,PGA,g,0.03321110503478785,0.7347136108716102,0.0
C201003080232A,2010-03-08 02:32:34.700,6.05,-173.0,38.82,40.04,15.1,239.0,39.03370502855385,40.522596727679726,760.0,48.035870641162724,50.3533004703219,True,PGA,g,0.029011090393263893,0.7347136108716102,0.0
C201003080232A,2010-03-08 02:32:34.700,6.05,-173.0,38.82,40.04,15.1,240.0,38.85345142805938,41.063189742503695,760.0,88.69998122968335,89.9760894357283,True,PGA,g,0.01123229742796855,0.7347136108716102,0.0
C201003080232A,2010-03-08 02:32:34.700,6.05,-173.0,38.82,40.04,15.1,241.0,38.67020255926717,41.60130565624036,760.0,136.42357407678213,137.2566995227674,True,PGA,g,0.005599519250811041,0.7347136108716102,0.0
C201003080232A,2010-03-08 02:32:34.700,6.05,-173.0,38.82,40.04,15.1,242.0,38.48397941240376,42.136935148399466,760.0,185.8833592898555,186.4956655284018,True,PGA,g,0.0033741097915131646,0.7347136108716102,0.0
C201003080232A,2010-03-08 02:32:34.700,6.05,-173.0,38.82,40.04,15.1,243.0,38.29480294322424,42.67007028020628,760.0,236.02086881683957,236.50340487412817,False,PGA,g,0.0022778405772905367,0.7347136108716102,0.0
C201003080232A,2010-03-08 02:32:34.700,6.05,-173.0,38.82,40.04,15.1,244.0,38.10269405909594,43.20070447138824,760.0,286.5064598937165,286.9040981945531,False,PGA,g,0.0016546078692171746,0.7347136108716102,0.0
C201003080232A,2010-03-08 02:32:34.700,6.05,-173.0,38.82,40.04,15.1,245.0,37.90767360543753,43.728832476246495,760.0,337.2064926105673,337.5444099058975,False,PGA,g,0.0012643102541238563,0.7347136108716102,0.0
C201003080232A,2010-03-08 02:32:34.700,6.05,-173.0,38.82,40.04,15.1,246.0,37.70976235251805,44.25445035909105,760.0,388.05716437369693,388.3508372873097,False,PGA,g,0.0010024271887912385,0.7347136108716102,0.0
C201003080232A,2010-03-08 02:32:34.700,6.05,-173.0,38.82,40.04,15.1,247.0,41.65979456066122,32.86785971045566,760.0,685.4750675710873,685.6413627120133,False,PGA,g,0.00039111355203581296,0.7347136108716102,0.0
C201003080232A,2010-03-08 02:32:34.700,6.05,-173.0,38.82,40.04,15.1,248.0,41.52255515900016,33.444797513838466,760.0,635.6055177937892,635.7848568894284,False,PGA,g,0.00044319358467421154,0.7347136108716102,0.0
C201003080232A,2010-03-08 02:32:34.700,6.05,-173.0,38.82,40.04,15.1,249.0,41.38201157695592,34.01948170678295,760.0,585.7797003490498,585.9742889760801,False,PGA,g,0.000507296881808697,0.7347136108716102,0.0
C201003080232A,2010-03-08 02:32:34.700,6.05,-173.0,38.82,40.04,15.1,250.0,41.238184225796175,34.59188130842567,760.0,536.0179971212551,536.2306436953056,False,PGA,g,0.0005875629999003397,0.7347136108716102,0.0
C201003080232A,2010-03-08 02:32:34.700,6.05,-173.0,38.82,40.04,15.1,251.0,41.09109371005216,35.16196698394322,760.0,486.3494765609625,486.5838297263096,False,PGA,g,0.0006901061892540949,0.7347136108716102,0.0
C201003080232A,2010-03-08 02:32:34.700,6.05,-173.0,38.82,40.04,15.1,252.0,40.9407608091312,35.729711038947386,760.0,436.81678948502156,437.0777019890189,False,PGA,g,0.0008242656178512189,0.7347136108716102,0.0
C201003080232A,2010-03-08 02:32:34.700,6.05,-173.0,38.82,40.04,15.1,253.0,40.78720645911132,36.29508741192155,760.0,387.48474443807766,387.77885085734414,False,PGA,g,0.0010048761585718675,0.7347136108716102,0.0
C201003080232A,2010-03-08 02:32:34.700,6.05,-173.0,38.82,40.04,15.1,254.0,40.63045173474038,36.85807166478312,760.0,338.4561829079816,338.79285374494117,False,PGA,g,0.0012566077612961226,0.7347136108716102,0.0
C201003080232A,2010-03-08 02:32:34.700,6.05,-173.0,38.82,40.04,15.1,255.0,40.47051783166179,37.41864097165869,760.0,289.903384517056,290.2963698609475,False,PGA,g,0.0016227317969028687,0.7347136108716102,0.0
C201003080232A,2010-03-08 02:32:34.700,6.05,-173.0,38.82,40.04,15.1,256.0,40.30742604888621,37.97677410596052,760.0,242.13536437189623,242.6057391726563,False,PGA,g,0.002183830586773176,0.7347136108716102,0.0
C201003080232A,2010-03-08 02:32:34.700,6.05,-173.0,38.82,40.04,15.1,257.0,40.14119777152859,38.5324514258542,760.0,195.7564874159157,196.33800540246293,True,PGA,g,0.0030990342630253555,0.7347136108716102,0.0
C201003080232A,2010-03-08 02:32:34.700,6.05,-173.0,38.82,40.04,15.1,258.0,39.97185445382736,39.08565485820786,760.0,152.08182149654692,152.82961241103624,True,PGA,g,0.004688803595160985,0.7347136108716102,0.0
C201003080232A,2010-03-08 02:32:34.700,6.05,-173.0,38.82,40.04,15.1,259.0,39.79941760246207,39.63636788111455,760.0,114.30859462698416,115.3016253380506,True,PGA,g,0.007465633481631146,0.7347136108716102,0.0
C201003080232A,2010-03-08 02:32:34.700,6.05,-173.0,38.82,40.04,15.1,260.0,39.62390876018369,40.18457550507881,760.0,90.25406361773132,91.50850233455628,True,PGA,g,0.010924580589217376,0.7347136108716102,0.0
C201003080232A,2010-03-08 02:32:34.700,6.05,-173.0,38.82,40.04,15.1,261.0,39.44534948977105,40.73026425295892,760.0,91.5410447229914,92.77808399065327,True,PGA,g,0.010679725673097927,0.7347136108716102,0.0
C201003080232A,2010-03-08 02:32:34.700,6.05,-173.0,38.82,40.04,15.1,262.0,39.263761358325205,41.27342213875534,760.0,117.3950873050856,118.36222591421922,True,PGA,g,0.007149927606359201,0.7347136108716102,0.0
C201003080232A,2010-03-08 02:32:34.700,6.05,-173.0,38.82,40.04,15.1,263.0,39.07916592191211,41.81403864533565,760.0,156.0928388821762,156.8215047443973,True,PGA,g,0.004493249256736487,0.7347136108716102,0.0
C201003080232A,2010-03-08 02:32:34.700,6.05,-173.0,38.82,40.04,15.1,264.0,38.891584710563,42.35210470118456,760.0,200.3594623927636,200.927659047522,False,PGA,g,0.002982845101511799,0.7347136108716102,0.0
C201003080232A,2010-03-08 02:32:34.700,6.05,-173.0,38.82,40.04,15.1,265.0,38.70103921364054,42.887612656266974,760.0,247.25063907480882,247.71130075735618,False,PGA,g,0.002109862358113719,0.7347136108716102,0.0
C201003080232A,2010-03-08 02:32:34.700,6.05,-173.0,38.82,40.04,15.1,266.0,38.5075508655773,43.420556257090176,760.0,295.544800473041,295.93029430365794,False,PGA,g,0.0015719225108881197,0.7347136108716102,0.0
C201003080232A,2010-03-08 02:32:34.700,6.05,-173.0,38.82,40.04,15.1,267.0,38.31114103199241,43.9509306210494,760.0,344.67483406370854,345.00543653230307,False,PGA,g,0.0012193734704844328,0.7347136108716102,0.0
C201003080232A,2010-03-08 02:32:34.700,6.05,-173.0,38.82,40.04,15.1,268.0,41.949571640011015,33.61645171466469,760.0,645.555375511631,645.7319512398027,False,PGA,g,0.00043194608677874435,0.7347136108716102,0.0
C201003080232A,2010-03-08 02:32:34.700,6.05,-173.0,38.82,40.04,15.1,269.0,41.80788002812139,34.194586415748496,760.0,596.4508830461668,596.6419913872575,False,PGA,g,0.0004923664717744661,0.7347136108716102,0.0
C201003080232A,2010-03-08 02:32:34.700,6.05,-173.0,38.82,40.04,15.1,270.0,41.662885026533125,34.77037131351163,760.0,547.5380091955459,547.7461834771848,False,PGA,g,0.0005672513058109699,0.7347136108716102,0.0
C201003080232A,2010-03-08 02:32:34.700,6.05,-173.0,38.82,40.04,15.1,271.0,41.51460783665575,35.34377666794147,760.0,498.8822600762517,499.110728615193,False,PGA,g,0.0006616652143778869,0.7347136108716102,0.0
C201003080232A,2010-03-08 02:32:34.700,6.05,-173.0,38.82,40.04,15.1,272.0,41.36306983487982,35.91477444162001,760.0,450.5774600962206,450.83040885321975,False,PGA,g,0.0007830540354884911,0.7347136108716102,0.0
C201003080232A,2010-03-08 02:32:34.700,6.05,-173.0,38.82,40.04,15.1,273.0,41.20829255371199,36.48333829085251,760.0,402.76211959189936,403.0450780969288,False,PGA,g,0.0009426509256974198,0.7347136108716102,0.0
C201003080232A,2010-03-08 02:32:34.700,6.05,-173.0,38.82,40.04,15.1,274.0,41.05029766313624,37.04944355484163,760.0,355.6480632703887,355.96847459849363,False,PGA,g,0.001157839083376816,0.7347136108716102,0.0
C201003080232A,2010-03-08 02:32:34.700,6.05,-173.0,38.82,40.04,15.1,275.0,40.88910695222355,37.61306724300135,760.0,309.57273415440943,309.94078100798004,False,PGA,g,0.001456069310617325,0.7347136108716102,0.0
C201003080232A,2010-03-08 02:32:34.700,6.05,-173.0,38.82,40.04,15.1,276.0,40.72474231101067,38.17418802050582,760.0,265.09897065185436,265.52866933849674,False,PGA,g,0.0018807895316134721,0.7347136108716102,0.0
C201003080232A,2010-03-08 02:32:34.700,6.05,-173.0,38.82,40.04,15.1,277.0,40.55722571266727,38.732786192170245,760.0,223.21160123568987,223.72176676890567,False,PGA,g,0.0024971272939454973,0.7347136108716102,0.0
C201003080232A,2010-03-08 02:32:34.700,6.05,-173.0,38.82,40.04,15.1,278.0,40.38657919596919,39.288843684761055,760.0,185.70092460553968,186.31383040277052,True,PGA,g,0.0033795561867300044,0.7347136108716102,0.0
C201003080232A,2010-03-08 02:32:34.700,6.05,-173.0,38.82,40.04,15.1,279.0,40.21282484809435,39.8423440278335,760.0,155.80044904940206,156.53047602302667,True,PGA,g,0.004507060982266413,0.7347136108716102,0.0
C201003080232A,2010-03-08 02:32:34.700,6.05,-173.0,38.82,40.04,15.1,280.0,40.03598478775554,40.39327233319441,760.0,138.57386141803008,139.39413570270236,True,PGA,g,0.005458451415421552,0.7347136108716102,0.0
C201003080232A,2010-03-08 02:32:34.700,6.05,-173.0,38.82,40.04,15.1,281.0,39.85608114868425,40.94161527308801,760.0,138.8685834747376,139.68712709580709,True,PGA,g,0.005439558472018417,0.7347136108716102,0.0
C201003080232A,2010-03-08 02:32:34.700,6.05,-173.0,38.82,40.04,15.1,282.0,39.67313606347664,41.48736105720132,760.0,156.62797247612536,157.3541602944831,True,PGA,g,0.004468145353044508,0.7347136108716102,0.0
C201003080232A,2010-03-08 02:32:34.700,6.05,-173.0,38.82,40.04,15.1,283.0,39.48717164781292,42.03049940858551,760.0,186.97556666349664,187.58430779021916,True,PGA,g,0.003341794603968617,0.7347136108716102,0.0
C201003080232A,2010-03-08 02:32:34.700,6.05,-173.0,38.82,40.04,15.1,284.0,39.29820998505886,42.57102153858751,760.0,224.90250892088247,225.40884747255956,False,PGA,g,0.002466285671632058,0.7347136108716102,0.0
C201003080232A,2010-03-08 02:32:34.700,6.05,-173.0,38.82,40.04,15.1,285.0,39.106273111257465,43.108920120885394,760.0,267.2275938010769,267.65387516102464,False,PGA,g,0.0018561419720400302,0.7347136108716102,0.0
C201003080232A,2010-03-08 02:32:34.700,6.05,-173.0,38.82,40.04,15.1,286.0,38.91138300051731,43.64418926471844,760.0,312.1907327661099,312.5556968366448,False,PGA,g,0.0014359622490170152,0.7347136108716102,0.0
C201003080232A,2010-03-08 02:32:34.700,6.05,-173.0,38.82,40.04,15.1,287.0,38.71356155080296,44.17682448740173,760.0,358.82279483528134,359.1403738002766,False,PGA,g,0.0011409605906325215,0.7347136108716102,0.0
C201003080232A,2010-03-08 02:32:34.700,6.05,-173.0,38.82,40.04,15.1,288.0,40.972420283171616,38.93677722780187,760.0,257.1718285331222,257.6147499485804,False,PGA,g,0.001977353676160378,0.7347136108716102,0.0
C201003080232A,2010-03-08 02:32:34.700,6.05,-173.0,38.82,40.04,15.1,289.0,40.80044778902895,39.49571909858484,760.0,225.06847645855834,225.5744424693911,False,PGA,g,0.0024632913564364574,0.7347136108716102,0.0
C201003080232A,2010-03-08 02:32:34.700,6.05,-173.0,38.82,40.04,15.1,290.0,40.62535312599842,40.05203511772502,760.0,200.74902384362318,201.31612099920758,False,PGA,g,0.002973332389565899,0.7347136108716102,0.0
C201003080232A,2010-03-08 02:32:34.700,6.05,-173.0,38.82,40.04,15.1,291.0,40.44715900445944,40.60571052901054,760.0,187.3041568613316,187.91183352182566,True,PGA,g,0.0033321693446231623,0.7347136108716102,0.0
C201003080232A,2010-03-08 02:32:34.700,6.05,-173.0,38.82,40.04,15.1,292.0,40.26588814434975,41.15673218632065,760.0,187.12744341071607,187.73569207114224,True,PGA,g,0.003337340222333437,0.7347136108716102,0.0
C201003080232A,2010-03-08 02:32:34.700,6.05,-173.0,38.82,40.04,15.1,293.0,40.08156325855301,41.70508852872559,760.0,200.287024431717,200.85542600515228,False,PGA,g,0.002984619333909357,0.7347136108716102,0.0
C201003080232A,2010-03-08 02:32:34.700,6.05,-173.0,38.82,40.04,15.1,294.0,39.894207036685685,42.25076955448307,760.0,224.47962494928385,224.98691521368778,False,PGA,g,0.002473941549827758,0.7347136108716102,0.0
C201003080232A,2010-03-08 02:32:34.700,6.05,-173.0,38.82,40.04,15.1,295.0,39.70384212929231,42.79376679403261,760.0,256.6307232810403,257.07457698448104,False,PGA,g,0.001984233371444261,0.7347136108716102,0.0
C201003080232A,2010-03-08 02:32:34.700,6.05,-173.0,38.82,40.04,15.1,296.0,39.51049113245673,43.33407328208632,760.0,294.16660773203046,294.5539052611088,False,PGA,g,0.0015840976089549679,0.7347136108716102,0.0
C201003080232A,2010-03-08 02:32:34.700,6.05,-173.0,38.82,40.04,15.1,297.0,39.31417657283573,43.87168352891327,760.0,335.30572330904363,335.6455542440581,False,PGA,g,0.0012761716050997398,0.7347136108716102,0.0
C201003080232A,2010-03-08 02:32:34.700,6.05,-173.0,38.82,40.04,15.1,298.0,40.85741936414967,40.82197523280503,760.0,236.18124747376805,236.6634565332495,False,PGA,g,0.0022752925665239293,0.7347136108716102,0.0
C201003080232A,2010-03-08 02:32:34.700,6.05,-173.0,38.82,40.04,15.1,299.0,40.67475798937051,41.37569978034522,760.0,235.7365676757422,236.21968448785083,False,PGA,g,0.002282368642405398,0.7347136108716102,0.0
C201003080232A,2010-03-08 02:32:34.700,6.05,-173.0,38.82,40.04,15.1,300.0,40.48903002379566,41.926688929415135,760.0,246.01764468201836,246.4806107889378,False,PGA,g,0.002127320986062369,0.7347136108716102,0.0
C201003080232A,2010-03-08 02:32:34.700,6.05,-173.0,38.82,40.04,15.1,301.0,40.30025874564381,42.47493299098696,760.0,265.80828337756157,266.2368372560906,False,PGA,g,0.0018725183849895753,0.7347136108716102,0.0
C201003080232A,2010-03-08 02:32:34.700,6.05,-173.0,38.82,40.04,15.1,302.0,40.10846738679795,43.02042385331604,760.0,293.2129267147608,293.6014822725452,False,PGA,g,0.0015926112133359226,0.7347136108716102,0.0
C201003080232A,2010-03-08 02:32:34.700,6.05,-173.0,38.82,40.04,15.1,303.0,39.91367911703061,43.56315495196356,760.0,326.3409582277893,326.69011466071595,False,PGA,g,0.0013345953490197667,0.7347136108716102,0.0
C201003080232A,2010-03-08 02:32:34.700,6.05,-173.0,38.82,40.04,15.1,304.0,39.71591702867863,44.10312123901409,760.0,363.651842487366,363.9652078763245,False,PGA,g,0.001116032208979989,0.7347136108716102,0.0
C201003080232A,2010-03-08 02:32:34.700,6.05,-173.0,38.82,40.04,15.1,305.0,41.08267754767554,41.598605305389576,760.0,284.5088933478102,284.9093195983516,False,PGA,g,0.0016738237141012454,0.7347136108716102,0.0
C201003080232A,2010-03-08 02:32:34.700,6.05,-173.0,38.82,40.04,15.1,306.0,40.89552278239917,42.15224905047704,760.0,292.8435704765019,293.2326154598528,False,PGA,g,0.001595928198945404,0.7347136108716102,0.0
C201003080232A,2010-03-08 02:32:34.700,6.05,-173.0,38.82,40.04,15.1,307.0,40.70531276695041,42.70307599224188,760.0,309.42582578717156,309.7940471733972,False,PGA,g,0.0014572109621973763,0.7347136108716102,0.0
C201003080232A,2010-03-08 02:32:34.700,6.05,-173.0,38.82,40.04,15.1,308.0,40.51207132902601,43.2510784181305,760.0,333.04692974377866,333.3890631255882,False,PGA,g,0.0012905005969532403,0.7347136108716102,0.0
C201003080232A,2010-03-08 02:32:34.700,6.05,-173.0,38.82,40.04,15.1,309.0,41.30102727729793,42.38185817002582,760.0,340.3070487425191,340.6418902951357,False,PGA,g,0.0012453372575888615,0.7347136108716102,0.0
C201003080232A,2010-03-08 02:32:34.700,6.05,-173.0,38.82,40.04,15.1,310.0,41.10935440482272,42.935287266968686,760.0,354.4826573010496,354.8041210685318,False,PGA,g,0.001164135579239673,0.7347136108716102,0.0
C201003080232A,2010-03-08 02:32:34.700,6.05,-173.0,38.82,40.04,15.1,311.0,40.91463883219449,43.48581857106326,760.0,375.09276888541723,375.39658398835894,False,PGA,g,0.0010603371815712164,0.7347136108716102,0.0
C201109220322A,2011-09-22 03:22:36.100,5.56,-5.0,39.68,38.6,16.1,1.0,36.72096108226829,27.69836368910688,760.0,1007.0316895370186,1007.1603813354565,False,PGA,g,7.716279235688413e-05,0.7347136108716102,0.0
C201109220322A,2011-09-22 03:22:36.100,5.56,-5.0,39.68,38.6,16.1,2.0,36.39455464027055,29.327564169136853,760.0,889.8606290899857,890.0062635759509,False,PGA,g,9.616076083641916e-05,0.7347136108716102,0.0
C201109220322A,2011-09-22 03:22:36.100,5.56,-5.0,39.68,38.6,16.1,3.0,36.27950272914779,29.867739251599968,760.0,853.129060283154,853.2809639852617,False,PGA,g,0.00010365047260126914,0.7347136108716102,0.0
C201109220322A,2011-09-22 03:22:36.100,5.56,-5.0,39.68,38.6,16.1,4.0,37.16167480728152,27.812520356913147,760.0,979.8888572321706,980.0211133071416,False,PGA,g,8.100712937116182e-05,0.7347136108716102,0.0
C201109220322A,2011-09-22 03:22:36.100,5.56,-5.0,39.68,38.6,16.1,5.0,37.05523302606474,28.36015699826684,760.0,938.5773798404709,938.7154563275304,False,PGA,g,8.746007190016069e-05,0.7347136108716102,0.0
C201109220322A,2011-09-22 03:22:36.100,5.56,-5.0,39.68,38.6,16.1,6.0,36.94562940880127,28.90634871473881,760.0,898.1604864451012,898.3047753470427,False,PGA,g,9.458534297125273e-05,0.7347136108716102,0.0
C201109220322A,2011-09-22 03:22:36.100,5.56,-5.0,39.68,38.6,16.1,7.0,36.8328772139447,29.45106411136452,760.0,858.7686256172409,858.9195319379603,False,PGA,g,0.00010244248946067421,0.7347136108716102,0.0
C201109220322A,2011-09-22 03:22:36.100,5.56,-5.0,39.68,38.6,16.1,8.0,36.71698994271946,29.994272814771403,760.0,820.553970552754,820.7119035263773,False,PGA,g,0.00011108444366748374,0.7347136108716102,0.0
C201109220322A,2011-09-22 03:22:36.100,5.56,-5.0,39.68,38.6,16.1,9.0,36.59798132724053,30.535945483414405,760.0,783.6937212333523,783.8590808943782,False,PGA,g,0.0001205496718694015,0.7347136108716102,0.0
C201109220322A,2011-09-22 03:22:36.100,5.56,-5.0,39.68,38.6,16.1,10.0,36.0910154761869,32.68672555867665,760.0,654.3926653531455,654.5906892616132,False,PGA,g,0.00016613766407386042,0.7347136108716102,0.0
C201109220322A,2011-09-22 03:22:36.100,5.56,-5.0,39.68,38.6,16.1,11.0,37.70594421844185,27.37647198696236,760.0,997.7673618573099,997.897248411727,False,PGA,g,7.844230356181867e-05,0.7347136108716102,0.0
C201109220322A,2011-09-22 03:22:36.100,5.56,-5.0,39.68,38.6,16.1,12.0,37.60190569498504,27.928765973795198,760.0,954.5337848413863,954.6695535124296,False,PGA,g,8.487555679622316e-05,0.7347136108716102,0.0
C201109220322A,2011-09-22 03:22:36.100,5.56,-5.0,39.68,38.6,16.1,13.0,37.49467199987921,28.479607457505445,760.0,911.9975748579902,912.1396749110606,False,PGA,g,9.204700277864638e-05,0.7347136108716102,0.0
C201109220322A,2011-09-22 03:22:36.100,5.56,-5.0,39.68,38.6,16.1,14.0,37.384256519078185,29.028963277033085,760.0,870.2648650135621,870.4137781980899,False,PGA,g,0.00010004708875898662,0.7347136108716102,0.0
C201109220322A,2011-09-22 03:22:36.100,5.56,-5.0,39.68,38.6,16.1,15.0,37.27067289867793,29.5768013203776,760.0,829.461212391367,829.617449709055,False,PGA,g,0.00010897096815960318,0.7347136108716102,0.0
C201109220322A,2011-09-22 03:22:36.100,5.56,-5.0,39.68,38.6,16.1,16.0,37.15393503266164,30.12309053619455,760.0,789.7353389409277,789.8994338345495,False,PGA,g,0.00011891383597814389,0.7347136108716102,0.0
C201109220322A,2011-09-22 03:22:36.100,5.56,-5.0,39.68,38.6,16.1,17.0,37.03405705056574,30.66780094401345,760.0,751.2634145047197,751.4359107557278,False,PGA,g,0.00012996275142851868,0.7347136108716102,0.0
C201109220322A,2011-09-22 03:22:36.100,5.56,-5.0,39.68,38.6,16.1,18.0,36.91105330508504,31.21090364309496,760.0,714.2537821459243,714.4352142145274,False,PGA,g,0.00014218330796421068,0.7347136108716102,0.0
C201109220322A,2011-09-22 03:22:36.100,5.56,-5.0,39.68,38.6,16.1,19.0,36.78493835963457,31.75237081994863,760.0,678.9518583731975,679.1427213689465,False,PGA,g,0.00015559917933526642,0.7347136108716102,0.0
C201109220322A,2011-09-22 03:22:36.100,5.56,-5.0,39.68,38.6,16.1,20.0,36.65572697588564,32.292175754535066,760.0,645.644665555323,645.8453717106323,False,PGA,g,0.00017016262899081932,0.7347136108716102,0.0
C201109220322A,2011-09-22 03:22:36.100,5.56,-5.0,39.68,38.6,16.1,21.0,36.52343410129269,32.830292825178866,760.0,614.6640402702368,614.8748591391026,False,PGA,g,0.00018571511752083126,0.7347136108716102,0.0
C201109220322A,2011-09-22 03:22:36.100,5.56,-5.0,39.68,38.6,16.1,22.0,36.38807485662762,33.36669751222091,760.0,586.3870091493588,586.6079904835343,False,PGA,g,0.00020194011478626042,0.7347136108716102,0.0
C201109220322A,2011-09-22 03:22:36.100,5.56,-5.0,39.68,38.6,16.1,23.0,38.34642733343527,26.37603488009032,760.0,1065.6354245892273,1065.7570399201982,False,PGA,g,6.977408608770116e-05,0.7347136108716102,0.0
C201109220322A,2011-09-22 03:22:36.100,5.56,-5.0,39.68,38.6,16.1,24.0,38.24807464160599,26.93450807089659,760.0,1020.3153196534254,1020.4423362049771,False,PGA,g,7.538424302073772e-05,0.7347136108716102,0.0
C201109220322A,2011-09-22 03:22:36.100,5.56,-5.0,39.68,38.6,16.1,25.0,38.14647942535193,27.491558562072004,760.0,975.4498607091724,975.5827185623697,False,PGA,g,8.166425633988391e-05,0.7347136108716102,0.0
C201109220322A,2011-09-22 03:22:36.100,5.56,-5.0,39.68,38.6,16.1,26.0,38.041654895825566,28.04715028256068,760.0,931.1080159458902,931.2471999199204,False,PGA,g,8.87123811364909e-05,0.7347136108716102,0.0
C201109220322A,2011-09-22 03:22:36.100,5.56,-5.0,39.68,38.6,16.1,27.0,37.93361455511884,28.601248223537706,760.0,887.371879284963,887.517922154661,False,PGA,g,9.664115142753007e-05,0.7347136108716102,0.0
C201109220322A,2011-09-22 03:22:36.100,5.56,-5.0,39.68,38.6,16.1,28.0,37.82237218374227,29.15381845299078,760.0,844.3395627740505,844.4930474938647,False,PGA,g,0.00010557801882193777,0.7347136108716102,0.0
C201109220322A,2011-09-22 03:22:36.100,5.56,-5.0,39.68,38.6,16.1,29.0,37.70794182798869,29.70482812881885,760.0,802.1287541823533,802.2903142168265,False,PGA,g,0.00011566477070997217,0.7347136108716102,0.0
C201109220322A,2011-09-22 03:22:36.100,5.56,-5.0,39.68,38.6,16.1,30.0,37.59033778720124,30.25424551046159,760.0,760.8810592905587,761.0513756554959,False,PGA,g,0.00012705467397081674,0.7347136108716102,0.0
C201109220322A,2011-09-22 03:22:36.100,5.56,-5.0,39.68,38.6,16.1,31.0,37.46957460096505,30.802039969076837,760.0,720.7672305556285,720.9470234648525,False,PGA,g,0.0001399056601779022,0.7347136108716102,0.0
C201109220322A,2011-09-22 03:22:36.100,5.56,-5.0,39.68,38.6,16.1,32.0,37.34566703624191,31.34818199628632,760.0,681.9933213761974,682.1833334241884,False,PGA,g,0.0001543669853021719,0.7347136108716102,0.0
C201109220322A,2011-09-22 03:22:36.100,5.56,-5.0,39.68,38.6,16.1,33.0,37.21863007446594,31.89264321151313,760.0,644.8076595097743,645.0086261147777,False,PGA,g,0.00017055570205714652,0.7347136108716102,0.0
C201109220322A,2011-09-22 03:22:36.100,5.56,-5.0,39.68,38.6,16.1,34.0,37.08847889861916,32.43539636793712,760.0,609.5082445286397,609.7208460831761,False,PGA,g,0.00018851825778901465,0.7347136108716102,0.0
C201109220322A,2011-09-22 03:22:36.100,5.56,-5.0,39.68,38.6,16.1,35.0,36.95522888030389,32.976415357097224,760.0,576.4496621408753,576.6744514735582,False,PGA,g,0.0002081723954267554,0.7347136108716102,0.0
C201109220322A,2011-09-22 03:22:36.100,5.56,-5.0,39.68,38.6,16.1,36.0,36.81889556682967,33.51567521217214,760.0,546.047793204411,546.2850926607894,False,PGA,g,0.0002292270747554258,0.7347136108716102,0.0
C201109220322A,2011-09-22 03:22:36.100,5.56,-5.0,39.68,38.6,16.1,37.0,36.67949466833073,34.05315210997315,760.0,518.7794699556653,519.0292366018325,False,PGA,g,0.0002510863376411981,0.7347136108716102,0.0
C201109220322A,2011-09-22 03:22:36.100,5.56,-5.0,39.68,38.6,16.1,38.0,36.09153440869359,36.18479369961207,760.0,451.77260073510485,452.05939076072787,False,PGA,g,0.0003210634927383739,0.7347136108716102,0.0
C201109220322A,2011-09-22 03:22:36.100,5.56,-5.0,39.68,38.6,16.1,39.0,38.68892326225698,27.04833743448202,760.0,1000.99997387189,1001.1294410272452,False,PGA,g,7.799210314360577e-05,0.7347136108716102,0.0
C201109220322A,2011-09-22 03:22:36.100,5.56,-5.0,39.68,38.6,16.1,40.0,38.58654862739613,27.60878134728513,760.0,955.1594710215372,955.2951507686736,False,PGA,g,8.477665084229914e-05,0.7347136108716102,0.0
C201109220322A,2011-09-22 03:22:36.100,5.56,-5.0,39.68,38.6,16.1,41.0,38.48092332630997,28.16772469576237,760.0,909.75614744114,909.8985975409266,False,PGA,g,9.245090956446076e-05,0.7347136108716102,0.0
C201109220322A,2011-09-22 03:22:36.100,5.56,-5.0,39.68,38.6,16.1,42.0,38.37206126242352,28.725131642390245,760.0,864.8625400477567,865.0123832511633,False,PGA,g,0.00010116172086054822,0.7347136108716102,0.0
C201109220322A,2011-09-22 03:22:36.100,5.56,-5.0,39.68,38.6,16.1,43.0,38.25997662378592,29.28096746915477,760.0,820.5664016202559,820.7243322017539,False,PGA,g,0.000111081449595788,0.7347136108716102,0.0
C201109220322A,2011-09-22 03:22:36.100,5.56,-5.0,39.68,38.6,16.1,44.0,38.14468386993303,29.83519859074117,760.0,776.9744641900548,777.1412535719763,False,PGA,g,0.0001224106252065348,0.7347136108716102,0.0
C201109220322A,2011-09-22 03:22:36.100,5.56,-5.0,39.68,38.6,16.1,45.0,38.02619771865637,30.387792566174863,760.0,734.2172058368782,734.3937059554042,False,PGA,g,0.00013537898048779438,0.7347136108716102,0.0
C201109220322A,2011-09-22 03:22:36.100,5.56,-5.0,39.68,38.6,16.1,46.0,37.90453313269919,30.93871810893301,760.0,692.4548545398425,692.6419966878954,False,PGA,g,0.00015024294313642757,0.7347136108716102,0.0
C201109220322A,2011-09-22 03:22:36.100,5.56,-5.0,39.68,38.6,16.1,47.0,37.77970530639941,31.48794509554942,760.0,651.8848615013768,652.0836469768808,False,PGA,g,0.00016727618178791236,0.7347136108716102,0.0
C201109220322A,2011-09-22 03:22:36.100,5.56,-5.0,39.68,38.6,16.1,48.0,37.65172965229903,32.03544457273861,760.0,612.7510040015816,612.9624808297375,False,PGA,g,0.0001867475708271187,0.7347136108716102,0.0
C201109220322A,2011-09-22 03:22:36.100,5.56,-5.0,39.68,38.6,16.1,49.0,37.52062178773912,32.581188763067985,760.0,575.35405410292,575.579271319482,False,PGA,g,0.00020887785511476093,0.7347136108716102,0.0
C201109220322A,2011-09-22 03:22:36.100,5.56,-5.0,39.68,38.6,16.1,50.0,37.38639752145882,33.125151069209814,760.0,540.0634365482405,540.3033643207262,False,PGA,g,0.0002337629511669041,0.7347136108716102,0.0
C201109220322A,2011-09-22 03:22:36.100,5.56,-5.0,39.68,38.6,16.1,51.0,37.24907284021617,33.66730607680735,760.0,507.32829201244084,507.5836934696193,False,PGA,g,0.0002612505524208331,0.7347136108716102,0.0
C201109220322A,2011-09-22 03:22:36.100,5.56,-5.0,39.68,38.6,16.1,52.0,37.108663895448274,34.20762955599211,760.0,477.6846356624662,477.95587782554054,False,PGA,g,0.00029076344179985097,0.7347136108716102,0.0
C201109220322A,2011-09-22 03:22:36.100,5.56,-5.0,39.68,38.6,16.1,53.0,36.96518698998718,34.74609846159084,760.0,451.75281953782485,452.0396221133437,False,PGA,g,0.00032108847889723217,0.7347136108716102,0.0
C201109220322A,2011-09-22 03:22:36.100,5.56,-5.0,39.68,38.6,16.1,54.0,36.81865856484759,35.28269093206378,760.0,430.21693395506384,430.5180835478293,False,PGA,g,0.00035020579635452917,0.7347136108716102,0.0
C201109220322A,2011-09-22 03:22:36.100,5.56,-5.0,39.68,38.6,16.1,55.0,36.51651353185552,36.3501650247302,760.0,403.07189545333995,403.3933104357932,False,PGA,g,0.0003932010555948469,0.7347136108716102,0.0
C201109220322A,2011-09-22 03:22:36.100,5.56,-5.0,39.68,38.6,16.1,56.0,39.12932169354253,27.16429886150565,760.0,983.7749201199692,983.9066538331022,False,PGA,g,8.043860877714865e-05,0.7347136108716102,0.0
C201109220322A,2011-09-22 03:22:36.100,5.56,-5.0,39.68,38.6,16.1,57.0,39.02615285189753,27.728192482780084,760.0,937.0237380725536,937.1620434649823,False,PGA,g,8.77182712236516e-05,0.7347136108716102,0.0
C201109220322A,2011-09-22 03:22:36.100,5.56,-5.0,39.68,38.6,16.1,58.0,38.91971166128295,28.290542362066432,760.0,890.6229779848561,890.7684878320592,False,PGA,g,9.601435435560296e-05,0.7347136108716102,0.0
C201109220322A,2011-09-22 03:22:36.100,5.56,-5.0,39.68,38.6,16.1,59.0,38.810012439872,28.851311815912176,760.0,844.6341558839172,844.7875870807627,False,PGA,g,0.0001055125104789011,0.7347136108716102,0.0
C201109220322A,2011-09-22 03:22:36.100,5.56,-5.0,39.68,38.6,16.1,60.0,38.69706979675155,29.41046532512941,760.0,799.1325832801879,799.2947489256178,False,PGA,g,0.00011643743189697184,0.7347136108716102,0.0
C201109220322A,2011-09-22 03:22:36.100,5.56,-5.0,39.68,38.6,16.1,61.0,38.580898618260015,29.96796854805596,760.0,754.211118702864,754.3829409358523,False,PGA,g,0.00012906050211678504,0.7347136108716102,0.0
C201109220322A,2011-09-22 03:22:36.100,5.56,-5.0,39.68,38.6,16.1,62.0,38.46151405423436,30.52378833218374,760.0,709.9850825535042,710.1676051809926,False,PGA,g,0.00014370757273719794,0.7347136108716102,0.0
C201109220322A,2011-09-22 03:22:36.100,5.56,-5.0,39.68,38.6,16.1,63.0,38.33893150418781,31.07789272417605,760.0,666.5987045071652,666.7931034816054,False,PGA,g,0.00016076520593189312,0.7347136108716102,0.0
C201109220322A,2011-09-22 03:22:36.100,5.56,-5.0,39.68,38.6,16.1,64.0,38.21316660343932,31.63025097829894,760.0,624.2335595516182,624.441147643622,False,PGA,g,0.00018068183628106553,0.7347136108716102,0.0
C201109220322A,2011-09-22 03:22:36.100,5.56,-5.0,39.68,38.6,16.1,65.0,38.08423520921518,32.180833563295366,760.0,583.1195079735671,583.3417271028493,False,PGA,g,0.0002039568376039996,0.7347136108716102,0.0
C201109220322A,2011-09-22 03:22:36.100,5.56,-5.0,39.68,38.6,16.1,66.0,37.95215338674287,32.729612167733904,760.0,543.5486083065235,543.78699836605,False,PGA,g,0.00023110449170577087,0.7347136108716102,0.0
C201109220322A,2011-09-22 03:22:36.100,5.56,-5.0,39.68,38.6,16.1,67.0,37.816937395356426,33.27655970386688,760.0,505.8921493042776,506.1482754368541,False,PGA,g,0.0002625705184671335,0.7347136108716102,0.0
C201109220322A,2011-09-22 03:22:36.100,5.56,-5.0,39.68,38.6,16.1,68.0,37.67860367463222,33.821650310035366,760.0,470.62001102061987,470.89532252194687,False,PGA,g,0.00029856702358753716,0.7347136108716102,0.0
C201109220322A,2011-09-22 03:22:36.100,5.56,-5.0,39.68,38.6,16.1,69.0,37.53716883057294,34.36485935166117,760.0,438.31944897242954,438.6150354781449,False,PGA,g,0.0003387845870440091,0.7347136108716102,0.0
C201109220322A,2011-09-22 03:22:36.100,5.56,-5.0,39.68,38.6,16.1,70.0,37.39264962185748,34.90616342086814,760.0,409.70639716093564,410.0226114186806,False,PGA,g,0.0003819602128554759,0.7347136108716102,0.0
C201109220322A,2011-09-22 03:22:36.100,5.56,-5.0,39.68,38.6,16.1,71.0,37.24506294617298,35.445540334777355,760.0,385.61635424365693,385.9523061987964,False,PGA,g,0.0004253726297698736,0.7347136108716102,0.0
C201109220322A,2011-09-22 03:22:36.100,5.56,-5.0,39.68,38.6,16.1,72.0,37.09442582664533,35.982969132522314,760.0,366.956174603577,367.3091941126588,False,PGA,g,0.00046454485470639285,0.7347136108716102,0.0
C201109220322A,2011-09-22 03:22:36.100,5.56,-5.0,39.68,38.6,16.1,73.0,36.94075539838291,36.51843007103232,760.0,354.6001464706002,354.9654544839133,False,PGA,g,0.0004936755686767523,0.7347136108716102,0.0
C201109220322A,2011-09-22 03:22:36.100,5.56,-5.0,39.68,38.6,16.1,74.0,36.78406889514814,37.05190461963332,760.0,349.23486162805676,349.60577594823565,False,PGA,g,0.0005072214896977932,0.7347136108716102,0.0
C201109220322A,2011-09-22 03:22:36.100,5.56,-5.0,39.68,38.6,16.1,75.0,39.66994047687324,26.71349486296508,760.0,1016.5554837661226,1016.6829700427639,False,PGA,g,7.588110063963484e-05,0.7347136108716102,0.0
C201109220322A,2011-09-22 03:22:36.100,5.56,-5.0,39.68,38.6,16.1,76.0,39.569271083172126,27.282445186661697,760.0,968.7478166850813,968.8815935562569,False,PGA,g,8.267228425233872e-05,0.7347136108716102,0.0
C201109220322A,2011-09-22 03:22:36.100,5.56,-5.0,39.68,38.6,16.1,77.0,39.46529288763372,27.849845891918065,760.0,921.1658774251732,921.3065633829433,False,PGA,g,9.042321566224458e-05,0.7347136108716102,0.0
C201109220322A,2011-09-22 03:22:36.100,5.56,-5.0,39.68,38.6,16.1,78.0,39.3580203257534,28.41565823577763,760.0,873.849975121405,873.9982774695154,False,PGA,g,9.931794156279178e-05,0.7347136108716102,0.0
C201109220322A,2011-09-22 03:22:36.100,5.56,-5.0,39.68,38.6,16.1,79.0,39.24746814441138,28.979844671420302,760.0,826.849617364161,827.0063480622499,False,PGA,g,0.00010958408691453148,0.7347136108716102,0.0
C201109220322A,2011-09-22 03:22:36.100,5.56,-5.0,39.68,38.6,16.1,80.0,39.13365138777182,29.5423688632149,760.0,780.2261131935561,780.3922076168648,False,PGA,g,0.00012150449466745138,0.7347136108716102,0.0
C201109220322A,2011-09-22 03:22:36.100,5.56,-5.0,39.68,38.6,16.1,81.0,39.01658538307148,30.103195700029477,760.0,734.0560585816252,734.2325974378897,False,PGA,g,0.00013543185521948763,0.7347136108716102,0.0
C201109220322A,2011-09-22 03:22:36.100,5.56,-5.0,39.68,38.6,16.1,82.0,38.89628572632051,30.66229130681988,760.0,688.4360440666918,688.6242783769652,False,PGA,g,0.0001518066187500374,0.7347136108716102,0.0
C201109220322A,2011-09-22 03:22:36.100,5.56,-5.0,39.68,38.6,16.1,83.0,38.772768267938105,31.21962305452092,760.0,643.4890614049303,643.690439689606,False,PGA,g,0.00017117782180774678,0.7347136108716102,0.0
C201109220322A,2011-09-22 03:22:36.100,5.56,-5.0,39.68,38.6,16.1,84.0,38.64604909834551,31.77515956826793,760.0,599.373271001849,599.5894662112202,False,PGA,g,0.00019422475378103775,0.7347136108716102,0.0
C201109220322A,2011-09-22 03:22:36.100,5.56,-5.0,39.68,38.6,16.1,85.0,38.51614453353741,32.32887073398079,760.0,556.2940235573174,556.52695410518,False,PGA,g,0.00022177345414893553,0.7347136108716102,0.0
C201109220322A,2011-09-22 03:22:36.100,5.56,-5.0,39.68,38.6,16.1,86.0,38.38307110065308,32.88072770334502,760.0,514.5202723273718,514.7721055339274,False,PGA,g,0.0002547935790792307,0.7347136108716102,0.0
C201109220322A,2011-09-22 03:22:36.100,5.56,-5.0,39.68,38.6,16.1,87.0,38.24684552356719,33.43070289722835,760.0,474.4066349911629,474.67975027763555,False,PGA,g,0.0002943442301130471,0.7347136108716102,0.0
C201109220322A,2011-09-22 03:22:36.100,5.56,-5.0,39.68,38.6,16.1,88.0,38.107484708520346,33.97877000757363,760.0,436.4219995166876,436.718870284012,False,PGA,g,0.00034140653846548194,0.7347136108716102,0.0
C201109220322A,2011-09-22 03:22:36.100,5.56,-5.0,39.68,38.6,16.1,89.0,37.96500572980777,34.52490399781175,760.0,401.18384695191264,401.506773361466,False,PGA,g,0.00039649450341878686,0.7347136108716102,0.0
C201109220322A,2011-09-22 03:22:36.100,5.56,-5.0,39.68,38.6,16.1,90.0,37.81942581554456,35.06908110184059,760.0,369.492655300432,369.8432537183338,False,PGA,g,0.000458896711722754,0.7347136108716102,0.0
C201109220322A,2011-09-22 03:22:36.100,5.56,-5.0,39.68,38.6,16.1,91.0,37.67076233352466,35.611278821618285,760.0,342.3503684288461,342.7287334954084,False,PGA,g,0.0005254706149818445,0.7347136108716102,0.0
C201109220322A,2011-09-22 03:22:36.100,5.56,-5.0,39.68,38.6,16.1,92.0,37.51903277719032,36.15147592342068,760.0,320.93035280453284,321.33394055288016,False,PGA,g,0.0005893213544329084,0.7347136108716102,0.0
C201109220322A,2011-09-22 03:22:36.100,5.56,-5.0,39.68,38.6,16.1,93.0,37.36425475172738,36.68965243281496,760.0,306.4534255143561,306.87605317046655,False,PGA,g,0.0006396177535914772,0.7347136108716102,0.0
C201109220322A,2011-09-22 03:22:36.100,5.56,-5.0,39.68,38.6,16.1,94.0,37.20644596030164,37.22578962840265,760.0,299.94618687867256,300.3779702692186,False,PGA,g,0.0006644394173256739,0.7347136108716102,0.0
C201109220322A,2011-09-22 03:22:36.100,5.56,-5.0,39.68,38.6,16.1,95.0,37.04562419045001,37.75987003438628,760.0,301.9443997768936,302.3733297707133,False,PGA,g,0.0006566596552687087,0.7347136108716102,0.0
C201109220322A,2011-09-22 03:22:36.100,5.56,-5.0,39.68,38.6,16.1,96.0,36.71501320700875,38.821796749967135,760.0,330.2608078269572,330.65300722436257,False,PGA,g,0.0005600974563483164,0.7347136108716102,0.0
C201109220322A,2011-09-22 03:22:36.100,5.56,-5.0,39.68,38.6,16.1,97.0,40.11024381602152,26.830269986054727,760.0,1004.4928782284055,1004.6218952479516,False,PGA,g,7.75101715651271e-05,0.7347136108716102,0.0
C201109220322A,2011-09-22 03:22:36.100,5.56,-5.0,39.68,38.6,16.1,98.0,40.00877234376844,27.40283107497407,760.0,956.0185733876697,956.154131226862,False,PGA,g,8.464114033885449e-05,0.7347136108716102,0.0
C201109220322A,2011-09-22 03:22:36.100,5.56,-5.0,39.68,38.6,16.1,99.0,39.903969276608166,27.973797353865372,760.0,907.7013360542036,907.8441085751376,False,PGA,g,9.282362502351931e-05,0.7347136108716102,0.0
C201109220322A,2011-09-22 03:22:36.100,5.56,-5.0,39.68,38.6,16.1,100.0,39.795849486245295,28.543129149689825,760.0,859.5711384941214,859.721903950388,False,PGA,g,0.0001022723805826424,0.7347136108716102,0.0
C201109220322A,2011-09-22 03:22:36.100,5.56,-5.0,39.68,38.6,16.1,101.0,39.68442816279457,29.11078803463584,760.0,811.6651538107562,811.8248160229142,False,PGA,g,0.00011325805723781372,0.7347136108716102,0.0
C201109220322A,2011-09-22 03:22:36.100,5.56,-5.0,39.68,38.6,16.1,102.0,39.569720800102296,29.676736841292104,760.0,764.0299235398238,764.1995381209472,False,PGA,g,0.0001261245927232394,0.7347136108716102,0.0
C201109220322A,2011-09-22 03:22:36.100,5.56,-5.0,39.68,38.6,16.1,103.0,39.45174318095948,30.24093967598165,760.0,716.7243262934753,716.9051331249038,False,PGA,g,0.00014131262862607103,0.7347136108716102,0.0
C201109220322A,2011-09-22 03:22:36.100,5.56,-5.0,39.68,38.6,16.1,104.0,39.33051136223099,30.80336193028008,760.0,669.8236969155316,670.0171601903864,False,PGA,g,0.00015939097873023561,0.7347136108716102,0.0
C201109220322A,2011-09-22 03:22:36.100,5.56,-5.0,39.68,38.6,16.1,105.0,39.2060416599246,31.36397029074492,760.0,623.4256180346055,623.6334750651458,False,PGA,g,0.000181098510993867,0.7347136108716102,0.0
C201109220322A,2011-09-22 03:22:36.100,5.56,-5.0,39.68,38.6,16.1,106.0,39.078350634223085,31.92273274688748,760.0,577.6581684405924,577.8824876790608,False,PGA,g,0.0002073985461688882,0.7347136108716102,0.0
C201109220322A,2011-09-22 03:22:36.100,5.56,-5.0,39.68,38.6,16.1,107.0,38.94745507450225,32.479618597422046,760.0,532.6918078211195,532.9350543168769,False,PGA,g,0.00023954573258612113,0.7347136108716102,0.0
C201109220322A,2011-09-22 03:22:36.100,5.56,-5.0,39.68,38.6,16.1,108.0,38.81337198435645,33.034598454831034,760.0,488.75665198284406,489.02175294916987,False,PGA,g,0.00027915807048146675,0.7347136108716102,0.0
C201109220322A,2011-09-22 03:22:36.100,5.56,-5.0,39.68,38.6,16.1,109.0,38.67611856665329,33.587644248287745,760.0,446.16765933927564,446.45804981015624,False,PGA,g,0.00032826656941185194,0.7347136108716102,0.0
C201109220322A,2011-09-22 03:22:36.100,5.56,-5.0,39.68,38.6,16.1,110.0,38.53571220863781,34.13872922498166,760.0,405.3610488990644,405.6806502220061,False,PGA,g,0.0003892648626576192,0.7347136108716102,0.0
C201109220322A,2011-09-22 03:22:36.100,5.56,-5.0,39.68,38.6,16.1,111.0,38.392170467105785,34.687827949893595,760.0,366.94536080247707,367.298390704969,False,PGA,g,0.00046456916630861013,0.7347136108716102,0.0
C201109220322A,2011-09-22 03:22:36.100,5.56,-5.0,39.68,38.6,16.1,112.0,38.24551105366531,35.234916304070964,760.0,331.7675882588173,332.1580085126236,False,PGA,g,0.0005555904710017562,0.7347136108716102,0.0
C201109220322A,2011-09-22 03:22:36.100,5.56,-5.0,39.68,38.6,16.1,113.0,38.09575182010447,35.779971481455135,760.0,300.98280900417654,301.4131074058403,False,PGA,g,0.000660385636552061,0.7347136108716102,0.0
C201109220322A,2011-09-22 03:22:36.100,5.56,-5.0,39.68,38.6,16.1,114.0,37.94291074388236,36.32297198431528,760.0,276.08439311939,276.5534344825641,False,PGA,g,0.0007696523626554636,0.7347136108716102,0.0
C201109220322A,2011-09-22 03:22:36.100,5.56,-5.0,39.68,38.6,16.1,115.0,37.787005913759856,36.86389761734446,760.0,258.7988945616156,259.29920521728224,False,PGA,g,0.0008630901978135323,0.7347136108716102,0.0
C201109220322A,2011-09-22 03:22:36.100,5.56,-5.0,39.68,38.6,16.1,116.0,37.628055515585366,37.40272948047536,760.0,250.72927464975558,251.2456550199278,False,PGA,g,0.0009129055071814151,0.7347136108716102,0.0
C201109220322A,2011-09-22 03:22:36.100,5.56,-5.0,39.68,38.6,16.1,117.0,37.46607781825019,37.93944996047414,760.0,252.78363942365178,253.2958317072486,False,PGA,g,0.000899806014434764,0.7347136108716102,0.0
C201109220322A,2011-09-22 03:22:36.100,5.56,-5.0,39.68,38.6,16.1,118.0,37.30109115982695,38.4740427213721,760.0,264.7499248825578,265.23901056466036,False,PGA,g,0.0008290143029885208,0.7347136108716102,0.0
C201109220322A,2011-09-22 03:22:36.100,5.56,-5.0,39.68,38.6,16.1,119.0,37.13311393390367,39.006492693795046,760.0,285.406514343556,285.86026031916094,False,PGA,g,0.0007256476143643975,0.7347136108716102,0.0
C201109220322A,2011-09-22 03:22:36.100,5.56,-5.0,39.68,38.6,16.1,120.0,36.96216457612552,39.5367860632515,760.0,313.05889919392314,313.4726213954114,False,PGA,g,0.000615869835395389,0.7347136108716102,0.0
C201109220322A,2011-09-22 03:22:36.100,5.56,-5.0,39.68,38.6,16.1,121.0,40.64903459878373,26.371447394800388,760.0,1043.833724790357,1043.9578799021112,False,PGA,g,7.238844931021762e-05,0.7347136108716102,0.0
C201109220322A,2011-09-22 03:22:36.100,5.56,-5.0,39.68,38.6,16.1,122.0,40.3421823053369,28.100104579748663,760.0,896.7341027831737,896.878621160268,False,PGA,g,9.485320783420034e-05,0.7347136108716102,0.0
C201109220322A,2011-09-22 03:22:36.100,5.56,-5.0,39.68,38.6,16.1,123.0,40.23319904164602,28.67301389143944,760.0,847.908430500394,848.0612693158681,False,PGA,g,0.00010478866641705853,0.7347136108716102,0.0
C201109220322A,2011-09-22 03:22:36.100,5.56,-5.0,39.68,38.6,16.1,124.0,40.120892001998726,29.244201706086056,760.0,799.2246679684351,799.3868149333309,False,PGA,g,0.00011641356491750734,0.7347136108716102,0.0
C201109220322A,2011-09-22 03:22:36.100,5.56,-5.0,39.68,38.6,16.1,125.0,40.00527714511901,29.813630009126157,760.0,750.7148582023456,750.8874804694561,False,PGA,g,0.00013013174339987081,0.7347136108716102,0.0
C201109220322A,2011-09-22 03:22:36.100,5.56,-5.0,39.68,38.6,16.1,126.0,39.88637072459324,30.381262111349876,760.0,702.4200244040272,702.6045122853641,False,PGA,g,0.0001464723296054481,0.7347136108716102,0.0
C201109220322A,2011-09-22 03:22:36.100,5.56,-5.0,39.68,38.6,16.1,127.0,39.76418927340092,30.94706266031314,760.0,654.3933753807942,654.5913990744676,False,PGA,g,0.0001661373434434437,0.7347136108716102,0.0
C201109220322A,2011-09-22 03:22:36.100,5.56,-5.0,39.68,38.6,16.1,128.0,39.638749588390894,31.51099764986585,760.0,606.7049401927284,606.9185237363101,False,PGA,g,0.00019007020222060436,0.7347136108716102,0.0
C201109220322A,2011-09-22 03:22:36.100,5.56,-5.0,39.68,38.6,16.1,129.0,39.510068714727474,32.073034427829406,760.0,559.4484000302523,559.6800177748078,False,PGA,g,0.00021955480277880806,0.7347136108716102,0.0
C201109220322A,2011-09-22 03:22:36.100,5.56,-5.0,39.68,38.6,16.1,130.0,39.37816393033035,32.63314170186223,760.0,512.7513644202803,513.0040659827748,False,PGA,g,0.0002563584204407962,0.7347136108716102,0.0
C201109220322A,2011-09-22 03:22:36.100,5.56,-5.0,39.68,38.6,16.1,131.0,39.24305273033106,33.1912895435556,760.0,466.79114673319333,467.0687151463793,False,PGA,g,0.00030293387043957705,0.7347136108716102,0.0
C201109220322A,2011-09-22 03:22:36.100,5.56,-5.0,39.68,38.6,16.1,132.0,39.10475281156865,33.747449390805635,760.0,421.81945103480905,422.1265915235709,False,PGA,g,0.0003626897592219165,0.7347136108716102,0.0
C201109220322A,2011-09-22 03:22:36.100,5.56,-5.0,39.68,38.6,16.1,133.0,38.96328205714568,34.30159404851024,760.0,378.20158981121756,378.5441223103754,False,PGA,g,0.0004402975622244065,0.7347136108716102,0.0
C201109220322A,2011-09-22 03:22:36.100,5.56,-5.0,39.68,38.6,16.1,134.0,38.81865852106536,34.85369768764283,760.0,336.4790828841218,336.8640426322461,False,PGA,g,0.0005418568587035929,0.7347136108716102,0.0
C201109220322A,2011-09-22 03:22:36.100,5.56,-5.0,39.68,38.6,16.1,135.0,38.67090041296952,35.40373584275705,760.0,297.4676869364857,297.90306270890045,False,PGA,g,0.0006742906078349851,0.7347136108716102,0.0
C201109220322A,2011-09-22 03:22:36.100,5.56,-5.0,39.68,38.6,16.1,136.0,38.52002608299594,35.951685407979305,760.0,262.39959679380115,262.8930550576592,False,PGA,g,0.0008422174597248819,0.7347136108716102,0.0
C201109220322A,2011-09-22 03:22:36.100,5.56,-5.0,39.68,38.6,16.1,137.0,38.36605400677348,36.49752463154753,760.0,233.08510509640215,233.64048497167786,False,PGA,g,0.0010387998265568032,0.7347136108716102,0.0
C201109220322A,2011-09-22 03:22:36.100,5.56,-5.0,39.68,38.6,16.1,138.0,38.20900277057115,37.04123310895654,760.0,211.9520571875331,212.56266028168562,False,PGA,g,0.0012289604180752763,0.7347136108716102,0.0
C201109220322A,2011-09-22 03:22:36.100,5.56,-5.0,39.68,38.6,16.1,139.0,38.0488910566178,37.58279177477196,760.0,201.61906476884144,202.26086442577633,False,PGA,g,0.001342429311539308,0.7347136108716102,0.0
C201109220322A,2011-09-22 03:22:36.100,5.56,-5.0,39.68,38.6,16.1,140.0,37.88573762860676,38.122182893175335,760.0,203.76564822491704,204.40070791589895,False,PGA,g,0.0013175494405665807,0.7347136108716102,0.0
C201109220322A,2011-09-22 03:22:36.100,5.56,-5.0,39.68,38.6,16.1,141.0,37.71956131739987,38.65939004730469,760.0,218.05203642726266,218.64560500974238,False,PGA,g,0.0011688331857867202,0.7347136108716102,0.0
C201109220322A,2011-09-22 03:22:36.100,5.56,-5.0,39.68,38.6,16.1,142.0,37.55038100694362,39.194398127454846,760.0,242.36713679168042,242.90129476105542,False,PGA,g,0.0009694203513290991,0.7347136108716102,0.0
C201109220322A,2011-09-22 03:22:36.100,5.56,-5.0,39.68,38.6,16.1,143.0,37.3782156204095,39.72719331820265,760.0,274.0785928628491,274.5510609443705,False,PGA,g,0.0007796649427537685,0.7347136108716102,0.0
C201109220322A,2011-09-22 03:22:36.100,5.56,-5.0,39.68,38.6,16.1,144.0,37.20308410656944,40.2577630845222,760.0,310.9534459487977,311.3699657119033,False,PGA,g,0.0006232879001001199,0.7347136108716102,0.0
C201109220322A,2011-09-22 03:22:36.100,5.56,-5.0,39.68,38.6,16.1,145.0,41.08928448177223,26.488968088567013,760.0,1036.812917789892,1036.9379135203753,False,PGA,g,7.326301748715518e-05,0.7347136108716102,0.0
C201109220322A,2011-09-22 03:22:36.100,5.56,-5.0,39.68,38.6,16.1,146.0,40.98955554528828,27.070582434207815,760.0,987.2864253001001,987.4176905351909,False,PGA,g,7.99302253757436e-05,0.7347136108716102,0.0
C201109220322A,2011-09-22 03:22:36.100,5.56,-5.0,39.68,38.6,16.1,147.0,40.556858879095685,29.380147541154155,760.0,789.6536918772948,789.8178037341534,False,PGA,g,0.00011893571129704717,0.7347136108716102,0.0
C201109220322A,2011-09-22 03:22:36.100,5.56,-5.0,39.68,38.6,16.1,148.0,40.44031923175131,29.953111188266483,760.0,740.4319130708991,740.6069321130011,False,PGA,g,0.0001333641795778987,0.7347136108716102,0.0
C201109220322A,2011-09-22 03:22:36.100,5.56,-5.0,39.68,38.6,16.1,149.0,40.32046641172607,30.5242267272893,760.0,691.3263227927933,691.5137703518315,False,PGA,g,0.00015067949402321925,0.7347136108716102,0.0
C201109220322A,2011-09-22 03:22:36.100,5.56,-5.0,39.68,38.6,16.1,150.0,40.19731744397758,31.09345805137606,760.0,642.3692735958412,642.571002816069,False,PGA,g,0.00017170892879062033,0.7347136108716102,0.0
C201109220322A,2011-09-22 03:22:36.100,5.56,-5.0,39.68,38.6,16.1,151.0,40.07088962204292,31.660770453715006,760.0,593.6039854030822,593.8222810626279,False,PGA,g,0.00019759455068469245,0.7347136108716102,0.0
C201109220322A,2011-09-22 03:22:36.100,5.56,-5.0,39.68,38.6,16.1,152.0,39.94120049187214,32.22613063486308,760.0,545.0892887083824,545.3270052588724,False,PGA,g,0.00022994429013724463,0.7347136108716102,0.0
C201109220322A,2011-09-22 03:22:36.100,5.56,-5.0,39.68,38.6,16.1,153.0,39.80826783566438,32.78950670817389,760.0,496.9070159119252,497.1677709410519,False,PGA,g,0.00027107034564547523,0.7347136108716102,0.0
C201109220322A,2011-09-22 03:22:36.100,5.56,-5.0,39.68,38.6,16.1,154.0,39.67210965573072,33.350868203365806,760.0,449.1738743006691,449.4623225079865,False,PGA,g,0.0003243721941319648,0.7347136108716102,0.0
C201109220322A,2011-09-22 03:22:36.100,5.56,-5.0,39.68,38.6,16.1,155.0,39.53274415840682,33.91018606828075,760.0,402.06116158755975,402.38338392276813,False,PGA,g,0.0003949588119134627,0.7347136108716102,0.0
C201109220322A,2011-09-22 03:22:36.100,5.56,-5.0,39.68,38.6,16.1,156.0,39.3901897380382,34.467432668886644,760.0,355.8286810652613,356.1927291069309,False,PGA,g,0.0004906532386906353,0.7347136108716102,0.0
C201109220322A,2011-09-22 03:22:36.100,5.56,-5.0,39.68,38.6,16.1,157.0,39.24446496105929,35.02258178758028,760.0,310.8851741504406,311.3017852607816,False,PGA,g,0.0006235307692158052,0.7347136108716102,0.0
C201109220322A,2011-09-22 03:22:36.100,5.56,-5.0,39.68,38.6,16.1,158.0,39.09558855018729,35.575608619849234,760.0,267.89917889572354,268.3825256103737,False,PGA,g,0.0008118227942676785,0.7347136108716102,0.0
C201109220322A,2011-09-22 03:22:36.100,5.56,-5.0,39.68,38.6,16.1,159.0,38.94357936874966,36.126489769354585,760.0,228.0037762954427,228.57150304660087,False,PGA,g,0.001080115856556301,0.7347136108716102,0.0
C201109220322A,2011-09-22 03:22:36.100,5.56,-5.0,39.68,38.6,16.1,160.0,38.78845640516469,36.67520324149756,760.0,193.15215254569085,193.82199058165156,True,PGA,g,0.0014480711691507743,0.7347136108716102,0.0
C201109220322A,2011-09-22 03:22:36.100,5.56,-5.0,39.68,38.6,16.1,161.0,38.63023875759182,37.22172843553528,760.0,166.57534826735116,167.35159590033592,True,PGA,g,0.0018797886927894737,0.7347136108716102,0.0
C201109220322A,2011-09-22 03:22:36.100,5.56,-5.0,39.68,38.6,16.1,162.0,38.46894561876885,37.76604613531235,760.0,152.69629201338213,153.54272237600864,True,PGA,g,0.002190466330572638,0.7347136108716102,0.0
C201109220322A,2011-09-22 03:22:36.100,5.56,-5.0,39.68,38.6,16.1,163.0,38.30459626105106,38.30813849867578,760.0,155.00395260835722,155.83784945966707,True,PGA,g,0.002133505041401904,0.7347136108716102,0.0
C201109220322A,2011-09-22 03:22:36.100,5.56,-5.0,39.68,38.6,16.1,164.0,38.13721002166683,38.84798904564202,760.0,172.88716734356197,173.63519986477627,True,PGA,g,0.001760637694549069,0.7347136108716102,0.0
C201109220322A,2011-09-22 03:22:36.100,5.56,-5.0,39.68,38.6,16.1,165.0,37.96680628820294,39.385582645385306,760.0,202.287444936646,202.92713071197895,False,PGA,g,0.0013346045744299872,0.7347136108716102,0.0
C201109220322A,2011-09-22 03:22:36.100,5.56,-5.0,39.68,38.6,16.1,166.0,37.7934044843319,39.92090550211677,760.0,239.01912339592542,239.56074667807457,False,PGA,g,0.0009935895740362393,0.7347136108716102,0.0
C201109220322A,2011-09-22 03:22:36.100,5.56,-5.0,39.68,38.6,16.1,167.0,37.61702405579266,40.45394513992413,760.0,280.23804921781647,280.70015003452943,False,PGA,g,0.0007495450560417342,0.7347136108716102,0.0
C201109220322A,2011-09-22 03:22:36.100,5.56,-5.0,39.68,38.6,16.1,168.0,37.43768445663451,40.98469038664149,760.0,324.25896706026566,324.65841698466784,False,PGA,g,0.0005786283960763373,0.7347136108716102,0.0
C201109220322A,2011-09-22 03:22:36.100,5.56,-5.0,39.68,38.6,16.1,169.0,37.25540513573389,41.51313135681831,760.0,370.1028029691618,370.4528239406878,False,PGA,g,0.00045755404199876605,0.7347136108716102,0.0
C201109220322A,2011-09-22 03:22:36.100,5.56,-5.0,39.68,38.6,16.1,170.0,41.52911975891151,26.60877510208489,760.0,1032.080263127175,1032.2058319621424,False,PGA,g,7.38619026865572e-05,0.7347136108716102,0.0
C201109220322A,2011-09-22 03:22:36.100,5.56,-5.0,39.68,38.6,16.1,171.0,41.42856530103737,27.19423644754487,760.0,982.2572819487543,982.3892191699554,False,PGA,g,8.065989145404508e-05,0.7347136108716102,0.0
C201109220322A,2011-09-22 03:22:36.100,5.56,-5.0,39.68,38.6,16.1,172.0,41.32459277417623,27.778001842368653,760.0,932.4385927281261,932.5775781182003,False,PGA,g,8.848725556750385e-05,0.7347136108716102,0.0
C201109220322A,2011-09-22 03:22:36.100,5.56,-5.0,39.68,38.6,16.1,173.0,41.21721809479402,28.360027310851105,760.0,882.628107295053,882.7749349563838,False,PGA,g,9.756725953123512e-05,0.7347136108716102,0.0
C201109220322A,2011-09-22 03:22:36.100,5.56,-5.0,39.68,38.6,16.1,174.0,41.1064575358912,28.94027026737205,760.0,832.8308744401406,832.9864797346529,False,PGA,g,0.00010818776040632128,0.7347136108716102,0.0
C201109220322A,2011-09-22 03:22:36.100,5.56,-5.0,39.68,38.6,16.1,175.0,40.99232771054403,29.51868953397133,760.0,783.053442002692,783.2189368447773,False,PGA,g,0.00012072509198717164,0.7347136108716102,0.0
C201109220322A,2011-09-22 03:22:36.100,5.56,-5.0,39.68,38.6,16.1,176.0,40.87484555531893,30.095245355730786,760.0,733.3043656597171,733.4810854382,False,PGA,g,0.0001356789230293477,0.7347136108716102,0.0
C201109220322A,2011-09-22 03:22:36.100,5.56,-5.0,39.68,38.6,16.1,177.0,40.75402831358981,30.66989941399068,760.0,683.5949383201613,683.7845053062734,False,PGA,g,0.00015372423210313822,0.7347136108716102,0.0
C201109220322A,2011-09-22 03:22:36.100,5.56,-5.0,39.68,38.6,16.1,178.0,40.62989351878622,31.24261483743329,760.0,633.9402595575658,634.1446701565139,False,PGA,g,0.0001757906688721612,0.7347136108716102,0.0
C201109220322A,2011-09-22 03:22:36.100,5.56,-5.0,39.68,38.6,16.1,179.0,40.50245897760074,31.81335621107146,760.0,584.3608439407336,584.5825911974513,False,PGA,g,0.00020318698846006998,0.7347136108716102,0.0
C201109220322A,2011-09-22 03:22:36.100,5.56,-5.0,39.68,38.6,16.1,180.0,40.37174275318224,32.38208958318474,760.0,534.8851106918893,535.1273602049092,False,PGA,g,0.00023780202891676675,0.7347136108716102,0.0
C201109220322A,2011-09-22 03:22:36.100,5.56,-5.0,39.68,38.6,16.1,181.0,40.23776314834132,32.948782470250165,760.0,485.553367214527,485.82021614313794,False,PGA,g,0.0002824402636707513,0.7347136108716102,0.0
C201109220322A,2011-09-22 03:22:36.100,5.56,-5.0,39.68,38.6,16.1,182.0,40.10053868879341,33.513403859918775,760.0,436.4244307656584,436.7212998802886,False,PGA,g,0.00034140315865139643,0.7347136108716102,0.0
C201109220322A,2011-09-22 03:22:36.100,5.56,-5.0,39.68,38.6,16.1,183.0,39.96008810646402,34.075924212092694,760.0,387.5871344281485,387.9213796302334,False,PGA,g,0.0004215383422817748,0.7347136108716102,0.0
C201109220322A,2011-09-22 03:22:36.100,5.56,-5.0,39.68,38.6,16.1,184.0,39.81643032287921,34.636315458161214,760.0,339.18138329947436,339.5632794884408,False,PGA,g,0.0005342173781925046,0.7347136108716102,0.0
C201109220322A,2011-09-22 03:22:36.100,5.56,-5.0,39.68,38.6,16.1,185.0,39.66958443266434,35.194550998457146,760.0,291.43909525118977,291.8834634590183,False,PGA,g,0.0006992258350663024,0.7347136108716102,0.0
C201109220322A,2011-09-22 03:22:36.100,5.56,-5.0,39.68,38.6,16.1,186.0,39.51956968717203,35.75060569799753,760.0,244.76958079553393,245.29850729839634,False,PGA,g,0.0009526370197388665,0.7347136108716102,0.0
C201109220322A,2011-09-22 03:22:36.100,5.56,-5.0,39.68,38.6,16.1,187.0,39.366405478259885,36.30445588057545,760.0,199.95183599424664,200.59896988137828,False,PGA,g,0.0013622619469937367,0.7347136108716102,0.0
C201109220322A,2011-09-22 03:22:36.100,5.56,-5.0,39.68,38.6,16.1,188.0,39.21011132223724,36.85607932127117,760.0,158.5982509653831,159.41334702363739,True,PGA,g,0.002049260632368189,0.7347136108716102,0.0
C201109220322A,2011-09-22 03:22:36.100,5.56,-5.0,39.68,38.6,16.1,189.0,39.050706843999045,37.4054552374532,760.0,124.26350443786944,125.30214896473404,True,PGA,g,0.0031419362884007045,0.7347136108716102,0.0
C201109220322A,2011-09-22 03:22:36.100,5.56,-5.0,39.68,38.6,16.1,190.0,38.88821176136395,37.95256427834092,760.0,104.19414071522215,105.43068319698736,True,PGA,g,0.004266910939240354,0.7347136108716102,0.0
C201109220322A,2011-09-22 03:22:36.100,5.56,-5.0,39.68,38.6,16.1,191.0,38.72264586963246,38.497388513201685,760.0,106.81961019781991,108.02610389537425,True,PGA,g,0.0040870143058905775,0.7347136108716102,0.0
C201109220322A,2011-09-22 03:22:36.100,5.56,-5.0,39.68,38.6,16.1,192.0,38.55402902637986,39.03991141825595,760.0,130.82757985040706,131.8145122872085,True,PGA,g,0.0028718514389385647,0.7347136108716102,0.0
C201109220322A,2011-09-22 03:22:36.100,5.56,-5.0,39.68,38.6,16.1,193.0,38.38238113649788,39.58011786236474,760.0,167.28865135573506,168.06160439678266,True,PGA,g,0.001865704125806401,0.7347136108716102,0.0
C201109220322A,2011-09-22 03:22:36.100,5.56,-5.0,39.68,38.6,16.1,194.0,38.20772213749719,40.11799409157385,760.0,209.83928774435424,210.45602077645083,False,PGA,g,0.0012509151076506705,0.7347136108716102,0.0
C201109220322A,2011-09-22 03:22:36.100,5.56,-5.0,39.68,38.6,16.1,195.0,38.0300719850824,40.65352771258926,760.0,255.480994388587,255.98778973572396,False,PGA,g,0.0008830465971113822,0.7347136108716102,0.0
C201109220322A,2011-09-22 03:22:36.100,5.56,-5.0,39.68,38.6,16.1,196.0,37.84945063900995,41.1867076752579,760.0,302.8423836870834,303.2700436199966,False,PGA,g,0.0006532096630308025,0.7347136108716102,0.0
C201109220322A,2011-09-22 03:22:36.100,5.56,-5.0,39.68,38.6,16.1,197.0,37.66587804923799,41.7175242541276,760.0,351.248949003631,351.6177387108839,False,PGA,g,0.0005020692183783659,0.7347136108716102,0.0
C201109220322A,2011-09-22 03:22:36.100,5.56,-5.0,39.68,38.6,16.1,198.0,37.47937414237634,42.24596902915907,760.0,400.34020042410737,400.66380679519136,False,PGA,g,0.00039798006853006225,0.7347136108716102,0.0
C201109220322A,2011-09-22 03:22:36.100,5.56,-5.0,39.68,38.6,16.1,199.0,41.86714480472202,27.320303598891837,760.0,979.6614944676312,979.7937812328432,False,PGA,g,8.10405860921944e-05,0.7347136108716102,0.0
C201109220322A,2011-09-22 03:22:36.100,5.56,-5.0,39.68,38.6,16.1,200.0,41.76230564320424,27.90793197350734,760.0,929.642516066489,929.7819194189743,False,PGA,g,8.896137160137655e-05,0.7347136108716102,0.0
C201109220322A,2011-09-22 03:22:36.100,5.56,-5.0,39.68,38.6,16.1,201.0,41.06191479063402,31.39460201858199,760.0,629.2460449448452,629.4519799625148,False,PGA,g,0.00017812990438310236,0.7347136108716102,0.0
C201109220322A,2011-09-22 03:22:36.100,5.56,-5.0,39.68,38.6,16.1,202.0,40.93345450667417,31.96882470353246,760.0,579.1550519182005,579.3787916056071,False,PGA,g,0.00020644624864542835,0.7347136108716102,0.0
C201109220322A,2011-09-22 03:22:36.100,5.56,-5.0,39.68,38.6,16.1,203.0,40.801691908159086,32.54098176438588,760.0,529.0706223772604,529.3155329882751,False,PGA,g,0.00024246863391456702,0.7347136108716102,0.0
C201109220322A,2011-09-22 03:22:36.100,5.56,-5.0,39.68,38.6,16.1,204.0,40.666645835463534,33.11104011893139,760.0,479.00353173714177,479.2740274797446,False,PGA,g,0.00028934187155059773,0.7347136108716102,0.0
C201109220322A,2011-09-22 03:22:36.100,5.56,-5.0,39.68,38.6,16.1,205.0,40.52833535453819,33.67896821343401,760.0,428.96999558252287,429.27201994780614,False,PGA,g,0.0003520167609756808,0.7347136108716102,0.0
C201109220322A,2011-09-22 03:22:36.100,5.56,-5.0,39.68,38.6,16.1,206.0,40.38677973958139,34.24473602295546,760.0,378.99525446008084,379.337070299307,False,PGA,g,0.0004386612660419937,0.7347136108716102,0.0
C201109220322A,2011-09-22 03:22:36.100,5.56,-5.0,39.68,38.6,16.1,207.0,40.24199845581047,34.80831504974517,760.0,329.1203991817091,329.5139559374194,False,PGA,g,0.0005635466169378265,0.7347136108716102,0.0
C201109220322A,2011-09-22 03:22:36.100,5.56,-5.0,39.68,38.6,16.1,208.0,40.09401114235636,35.36967831976815,760.0,279.4164223225511,279.8798797047302,False,PGA,g,0.0007534569554385383,0.7347136108716102,0.0
C201109220322A,2011-09-22 03:22:36.100,5.56,-5.0,39.68,38.6,16.1,209.0,39.94283759530382,35.928800377439245,760.0,230.01618111280652,230.5789530154897,False,PGA,g,0.0010634519079646232,0.7347136108716102,0.0
C201109220322A,2011-09-22 03:22:36.100,5.56,-5.0,39.68,38.6,16.1,210.0,39.78849775089813,36.48565727863619,760.0,181.1973080389981,181.91117184103777,True,PGA,g,0.0016208377258396507,0.7347136108716102,0.0
C201109220322A,2011-09-22 03:22:36.100,5.56,-5.0,39.68,38.6,16.1,211.0,39.63101166893865,37.04022658206525,760.0,133.63935559133174,134.6056735909241,True,PGA,g,0.0027670366311868355,0.7347136108716102,0.0
C201109220322A,2011-09-22 03:22:36.100,5.56,-5.0,39.68,38.6,16.1,212.0,39.47039951637768,37.59248733905582,760.0,89.44122786364433,90.8787282137924,True,PGA,g,0.005549573290192862,0.7347136108716102,0.0
C201109220322A,2011-09-22 03:22:36.100,5.56,-5.0,39.68,38.6,16.1,213.0,39.30668155114245,38.14242008186092,760.0,57.138949493095446,59.363874108539385,True,PGA,g,0.011747779046303452,0.7347136108716102,0.0
C201109220322A,2011-09-22 03:22:36.100,5.56,-5.0,39.68,38.6,16.1,214.0,39.13987810619656,38.69000681054206,760.0,60.55463492183058,62.65838978553617,True,PGA,g,0.010686231833834355,0.7347136108716102,0.0
C201109220322A,2011-09-22 03:22:36.100,5.56,-5.0,39.68,38.6,16.1,215.0,38.97000957385584,39.23523097851778,760.0,96.01113062612983,97.35166770070128,True,PGA,g,0.00491368598441606,0.7347136108716102,0.0
C201109220322A,2011-09-22 03:22:36.100,5.56,-5.0,39.68,38.6,16.1,216.0,38.79709639037304,39.77807747685498,760.0,141.17881668236168,142.09387136619188,True,PGA,g,0.002513543112749957,0.7347136108716102,0.0
C201109220322A,2011-09-22 03:22:36.100,5.56,-5.0,39.68,38.6,16.1,217.0,38.62115902080354,40.3185326173833,760.0,189.26171509169401,189.94527316953577,True,PGA,g,0.001501014203720983,0.7347136108716102,0.0
C201109220322A,2011-09-22 03:22:36.100,5.56,-5.0,39.68,38.6,16.1,218.0,38.44221794416428,40.8565841147114,760.0,238.53158638055632,239.0743141812286,False,PGA,g,0.0009971873512295778,0.7347136108716102,0.0
C201109220322A,2011-09-22 03:22:36.100,5.56,-5.0,39.68,38.6,16.1,219.0,38.26029363889579,41.3922210672249,760.0,288.40489800207166,288.8539340074588,False,PGA,g,0.000712324097727905,0.7347136108716102,0.0
C201109220322A,2011-09-22 03:22:36.100,5.56,-5.0,39.68,38.6,16.1,220.0,38.07540656863709,41.92543393714404,760.0,338.63633438635765,339.01884455975164,False,PGA,g,0.0005357446622677156,0.7347136108716102,0.0
C201109220322A,2011-09-22 03:22:36.100,5.56,-5.0,39.68,38.6,16.1,221.0,37.88757716832112,42.45621452971892,760.0,389.1062047390391,389.439146165892,False,PGA,g,0.00041861956615781113,0.7347136108716102,0.0
C201109220322A,2011-09-22 03:22:36.100,5.56,-5.0,39.68,38.6,16.1,222.0,37.6968258305983,42.98455597163872,760.0,439.74968773734446,440.04431352432215,False,PGA,g,0.000336828953852275,0.7347136108716102,0.0
C201109220322A,2011-09-22 03:22:36.100,5.56,-5.0,39.68,38.6,16.1,223.0,37.503172892593774,43.5104526887302,760.0,490.5289183115963,490.79306199247026,False,PGA,g,0.0002773676582597822,0.7347136108716102,0.0
C201109220322A,2011-09-22 03:22:36.100,5.56,-5.0,39.68,38.6,16.1,224.0,41.36387268192554,32.12724807530359,760.0,578.0907404397657,578.3148918903927,False,PGA,g,0.00020712264611587506,0.7347136108716102,0.0
C201109220322A,2011-09-22 03:22:36.100,5.56,-5.0,39.68,38.6,16.1,225.0,41.23104397401816,32.70288003523498,760.0,527.7854909967715,528.0309976759918,False,PGA,g,0.00024351935300945615,0.7347136108716102,0.0
C201109220322A,2011-09-22 03:22:36.100,5.56,-5.0,39.68,38.6,16.1,226.0,41.09491145873179,33.2763531496317,760.0,477.4492328791567,477.72060870020584,False,PGA,g,0.000291018316887011,0.7347136108716102,0.0
C201109220322A,2011-09-22 03:22:36.100,5.56,-5.0,39.68,38.6,16.1,227.0,40.95549475971331,33.847635325026566,760.0,427.0811770243789,427.3845361831999,False,PGA,g,0.00035478792025271097,0.7347136108716102,0.0
C201109220322A,2011-09-22 03:22:36.100,5.56,-5.0,39.68,38.6,16.1,228.0,40.81281371072964,34.41669605582694,760.0,376.68057565473754,377.0244900209858,False,PGA,g,0.0004434601724909761,0.7347136108716102,0.0
C201109220322A,2011-09-22 03:22:36.100,5.56,-5.0,39.68,38.6,16.1,229.0,40.66688833779436,34.98350642177497,760.0,326.2467575799461,326.6437766611024,False,PGA,g,0.0005723863841983473,0.7347136108716102,0.0
C201109220322A,2011-09-22 03:22:36.100,5.56,-5.0,39.68,38.6,16.1,230.0,40.51773884143387,35.548039083457624,760.0,275.77920250069735,276.2487620459513,False,PGA,g,0.0007711628408746565,0.7347136108716102,0.0
C201109220322A,2011-09-22 03:22:36.100,5.56,-5.0,39.68,38.6,16.1,231.0,40.3653855791167,36.110268275942175,760.0,225.277715636356,225.8522950123263,False,PGA,g,0.0011033466032167353,0.7347136108716102,0.0
C201109220322A,2011-09-22 03:22:36.100,5.56,-5.0,39.68,38.6,16.1,232.0,40.20984904786767,36.67016980061532,760.0,174.74290609346906,175.48302832465293,True,PGA,g,0.0017278330979649276,0.7347136108716102,0.0
C201109220322A,2011-09-22 03:22:36.100,5.56,-5.0,39.68,38.6,16.1,233.0,40.05114986708789,37.227721015306265,760.0,124.1778358025784,125.21719093084671,True,PGA,g,0.0031457182566406628,0.7347136108716102,0.0
C201109220322A,2011-09-22 03:22:36.100,5.56,-5.0,39.68,38.6,16.1,234.0,39.88930876159981,37.782900822775545,760.0,73.59647592435034,75.33691836333286,True,PGA,g,0.00772787727393306,0.7347136108716102,0.0
C201109220322A,2011-09-22 03:22:36.100,5.56,-5.0,39.68,38.6,16.1,235.0,39.72434654493565,38.33568965765315,760.0,23.143372238411807,28.192652918192895,True,PGA,g,0.04219634112761865,0.7347136108716102,0.0
C201109220322A,2011-09-22 03:22:36.100,5.56,-5.0,39.68,38.6,16.1,236.0,39.55628410288591,38.88606947191002,760.0,28.100733848380138,32.38612732046697,True,PGA,g,0.03344375862785299,0.7347136108716102,0.0
C201109220322A,2011-09-22 03:22:36.100,5.56,-5.0,39.68,38.6,16.1,237.0,39.38514237732356,39.43402371894801,760.0,78.6824276001685,80.31272883581877,True,PGA,g,0.006903569209847316,0.7347136108716102,0.0
C201109220322A,2011-09-22 03:22:36.100,5.56,-5.0,39.68,38.6,16.1,238.0,39.210942350318334,39.97953733639344,760.0,129.4302850834224,130.42779112127903,True,PGA,g,0.002926247180834539,0.7347136108716102,0.0
C201109220322A,2011-09-22 03:22:36.100,5.56,-5.0,39.68,38.6,16.1,239.0,39.03370502855385,40.522596727679726,760.0,180.24047406299508,180.95811253009134,True,PGA,g,0.001636037862724547,0.7347136108716102,0.0
C201109220322A,2011-09-22 03:22:36.100,5.56,-5.0,39.68,38.6,16.1,240.0,38.85345142805938,41.063189742503695,760.0,231.1011965285624,231.66133263221383,False,PGA,g,0.0010546329635416545,0.7347136108716102,0.0
C201109220322A,2011-09-22 03:22:36.100,5.56,-5.0,39.68,38.6,16.1,241.0,38.67020255926717,41.60130565624036,760.0,282.009841157406,282.4690434536595,False,PGA,g,0.0007412163014666567,0.7347136108716102,0.0
C201109220322A,2011-09-22 03:22:36.100,5.56,-5.0,39.68,38.6,16.1,242.0,38.48397941240376,42.136935148399466,760.0,332.96597758077286,333.3549943023499,False,PGA,g,0.0005520461876646513,0.7347136108716102,0.0
C201109220322A,2011-09-22 03:22:36.100,5.56,-5.0,39.68,38.6,16.1,243.0,38.29480294322424,42.67007028020628,760.0,383.9699167845539,384.30730801734336,False,PGA,g,0.0004286177847090527,0.7347136108716102,0.0
C201109220322A,2011-09-22 03:22:36.100,5.56,-5.0,39.68,38.6,16.1,244.0,38.10269405909594,43.20070447138824,760.0,435.02228172642566,435.3201070459136,False,PGA,g,0.00034336106909749485,0.7347136108716102,0.0
C201109220322A,2011-09-22 03:22:36.100,5.56,-5.0,39.68,38.6,16.1,245.0,37.90767360543753,43.728832476246495,760.0,486.12384780999554,486.3903837552668,False,PGA,g,0.00028185133520676085,0.7347136108716102,0.0
C201109220322A,2011-09-22 03:22:36.100,5.56,-5.0,39.68,38.6,16.1,246.0,37.70976235251805,44.25445035909105,760.0,537.2754741837438,537.5166464021061,False,PGA,g,0.0002359241235931191,0.7347136108716102,0.0
C201109220322A,2011-09-22 03:22:36.100,5.56,-5.0,39.68,38.6,16.1,247.0,41.65979456066122,32.86785971045566,760.0,531.0574848521532,531.3014795927967,False,PGA,g,0.00024085805486976256,0.7347136108716102,0.0
C201109220322A,2011-09-22 03:22:36.100,5.56,-5.0,39.68,38.6,16.1,248.0,41.52255515900016,33.444797513838466,760.0,480.9332471223659,481.2026581261399,False,PGA,g,0.00028728139598410593,0.7347136108716102,0.0
C201109220322A,2011-09-22 03:22:36.100,5.56,-5.0,39.68,38.6,16.1,249.0,41.38201157695592,34.01948170678295,760.0,430.82485102314996,431.12557597423904,False,PGA,g,0.00034932816835456357,0.7347136108716102,0.0
C201109220322A,2011-09-22 03:22:36.100,5.56,-5.0,39.68,38.6,16.1,250.0,41.238184225796175,34.59188130842567,760.0,380.750415622692,381.0906571891427,False,PGA,g,0.00043507617724138287,0.7347136108716102,0.0
C201109220322A,2011-09-22 03:22:36.100,5.56,-5.0,39.68,38.6,16.1,251.0,41.09109371005216,35.16196698394322,760.0,330.73956591603456,331.13119826184754,False,PGA,g,0.0005586592615539661,0.7347136108716102,0.0
C201109220322A,2011-09-22 03:22:36.100,5.56,-5.0,39.68,38.6,16.1,252.0,40.9407608091312,35.729711038947386,760.0,280.84363804711415,281.30474406155764,False,PGA,g,0.0007466819866638237,0.7347136108716102,0.0
C201109220322A,2011-09-22 03:22:36.100,5.56,-5.0,39.68,38.6,16.1,253.0,40.78720645911132,36.29508741192155,760.0,231.15895032794316,231.71894682290545,False,PGA,g,0.001054166741666997,0.7347136108716102,0.0
C201109220322A,2011-09-22 03:22:36.100,5.56,-5.0,39.68,38.6,16.1,254.0,40.63045173474038,36.85807166478312,760.0,181.88753721346276,182.59870260650484,True,PGA,g,0.0016100088472483143,0.7347136108716102,0.0
C201109220322A,2011-09-22 03:22:36.100,5.56,-5.0,39.68,38.6,16.1,255.0,40.47051783166179,37.41864097165869,760.0,133.52845365744096,134.49556846285813,True,PGA,g,0.0027710575479538186,0.7347136108716102,0.0
C201109220322A,2011-09-22 03:22:36.100,5.56,-5.0,39.68,38.6,16.1,256.0,40.30742604888621,37.97677410596052,760.0,87.66983210422804,89.13590444474961,True,PGA,g,0.005742822480266922,0.7347136108716102,0.0
C201109220322A,2011-09-22 03:22:36.100,5.56,-5.0,39.68,38.6,16.1,257.0,40.14119777152859,38.5324514258542,760.0,51.605529591394905,54.05867816001734,True,PGA,g,0.013838103248579321,0.7347136108716102,0.0
C201109220322A,2011-09-22 03:22:36.100,5.56,-5.0,39.68,38.6,16.1,258.0,39.97185445382736,39.08565485820786,760.0,52.66138044853409,55.067513024879275,True,PGA,g,0.013398253036838935,0.7347136108716102,0.0
C201109220322A,2011-09-22 03:22:36.100,5.56,-5.0,39.68,38.6,16.1,259.0,39.79941760246207,39.63636788111455,760.0,89.60263847070942,91.03759015325844,True,PGA,g,0.0055324634851498375,0.7347136108716102,0.0
C201109220322A,2011-09-22 03:22:36.100,5.56,-5.0,39.68,38.6,16.1,260.0,39.62390876018369,40.18457550507881,760.0,135.80175027142351,136.75278928337102,True,PGA,g,0.0026904104408519524,0.7347136108716102,0.0
C201109220322A,2011-09-22 03:22:36.100,5.56,-5.0,39.68,38.6,16.1,261.0,39.44534948977105,40.73026425295892,760.0,184.46356943314544,185.16484128477757,True,PGA,g,0.0015705721084598142,0.7347136108716102,0.0
C201109220322A,2011-09-22 03:22:36.100,5.56,-5.0,39.68,38.6,16.1,262.0,39.263761358325205,41.27342213875534,760.0,234.08598070493792,234.63899156489862,False,PGA,g,0.0010309522137222445,0.7347136108716102,0.0
C201109220322A,2011-09-22 03:22:36.100,5.56,-5.0,39.68,38.6,16.1,263.0,39.07916592191211,41.81403864533565,760.0,284.1907142464566,284.64639829780236,False,PGA,g,0.000731161145810945,0.7347136108716102,0.0
C201109220322A,2011-09-22 03:22:36.100,5.56,-5.0,39.68,38.6,16.1,264.0,38.891584710563,42.35210470118456,760.0,334.5825627813151,334.96970208858096,False,PGA,g,0.0005473206767547117,0.7347136108716102,0.0
C201109220322A,2011-09-22 03:22:36.100,5.56,-5.0,39.68,38.6,16.1,265.0,38.70103921364054,42.887612656266974,760.0,385.16798549321385,385.5043281843935,False,PGA,g,0.00042625256289090875,0.7347136108716102,0.0
C201109220322A,2011-09-22 03:22:36.100,5.56,-5.0,39.68,38.6,16.1,266.0,38.5075508655773,43.420556257090176,760.0,435.896976153438,436.19420424818907,False,PGA,g,0.0003421376277950163,0.7347136108716102,0.0
C201109220322A,2011-09-22 03:22:36.100,5.56,-5.0,39.68,38.6,16.1,267.0,38.31114103199241,43.9509306210494,760.0,486.74064186007087,487.0068402377463,False,PGA,g,0.00028121674957501424,0.7347136108716102,0.0
C201109220322A,2011-09-22 03:22:36.100,5.56,-5.0,39.68,38.6,16.1,268.0,41.949571640011015,33.61645171466469,760.0,489.3427170616876,489.6075006996062,False,PGA,g,0.00027856401310623704,0.7347136108716102,0.0
C201109220322A,2011-09-22 03:22:36.100,5.56,-5.0,39.68,38.6,16.1,269.0,41.80788002812139,34.194586415748496,760.0,440.0514336128006,440.34585750825573,False,PGA,g,0.00033641861330610995,0.7347136108716102,0.0
C201109220322A,2011-09-22 03:22:36.100,5.56,-5.0,39.68,38.6,16.1,270.0,41.662885026533125,34.77037131351163,760.0,390.9988568362907,391.3301880091621,False,PGA,g,0.00041502688697733043,0.7347136108716102,0.0
C201109220322A,2011-09-22 03:22:36.100,5.56,-5.0,39.68,38.6,16.1,271.0,41.51460783665575,35.34377666794147,760.0,342.3013306311234,342.6797498420904,False,PGA,g,0.0005256042584211795,0.7347136108716102,0.0
C201109220322A,2011-09-22 03:22:36.100,5.56,-5.0,39.68,38.6,16.1,272.0,41.36306983487982,35.91477444162001,760.0,294.1518141477992,294.59209046822934,False,PGA,g,0.0006878306082597913,0.7347136108716102,0.0
C201109220322A,2011-09-22 03:22:36.100,5.56,-5.0,39.68,38.6,16.1,273.0,41.20829255371199,36.48333829085251,760.0,246.89162869840118,247.41601872423132,False,PGA,g,0.0009381861680254368,0.7347136108716102,0.0
C201109220322A,2011-09-22 03:22:36.100,5.56,-5.0,39.68,38.6,16.1,274.0,41.05029766313624,37.04944355484163,760.0,201.17462680745626,201.81783982373634,False,PGA,g,0.001347671979291502,0.7347136108716102,0.0
C201109220322A,2011-09-22 03:22:36.100,5.56,-5.0,39.68,38.6,16.1,275.0,40.88910695222355,37.61306724300135,760.0,158.37736967182948,159.1935966807941,True,PGA,g,0.0020542874414326054,0.7347136108716102,0.0
C201109220322A,2011-09-22 03:22:36.100,5.56,-5.0,39.68,38.6,16.1,276.0,40.72474231101067,38.17418802050582,760.0,121.66827845328206,122.7288881306491,True,PGA,g,0.003259716118133786,0.7347136108716102,0.0
C201109220322A,2011-09-22 03:22:36.100,5.56,-5.0,39.68,38.6,16.1,277.0,40.55722571266727,38.732786192170245,760.0,98.19446974637206,99.50559727357641,True,PGA,g,0.004727023259459627,0.7347136108716102,0.0
C201109220322A,2011-09-22 03:22:36.100,5.56,-5.0,39.68,38.6,16.1,278.0,40.38657919596919,39.288843684761055,760.0,98.04238521125126,99.3555197153705,True,PGA,g,0.004739668299564158,0.7347136108716102,0.0
C201109220322A,2011-09-22 03:22:36.100,5.56,-5.0,39.68,38.6,16.1,279.0,40.21282484809435,39.8423440278335,760.0,121.35067099376828,122.41403249071486,True,PGA,g,0.0032745990652215764,0.7347136108716102,0.0
C201109220322A,2011-09-22 03:22:36.100,5.56,-5.0,39.68,38.6,16.1,280.0,40.03598478775554,40.39327233319441,760.0,158.100973040214,158.91861966510555,True,PGA,g,0.002060604719143402,0.7347136108716102,0.0
C201109220322A,2011-09-22 03:22:36.100,5.56,-5.0,39.68,38.6,16.1,281.0,39.85608114868425,40.94161527308801,760.0,201.0851367264883,201.72863508265377,False,PGA,g,0.0013487314766051836,0.7347136108716102,0.0
C201109220322A,2011-09-22 03:22:36.100,5.56,-5.0,39.68,38.6,16.1,282.0,39.67313606347664,41.48736105720132,760.0,247.09805573604606,247.6220086109757,False,PGA,g,0.0009367986880091248,0.7347136108716102,0.0
C201109220322A,2011-09-22 03:22:36.100,5.56,-5.0,39.68,38.6,16.1,283.0,39.48717164781292,42.03049940858551,760.0,294.74817556233705,295.1875624028327,False,PGA,g,0.0006853643258877929,0.7347136108716102,0.0
C201109220322A,2011-09-22 03:22:36.100,5.56,-5.0,39.68,38.6,16.1,284.0,39.29820998505886,42.57102153858751,760.0,343.37540213783063,343.7526389619677,False,PGA,g,0.0005226891676447098,0.7347136108716102,0.0
C201109220322A,2011-09-22 03:22:36.100,5.56,-5.0,39.68,38.6,16.1,285.0,39.106273111257465,43.108920120885394,760.0,392.6356025949308,392.96555373859985,False,PGA,g,0.00041195862111495014,0.7347136108716102,0.0
C201109220322A,2011-09-22 03:22:36.100,5.56,-5.0,39.68,38.6,16.1,286.0,38.91138300051731,43.64418926471844,760.0,442.3344606764981,442.62736596596517,False,PGA,g,0.00033333907866590803,0.7347136108716102,0.0
C201109220322A,2011-09-22 03:22:36.100,5.56,-5.0,39.68,38.6,16.1,287.0,38.71356155080296,44.17682448740173,760.0,492.35495118780904,492.6181157439805,False,PGA,g,0.00027554160884889114,0.7347136108716102,0.0
C201109220322A,2011-09-22 03:22:36.100,5.56,-5.0,39.68,38.6,16.1,288.0,40.972420283171616,38.93677722780187,760.0,146.51873477345205,147.40064328086626,True,PGA,g,0.0023551440891420358,0.7347136108716102,0.0
C201109220322A,2011-09-22 03:22:36.100,5.56,-5.0,39.68,38.6,16.1,289.0,40.80044778902895,39.49571909858484,760.0,145.95190343270028,146.8372163847717,True,PGA,g,0.0023712119232028946,0.7347136108716102,0.0
C201109220322A,2011-09-22 03:22:36.100,5.56,-5.0,39.68,38.6,16.1,290.0,40.62535312599842,40.05203511772502,760.0,162.10493926164173,162.90249026034118,True,PGA,g,0.0019719502303858025,0.7347136108716102,0.0
C201109220322A,2011-09-22 03:22:36.100,5.56,-5.0,39.68,38.6,16.1,291.0,40.44715900445944,40.60571052901054,760.0,190.81043492983304,191.48846460847727,True,PGA,g,0.0014795829298971486,0.7347136108716102,0.0
C201109220322A,2011-09-22 03:22:36.100,5.56,-5.0,39.68,38.6,16.1,292.0,40.26588814434975,41.15673218632065,760.0,227.39151960301197,227.9607711589145,False,PGA,g,0.0010852665394311726,0.7347136108716102,0.0
C201109220322A,2011-09-22 03:22:36.100,5.56,-5.0,39.68,38.6,16.1,293.0,40.08156325855301,41.70508852872559,760.0,268.67519700424964,269.1571501656093,False,PGA,g,0.0008076718986538048,0.7347136108716102,0.0
C201109220322A,2011-09-22 03:22:36.100,5.56,-5.0,39.68,38.6,16.1,294.0,39.894207036685685,42.25076955448307,760.0,312.8272715867624,313.24129971703604,False,PGA,g,0.0006166791598671871,0.7347136108716102,0.0
C201109220322A,2011-09-22 03:22:36.100,5.56,-5.0,39.68,38.6,16.1,295.0,39.70384212929231,42.79376679403261,760.0,358.8103000173999,359.1713259693437,False,PGA,g,0.0004834370525245999,0.7347136108716102,0.0
C201109220322A,2011-09-22 03:22:36.100,5.56,-5.0,39.68,38.6,16.1,296.0,39.51049113245673,43.33407328208632,760.0,406.02076772954035,406.33985015954977,False,PGA,g,0.00038814188700371304,0.7347136108716102,0.0
C201109220322A,2011-09-22 03:22:36.100,5.56,-5.0,39.68,38.6,16.1,297.0,39.31417657283573,43.87168352891327,760.0,454.0926379691091,454.37796365772886,False,PGA,g,0.0003181539092125982,0.7347136108716102,0.0
C201109220322A,2011-09-22 03:22:36.100,5.56,-5.0,39.68,38.6,16.1,298.0,40.85741936414967,40.82197523280503,760.0,229.51154936798363,230.07555561878448,False,PGA,g,0.0010675927419418485,0.7347136108716102,0.0
C201109220322A,2011-09-22 03:22:36.100,5.56,-5.0,39.68,38.6,16.1,299.0,40.67475798937051,41.37569978034522,760.0,260.4556233546071,260.95275767279594,False,PGA,g,0.0008533873642947243,0.7347136108716102,0.0
C201109220322A,2011-09-22 03:22:36.100,5.56,-5.0,39.68,38.6,16.1,300.0,40.48903002379566,41.926688929415135,760.0,296.9482803009639,297.38441649437493,False,PGA,g,0.000676383946666044,0.7347136108716102,0.0
C201109220322A,2011-09-22 03:22:36.100,5.56,-5.0,39.68,38.6,16.1,301.0,40.30025874564381,42.47493299098696,760.0,337.2134214940187,337.5975438828054,False,PGA,g,0.0005397640774176521,0.7347136108716102,0.0
C201109220322A,2011-09-22 03:22:36.100,5.56,-5.0,39.68,38.6,16.1,302.0,40.10846738679795,43.02042385331604,760.0,380.07269981694117,380.4135475323384,False,PGA,g,0.0004364550404128629,0.7347136108716102,0.0
C201109220322A,2011-09-22 03:22:36.100,5.56,-5.0,39.68,38.6,16.1,303.0,39.91367911703061,43.56315495196356,760.0,424.7588469207345,425.06386348104445,False,PGA,g,0.00035824203722149795,0.7347136108716102,0.0
C201109220322A,2011-09-22 03:22:36.100,5.56,-5.0,39.68,38.6,16.1,304.0,39.71591702867863,44.10312123901409,760.0,470.7679528225279,471.0431778560367,False,PGA,g,0.0002984002700312173,0.7347136108716102,0.0
C201109220322A,2011-09-22 03:22:36.100,5.56,-5.0,39.68,38.6,16.1,305.0,41.08267754767554,41.598605305389576,760.0,298.02941861260405,298.4639749761548,False,PGA,g,0.0006720380409318542,0.7347136108716102,0.0
C201109220322A,2011-09-22 03:22:36.100,5.56,-5.0,39.68,38.6,16.1,306.0,40.89552278239917,42.15224905047704,760.0,330.19511336971993,330.5873907051541,False,PGA,g,0.0005602952538947687,0.7347136108716102,0.0
C201109220322A,2011-09-22 03:22:36.100,5.56,-5.0,39.68,38.6,16.1,307.0,40.70531276695041,42.70307599224188,760.0,366.64430858840404,366.9976280853445,False,PGA,g,0.0004652467901595887,0.7347136108716102,0.0
C201109220322A,2011-09-22 03:22:36.100,5.56,-5.0,39.68,38.6,16.1,308.0,40.51207132902601,43.2510784181305,760.0,406.24318391179344,406.562091782782,False,PGA,g,0.00038776442877215425,0.7347136108716102,0.0
C201109220322A,2011-09-22 03:22:36.100,5.56,-5.0,39.68,38.6,16.1,309.0,41.30102727729793,42.38185817002582,760.0,367.06112222261845,367.4140408957285,False,PGA,g,0.000464309014421518,0.7347136108716102,0.0
C201109220322A,2011-09-22 03:22:36.100,5.56,-5.0,39.68,38.6,16.1,310.0,41.10935440482272,42.935287266968686,760.0,400.0028419224514,400.3267209992828,False,PGA,g,0.0003985765509337939,0.7347136108716102,0.0
C201109220322A,2011-09-22 03:22:36.100,5.56,-5.0,39.68,38.6,16.1,311.0,40.91463883219449,43.48581857106326,760.0,436.4350140444681,436.7318759650995,False,PGA,g,0.0003413884468567922,0.7347136108716102,0.0
